method,writes,allocates,may_raise,may_diverge
builtin.Error::constructor,own_fields,false,false,false
closure.106339::call,any,true,true,true
closure.106339::constructor,own_fields,false,false,false
harness/registry_run.ts.RegistryRun::addDependency,any,true,false,false
harness/registry_run.ts.RegistryRun::addFile,any,true,false,false
harness/registry_run.ts.RegistryRun::constructor,own_fields,true,false,false
harness/registry_run.ts.RegistryRun::parse,any,true,true,true
harness/registry_run.ts.RegistryRun::report,any,true,true,true
harness/registry_run.ts.RegistryRun::run,any,true,true,true
harness/registry_run.ts.RegistryRun::timings,none,false,false,false
node_modules/vscode-languageserver-types/lib/umd/main.d.ts.MarkedStringWithLanguage::constructor,own_fields,false,false,false
node_modules/vscode-languageserver-types/lib/umd/main.d.ts.module::class_constructor,any,true,false,true
shape.02852a7f4246688b3f14697008cf69c06cf781cdc4ffd9ca59d21f90a03488b9::constructor,own_fields,false,true,false
shape.040475a39c385a718d369554c13c683cc2ae7bd110a2531e889a19f2df140af5::constructor,own_fields,false,false,false
shape.05c8a0fbd26ed06f055ea5a8f58fcd8d413b53b0e54f83badb7d5b979576da06::constructor,own_fields,false,false,false
shape.06a1d4f5c04f974480b81aea8a7f0d8f276c8fd0f4e203212758f1df69de797f::constructor,own_fields,false,false,false
shape.0806b5a722c1d9c810ac44b600735b5798d57f9069e880b4bcb897f995413bce::constructor,own_fields,false,false,false
shape.0adceb99073db09f4701195584c11e7787d425833ecefca44f213f7edbedaa85::constructor,own_fields,false,false,false
shape.0b20929c276416dfadd8d8ea03858c70d4871a69588aced9278d58bca57579fb::constructor,own_fields,false,true,false
shape.0bf37657bc57c1c867edeb0b021b417db30eaaba8b53fbdff01b4281526683c3::constructor,own_fields,false,true,false
shape.0c21b215a8ec99b06f4a3babffabfb13313afa4decaeb1efc6f5c5033cd9f923::constructor,own_fields,false,false,false
shape.0c839f00091d0c113280fc22bb590b9d0a90786eb5748dad7ae030ab8ea5f555::constructor,own_fields,false,true,false
shape.0e2a55b560b2070de0d4f42adce6818b9548a0f0a33ea5ae139ebb198c63252a::constructor,own_fields,false,false,false
shape.0e610234a61c59728f9f67694a386e1b3a2f7dc5de0a2d3b1efe237fc1aa716c::constructor,own_fields,false,true,false
shape.0eae1ba652600774df287924ca9c04933ca1d6434c241ccf77b12ad82fb82ca5::constructor,own_fields,false,false,false
shape.1151944adac9f18a8849f542a5c47c372b7f92aca79cd05aecd892bffd63ed2b::constructor,own_fields,false,true,false
shape.1349f3595317f64ed80ed692f1b3f40aeac7457cf750e87b74fd43117396fde9::constructor,own_fields,false,true,false
shape.14e4f3840caed555c43e67560030e965049f2a19850d489da40f1d59429a84a3::constructor,own_fields,false,false,false
shape.17f22d80434cb867441f2fccb92b8d8bf72640249ffbeb5f272c352c876cfe2f::constructor,own_fields,false,true,false
shape.18427befc18e4aba0b4d567b571ad5d949772a2de2c1c2349fb91370b91d8013::constructor,own_fields,false,true,false
shape.186e525c38736fd6bde34016cf6a05010ff48d6c2701eaddf7af622e9b19d932::constructor,own_fields,false,false,false
shape.24eb79e274b1fb1b18ea33ed5a3c4d8ce78b1f2ecd26ba439fdfca3b16659fe3::constructor,own_fields,false,false,false
shape.26075853820ac3c29e636045eff99267436001784ab55247f897ecb68d257014::constructor,own_fields,false,true,false
shape.2747f3cb6604729913a3f65b283412de22db494298addfb07ae01b9e038f7091::constructor,own_fields,false,false,false
shape.27d20b3fd164764bee8301370dd042bdf44ceda83d00a0798a9a844eee1f9f80::constructor,own_fields,false,false,false
shape.29a61a5647d0e45935db48b53037095192d6d10d269e2e6512b30c7638389ff7::constructor,own_fields,false,true,false
shape.3252f9cd3004b6f12c96891bc849efffa3aab20a840206cfbd8235ce1862e1ba::constructor,own_fields,false,true,false
shape.35bc338e18e8ac65afff051b1fc1b531eef6acd34298a922896347ba33ab324c::constructor,own_fields,false,false,false
shape.3a89b1f69a0e16c8c20a2b047fca9cd512ac778b3c9fb6e3b05d84429557c65e::constructor,own_fields,false,false,false
shape.3c6632fbdbb7d02ac091f045d01797f4262039744b33c8be2e2dcb021fffe38a::constructor,own_fields,false,false,false
shape.3d3ca2673a4a768359af5878482930bf1bc1f9c2ece83f6b8e18a79750249ebf::constructor,own_fields,false,false,false
shape.40c6b74800e68c619558e3d39bd8558bb3e030360fdfa8b92f9d1138f819969a::constructor,own_fields,false,false,false
shape.41b28412ca094254826ae01f0e1b79cade8df3ce93a103ab3052fbc8a47ee7e6::constructor,own_fields,false,false,false
shape.429011d5df9f8e412b18ff3a5f31c9c4882b1c3d72460e0fc4cf0c8339d23751::constructor,own_fields,false,false,false
shape.473586f1dc44c79d419996faa2ead4c9e89cb998867ac438e617815967c3af7d::constructor,own_fields,false,true,false
shape.4dd6831e75631668f4bdd43cb6d79876f9cc6bb1d0188c22c4a25ddae11b7310::constructor,own_fields,false,false,false
shape.579d8e7c65abdbd91061ac54815a210af5a5eab8e42a49cb0785a38e014e6a12::constructor,own_fields,false,false,false
shape.596776dd783529cbd7aa471163cc95976664d520942f5d8f3a251de46285a5dd::constructor,own_fields,false,false,false
shape.5bdb11902e67ba1b0a85b97fefc80a35c3b04b160790745208ce6fe8f6e3f68a::constructor,own_fields,false,true,false
shape.5e65b180083bea1a8814ed311838b06c8fdddc0eb083991d7acea2bb81064c63::constructor,own_fields,false,false,false
shape.668af6faebd97357d1640deac893f912b72bcd1cf26d888041b0bdfa60120d83::constructor,own_fields,false,true,false
shape.6787ec6bd565f704fe6c22a21fe4235b1ec166557fa7ab9551cc770f0c5a1c61::constructor,own_fields,false,true,false
shape.67ee59cfecab81de2a870969b1a90077b6cfa185c2e55cfead6c507576e300db::constructor,own_fields,false,false,false
shape.6be70910bc78606319e3c0d3635b9fa2886522706a55e71f3817baf856ac3f60::constructor,own_fields,false,false,false
shape.6c805788a32ccad3e79f6c40105842e26d63c9acba9d8c581115af7e554eb989::constructor,own_fields,false,true,false
shape.71956f350808f252d20b5d238acd447efe72f783ad5e27109d06c0a042ca3647::constructor,own_fields,false,false,false
shape.7243dfca51cf8c5dec40cbf1591a94c7ad402e62a1b95a78c81781f8edae8c67::constructor,own_fields,false,false,false
shape.741665cded50d564a824bb81b6869fb36630b092374ff1337a12e1fd68376bd2::constructor,own_fields,false,true,false
shape.7686ffa7f326da77c03e958a94da33ca3521e24d4aceb8f70f6931e0f6498b6c::constructor,own_fields,false,true,false
shape.793ddc3519b3468e2dd901bdf81ffc88b4d03d99afc7dedb8390b9cb8cee7778::constructor,own_fields,false,true,false
shape.7caff569122e6588e8b867a5e0823708654b34e9047b3ef84247ffdad970636a::constructor,own_fields,false,true,false
shape.7e8c4203d26cc50517941a28b5cbce37cdb0fb6abdee06ebaa72071cab7d32db::constructor,own_fields,false,true,false
shape.7ea79310710e7077777a4e54cbe4c640a32198172e46a7e914628e444dc3a7d5::constructor,own_fields,false,true,false
shape.7eba6d66fcb3247db6ab979ecd68d83d7fb9e202b068bb486fcd57c30d106f4f::constructor,own_fields,false,true,false
shape.7ffb6f0128d8a05a3c4a9ad495aa62d3d170d6869cad523f38eaaf44bb8cfbcb::constructor,own_fields,false,true,false
shape.832b9cbc8fa5072c1a7843576d196de6952cf3e6ff1351f95c1fff7633c0e54e::constructor,own_fields,false,false,false
shape.859df1ada61dae887a32b020d02fbfb71ae31388135681ee5955fb458d381116::constructor,own_fields,false,true,false
shape.870a3b1d61ce33c5d5cb7658ebd3fe2fe1b2b15c1f41aaade9c8ebee40a32f34::constructor,own_fields,false,false,false
shape.8be9717b12261eaefd5fff3c1c6a0c4aa2e119e9950e5a0639f9bfef1226eae9::constructor,own_fields,false,false,false
shape.8d7850873e6fd6712c888b1d9d1ad96c4277678b18735d21267b85effb9aa5d2::constructor,own_fields,false,false,false
shape.8ed14ddb78efb2071fbde973ce74331fba27b6f1ec96c5c0dee999a43be895cd::constructor,own_fields,false,true,false
shape.8f2511c8664503cd06e15fc8f469e20d084fc6e457788cd8ebf768db075ff018::constructor,own_fields,false,true,false
shape.8f6712d0fc9be0f727c986cad48eb32d9cfcfcbe16970f647cec7a4c543d470e::constructor,own_fields,false,false,false
shape.914989d586a100cd4e45b9f2aa4877c232c971d77187843ba85048a4aaf4450c::constructor,own_fields,false,true,false
shape.94d83f699efa916383bff2627d6d760898715387ddbdf8085f08bc6088b76b2d::constructor,own_fields,false,true,false
shape.980acc1b89ef1f111e876d7a6bba3860e6f01e91eae6001981a9a9b8b99b9b42::constructor,own_fields,false,false,false
shape.98af2be8ec00ffea2ce4f8f894a6ccab6eeec900282ac0f45951da0218529bfd::constructor,own_fields,false,false,false
shape.9a2880cecfba4feed82205266048b869927e166885e968a525748e506407e01a::constructor,own_fields,false,true,false
shape.9b939fb3916442b4966aa8db129136db1ca4977966016feef4bc1869d281f2f7::constructor,own_fields,false,true,false
shape.a67a15173c1437619ae004d157dd6f567d1a423733059ab10e3d151b9d38c218::constructor,own_fields,false,true,false
shape.ab42cb8c670c504bf8a18f845acf91f4c004d47b2d13c2631a92b450e4e9606b::constructor,own_fields,false,true,false
shape.ae92c38604f1079e51f41552b7e643db8aeaadfbff5c6a3a1aa17462edbf6747::constructor,own_fields,false,false,false
shape.b30c7bbd135dcb01b1c91f2e25dcaef44e015c32d9af12883bacb347fd09a3be::constructor,own_fields,false,false,false
shape.b5844dd56837b6b6faa2f9ff13358727c542f959ffa48ab366fbbc16cfaa3d3b::constructor,own_fields,false,false,false
shape.bd64d5f73bb24bf68bd1745e494fc2b4e14beff2749ecdfb821dd22ce7894987::constructor,own_fields,false,true,false
shape.bea6dfcae2ad34dd0cf1f350c0ec1982425260a29ce5430df09eea2988f91f45::constructor,own_fields,false,true,false
shape.c0bf7470c0d65134bf2c2bc5006ff32978968e3b9f5cd00ad621be3facd4fa63::constructor,own_fields,false,false,false
shape.c15878f84f899e72c82f27c14ffef66e5332f7d67fdee83849462140a23723e5::constructor,own_fields,false,false,false
shape.c41b7491225505bc1de20777f7e89571cd56cd4c4c6efa031f2f1afc14e9a1e0::constructor,own_fields,false,false,false
shape.c5ef13dec902530484f5681e58cac0bae382e3593ad5bfe5a8e3bc0447dfe1d8::constructor,own_fields,false,false,false
shape.ca53682cbb6e9609875f806749ab7205def07a6baffef6de381be5a77b7f6b1d::constructor,own_fields,false,false,false
shape.cc2b695581659623e924161c8df8ce8d129ee97f428a2bd0b6d8ebbe5beb9126::constructor,own_fields,false,true,false
shape.ccab811d0a1e0685eff885023de8dd53dc44941f932922e40ef82a276678e954::constructor,own_fields,false,true,false
shape.cdf309a87d061faba64a110dae8efc4199711cfab57b7b7f9b4c35ec5658d6e0::constructor,own_fields,false,false,false
shape.cf033f6365911362102c1cfc6b5b6485a5a41229e18b58f1354dcca395fcc258::constructor,own_fields,false,false,false
shape.cf26b458fc74140e407e7b8f31dd4a4da28eafde8af9d9d2f64c729d6d65a81c::constructor,own_fields,false,true,false
shape.cf7c0f3d11adccb4cf45fd4ce30be53c12794528abdc532991f1b29f26f105a9::constructor,own_fields,false,false,false
shape.d0f4aed5c4d453a959c5eaafcd9258ff8df87f8ba5ac4873d42fa4d9dba1ad96::constructor,own_fields,false,true,false
shape.d184d639b396286a74f614f4fc726acfc24441b4971c69640385ddf95d828f31::constructor,own_fields,false,false,false
shape.d1af9b53af41f16b2201e9e1571934153b5cf79cd0bd15339451ee2ece24bc9a::constructor,own_fields,false,true,false
shape.d27687468ed98e05d651b1cf810f33f7c7e15acb6060c3cafdf8719510f1912d::constructor,own_fields,false,true,false
shape.d3d53766a5dcb9d6a78241d84a22f9f7deed934b1fb6e6f88e930f39d78e21ff::constructor,own_fields,false,false,false
shape.d446a0afab0751a700b14b75bd78fdef616a0f87d076311d552de4fb1539bd5a::constructor,own_fields,false,false,false
shape.d7262d2c4a49cced07fd6bf34dd385987b433e7bdc221b387876c69238930036::constructor,own_fields,false,false,false
shape.da3d528f34bcd63cd8dd8058576555174e7e961dfef89951a813f3513b086ed9::constructor,own_fields,false,false,false
shape.dd44bc035e4c4e168337ddd005068db21044dc68e68eaa08e83ca7f9852155c1::constructor,own_fields,false,false,false
shape.e017bc2b8bf633c43e0328ef39a8431775f8fc68308abba251576386fa52f3b3::constructor,own_fields,false,true,false
shape.e35eec429dc1d9d6b5cf2d167d9211e2f25c45a515255fdd6b6668ef5138b6d5::constructor,own_fields,false,true,false
shape.e3759d3cd96800aa853b9815d3f1c94c98791bced130ad48ad7b8cdb16031cd1::constructor,own_fields,false,false,false
shape.e7bc4ffb2071d1ce824c1ff97f3f450fefe193a4ab2f390c943a115fc01940f1::constructor,own_fields,false,true,false
shape.e9c40e3bf905b182552715df995c87ac1b6301ee94a285351320c7c22920ed5a::constructor,own_fields,false,false,false
shape.eba279bb16aa0fc7980b20d35bff4b2f025752dc0dc0ea77e37716953d6f70c6::constructor,own_fields,false,false,false
shape.ecd8d6056c96d1d9c7f7a8c9b88df31f5cc88d698d5f29b4414a4d6ff7032447::constructor,own_fields,false,true,false
shape.ee3582a671520d5f971e43bff998c5f375f7c56beec50668926f0c6b4c5e0b98::constructor,own_fields,false,false,false
shape.f403c243c235ddd3c67759691705e61e75bf2fd619b63375cececce3347e133c::constructor,own_fields,false,false,false
shape.f4321bd402692a2cf6d27d1380e54045a40ada63100c1cb26e475d8d72e93b2f::constructor,own_fields,false,false,false
shape.f6a73e451ec3177463a6e561f1d0e2935088e19acf8975d7d3a6995723e48388::constructor,own_fields,false,false,false
shape.f71011683d818d56621079c1f3be70bc20e788874a5c4fb2dfde825062e19747::constructor,own_fields,false,true,false
shape.f7aa97fbda430057b642ac91503dccf1694f11d268a45dd931a7d8e7843fba3d::constructor,own_fields,false,true,false
shape.f7e2118e2f13688e932b9ec6a111cf0b226354aebd189601ed3f286a3701c5a6::constructor,own_fields,false,false,false
shape.fb3b7df55e39639462ca485182b4fac1bb3bc6bdd31b00c456f11897cad1f587::constructor,own_fields,false,false,false
shape.fc3a321e718d809123e67fd9289d5e0eddc17a836257d12b254769c1408a4c4e::constructor,own_fields,false,false,false
shape.fdbf434f7f7dbe66107f55ec17e8fb62eb662a8c5ce24298759590708e7d888b::constructor,own_fields,false,false,false
shape.fe4b847db3eb1c35e279b8ea91e82f722b4a6ad0811c66929cd1622c4b15b503::constructor,own_fields,false,false,false
shape.ff8ca164851d78ec3ccf30c0832e17dd0e1698f6de2f1c10fa400daff17c9477::constructor,own_fields,false,false,false
src/_config.ts.IAbaplintAppSettings::constructor,own_fields,false,false,false
src/_config.ts.IConfig::constructor,own_fields,false,false,false
src/_config.ts.IDependency::constructor,own_fields,false,false,false
src/_config.ts.IGlobalConfig::constructor,own_fields,false,false,false
src/_config.ts.IRenameSettings::constructor,own_fields,false,false,false
src/_config.ts.ISyntaxSettings::constructor,own_fields,false,false,false
src/_iddic_references.ts.IObjectAndToken::constructor,own_fields,false,false,false
src/_imacro_references.ts.IFilenameAndToken::constructor,own_fields,false,false,false
src/_iregistry.ts.IRunInput::constructor,own_fields,false,false,false
src/abap/1_lexer/lexer.ts.Lexer::add,any,true,true,false
src/abap/1_lexer/lexer.ts.Lexer::process,any,true,true,true
src/abap/1_lexer/lexer.ts.Lexer::run,any,true,true,true
src/abap/1_lexer/lexer.ts.module::class_constructor,any,true,false,true
src/abap/1_lexer/lexer_buffer.ts.LexerBuffer::add,own_fields,false,true,false
src/abap/1_lexer/lexer_buffer.ts.LexerBuffer::clear,own_fields,false,false,false
src/abap/1_lexer/lexer_buffer.ts.LexerBuffer::constructor,own_fields,false,false,false
src/abap/1_lexer/lexer_buffer.ts.LexerBuffer::countIsEven,none,false,true,true
src/abap/1_lexer/lexer_buffer.ts.LexerBuffer::get,none,true,false,false
src/abap/1_lexer/lexer_buffer.ts.LexerBuffer::length,none,false,true,false
src/abap/1_lexer/lexer_result.ts.IABAPLexerResult::constructor,own_fields,false,false,false
src/abap/1_lexer/lexer_stream.ts.LexerStream::advance,own_fields,false,true,false
src/abap/1_lexer/lexer_stream.ts.LexerStream::charCodeAt,none,false,true,false
src/abap/1_lexer/lexer_stream.ts.LexerStream::constructor,own_fields,false,false,false
src/abap/1_lexer/lexer_stream.ts.LexerStream::currentChar,none,false,true,false
src/abap/1_lexer/lexer_stream.ts.LexerStream::getCol,none,false,false,false
src/abap/1_lexer/lexer_stream.ts.LexerStream::getOffset,none,false,false,false
src/abap/1_lexer/lexer_stream.ts.LexerStream::getRaw,none,false,false,false
src/abap/1_lexer/lexer_stream.ts.LexerStream::getRow,none,false,false,false
src/abap/1_lexer/lexer_stream.ts.LexerStream::nextChar,none,false,true,false
src/abap/1_lexer/lexer_stream.ts.LexerStream::nextNextChar,none,false,true,false
src/abap/1_lexer/lexer_stream.ts.LexerStream::prevChar,none,false,true,false
src/abap/1_lexer/lexer_stream.ts.LexerStream::prevPrevChar,none,false,true,false
src/abap/1_lexer/lexer_stream.ts.module::class_constructor,any,false,false,false
src/abap/1_lexer/tokens/abstract_token.ts.AbstractToken::constructor,own_fields,true,false,false
src/abap/1_lexer/tokens/abstract_token.ts.AbstractToken::debugDescription,none,false,true,false
src/abap/1_lexer/tokens/abstract_token.ts.AbstractToken::getCol,none,false,false,false
src/abap/1_lexer/tokens/abstract_token.ts.AbstractToken::getEnd,none,true,true,false
src/abap/1_lexer/tokens/abstract_token.ts.AbstractToken::getRow,none,false,false,false
src/abap/1_lexer/tokens/abstract_token.ts.AbstractToken::getStart,none,false,false,false
src/abap/1_lexer/tokens/abstract_token.ts.AbstractToken::getStr,none,false,false,false
src/abap/1_lexer/tokens/abstract_token.ts.AbstractToken::getUpperStr,none,false,false,false
src/abap/1_lexer/tokens/association_name.ts.AssociationName::constructor,own_fields,true,false,false
src/abap/1_lexer/tokens/at.ts.At::constructor,own_fields,true,false,false
src/abap/1_lexer/tokens/at.ts.At::railroad,none,false,false,false
src/abap/1_lexer/tokens/atw.ts.AtW::constructor,own_fields,true,false,false
src/abap/1_lexer/tokens/atw.ts.AtW::railroad,none,false,false,false
src/abap/1_lexer/tokens/bracket_left.ts.BracketLeft::constructor,own_fields,true,false,false
src/abap/1_lexer/tokens/bracket_left.ts.BracketLeft::railroad,none,false,false,false
src/abap/1_lexer/tokens/bracket_leftw.ts.BracketLeftW::constructor,own_fields,true,false,false
src/abap/1_lexer/tokens/bracket_leftw.ts.BracketLeftW::railroad,none,false,false,false
src/abap/1_lexer/tokens/bracket_right.ts.BracketRight::constructor,own_fields,true,false,false
src/abap/1_lexer/tokens/bracket_right.ts.BracketRight::railroad,none,false,false,false
src/abap/1_lexer/tokens/bracket_rightw.ts.BracketRightW::constructor,own_fields,true,false,false
src/abap/1_lexer/tokens/bracket_rightw.ts.BracketRightW::railroad,none,false,false,false
src/abap/1_lexer/tokens/comment.ts.Comment::constructor,own_fields,true,false,false
src/abap/1_lexer/tokens/dash.ts.Dash::constructor,own_fields,true,false,false
src/abap/1_lexer/tokens/dash.ts.Dash::railroad,none,false,false,false
src/abap/1_lexer/tokens/dashw.ts.DashW::constructor,own_fields,true,false,false
src/abap/1_lexer/tokens/dashw.ts.DashW::railroad,none,false,false,false
src/abap/1_lexer/tokens/identifier.ts.Identifier::constructor,own_fields,true,false,false
src/abap/1_lexer/tokens/index.ts.module::class_constructor,any,true,false,true
src/abap/1_lexer/tokens/instance_arrow.ts.InstanceArrow::constructor,own_fields,true,false,false
src/abap/1_lexer/tokens/instance_arrow.ts.InstanceArrow::railroad,none,false,false,false
src/abap/1_lexer/tokens/instance_arroww.ts.InstanceArrowW::constructor,own_fields,true,false,false
src/abap/1_lexer/tokens/instance_arroww.ts.InstanceArrowW::railroad,none,false,false,false
src/abap/1_lexer/tokens/paren_left.ts.ParenLeft::constructor,own_fields,true,false,false
src/abap/1_lexer/tokens/paren_left.ts.ParenLeft::railroad,none,false,false,false
src/abap/1_lexer/tokens/paren_leftw.ts.ParenLeftW::constructor,own_fields,true,false,false
src/abap/1_lexer/tokens/paren_leftw.ts.ParenLeftW::railroad,none,false,false,false
src/abap/1_lexer/tokens/paren_right.ts.ParenRight::constructor,own_fields,true,false,false
src/abap/1_lexer/tokens/paren_right.ts.ParenRight::railroad,none,false,false,false
src/abap/1_lexer/tokens/paren_rightw.ts.ParenRightW::constructor,own_fields,true,false,false
src/abap/1_lexer/tokens/paren_rightw.ts.ParenRightW::railroad,none,false,false,false
src/abap/1_lexer/tokens/plus.ts.Plus::constructor,own_fields,true,false,false
src/abap/1_lexer/tokens/plus.ts.Plus::railroad,none,false,false,false
src/abap/1_lexer/tokens/plusw.ts.PlusW::constructor,own_fields,true,false,false
src/abap/1_lexer/tokens/plusw.ts.PlusW::railroad,none,false,false,false
src/abap/1_lexer/tokens/pragma.ts.Pragma::constructor,own_fields,true,false,false
src/abap/1_lexer/tokens/punctuation.ts.Punctuation::constructor,own_fields,true,false,false
src/abap/1_lexer/tokens/static_arrow.ts.StaticArrow::constructor,own_fields,true,false,false
src/abap/1_lexer/tokens/static_arrow.ts.StaticArrow::railroad,none,false,false,false
src/abap/1_lexer/tokens/static_arroww.ts.StaticArrowW::constructor,own_fields,true,false,false
src/abap/1_lexer/tokens/static_arroww.ts.StaticArrowW::railroad,none,false,false,false
src/abap/1_lexer/tokens/string.ts.StringToken::constructor,own_fields,true,false,false
src/abap/1_lexer/tokens/string_template.ts.StringTemplate::constructor,own_fields,true,false,false
src/abap/1_lexer/tokens/string_template_begin.ts.StringTemplateBegin::constructor,own_fields,true,false,false
src/abap/1_lexer/tokens/string_template_end.ts.StringTemplateEnd::constructor,own_fields,true,false,false
src/abap/1_lexer/tokens/string_template_middle.ts.StringTemplateMiddle::constructor,own_fields,true,false,false
src/abap/1_lexer/tokens/wat.ts.WAt::constructor,own_fields,true,false,false
src/abap/1_lexer/tokens/wat.ts.WAt::railroad,none,false,false,false
src/abap/1_lexer/tokens/watw.ts.WAtW::constructor,own_fields,true,false,false
src/abap/1_lexer/tokens/watw.ts.WAtW::railroad,none,false,false,false
src/abap/1_lexer/tokens/wbracket_left.ts.WBracketLeft::constructor,own_fields,true,false,false
src/abap/1_lexer/tokens/wbracket_left.ts.WBracketLeft::railroad,none,false,false,false
src/abap/1_lexer/tokens/wbracket_leftw.ts.WBracketLeftW::constructor,own_fields,true,false,false
src/abap/1_lexer/tokens/wbracket_leftw.ts.WBracketLeftW::railroad,none,false,false,false
src/abap/1_lexer/tokens/wbracket_right.ts.WBracketRight::constructor,own_fields,true,false,false
src/abap/1_lexer/tokens/wbracket_right.ts.WBracketRight::railroad,none,false,false,false
src/abap/1_lexer/tokens/wbracket_rightw.ts.WBracketRightW::constructor,own_fields,true,false,false
src/abap/1_lexer/tokens/wbracket_rightw.ts.WBracketRightW::railroad,none,false,false,false
src/abap/1_lexer/tokens/wdash.ts.WDash::constructor,own_fields,true,false,false
src/abap/1_lexer/tokens/wdash.ts.WDash::railroad,none,false,false,false
src/abap/1_lexer/tokens/wdashw.ts.WDashW::constructor,own_fields,true,false,false
src/abap/1_lexer/tokens/wdashw.ts.WDashW::railroad,none,false,false,false
src/abap/1_lexer/tokens/winstance_arrow.ts.WInstanceArrow::constructor,own_fields,true,false,false
src/abap/1_lexer/tokens/winstance_arrow.ts.WInstanceArrow::railroad,none,false,false,false
src/abap/1_lexer/tokens/winstance_arroww.ts.WInstanceArrowW::constructor,own_fields,true,false,false
src/abap/1_lexer/tokens/winstance_arroww.ts.WInstanceArrowW::railroad,none,false,false,false
src/abap/1_lexer/tokens/wparen_left.ts.WParenLeft::constructor,own_fields,true,false,false
src/abap/1_lexer/tokens/wparen_left.ts.WParenLeft::railroad,none,false,false,false
src/abap/1_lexer/tokens/wparen_leftw.ts.WParenLeftW::constructor,own_fields,true,false,false
src/abap/1_lexer/tokens/wparen_leftw.ts.WParenLeftW::railroad,none,false,false,false
src/abap/1_lexer/tokens/wparen_right.ts.WParenRight::constructor,own_fields,true,false,false
src/abap/1_lexer/tokens/wparen_right.ts.WParenRight::railroad,none,false,false,false
src/abap/1_lexer/tokens/wparen_rightw.ts.WParenRightW::constructor,own_fields,true,false,false
src/abap/1_lexer/tokens/wparen_rightw.ts.WParenRightW::railroad,none,false,false,false
src/abap/1_lexer/tokens/wplus.ts.WPlus::constructor,own_fields,true,false,false
src/abap/1_lexer/tokens/wplus.ts.WPlus::railroad,none,false,false,false
src/abap/1_lexer/tokens/wplusw.ts.WPlusW::constructor,own_fields,true,false,false
src/abap/1_lexer/tokens/wplusw.ts.WPlusW::railroad,none,false,false,false
src/abap/1_lexer/tokens/wstatic_arrow.ts.WStaticArrow::constructor,own_fields,true,false,false
src/abap/1_lexer/tokens/wstatic_arrow.ts.WStaticArrow::railroad,none,false,false,false
src/abap/1_lexer/tokens/wstatic_arroww.ts.WStaticArrowW::constructor,own_fields,true,false,false
src/abap/1_lexer/tokens/wstatic_arroww.ts.WStaticArrowW::railroad,none,false,false,false
src/abap/2_statements/_select_reclassify.ts.module::class_constructor,none,false,false,false
src/abap/2_statements/_select_reclassify.ts.module::containsAggregation,none,false,true,true
src/abap/2_statements/_select_reclassify.ts.module::fn_has,none,false,false,false
src/abap/2_statements/_select_reclassify.ts.module::isCountAllPattern,none,false,true,true
src/abap/2_statements/_select_reclassify.ts.module::isSelectLoop,any,true,true,true
src/abap/2_statements/_select_reclassify.ts.module::isWithLoop,none,false,true,false
src/abap/2_statements/_select_reclassify.ts.module::reclassifySelect,any,true,true,true
src/abap/2_statements/_select_reclassify.ts.module::scanForExprTypes,any,false,true,true
src/abap/2_statements/combi.ts.Alternative::constructor,own_fields,true,true,false
src/abap/2_statements/combi.ts.Alternative::first,any,true,true,true
src/abap/2_statements/combi.ts.Alternative::getUsing,none,false,true,false
src/abap/2_statements/combi.ts.Alternative::listKeywords,none,false,true,false
src/abap/2_statements/combi.ts.Alternative::railroad,none,false,true,false
src/abap/2_statements/combi.ts.Alternative::run,any,true,true,true
src/abap/2_statements/combi.ts.Alternative::toStr,none,false,true,false
src/abap/2_statements/combi.ts.AlternativePriority::constructor,own_fields,true,true,false
src/abap/2_statements/combi.ts.AlternativePriority::first,any,true,true,true
src/abap/2_statements/combi.ts.AlternativePriority::getUsing,none,false,true,false
src/abap/2_statements/combi.ts.AlternativePriority::listKeywords,none,false,true,false
src/abap/2_statements/combi.ts.AlternativePriority::railroad,none,false,true,false
src/abap/2_statements/combi.ts.AlternativePriority::run,any,true,true,true
src/abap/2_statements/combi.ts.AlternativePriority::toStr,none,false,true,false
src/abap/2_statements/combi.ts.Combi::class_constructor,any,true,true,true
src/abap/2_statements/combi.ts.Combi::getLanguageVersion,any,true,true,true
src/abap/2_statements/combi.ts.Combi::getRelease,any,true,true,true
src/abap/2_statements/combi.ts.Combi::isOpenABAP,any,true,true,true
src/abap/2_statements/combi.ts.Combi::listKeywords,any,true,true,true
src/abap/2_statements/combi.ts.Combi::railroad,any,true,true,true
src/abap/2_statements/combi.ts.Combi::run,any,true,true,true
src/abap/2_statements/combi.ts.Expression::constructor,own_fields,false,false,false
src/abap/2_statements/combi.ts.Expression::first,any,true,true,true
src/abap/2_statements/combi.ts.Expression::getName,none,false,true,false
src/abap/2_statements/combi.ts.Expression::getUsing,none,false,true,false
src/abap/2_statements/combi.ts.Expression::listKeywords,none,false,true,false
src/abap/2_statements/combi.ts.Expression::railroad,none,false,true,false
src/abap/2_statements/combi.ts.Expression::run,any,true,true,true
src/abap/2_statements/combi.ts.Expression::toStr,none,false,true,false
src/abap/2_statements/combi.ts.FailCombinator::first,none,false,true,false
src/abap/2_statements/combi.ts.FailCombinator::getUsing,none,false,true,false
src/abap/2_statements/combi.ts.FailCombinator::listKeywords,none,false,true,false
src/abap/2_statements/combi.ts.FailCombinator::railroad,none,false,true,false
src/abap/2_statements/combi.ts.FailCombinator::run,none,false,true,false
src/abap/2_statements/combi.ts.FailCombinator::run_instantiated_src/abap/2_statements/combi.ts.FailCombinator,none,false,true,false
src/abap/2_statements/combi.ts.FailCombinator::toStr,none,false,true,false
src/abap/2_statements/combi.ts.FailCombinatorError::constructor,own_fields,false,false,false
src/abap/2_statements/combi.ts.FailStarError::constructor,own_fields,false,false,false
src/abap/2_statements/combi.ts.IVerOptions::constructor,own_fields,false,false,false
src/abap/2_statements/combi.ts.LangVers::constructor,own_fields,false,false,false
src/abap/2_statements/combi.ts.LangVers::first,none,false,true,false
src/abap/2_statements/combi.ts.LangVers::getUsing,none,false,true,false
src/abap/2_statements/combi.ts.LangVers::listKeywords,none,false,true,false
src/abap/2_statements/combi.ts.LangVers::railroad,none,false,true,false
src/abap/2_statements/combi.ts.LangVers::run,none,false,true,false
src/abap/2_statements/combi.ts.LangVers::toStr,none,false,true,false
src/abap/2_statements/combi.ts.LangVersNot::constructor,own_fields,false,false,false
src/abap/2_statements/combi.ts.LangVersNot::first,any,true,true,true
src/abap/2_statements/combi.ts.LangVersNot::getUsing,none,false,true,false
src/abap/2_statements/combi.ts.LangVersNot::listKeywords,none,false,true,false
src/abap/2_statements/combi.ts.LangVersNot::railroad,none,false,true,false
src/abap/2_statements/combi.ts.LangVersNot::run,any,true,true,true
src/abap/2_statements/combi.ts.LangVersNot::toStr,none,false,true,false
src/abap/2_statements/combi.ts.Optional::constructor,own_fields,false,false,false
src/abap/2_statements/combi.ts.Optional::first,none,false,true,false
src/abap/2_statements/combi.ts.Optional::getUsing,none,false,true,false
src/abap/2_statements/combi.ts.Optional::listKeywords,none,false,true,false
src/abap/2_statements/combi.ts.Optional::railroad,none,false,true,false
src/abap/2_statements/combi.ts.Optional::run,any,true,true,true
src/abap/2_statements/combi.ts.Optional::toStr,none,false,true,false
src/abap/2_statements/combi.ts.OptionalPriority::constructor,own_fields,false,false,false
src/abap/2_statements/combi.ts.OptionalPriority::first,none,false,true,false
src/abap/2_statements/combi.ts.OptionalPriority::getUsing,none,false,true,false
src/abap/2_statements/combi.ts.OptionalPriority::listKeywords,none,false,true,false
src/abap/2_statements/combi.ts.OptionalPriority::railroad,none,false,true,false
src/abap/2_statements/combi.ts.OptionalPriority::run,any,true,true,true
src/abap/2_statements/combi.ts.OptionalPriority::toStr,none,false,true,false
src/abap/2_statements/combi.ts.Permutation::constructor,own_fields,true,true,false
src/abap/2_statements/combi.ts.Permutation::first,none,false,true,false
src/abap/2_statements/combi.ts.Permutation::getUsing,none,false,true,false
src/abap/2_statements/combi.ts.Permutation::listKeywords,none,false,true,false
src/abap/2_statements/combi.ts.Permutation::railroad,none,false,true,false
src/abap/2_statements/combi.ts.Permutation::run,any,true,true,true
src/abap/2_statements/combi.ts.Permutation::toStr,none,false,true,false
src/abap/2_statements/combi.ts.Plus::constructor,any,true,true,false
src/abap/2_statements/combi.ts.Plus::first,none,false,true,false
src/abap/2_statements/combi.ts.Plus::getUsing,none,false,true,false
src/abap/2_statements/combi.ts.Plus::listKeywords,none,false,true,false
src/abap/2_statements/combi.ts.Plus::railroad,none,false,true,false
src/abap/2_statements/combi.ts.Plus::run,any,true,true,true
src/abap/2_statements/combi.ts.Plus::toStr,none,false,true,false
src/abap/2_statements/combi.ts.PlusPriority::constructor,any,true,true,false
src/abap/2_statements/combi.ts.PlusPriority::first,none,false,true,false
src/abap/2_statements/combi.ts.PlusPriority::getUsing,none,false,true,false
src/abap/2_statements/combi.ts.PlusPriority::listKeywords,none,false,true,false
src/abap/2_statements/combi.ts.PlusPriority::railroad,none,false,true,false
src/abap/2_statements/combi.ts.PlusPriority::run,any,true,true,true
src/abap/2_statements/combi.ts.PlusPriority::toStr,none,false,true,false
src/abap/2_statements/combi.ts.Regex::constructor,own_fields,false,false,false
src/abap/2_statements/combi.ts.Regex::first,none,false,true,false
src/abap/2_statements/combi.ts.Regex::getUsing,none,false,true,false
src/abap/2_statements/combi.ts.Regex::listKeywords,none,false,true,false
src/abap/2_statements/combi.ts.Regex::railroad,none,false,true,false
src/abap/2_statements/combi.ts.Regex::run,any,true,true,true
src/abap/2_statements/combi.ts.Regex::toStr,none,false,true,false
src/abap/2_statements/combi.ts.Sequence::constructor,own_fields,true,true,false
src/abap/2_statements/combi.ts.Sequence::first,any,true,true,true
src/abap/2_statements/combi.ts.Sequence::getUsing,none,false,true,false
src/abap/2_statements/combi.ts.Sequence::listKeywords,none,false,true,false
src/abap/2_statements/combi.ts.Sequence::railroad,none,false,true,false
src/abap/2_statements/combi.ts.Sequence::run,any,true,true,true
src/abap/2_statements/combi.ts.Sequence::toStr,none,false,true,false
src/abap/2_statements/combi.ts.Star::constructor,own_fields,false,false,false
src/abap/2_statements/combi.ts.Star::first,none,false,true,false
src/abap/2_statements/combi.ts.Star::getUsing,none,false,true,false
src/abap/2_statements/combi.ts.Star::listKeywords,none,false,true,false
src/abap/2_statements/combi.ts.Star::railroad,none,false,true,false
src/abap/2_statements/combi.ts.Star::run,any,true,true,true
src/abap/2_statements/combi.ts.Star::toStr,none,false,true,false
src/abap/2_statements/combi.ts.StarPriority::constructor,own_fields,false,false,false
src/abap/2_statements/combi.ts.StarPriority::first,none,false,true,false
src/abap/2_statements/combi.ts.StarPriority::getUsing,none,false,true,false
src/abap/2_statements/combi.ts.StarPriority::listKeywords,none,false,true,false
src/abap/2_statements/combi.ts.StarPriority::railroad,none,false,true,false
src/abap/2_statements/combi.ts.StarPriority::run,any,true,true,true
src/abap/2_statements/combi.ts.StarPriority::toStr,none,false,true,false
src/abap/2_statements/combi.ts.StopBefore1::constructor,any,true,false,true
src/abap/2_statements/combi.ts.StopBefore1::first,none,false,true,false
src/abap/2_statements/combi.ts.StopBefore1::getUsing,none,false,true,false
src/abap/2_statements/combi.ts.StopBefore1::listKeywords,none,false,true,false
src/abap/2_statements/combi.ts.StopBefore1::railroad,none,false,true,false
src/abap/2_statements/combi.ts.StopBefore1::run,any,true,false,true
src/abap/2_statements/combi.ts.StopBefore1::toStr,none,false,true,false
src/abap/2_statements/combi.ts.StopBefore2::constructor,own_fields,true,false,false
src/abap/2_statements/combi.ts.StopBefore2::first,none,false,true,false
src/abap/2_statements/combi.ts.StopBefore2::getUsing,none,false,true,false
src/abap/2_statements/combi.ts.StopBefore2::listKeywords,none,false,true,false
src/abap/2_statements/combi.ts.StopBefore2::railroad,none,false,true,false
src/abap/2_statements/combi.ts.StopBefore2::run,any,true,true,true
src/abap/2_statements/combi.ts.StopBefore2::toStr,none,false,true,false
src/abap/2_statements/combi.ts.Token::constructor,own_fields,true,false,false
src/abap/2_statements/combi.ts.Token::first,none,false,true,false
src/abap/2_statements/combi.ts.Token::getUsing,none,false,true,false
src/abap/2_statements/combi.ts.Token::listKeywords,none,false,true,false
src/abap/2_statements/combi.ts.Token::railroad,none,false,true,false
src/abap/2_statements/combi.ts.Token::run,any,true,true,true
src/abap/2_statements/combi.ts.Token::toStr,none,false,true,false
src/abap/2_statements/combi.ts.Vers::constructor,own_fields,false,false,false
src/abap/2_statements/combi.ts.Vers::first,any,true,true,true
src/abap/2_statements/combi.ts.Vers::getUsing,none,false,true,false
src/abap/2_statements/combi.ts.Vers::listKeywords,none,false,true,false
src/abap/2_statements/combi.ts.Vers::railroad,none,false,true,false
src/abap/2_statements/combi.ts.Vers::run,any,true,true,true
src/abap/2_statements/combi.ts.Vers::toStr,none,false,true,false
src/abap/2_statements/combi.ts.Word::constructor,own_fields,true,false,false
src/abap/2_statements/combi.ts.Word::first,any,true,false,false
src/abap/2_statements/combi.ts.Word::getUsing,none,false,true,false
src/abap/2_statements/combi.ts.Word::listKeywords,none,false,true,false
src/abap/2_statements/combi.ts.Word::railroad,none,false,true,false
src/abap/2_statements/combi.ts.Word::run,any,true,true,true
src/abap/2_statements/combi.ts.Word::toStr,none,false,true,false
src/abap/2_statements/combi.ts.WordSequence::constructor,any,true,true,true
src/abap/2_statements/combi.ts.WordSequence::first,any,true,true,true
src/abap/2_statements/combi.ts.WordSequence::getUsing,none,false,true,false
src/abap/2_statements/combi.ts.WordSequence::listKeywords,none,false,true,false
src/abap/2_statements/combi.ts.WordSequence::railroad,none,false,true,false
src/abap/2_statements/combi.ts.WordSequence::run,any,true,true,true
src/abap/2_statements/combi.ts.WordSequence::toStr,none,false,true,false
src/abap/2_statements/combi.ts.module::alt,any,true,true,true
src/abap/2_statements/combi.ts.module::altPrio,any,true,true,true
src/abap/2_statements/combi.ts.module::class_constructor,any,true,false,true
src/abap/2_statements/combi.ts.module::failCombinator,any,true,false,true
src/abap/2_statements/combi.ts.module::inputToRelease,any,true,true,true
src/abap/2_statements/combi.ts.module::langVersionOrdinal,any,true,false,true
src/abap/2_statements/combi.ts.module::mapInput,any,true,true,true
src/abap/2_statements/combi.ts.module::opt,any,true,true,true
src/abap/2_statements/combi.ts.module::optPrio,any,true,true,true
src/abap/2_statements/combi.ts.module::per,any,true,true,true
src/abap/2_statements/combi.ts.module::plus,any,true,true,true
src/abap/2_statements/combi.ts.module::plusPrio,any,true,true,true
src/abap/2_statements/combi.ts.module::regex,any,true,false,true
src/abap/2_statements/combi.ts.module::seq,any,true,true,true
src/abap/2_statements/combi.ts.module::star,any,true,true,true
src/abap/2_statements/combi.ts.module::starPrio,any,true,true,true
src/abap/2_statements/combi.ts.module::stopBefore,any,true,false,true
src/abap/2_statements/combi.ts.module::stopBefore1,any,true,false,true
src/abap/2_statements/combi.ts.module::str,any,true,true,true
src/abap/2_statements/combi.ts.module::tok,any,true,false,true
src/abap/2_statements/combi.ts.module::ver,any,true,true,true
src/abap/2_statements/combi.ts.module::verLang,any,true,true,true
src/abap/2_statements/combi.ts.module::verNotLang,any,true,true,true
src/abap/2_statements/expand_macros.ts.ExpandMacros::buildInput,none,false,true,false
src/abap/2_statements/expand_macros.ts.ExpandMacros::constructor,any,true,true,true
src/abap/2_statements/expand_macros.ts.ExpandMacros::expandContents,none,false,true,false
src/abap/2_statements/expand_macros.ts.ExpandMacros::find,any,true,true,true
src/abap/2_statements/expand_macros.ts.ExpandMacros::findName,none,true,true,true
src/abap/2_statements/expand_macros.ts.ExpandMacros::handleMacros,any,true,true,true
src/abap/2_statements/expand_macros.ts.ExpandMacros::listMacroNames,none,false,true,false
src/abap/2_statements/expand_macros.ts.ExpandMacros::tokensToNodes,none,false,true,false
src/abap/2_statements/expand_macros.ts.Macros::addMacro,none,false,true,false
src/abap/2_statements/expand_macros.ts.Macros::constructor,any,true,true,true
src/abap/2_statements/expand_macros.ts.Macros::getContents,none,false,true,false
src/abap/2_statements/expand_macros.ts.Macros::getMacroFilename,none,false,true,false
src/abap/2_statements/expand_macros.ts.Macros::isMacro,none,true,false,false
src/abap/2_statements/expand_macros.ts.Macros::listMacroNames,none,false,true,false
src/abap/2_statements/expressions/_derived_types.ts.module::class_constructor,none,false,false,false
src/abap/2_statements/expressions/_derived_types.ts.module::commonDerivedTypes,any,true,true,true
src/abap/2_statements/expressions/_derived_types.ts.module::derivedTypesAlt,any,true,true,true
src/abap/2_statements/expressions/_dynamic_access.ts.module::class_constructor,any,true,true,true
src/abap/2_statements/expressions/_dynamic_access.ts.module::dynAttr,any,true,true,true
src/abap/2_statements/expressions/_dynamic_access.ts.module::dynComp,any,true,true,true
src/abap/2_statements/expressions/_lob_handle_type.ts.module::class_constructor,none,false,false,false
src/abap/2_statements/expressions/_lob_handle_type.ts.module::lobColumns,any,true,true,true
src/abap/2_statements/expressions/_lob_handle_type.ts.module::lobHandleType,any,true,true,true
src/abap/2_statements/expressions/_lob_handle_type.ts.module::lobKind,any,true,true,true
src/abap/2_statements/expressions/_select_core.ts.module::buildSelectCore,any,true,true,true
src/abap/2_statements/expressions/_select_core.ts.module::buildSelectSingleCore,any,true,true,true
src/abap/2_statements/expressions/_select_core.ts.module::class_constructor,none,false,false,false
src/abap/2_statements/expressions/abstract.ts.Abstract::constructor,own_fields,false,false,false
src/abap/2_statements/expressions/abstract.ts.Abstract::getRunnable,any,true,true,true
src/abap/2_statements/expressions/abstract_methods.ts.AbstractMethods::constructor,own_fields,false,false,false
src/abap/2_statements/expressions/abstract_methods.ts.AbstractMethods::getRunnable,any,true,true,true
src/abap/2_statements/expressions/and_return.ts.AndReturn::constructor,own_fields,false,false,false
src/abap/2_statements/expressions/and_return.ts.AndReturn::getRunnable,any,true,true,true
src/abap/2_statements/expressions/arith_operator.ts.ArithOperator::constructor,own_fields,false,false,false
src/abap/2_statements/expressions/arith_operator.ts.ArithOperator::getRunnable,any,true,true,true
src/abap/2_statements/expressions/arrow.ts.Arrow::constructor,own_fields,false,false,false
src/abap/2_statements/expressions/arrow.ts.Arrow::getRunnable,any,true,true,true
src/abap/2_statements/expressions/arrow_or_dash.ts.ArrowOrDash::constructor,own_fields,false,false,false
src/abap/2_statements/expressions/arrow_or_dash.ts.ArrowOrDash::getRunnable,any,true,true,true
src/abap/2_statements/expressions/assign_source.ts.AssignSource::constructor,own_fields,false,false,false
src/abap/2_statements/expressions/assign_source.ts.AssignSource::getRunnable,any,true,true,true
src/abap/2_statements/expressions/attribute_chain.ts.AttributeChain::constructor,own_fields,false,false,false
src/abap/2_statements/expressions/attribute_chain.ts.AttributeChain::getRunnable,any,true,true,true
src/abap/2_statements/expressions/attribute_name.ts.AttributeName::constructor,own_fields,false,false,false
src/abap/2_statements/expressions/attribute_name.ts.AttributeName::getRunnable,any,true,false,true
src/abap/2_statements/expressions/behavior_definition_name.ts.BehaviorDefinitionName::constructor,own_fields,false,false,false
src/abap/2_statements/expressions/behavior_definition_name.ts.BehaviorDefinitionName::getRunnable,none,false,true,false
src/abap/2_statements/expressions/block_name.ts.BlockName::constructor,own_fields,false,false,false
src/abap/2_statements/expressions/block_name.ts.BlockName::getRunnable,none,false,true,false
src/abap/2_statements/expressions/call_transformation_options.ts.CallTransformationOptions::constructor,own_fields,false,false,false
src/abap/2_statements/expressions/call_transformation_options.ts.CallTransformationOptions::getRunnable,any,true,true,true
src/abap/2_statements/expressions/call_transformation_parameters.ts.CallTransformationParameters::constructor,own_fields,false,false,false
src/abap/2_statements/expressions/call_transformation_parameters.ts.CallTransformationParameters::getRunnable,any,true,true,true
src/abap/2_statements/expressions/cast.ts.Cast::constructor,own_fields,false,false,false
src/abap/2_statements/expressions/cast.ts.Cast::getRunnable,any,true,true,true
src/abap/2_statements/expressions/class_final.ts.ClassFinal::constructor,own_fields,false,false,false
src/abap/2_statements/expressions/class_final.ts.ClassFinal::getRunnable,any,true,true,true
src/abap/2_statements/expressions/class_friends.ts.ClassFriends::constructor,own_fields,false,false,false
src/abap/2_statements/expressions/class_friends.ts.ClassFriends::getRunnable,any,true,true,true
src/abap/2_statements/expressions/class_global.ts.ClassGlobal::constructor,own_fields,false,false,false
src/abap/2_statements/expressions/class_global.ts.ClassGlobal::getRunnable,any,true,true,true
src/abap/2_statements/expressions/class_name.ts.ClassName::constructor,own_fields,false,false,false
src/abap/2_statements/expressions/class_name.ts.ClassName::getRunnable,any,true,false,true
src/abap/2_statements/expressions/color.ts.Color::constructor,own_fields,false,false,false
src/abap/2_statements/expressions/color.ts.Color::getRunnable,any,true,true,true
src/abap/2_statements/expressions/compare.ts.Compare::constructor,own_fields,false,false,false
src/abap/2_statements/expressions/compare.ts.Compare::getRunnable,any,true,true,true
src/abap/2_statements/expressions/compare_operator.ts.CompareOperator::constructor,own_fields,false,false,false
src/abap/2_statements/expressions/compare_operator.ts.CompareOperator::getRunnable,any,true,true,true
src/abap/2_statements/expressions/component_chain.ts.ComponentChain::constructor,own_fields,false,false,false
src/abap/2_statements/expressions/component_chain.ts.ComponentChain::getRunnable,any,true,true,true
src/abap/2_statements/expressions/component_chain_simple.ts.ComponentChainSimple::constructor,own_fields,false,false,false
src/abap/2_statements/expressions/component_chain_simple.ts.ComponentChainSimple::getRunnable,any,true,true,true
src/abap/2_statements/expressions/component_compare.ts.ComponentCompare::constructor,own_fields,false,false,false
src/abap/2_statements/expressions/component_compare.ts.ComponentCompare::getRunnable,any,true,true,true
src/abap/2_statements/expressions/component_compare_simple.ts.ComponentCompareSimple::constructor,own_fields,false,false,false
src/abap/2_statements/expressions/component_compare_simple.ts.ComponentCompareSimple::getRunnable,any,true,true,true
src/abap/2_statements/expressions/component_compare_single.ts.ComponentCompareSingle::constructor,own_fields,false,false,false
src/abap/2_statements/expressions/component_compare_single.ts.ComponentCompareSingle::getRunnable,none,false,true,false
src/abap/2_statements/expressions/component_cond.ts.ComponentCond::constructor,own_fields,false,false,false
src/abap/2_statements/expressions/component_cond.ts.ComponentCond::getRunnable,any,true,true,true
src/abap/2_statements/expressions/component_cond_sub.ts.ComponentCondSub::constructor,own_fields,false,false,false
src/abap/2_statements/expressions/component_cond_sub.ts.ComponentCondSub::getRunnable,any,true,true,true
src/abap/2_statements/expressions/component_name.ts.ComponentName::constructor,own_fields,false,false,false
src/abap/2_statements/expressions/component_name.ts.ComponentName::getRunnable,any,true,false,true
src/abap/2_statements/expressions/concatenated_constant.ts.ConcatenatedConstant::constructor,own_fields,false,false,false
src/abap/2_statements/expressions/concatenated_constant.ts.ConcatenatedConstant::getRunnable,any,true,true,true
src/abap/2_statements/expressions/cond.ts.Cond::constructor,own_fields,false,false,false
src/abap/2_statements/expressions/cond.ts.Cond::getRunnable,any,true,true,true
src/abap/2_statements/expressions/cond_body.ts.CondBody::constructor,own_fields,false,false,false
src/abap/2_statements/expressions/cond_body.ts.CondBody::getRunnable,none,false,true,false
src/abap/2_statements/expressions/cond_sub.ts.CondSub::constructor,own_fields,false,false,false
src/abap/2_statements/expressions/cond_sub.ts.CondSub::getRunnable,any,true,true,true
src/abap/2_statements/expressions/constant.ts.Constant::constructor,own_fields,false,false,false
src/abap/2_statements/expressions/constant.ts.Constant::getRunnable,any,true,true,true
src/abap/2_statements/expressions/constant_field_length.ts.ConstantFieldLength::constructor,own_fields,false,false,false
src/abap/2_statements/expressions/constant_field_length.ts.ConstantFieldLength::getRunnable,any,true,true,true
src/abap/2_statements/expressions/constant_string.ts.ConstantString::constructor,own_fields,false,false,false
src/abap/2_statements/expressions/constant_string.ts.ConstantString::getRunnable,any,true,false,true
src/abap/2_statements/expressions/conv_body.ts.ConvBody::constructor,own_fields,false,false,false
src/abap/2_statements/expressions/conv_body.ts.ConvBody::getRunnable,none,false,true,false
src/abap/2_statements/expressions/corresponding_body.ts.CorrespondingBody::constructor,own_fields,false,false,false
src/abap/2_statements/expressions/corresponding_body.ts.CorrespondingBody::getRunnable,none,false,true,false
src/abap/2_statements/expressions/corresponding_body_base.ts.CorrespondingBodyBase::constructor,own_fields,false,false,false
src/abap/2_statements/expressions/corresponding_body_base.ts.CorrespondingBodyBase::getRunnable,none,false,true,false
src/abap/2_statements/expressions/data_definition.ts.DataDefinition::constructor,own_fields,false,false,false
src/abap/2_statements/expressions/data_definition.ts.DataDefinition::getRunnable,any,true,true,true
src/abap/2_statements/expressions/database_connection.ts.DatabaseConnection::constructor,own_fields,false,false,false
src/abap/2_statements/expressions/database_connection.ts.DatabaseConnection::getRunnable,any,true,true,true
src/abap/2_statements/expressions/database_table.ts.DatabaseTable::constructor,own_fields,false,false,false
src/abap/2_statements/expressions/database_table.ts.DatabaseTable::getRunnable,any,true,true,true
src/abap/2_statements/expressions/decimals.ts.Decimals::constructor,own_fields,false,false,false
src/abap/2_statements/expressions/decimals.ts.Decimals::getRunnable,any,true,true,true
src/abap/2_statements/expressions/default.ts.Default::constructor,own_fields,false,false,false
src/abap/2_statements/expressions/default.ts.Default::getRunnable,any,true,true,true
src/abap/2_statements/expressions/definition_name.ts.DefinitionName::constructor,own_fields,false,false,false
src/abap/2_statements/expressions/definition_name.ts.DefinitionName::getRunnable,any,true,true,true
src/abap/2_statements/expressions/dereference.ts.Dereference::constructor,own_fields,false,false,false
src/abap/2_statements/expressions/dereference.ts.Dereference::getRunnable,any,true,true,true
src/abap/2_statements/expressions/destination.ts.Destination::constructor,own_fields,false,false,false
src/abap/2_statements/expressions/destination.ts.Destination::getRunnable,any,true,true,true
src/abap/2_statements/expressions/dynamic.ts.Dynamic::constructor,own_fields,false,false,false
src/abap/2_statements/expressions/dynamic.ts.Dynamic::getRunnable,any,true,true,true
src/abap/2_statements/expressions/eml_entity_path.ts.EMLEntityPath::constructor,own_fields,false,false,false
src/abap/2_statements/expressions/eml_entity_path.ts.EMLEntityPath::getRunnable,none,false,true,false
src/abap/2_statements/expressions/entity_association.ts.EntityAssociation::constructor,own_fields,false,false,false
src/abap/2_statements/expressions/entity_association.ts.EntityAssociation::getRunnable,none,false,true,false
src/abap/2_statements/expressions/event_handler.ts.EventHandler::constructor,own_fields,false,false,false
src/abap/2_statements/expressions/event_handler.ts.EventHandler::getRunnable,any,true,true,true
src/abap/2_statements/expressions/event_name.ts.EventName::constructor,own_fields,false,false,false
src/abap/2_statements/expressions/event_name.ts.EventName::getRunnable,any,true,false,true
src/abap/2_statements/expressions/exception_name.ts.ExceptionName::constructor,own_fields,false,false,false
src/abap/2_statements/expressions/exception_name.ts.ExceptionName::getRunnable,any,true,true,true
src/abap/2_statements/expressions/field.ts.Field::constructor,own_fields,false,false,false
src/abap/2_statements/expressions/field.ts.Field::getRunnable,any,true,false,true
src/abap/2_statements/expressions/field_all.ts.FieldAll::constructor,own_fields,false,false,false
src/abap/2_statements/expressions/field_all.ts.FieldAll::getRunnable,none,false,true,false
src/abap/2_statements/expressions/field_assignment.ts.FieldAssignment::constructor,own_fields,false,false,false
src/abap/2_statements/expressions/field_assignment.ts.FieldAssignment::getRunnable,none,false,true,false
src/abap/2_statements/expressions/field_chain.ts.FieldChain::constructor,own_fields,false,false,false
src/abap/2_statements/expressions/field_chain.ts.FieldChain::getRunnable,any,true,true,true
src/abap/2_statements/expressions/field_length.ts.FieldLength::constructor,own_fields,false,false,false
src/abap/2_statements/expressions/field_length.ts.FieldLength::getRunnable,any,true,true,true
src/abap/2_statements/expressions/field_offset.ts.FieldOffset::constructor,own_fields,false,false,false
src/abap/2_statements/expressions/field_offset.ts.FieldOffset::getRunnable,any,true,true,true
src/abap/2_statements/expressions/field_sub.ts.FieldSub::constructor,own_fields,false,false,false
src/abap/2_statements/expressions/field_sub.ts.FieldSub::getRunnable,any,true,true,true
src/abap/2_statements/expressions/field_symbol.ts.FieldSymbol::constructor,own_fields,false,false,false
src/abap/2_statements/expressions/field_symbol.ts.FieldSymbol::getRunnable,any,true,true,true
src/abap/2_statements/expressions/filter_body.ts.FilterBody::constructor,own_fields,false,false,false
src/abap/2_statements/expressions/filter_body.ts.FilterBody::getRunnable,none,false,true,false
src/abap/2_statements/expressions/final_methods.ts.FinalMethods::constructor,own_fields,false,false,false
src/abap/2_statements/expressions/final_methods.ts.FinalMethods::getRunnable,any,true,true,true
src/abap/2_statements/expressions/find_type.ts.FindType::constructor,own_fields,false,false,false
src/abap/2_statements/expressions/find_type.ts.FindType::getRunnable,any,true,true,true
src/abap/2_statements/expressions/for.ts.For::constructor,own_fields,false,false,false
src/abap/2_statements/expressions/for.ts.For::getRunnable,none,false,true,false
src/abap/2_statements/expressions/form_changing.ts.FormChanging::constructor,own_fields,false,false,false
src/abap/2_statements/expressions/form_changing.ts.FormChanging::getRunnable,any,true,true,true
src/abap/2_statements/expressions/form_name.ts.FormName::constructor,own_fields,false,false,false
src/abap/2_statements/expressions/form_name.ts.FormName::getRunnable,any,true,true,true
src/abap/2_statements/expressions/form_param.ts.FormParam::constructor,own_fields,false,false,false
src/abap/2_statements/expressions/form_param.ts.FormParam::getRunnable,any,true,true,true
src/abap/2_statements/expressions/form_param_name.ts.FormParamName::constructor,own_fields,false,false,false
src/abap/2_statements/expressions/form_param_name.ts.FormParamName::getRunnable,any,true,true,true
src/abap/2_statements/expressions/form_param_type.ts.FormParamType::constructor,own_fields,false,false,false
src/abap/2_statements/expressions/form_param_type.ts.FormParamType::getRunnable,any,true,true,true
src/abap/2_statements/expressions/form_raising.ts.FormRaising::constructor,own_fields,false,false,false
src/abap/2_statements/expressions/form_raising.ts.FormRaising::getRunnable,any,true,true,true
src/abap/2_statements/expressions/form_tables.ts.FormTables::constructor,own_fields,false,false,false
src/abap/2_statements/expressions/form_tables.ts.FormTables::getRunnable,any,true,true,true
src/abap/2_statements/expressions/form_using.ts.FormUsing::constructor,own_fields,false,false,false
src/abap/2_statements/expressions/form_using.ts.FormUsing::getRunnable,any,true,true,true
src/abap/2_statements/expressions/fstarget.ts.FSTarget::constructor,own_fields,false,false,false
src/abap/2_statements/expressions/fstarget.ts.FSTarget::getRunnable,any,true,true,true
src/abap/2_statements/expressions/function_exporting.ts.FunctionExporting::constructor,own_fields,false,false,false
src/abap/2_statements/expressions/function_exporting.ts.FunctionExporting::getRunnable,any,true,true,true
src/abap/2_statements/expressions/function_exporting_parameter.ts.FunctionExportingParameter::constructor,own_fields,false,false,false
src/abap/2_statements/expressions/function_exporting_parameter.ts.FunctionExportingParameter::getRunnable,any,true,true,true
src/abap/2_statements/expressions/function_name.ts.FunctionName::constructor,own_fields,false,false,false
src/abap/2_statements/expressions/function_name.ts.FunctionName::getRunnable,any,true,true,true
src/abap/2_statements/expressions/function_parameters.ts.FunctionParameters::constructor,own_fields,false,false,false
src/abap/2_statements/expressions/function_parameters.ts.FunctionParameters::getRunnable,any,true,true,true
src/abap/2_statements/expressions/include_name.ts.IncludeName::constructor,own_fields,false,false,false
src/abap/2_statements/expressions/include_name.ts.IncludeName::getRunnable,any,true,true,true
src/abap/2_statements/expressions/index.ts.module::class_constructor,any,true,false,true
src/abap/2_statements/expressions/inline_field.ts.InlineField::constructor,own_fields,false,false,false
src/abap/2_statements/expressions/inline_field.ts.InlineField::getRunnable,any,true,true,true
src/abap/2_statements/expressions/inline_field_definition.ts.InlineFieldDefinition::constructor,own_fields,false,false,false
src/abap/2_statements/expressions/inline_field_definition.ts.InlineFieldDefinition::getRunnable,none,false,true,false
src/abap/2_statements/expressions/inline_loop_definition.ts.InlineLoopDefinition::constructor,own_fields,false,false,false
src/abap/2_statements/expressions/inline_loop_definition.ts.InlineLoopDefinition::getRunnable,none,false,true,false
src/abap/2_statements/expressions/inlinedata.ts.InlineData::constructor,own_fields,false,false,false
src/abap/2_statements/expressions/inlinedata.ts.InlineData::getRunnable,any,true,true,true
src/abap/2_statements/expressions/inlinefs.ts.InlineFS::constructor,own_fields,false,false,false
src/abap/2_statements/expressions/inlinefs.ts.InlineFS::getRunnable,any,true,true,true
src/abap/2_statements/expressions/integer.ts.Integer::constructor,own_fields,false,false,false
src/abap/2_statements/expressions/integer.ts.Integer::getRunnable,any,true,true,true
src/abap/2_statements/expressions/interface_name.ts.InterfaceName::constructor,own_fields,false,false,false
src/abap/2_statements/expressions/interface_name.ts.InterfaceName::getRunnable,any,true,false,true
src/abap/2_statements/expressions/kernel_id.ts.KernelId::constructor,own_fields,false,false,false
src/abap/2_statements/expressions/kernel_id.ts.KernelId::getRunnable,any,true,true,true
src/abap/2_statements/expressions/language.ts.Language::constructor,own_fields,false,false,false
src/abap/2_statements/expressions/language.ts.Language::getRunnable,none,false,true,false
src/abap/2_statements/expressions/length.ts.Length::constructor,own_fields,false,false,false
src/abap/2_statements/expressions/length.ts.Length::getRunnable,any,true,true,true
src/abap/2_statements/expressions/let.ts.Let::constructor,own_fields,false,false,false
src/abap/2_statements/expressions/let.ts.Let::getRunnable,none,false,true,false
src/abap/2_statements/expressions/lob_handle.ts.LOBHandle::constructor,own_fields,false,false,false
src/abap/2_statements/expressions/lob_handle.ts.LOBHandle::getRunnable,any,true,true,true
src/abap/2_statements/expressions/loop_group_by.ts.LoopGroupBy::constructor,own_fields,false,false,false
src/abap/2_statements/expressions/loop_group_by.ts.LoopGroupBy::getRunnable,none,false,true,false
src/abap/2_statements/expressions/loop_group_by_component.ts.LoopGroupByComponent::constructor,own_fields,false,false,false
src/abap/2_statements/expressions/loop_group_by_component.ts.LoopGroupByComponent::getRunnable,none,false,true,false
src/abap/2_statements/expressions/loop_source.ts.LoopSource::constructor,own_fields,false,false,false
src/abap/2_statements/expressions/loop_source.ts.LoopSource::getRunnable,any,true,true,true
src/abap/2_statements/expressions/loop_target.ts.LoopTarget::constructor,own_fields,false,false,false
src/abap/2_statements/expressions/loop_target.ts.LoopTarget::getRunnable,any,true,true,true
src/abap/2_statements/expressions/macro_name.ts.MacroName::constructor,own_fields,false,false,false
src/abap/2_statements/expressions/macro_name.ts.MacroName::getRunnable,none,false,true,false
src/abap/2_statements/expressions/message_class.ts.MessageClass::constructor,own_fields,false,false,false
src/abap/2_statements/expressions/message_class.ts.MessageClass::getRunnable,any,true,true,true
src/abap/2_statements/expressions/message_number.ts.MessageNumber::constructor,own_fields,false,false,false
src/abap/2_statements/expressions/message_number.ts.MessageNumber::getRunnable,any,true,false,true
src/abap/2_statements/expressions/message_source.ts.MessageSource::constructor,own_fields,false,false,false
src/abap/2_statements/expressions/message_source.ts.MessageSource::getRunnable,any,true,true,true
src/abap/2_statements/expressions/message_source_source.ts.MessageSourceSource::constructor,own_fields,false,false,false
src/abap/2_statements/expressions/message_source_source.ts.MessageSourceSource::getRunnable,any,true,true,true
src/abap/2_statements/expressions/message_type_and_number.ts.MessageTypeAndNumber::constructor,own_fields,false,false,false
src/abap/2_statements/expressions/message_type_and_number.ts.MessageTypeAndNumber::getRunnable,any,true,false,true
src/abap/2_statements/expressions/method_call.ts.MethodCall::constructor,own_fields,false,false,false
src/abap/2_statements/expressions/method_call.ts.MethodCall::getRunnable,any,true,true,true
src/abap/2_statements/expressions/method_call_body.ts.MethodCallBody::constructor,own_fields,false,false,false
src/abap/2_statements/expressions/method_call_body.ts.MethodCallBody::getRunnable,any,true,true,true
src/abap/2_statements/expressions/method_call_chain.ts.MethodCallChain::constructor,own_fields,false,false,false
src/abap/2_statements/expressions/method_call_chain.ts.MethodCallChain::getRunnable,any,true,true,true
src/abap/2_statements/expressions/method_call_param.ts.MethodCallParam::constructor,own_fields,false,false,false
src/abap/2_statements/expressions/method_call_param.ts.MethodCallParam::getRunnable,any,true,true,true
src/abap/2_statements/expressions/method_def_changing.ts.MethodDefChanging::constructor,own_fields,false,false,false
src/abap/2_statements/expressions/method_def_changing.ts.MethodDefChanging::getRunnable,any,true,true,true
src/abap/2_statements/expressions/method_def_exceptions.ts.MethodDefExceptions::constructor,own_fields,false,false,false
src/abap/2_statements/expressions/method_def_exceptions.ts.MethodDefExceptions::getRunnable,any,true,true,true
src/abap/2_statements/expressions/method_def_exporting.ts.MethodDefExporting::constructor,own_fields,false,false,false
src/abap/2_statements/expressions/method_def_exporting.ts.MethodDefExporting::getRunnable,any,true,true,true
src/abap/2_statements/expressions/method_def_importing.ts.MethodDefImporting::constructor,own_fields,false,false,false
src/abap/2_statements/expressions/method_def_importing.ts.MethodDefImporting::getRunnable,any,true,true,true
src/abap/2_statements/expressions/method_def_raising.ts.MethodDefRaising::constructor,own_fields,false,false,false
src/abap/2_statements/expressions/method_def_raising.ts.MethodDefRaising::getRunnable,any,true,true,true
src/abap/2_statements/expressions/method_def_returning.ts.MethodDefReturning::constructor,own_fields,false,false,false
src/abap/2_statements/expressions/method_def_returning.ts.MethodDefReturning::getRunnable,any,true,true,true
src/abap/2_statements/expressions/method_name.ts.MethodName::constructor,own_fields,false,false,false
src/abap/2_statements/expressions/method_name.ts.MethodName::getRunnable,any,true,false,true
src/abap/2_statements/expressions/method_param.ts.MethodParam::constructor,own_fields,false,false,false
src/abap/2_statements/expressions/method_param.ts.MethodParam::getRunnable,any,true,true,true
src/abap/2_statements/expressions/method_param_name.ts.MethodParamName::constructor,own_fields,false,false,false
src/abap/2_statements/expressions/method_param_name.ts.MethodParamName::getRunnable,any,true,false,true
src/abap/2_statements/expressions/method_param_optional.ts.MethodParamOptional::constructor,own_fields,false,false,false
src/abap/2_statements/expressions/method_param_optional.ts.MethodParamOptional::getRunnable,any,true,true,true
src/abap/2_statements/expressions/method_parameters.ts.MethodParameters::constructor,own_fields,false,false,false
src/abap/2_statements/expressions/method_parameters.ts.MethodParameters::getRunnable,any,true,true,true
src/abap/2_statements/expressions/method_source.ts.MethodSource::constructor,own_fields,false,false,false
src/abap/2_statements/expressions/method_source.ts.MethodSource::getRunnable,any,true,true,true
src/abap/2_statements/expressions/modif.ts.Modif::constructor,own_fields,false,false,false
src/abap/2_statements/expressions/modif.ts.Modif::getRunnable,none,false,true,false
src/abap/2_statements/expressions/namespace_simple_name.ts.NamespaceSimpleName::constructor,own_fields,false,false,false
src/abap/2_statements/expressions/namespace_simple_name.ts.NamespaceSimpleName::getRunnable,any,true,false,true
src/abap/2_statements/expressions/new_object.ts.NewObject::constructor,own_fields,false,false,false
src/abap/2_statements/expressions/new_object.ts.NewObject::getRunnable,any,true,true,true
src/abap/2_statements/expressions/ole_exporting.ts.OLEExporting::constructor,own_fields,false,false,false
src/abap/2_statements/expressions/ole_exporting.ts.OLEExporting::getRunnable,none,false,true,false
src/abap/2_statements/expressions/or.ts.Or::constructor,own_fields,false,false,false
src/abap/2_statements/expressions/or.ts.Or::getRunnable,any,true,true,true
src/abap/2_statements/expressions/parameter_exception.ts.ParameterException::constructor,own_fields,false,false,false
src/abap/2_statements/expressions/parameter_exception.ts.ParameterException::getRunnable,any,true,true,true
src/abap/2_statements/expressions/parameter_list_exceptions.ts.ParameterListExceptions::constructor,own_fields,false,false,false
src/abap/2_statements/expressions/parameter_list_exceptions.ts.ParameterListExceptions::getRunnable,any,true,true,true
src/abap/2_statements/expressions/parameter_list_s.ts.ParameterListS::constructor,own_fields,false,false,false
src/abap/2_statements/expressions/parameter_list_s.ts.ParameterListS::getRunnable,any,true,true,true
src/abap/2_statements/expressions/parameter_list_t.ts.ParameterListT::constructor,own_fields,false,false,false
src/abap/2_statements/expressions/parameter_list_t.ts.ParameterListT::getRunnable,any,true,true,true
src/abap/2_statements/expressions/parameter_name.ts.ParameterName::constructor,own_fields,false,false,false
src/abap/2_statements/expressions/parameter_name.ts.ParameterName::getRunnable,any,true,false,true
src/abap/2_statements/expressions/parameter_s.ts.ParameterS::constructor,own_fields,false,false,false
src/abap/2_statements/expressions/parameter_s.ts.ParameterS::getRunnable,any,true,true,true
src/abap/2_statements/expressions/parameter_t.ts.ParameterT::constructor,own_fields,false,false,false
src/abap/2_statements/expressions/parameter_t.ts.ParameterT::getRunnable,any,true,true,true
src/abap/2_statements/expressions/pass_by_value.ts.PassByValue::constructor,own_fields,false,false,false
src/abap/2_statements/expressions/pass_by_value.ts.PassByValue::getRunnable,any,true,true,true
src/abap/2_statements/expressions/perform_changing.ts.PerformChanging::constructor,own_fields,false,false,false
src/abap/2_statements/expressions/perform_changing.ts.PerformChanging::getRunnable,any,true,true,true
src/abap/2_statements/expressions/perform_tables.ts.PerformTables::constructor,own_fields,false,false,false
src/abap/2_statements/expressions/perform_tables.ts.PerformTables::getRunnable,any,true,true,true
src/abap/2_statements/expressions/perform_using.ts.PerformUsing::constructor,own_fields,false,false,false
src/abap/2_statements/expressions/perform_using.ts.PerformUsing::getRunnable,any,true,true,true
src/abap/2_statements/expressions/provide_field_name.ts.ProvideFieldName::constructor,own_fields,false,false,false
src/abap/2_statements/expressions/provide_field_name.ts.ProvideFieldName::getRunnable,none,false,true,false
src/abap/2_statements/expressions/radio_group_name.ts.RadioGroupName::constructor,own_fields,false,false,false
src/abap/2_statements/expressions/radio_group_name.ts.RadioGroupName::getRunnable,none,false,true,false
src/abap/2_statements/expressions/raise_with.ts.RaiseWith::constructor,own_fields,false,false,false
src/abap/2_statements/expressions/raise_with.ts.RaiseWith::getRunnable,none,false,true,false
src/abap/2_statements/expressions/read_table_target.ts.ReadTableTarget::constructor,own_fields,false,false,false
src/abap/2_statements/expressions/read_table_target.ts.ReadTableTarget::getRunnable,any,true,true,true
src/abap/2_statements/expressions/receive_parameters.ts.ReceiveParameters::constructor,own_fields,false,false,false
src/abap/2_statements/expressions/receive_parameters.ts.ReceiveParameters::getRunnable,any,true,true,true
src/abap/2_statements/expressions/redefinition.ts.Redefinition::constructor,own_fields,false,false,false
src/abap/2_statements/expressions/redefinition.ts.Redefinition::getRunnable,any,true,true,true
src/abap/2_statements/expressions/reduce_body.ts.ReduceBody::constructor,own_fields,false,false,false
src/abap/2_statements/expressions/reduce_body.ts.ReduceBody::getRunnable,none,false,true,false
src/abap/2_statements/expressions/reduce_next.ts.ReduceNext::constructor,own_fields,false,false,false
src/abap/2_statements/expressions/reduce_next.ts.ReduceNext::getRunnable,none,false,true,false
src/abap/2_statements/expressions/report_name.ts.ReportName::constructor,own_fields,false,false,false
src/abap/2_statements/expressions/report_name.ts.ReportName::getRunnable,any,true,true,true
src/abap/2_statements/expressions/select.ts.Select::constructor,own_fields,false,false,false
src/abap/2_statements/expressions/select.ts.Select::getRunnable,any,true,true,true
src/abap/2_statements/expressions/select_cte.ts.SelectCTE::constructor,own_fields,false,false,false
src/abap/2_statements/expressions/select_cte.ts.SelectCTE::getRunnable,none,false,true,false
src/abap/2_statements/expressions/simple_field_chain.ts.SimpleFieldChain::constructor,own_fields,false,false,false
src/abap/2_statements/expressions/simple_field_chain.ts.SimpleFieldChain::getRunnable,any,true,true,true
src/abap/2_statements/expressions/simple_field_chain2.ts.SimpleFieldChain2::constructor,own_fields,false,false,false
src/abap/2_statements/expressions/simple_field_chain2.ts.SimpleFieldChain2::getRunnable,any,true,true,true
src/abap/2_statements/expressions/simple_name.ts.SimpleName::constructor,own_fields,false,false,false
src/abap/2_statements/expressions/simple_name.ts.SimpleName::getRunnable,any,true,false,true
src/abap/2_statements/expressions/simple_source1.ts.SimpleSource1::constructor,own_fields,false,false,false
src/abap/2_statements/expressions/simple_source1.ts.SimpleSource1::getRunnable,any,true,true,true
src/abap/2_statements/expressions/simple_source2.ts.SimpleSource2::constructor,own_fields,false,false,false
src/abap/2_statements/expressions/simple_source2.ts.SimpleSource2::getRunnable,any,true,true,true
src/abap/2_statements/expressions/simple_source3.ts.SimpleSource3::constructor,own_fields,false,false,false
src/abap/2_statements/expressions/simple_source3.ts.SimpleSource3::getRunnable,any,true,true,true
src/abap/2_statements/expressions/simple_source4.ts.SimpleSource4::constructor,own_fields,false,false,false
src/abap/2_statements/expressions/simple_source4.ts.SimpleSource4::getRunnable,any,true,true,true
src/abap/2_statements/expressions/simple_target.ts.SimpleTarget::constructor,own_fields,false,false,false
src/abap/2_statements/expressions/simple_target.ts.SimpleTarget::getRunnable,any,true,true,true
src/abap/2_statements/expressions/source.ts.Source::constructor,own_fields,false,false,false
src/abap/2_statements/expressions/source.ts.Source::getRunnable,any,true,true,true
src/abap/2_statements/expressions/source_field.ts.SourceField::constructor,own_fields,false,false,false
src/abap/2_statements/expressions/source_field.ts.SourceField::getRunnable,none,true,false,false
src/abap/2_statements/expressions/source_field_symbol.ts.SourceFieldSymbol::constructor,own_fields,false,false,false
src/abap/2_statements/expressions/source_field_symbol.ts.SourceFieldSymbol::getRunnable,none,true,false,false
src/abap/2_statements/expressions/source_field_symbol_chain.ts.SourceFieldSymbolChain::constructor,own_fields,false,false,false
src/abap/2_statements/expressions/source_field_symbol_chain.ts.SourceFieldSymbolChain::getRunnable,any,true,true,true
src/abap/2_statements/expressions/sql_aggregation.ts.SQLAggregation::constructor,own_fields,false,false,false
src/abap/2_statements/expressions/sql_aggregation.ts.SQLAggregation::getRunnable,any,true,true,true
src/abap/2_statements/expressions/sql_aggregation.ts.module::class_constructor,any,true,true,true
src/abap/2_statements/expressions/sql_alias_field.ts.SQLAliasField::constructor,own_fields,false,false,false
src/abap/2_statements/expressions/sql_alias_field.ts.SQLAliasField::getRunnable,any,true,true,true
src/abap/2_statements/expressions/sql_as_name.ts.SQLAsName::constructor,own_fields,false,false,false
src/abap/2_statements/expressions/sql_as_name.ts.SQLAsName::getRunnable,any,true,true,true
src/abap/2_statements/expressions/sql_bypassing_buffer.ts.SQLBypassingBuffer::constructor,own_fields,false,false,false
src/abap/2_statements/expressions/sql_bypassing_buffer.ts.SQLBypassingBuffer::getRunnable,any,true,true,true
src/abap/2_statements/expressions/sql_case.ts.SQLCase::constructor,own_fields,false,false,false
src/abap/2_statements/expressions/sql_case.ts.SQLCase::getRunnable,any,true,true,true
src/abap/2_statements/expressions/sql_cds_parameters.ts.SQLCDSParameters::constructor,own_fields,false,false,false
src/abap/2_statements/expressions/sql_cds_parameters.ts.SQLCDSParameters::getRunnable,any,true,true,true
src/abap/2_statements/expressions/sql_client.ts.SQLClient::constructor,own_fields,false,false,false
src/abap/2_statements/expressions/sql_client.ts.SQLClient::getRunnable,any,true,true,true
src/abap/2_statements/expressions/sql_compare.ts.SQLCompare::constructor,own_fields,false,false,false
src/abap/2_statements/expressions/sql_compare.ts.SQLCompare::getRunnable,any,true,true,true
src/abap/2_statements/expressions/sql_compare_operator.ts.SQLCompareOperator::constructor,own_fields,false,false,false
src/abap/2_statements/expressions/sql_compare_operator.ts.SQLCompareOperator::getRunnable,any,true,true,true
src/abap/2_statements/expressions/sql_cond.ts.SQLCond::constructor,own_fields,false,false,false
src/abap/2_statements/expressions/sql_cond.ts.SQLCond::getRunnable,any,true,true,true
src/abap/2_statements/expressions/sql_creating.ts.SQLCreating::constructor,own_fields,false,false,false
src/abap/2_statements/expressions/sql_creating.ts.SQLCreating::getRunnable,none,false,true,false
src/abap/2_statements/expressions/sql_cte_associations.ts.SQLCTEAssociations::constructor,own_fields,false,false,false
src/abap/2_statements/expressions/sql_cte_associations.ts.SQLCTEAssociations::getRunnable,none,false,true,false
src/abap/2_statements/expressions/sql_cte_hierarchy.ts.SQLCTEHierarchy::constructor,own_fields,false,false,false
src/abap/2_statements/expressions/sql_cte_hierarchy.ts.SQLCTEHierarchy::getRunnable,none,false,true,false
src/abap/2_statements/expressions/sql_cte_path_prefix.ts.SQLCTEPathPrefix::constructor,own_fields,false,false,false
src/abap/2_statements/expressions/sql_cte_path_prefix.ts.SQLCTEPathPrefix::getRunnable,none,false,true,false
src/abap/2_statements/expressions/sql_dml_options.ts.SQLDmlOptions::constructor,own_fields,false,false,false
src/abap/2_statements/expressions/sql_dml_options.ts.SQLDmlOptions::getRunnable,any,true,true,true
src/abap/2_statements/expressions/sql_expose_client_as.ts.SQLExposeClientAs::constructor,own_fields,false,false,false
src/abap/2_statements/expressions/sql_expose_client_as.ts.SQLExposeClientAs::getRunnable,none,false,true,false
src/abap/2_statements/expressions/sql_extended_result.ts.SQLExtendedResult::constructor,own_fields,false,false,false
src/abap/2_statements/expressions/sql_extended_result.ts.SQLExtendedResult::getRunnable,none,false,true,false
src/abap/2_statements/expressions/sql_field.ts.SQLField::constructor,own_fields,false,false,false
src/abap/2_statements/expressions/sql_field.ts.SQLField::getRunnable,any,true,true,true
src/abap/2_statements/expressions/sql_field_and_value.ts.SQLFieldAndValue::constructor,own_fields,false,false,false
src/abap/2_statements/expressions/sql_field_and_value.ts.SQLFieldAndValue::getRunnable,any,true,true,true
src/abap/2_statements/expressions/sql_field_list.ts.SQLFieldList::constructor,own_fields,false,false,false
src/abap/2_statements/expressions/sql_field_list.ts.SQLFieldList::getRunnable,any,true,true,true
src/abap/2_statements/expressions/sql_field_list_loop.ts.SQLFieldListLoop::constructor,own_fields,false,false,false
src/abap/2_statements/expressions/sql_field_list_loop.ts.SQLFieldListLoop::getRunnable,none,false,true,false
src/abap/2_statements/expressions/sql_field_name.ts.SQLFieldName::constructor,own_fields,false,false,false
src/abap/2_statements/expressions/sql_field_name.ts.SQLFieldName::getRunnable,any,true,false,true
src/abap/2_statements/expressions/sql_fields.ts.SQLFields::constructor,own_fields,false,false,false
src/abap/2_statements/expressions/sql_fields.ts.SQLFields::getRunnable,none,false,true,false
src/abap/2_statements/expressions/sql_for_all_entries.ts.SQLForAllEntries::constructor,own_fields,false,false,false
src/abap/2_statements/expressions/sql_for_all_entries.ts.SQLForAllEntries::getRunnable,any,true,true,true
src/abap/2_statements/expressions/sql_from.ts.SQLFrom::constructor,own_fields,false,false,false
src/abap/2_statements/expressions/sql_from.ts.SQLFrom::getRunnable,any,true,true,true
src/abap/2_statements/expressions/sql_from_body.ts.SQLFromBody::constructor,own_fields,false,false,false
src/abap/2_statements/expressions/sql_from_body.ts.SQLFromBody::getRunnable,any,true,true,true
src/abap/2_statements/expressions/sql_from_source.ts.SQLFromSource::constructor,own_fields,false,false,false
src/abap/2_statements/expressions/sql_from_source.ts.SQLFromSource::getRunnable,any,true,true,true
src/abap/2_statements/expressions/sql_function.ts.SQLFunction::constructor,own_fields,false,false,false
src/abap/2_statements/expressions/sql_function.ts.SQLFunction::fn_fn,any,true,true,true
src/abap/2_statements/expressions/sql_function.ts.SQLFunction::fn_namedFn,any,true,true,true
src/abap/2_statements/expressions/sql_function.ts.SQLFunction::fn_valueFor,none,true,false,false
src/abap/2_statements/expressions/sql_function.ts.SQLFunction::getRunnable,any,true,true,true
src/abap/2_statements/expressions/sql_function.ts.SQLNamedParam::constructor,own_fields,false,false,false
src/abap/2_statements/expressions/sql_function.ts.module::class_constructor,any,true,true,true
src/abap/2_statements/expressions/sql_function_input.ts.SQLFunctionInput::constructor,own_fields,false,false,false
src/abap/2_statements/expressions/sql_function_input.ts.SQLFunctionInput::getRunnable,none,false,true,false
src/abap/2_statements/expressions/sql_group_by.ts.SQLGroupBy::constructor,own_fields,false,false,false
src/abap/2_statements/expressions/sql_group_by.ts.SQLGroupBy::getRunnable,any,true,true,true
src/abap/2_statements/expressions/sql_grouping_sets.ts.SQLGroupingSets::constructor,own_fields,false,false,false
src/abap/2_statements/expressions/sql_grouping_sets.ts.SQLGroupingSets::getRunnable,none,false,true,false
src/abap/2_statements/expressions/sql_having.ts.SQLHaving::constructor,own_fields,false,false,false
src/abap/2_statements/expressions/sql_having.ts.SQLHaving::getRunnable,any,true,true,true
src/abap/2_statements/expressions/sql_hierarchy_accessor.ts.SQLHierarchyAccessor::constructor,own_fields,false,false,false
src/abap/2_statements/expressions/sql_hierarchy_accessor.ts.SQLHierarchyAccessor::getRunnable,any,true,true,true
src/abap/2_statements/expressions/sql_hierarchy_aggregate.ts.SQLHierarchyAggregate::constructor,own_fields,false,false,false
src/abap/2_statements/expressions/sql_hierarchy_aggregate.ts.SQLHierarchyAggregate::getRunnable,any,true,true,true
src/abap/2_statements/expressions/sql_hierarchy_source.ts.SQLHierarchySource::constructor,own_fields,false,false,false
src/abap/2_statements/expressions/sql_hierarchy_source.ts.SQLHierarchySource::getRunnable,any,true,true,true
src/abap/2_statements/expressions/sql_hints.ts.SQLHints::constructor,own_fields,false,false,false
src/abap/2_statements/expressions/sql_hints.ts.SQLHints::getRunnable,any,true,true,true
src/abap/2_statements/expressions/sql_in.ts.SQLIn::constructor,own_fields,false,false,false
src/abap/2_statements/expressions/sql_in.ts.SQLIn::getRunnable,any,true,true,true
src/abap/2_statements/expressions/sql_indicators.ts.SQLIndicators::constructor,own_fields,false,false,false
src/abap/2_statements/expressions/sql_indicators.ts.SQLIndicators::getRunnable,any,true,true,true
src/abap/2_statements/expressions/sql_into_list.ts.SQLIntoList::constructor,own_fields,false,false,false
src/abap/2_statements/expressions/sql_into_list.ts.SQLIntoList::getRunnable,any,true,true,true
src/abap/2_statements/expressions/sql_into_structure.ts.SQLIntoStructure::constructor,own_fields,false,false,false
src/abap/2_statements/expressions/sql_into_structure.ts.SQLIntoStructure::getRunnable,any,true,true,true
src/abap/2_statements/expressions/sql_into_table.ts.SQLIntoTable::constructor,own_fields,false,false,false
src/abap/2_statements/expressions/sql_into_table.ts.SQLIntoTable::getRunnable,any,true,true,true
src/abap/2_statements/expressions/sql_join.ts.SQLJoin::constructor,own_fields,false,false,false
src/abap/2_statements/expressions/sql_join.ts.SQLJoin::getRunnable,any,true,true,true
src/abap/2_statements/expressions/sql_join_source.ts.SQLJoinSource::constructor,own_fields,false,false,false
src/abap/2_statements/expressions/sql_join_source.ts.SQLJoinSource::getRunnable,any,true,true,true
src/abap/2_statements/expressions/sql_like_regexpr.ts.SQLLikeRegexpr::constructor,own_fields,false,false,false
src/abap/2_statements/expressions/sql_like_regexpr.ts.SQLLikeRegexpr::getRunnable,none,false,true,false
src/abap/2_statements/expressions/sql_locate_regexpr.ts.SQLLocateRegexpr::constructor,own_fields,false,false,false
src/abap/2_statements/expressions/sql_locate_regexpr.ts.SQLLocateRegexpr::getRunnable,any,true,true,true
src/abap/2_statements/expressions/sql_mapping_from_entity.ts.SQLMappingFromEntity::constructor,own_fields,false,false,false
src/abap/2_statements/expressions/sql_mapping_from_entity.ts.SQLMappingFromEntity::getRunnable,any,true,true,true
src/abap/2_statements/expressions/sql_occurrences_regexpr.ts.SQLOccurrencesRegexpr::constructor,own_fields,false,false,false
src/abap/2_statements/expressions/sql_occurrences_regexpr.ts.SQLOccurrencesRegexpr::getRunnable,any,true,true,true
src/abap/2_statements/expressions/sql_offset.ts.SQLOffset::constructor,own_fields,false,false,false
src/abap/2_statements/expressions/sql_offset.ts.SQLOffset::getRunnable,none,false,true,false
src/abap/2_statements/expressions/sql_options.ts.SQLOptions::constructor,own_fields,false,false,false
src/abap/2_statements/expressions/sql_options.ts.SQLOptions::getRunnable,any,true,true,true
src/abap/2_statements/expressions/sql_order_by.ts.SQLOrderBy::constructor,own_fields,false,false,false
src/abap/2_statements/expressions/sql_order_by.ts.SQLOrderBy::getRunnable,any,true,true,true
src/abap/2_statements/expressions/sql_over.ts.SQLOver::constructor,own_fields,false,false,false
src/abap/2_statements/expressions/sql_over.ts.SQLOver::getRunnable,any,true,true,true
src/abap/2_statements/expressions/sql_over.ts.module::class_constructor,any,true,true,true
src/abap/2_statements/expressions/sql_package_size.ts.SQLPackageSize::constructor,own_fields,false,false,false
src/abap/2_statements/expressions/sql_package_size.ts.SQLPackageSize::getRunnable,any,true,true,true
src/abap/2_statements/expressions/sql_path_for_column.ts.SQLPathForColumn::constructor,own_fields,false,false,false
src/abap/2_statements/expressions/sql_path_for_column.ts.SQLPathForColumn::getRunnable,any,true,true,true
src/abap/2_statements/expressions/sql_path_for_entity.ts.SQLPathForEntity::constructor,own_fields,false,false,false
src/abap/2_statements/expressions/sql_path_for_entity.ts.SQLPathForEntity::getRunnable,any,true,true,true
src/abap/2_statements/expressions/sql_path_segment.ts.SQLPathSegment::constructor,own_fields,false,false,false
src/abap/2_statements/expressions/sql_path_segment.ts.SQLPathSegment::getRunnable,none,false,true,false
src/abap/2_statements/expressions/sql_privileged_access.ts.SQLPrivilegedAccess::constructor,own_fields,false,false,false
src/abap/2_statements/expressions/sql_privileged_access.ts.SQLPrivilegedAccess::getRunnable,none,false,true,false
src/abap/2_statements/expressions/sql_provided_by.ts.SQLProvidedBy::constructor,own_fields,false,false,false
src/abap/2_statements/expressions/sql_provided_by.ts.SQLProvidedBy::getRunnable,none,false,true,false
src/abap/2_statements/expressions/sql_regexpr_from.ts.SQLRegexprFrom::constructor,own_fields,false,false,false
src/abap/2_statements/expressions/sql_regexpr_from.ts.SQLRegexprFrom::getRunnable,none,false,true,false
src/abap/2_statements/expressions/sql_regexpr_group.ts.SQLRegexprGroup::constructor,own_fields,false,false,false
src/abap/2_statements/expressions/sql_regexpr_group.ts.SQLRegexprGroup::getRunnable,none,false,true,false
src/abap/2_statements/expressions/sql_regexpr_occurrence.ts.SQLRegexprOccurrence::constructor,own_fields,false,false,false
src/abap/2_statements/expressions/sql_regexpr_occurrence.ts.SQLRegexprOccurrence::getRunnable,none,false,true,false
src/abap/2_statements/expressions/sql_regexpr_pattern.ts.SQLRegexprPattern::constructor,own_fields,false,false,false
src/abap/2_statements/expressions/sql_regexpr_pattern.ts.SQLRegexprPattern::getRunnable,none,false,true,false
src/abap/2_statements/expressions/sql_replace_regexpr.ts.SQLReplaceRegexpr::constructor,own_fields,false,false,false
src/abap/2_statements/expressions/sql_replace_regexpr.ts.SQLReplaceRegexpr::getRunnable,any,true,true,true
src/abap/2_statements/expressions/sql_set_op.ts.SQLSetOp::constructor,own_fields,false,false,false
src/abap/2_statements/expressions/sql_set_op.ts.SQLSetOp::getRunnable,none,false,true,false
src/abap/2_statements/expressions/sql_set_op_group.ts.SQLSetOpGroup::constructor,own_fields,false,false,false
src/abap/2_statements/expressions/sql_set_op_group.ts.SQLSetOpGroup::getRunnable,any,true,true,true
src/abap/2_statements/expressions/sql_source.ts.SQLSource::constructor,own_fields,false,false,false
src/abap/2_statements/expressions/sql_source.ts.SQLSource::getRunnable,any,true,true,true
src/abap/2_statements/expressions/sql_source_no_space.ts.SQLSourceNoSpace::constructor,own_fields,false,false,false
src/abap/2_statements/expressions/sql_source_no_space.ts.SQLSourceNoSpace::getRunnable,none,false,true,false
src/abap/2_statements/expressions/sql_source_simple.ts.SQLSourceSimple::constructor,own_fields,false,false,false
src/abap/2_statements/expressions/sql_source_simple.ts.SQLSourceSimple::getRunnable,any,true,true,true
src/abap/2_statements/expressions/sql_substring_regexpr.ts.SQLSubstringRegexpr::constructor,own_fields,false,false,false
src/abap/2_statements/expressions/sql_substring_regexpr.ts.SQLSubstringRegexpr::getRunnable,any,true,true,true
src/abap/2_statements/expressions/sql_target.ts.SQLTarget::constructor,own_fields,false,false,false
src/abap/2_statements/expressions/sql_target.ts.SQLTarget::getRunnable,any,true,true,true
src/abap/2_statements/expressions/sql_typed_literal.ts.SQLTypedLiteral::constructor,own_fields,false,false,false
src/abap/2_statements/expressions/sql_typed_literal.ts.SQLTypedLiteral::getRunnable,any,true,true,true
src/abap/2_statements/expressions/sql_typed_literal.ts.module::class_constructor,any,true,false,true
src/abap/2_statements/expressions/sql_up_to.ts.SQLUpTo::constructor,own_fields,false,false,false
src/abap/2_statements/expressions/sql_up_to.ts.SQLUpTo::getRunnable,any,true,true,true
src/abap/2_statements/expressions/string_template.ts.StringTemplate::constructor,own_fields,false,false,false
src/abap/2_statements/expressions/string_template.ts.StringTemplate::getRunnable,any,true,true,true
src/abap/2_statements/expressions/string_template_formatting.ts.StringTemplateFormatting::constructor,own_fields,false,false,false
src/abap/2_statements/expressions/string_template_formatting.ts.StringTemplateFormatting::getRunnable,any,true,true,true
src/abap/2_statements/expressions/string_template_source.ts.StringTemplateSource::constructor,own_fields,false,false,false
src/abap/2_statements/expressions/string_template_source.ts.StringTemplateSource::getRunnable,any,true,true,true
src/abap/2_statements/expressions/super_class_name.ts.SuperClassName::constructor,own_fields,false,false,false
src/abap/2_statements/expressions/super_class_name.ts.SuperClassName::getRunnable,none,true,false,false
src/abap/2_statements/expressions/switch_body.ts.SwitchBody::constructor,own_fields,false,false,false
src/abap/2_statements/expressions/switch_body.ts.SwitchBody::getRunnable,none,false,true,false
src/abap/2_statements/expressions/table_body.ts.TableBody::constructor,own_fields,false,false,false
src/abap/2_statements/expressions/table_body.ts.TableBody::getRunnable,any,true,true,true
src/abap/2_statements/expressions/table_expression.ts.TableExpression::constructor,own_fields,false,false,false
src/abap/2_statements/expressions/table_expression.ts.TableExpression::getRunnable,any,true,true,true
src/abap/2_statements/expressions/target.ts.Target::constructor,own_fields,false,false,false
src/abap/2_statements/expressions/target.ts.Target::getRunnable,any,true,true,true
src/abap/2_statements/expressions/target_field.ts.TargetField::constructor,own_fields,false,false,false
src/abap/2_statements/expressions/target_field.ts.TargetField::getRunnable,none,true,false,false
src/abap/2_statements/expressions/target_field_symbol.ts.TargetFieldSymbol::constructor,own_fields,false,false,false
src/abap/2_statements/expressions/target_field_symbol.ts.TargetFieldSymbol::getRunnable,any,true,true,true
src/abap/2_statements/expressions/test_seam_name.ts.TestSeamName::constructor,own_fields,false,false,false
src/abap/2_statements/expressions/test_seam_name.ts.TestSeamName::getRunnable,none,false,true,false
src/abap/2_statements/expressions/text_element.ts.TextElement::constructor,own_fields,false,false,false
src/abap/2_statements/expressions/text_element.ts.TextElement::getRunnable,any,true,true,true
src/abap/2_statements/expressions/text_element_key.ts.TextElementKey::constructor,own_fields,false,false,false
src/abap/2_statements/expressions/text_element_key.ts.TextElementKey::getRunnable,none,false,true,false
src/abap/2_statements/expressions/text_element_string.ts.TextElementString::constructor,own_fields,false,false,false
src/abap/2_statements/expressions/text_element_string.ts.TextElementString::getRunnable,any,true,true,true
src/abap/2_statements/expressions/transporting_fields.ts.TransportingFields::constructor,own_fields,false,false,false
src/abap/2_statements/expressions/transporting_fields.ts.TransportingFields::getRunnable,none,false,true,false
src/abap/2_statements/expressions/type.ts.Type::constructor,own_fields,false,false,false
src/abap/2_statements/expressions/type.ts.Type::getRunnable,any,true,true,true
src/abap/2_statements/expressions/type_name.ts.TypeName::constructor,own_fields,false,false,false
src/abap/2_statements/expressions/type_name.ts.TypeName::getRunnable,any,true,true,true
src/abap/2_statements/expressions/type_name_or_infer.ts.TypeNameOrInfer::constructor,own_fields,false,false,false
src/abap/2_statements/expressions/type_name_or_infer.ts.TypeNameOrInfer::getRunnable,any,true,true,true
src/abap/2_statements/expressions/type_param.ts.TypeParam::constructor,own_fields,false,false,false
src/abap/2_statements/expressions/type_param.ts.TypeParam::getRunnable,any,true,true,true
src/abap/2_statements/expressions/type_simple_ref.ts.TypeSimpleRef::constructor,own_fields,false,false,false
src/abap/2_statements/expressions/type_simple_ref.ts.TypeSimpleRef::getRunnable,none,false,true,false
src/abap/2_statements/expressions/type_structure.ts.TypeStructure::constructor,own_fields,false,false,false
src/abap/2_statements/expressions/type_structure.ts.TypeStructure::getRunnable,any,true,true,true
src/abap/2_statements/expressions/type_table.ts.TypeTable::constructor,own_fields,false,false,false
src/abap/2_statements/expressions/type_table.ts.TypeTable::getRunnable,any,true,true,true
src/abap/2_statements/expressions/type_table_key.ts.TypeTableKey::constructor,own_fields,false,false,false
src/abap/2_statements/expressions/type_table_key.ts.TypeTableKey::getRunnable,any,true,true,true
src/abap/2_statements/expressions/value.ts.Value::constructor,own_fields,false,false,false
src/abap/2_statements/expressions/value.ts.Value::getRunnable,any,true,true,true
src/abap/2_statements/expressions/value_base.ts.ValueBase::constructor,own_fields,false,false,false
src/abap/2_statements/expressions/value_base.ts.ValueBase::getRunnable,none,false,true,false
src/abap/2_statements/expressions/value_body.ts.ValueBody::constructor,own_fields,false,false,false
src/abap/2_statements/expressions/value_body.ts.ValueBody::getRunnable,none,false,true,false
src/abap/2_statements/expressions/value_body_line.ts.ValueBodyLine::constructor,own_fields,false,false,false
src/abap/2_statements/expressions/value_body_line.ts.ValueBodyLine::getRunnable,none,false,true,false
src/abap/2_statements/expressions/value_body_lines.ts.ValueBodyLines::constructor,own_fields,false,false,false
src/abap/2_statements/expressions/value_body_lines.ts.ValueBodyLines::getRunnable,none,false,true,false
src/abap/2_statements/expressions/with_name.ts.WithName::constructor,own_fields,false,false,false
src/abap/2_statements/expressions/with_name.ts.WithName::getRunnable,any,true,true,true
src/abap/2_statements/expressions/write_offset_length.ts.WriteOffsetLength::constructor,own_fields,false,false,false
src/abap/2_statements/expressions/write_offset_length.ts.WriteOffsetLength::getRunnable,any,true,true,true
src/abap/2_statements/result.ts.Result::constructor,own_fields,false,true,false
src/abap/2_statements/result.ts.Result::fromChain,any,true,true,false
src/abap/2_statements/result.ts.Result::getNodes,any,true,true,true
src/abap/2_statements/result.ts.Result::getTokenIndex,none,false,true,false
src/abap/2_statements/result.ts.Result::getTokens,none,false,true,false
src/abap/2_statements/result.ts.Result::peek,none,false,false,false
src/abap/2_statements/result.ts.Result::peekAt,none,false,true,false
src/abap/2_statements/result.ts.Result::popNode,none,false,true,false
src/abap/2_statements/result.ts.Result::remainingLength,none,false,true,false
src/abap/2_statements/result.ts.Result::setNodes,none,false,true,false
src/abap/2_statements/result.ts.Result::shift,any,true,true,false
src/abap/2_statements/result.ts.Result::wrapConsumed,any,true,true,true
src/abap/2_statements/result.ts.ResultNode::constructor,own_fields,false,false,false
src/abap/2_statements/statement_parser.ts.StatementMap::constructor,any,true,true,true
src/abap/2_statements/statement_parser.ts.StatementMap::lookup,any,true,true,true
src/abap/2_statements/statement_parser.ts.StatementParser::buildSplits,any,true,true,true
src/abap/2_statements/statement_parser.ts.StatementParser::categorize,any,true,true,true
src/abap/2_statements/statement_parser.ts.StatementParser::categorizeStatement,any,true,true,true
src/abap/2_statements/statement_parser.ts.StatementParser::constructor,any,true,true,true
src/abap/2_statements/statement_parser.ts.StatementParser::lazyUnknown,any,true,true,true
src/abap/2_statements/statement_parser.ts.StatementParser::match,any,true,true,true
src/abap/2_statements/statement_parser.ts.StatementParser::nativeAfter,any,true,false,true
src/abap/2_statements/statement_parser.ts.StatementParser::nativeSQL,any,true,true,true
src/abap/2_statements/statement_parser.ts.StatementParser::process,any,true,true,true
src/abap/2_statements/statement_parser.ts.StatementParser::removePragma,any,true,true,true
src/abap/2_statements/statement_parser.ts.StatementParser::run,any,true,true,true
src/abap/2_statements/statement_parser.ts.StatementParser::tokensToNodes,any,true,false,true
src/abap/2_statements/statement_parser.ts.WorkArea::addUnknown,any,true,true,true
src/abap/2_statements/statement_parser.ts.WorkArea::constructor,own_fields,true,false,false
src/abap/2_statements/statement_parser.ts.WorkArea::toResult,none,true,false,false
src/abap/2_statements/statement_parser.ts.WorkArea::tokensToNodes,any,true,false,true
src/abap/2_statements/statement_parser.ts.module::class_constructor,any,true,false,true
src/abap/2_statements/statement_result.ts.IStatementResult::constructor,own_fields,false,false,false
src/abap/2_statements/statements/_statement.ts.Comment::getMatcher,none,false,true,false
src/abap/2_statements/statements/_statement.ts.Empty::getMatcher,none,false,true,false
src/abap/2_statements/statements/_statement.ts.MacroCall::getMatcher,none,false,true,false
src/abap/2_statements/statements/_statement.ts.MacroContent::getMatcher,none,false,true,false
src/abap/2_statements/statements/_statement.ts.MacroRecursion::getMatcher,none,false,true,false
src/abap/2_statements/statements/_statement.ts.NativeSQL::getMatcher,none,false,true,false
src/abap/2_statements/statements/_statement.ts.Unknown::getMatcher,none,false,true,false
src/abap/2_statements/statements/add.ts.Add::getMatcher,any,true,true,true
src/abap/2_statements/statements/add_corresponding.ts.AddCorresponding::getMatcher,any,true,true,true
src/abap/2_statements/statements/aliases.ts.Aliases::getMatcher,any,true,true,true
src/abap/2_statements/statements/append.ts.Append::getMatcher,any,true,true,true
src/abap/2_statements/statements/assert.ts.Assert::getMatcher,any,true,true,true
src/abap/2_statements/statements/assign.ts.Assign::getMatcher,any,true,true,true
src/abap/2_statements/statements/assign_local_copy.ts.AssignLocalCopy::getMatcher,any,true,true,true
src/abap/2_statements/statements/at.ts.At::getMatcher,any,true,true,true
src/abap/2_statements/statements/at_first.ts.AtFirst::getMatcher,any,true,true,true
src/abap/2_statements/statements/at_last.ts.AtLast::getMatcher,any,true,true,true
src/abap/2_statements/statements/at_line_selection.ts.AtLineSelection::getMatcher,any,true,true,true
src/abap/2_statements/statements/at_pf.ts.AtPF::getMatcher,any,true,true,true
src/abap/2_statements/statements/at_selection_screen.ts.AtSelectionScreen::getMatcher,any,true,true,true
src/abap/2_statements/statements/at_user_command.ts.AtUserCommand::getMatcher,any,true,true,true
src/abap/2_statements/statements/authority_check.ts.AuthorityCheck::getMatcher,any,true,true,true
src/abap/2_statements/statements/back.ts.Back::getMatcher,any,true,true,true
src/abap/2_statements/statements/break.ts.Break::getMatcher,any,true,true,true
src/abap/2_statements/statements/break_id.ts.BreakId::getMatcher,any,true,true,true
src/abap/2_statements/statements/call.ts.Call::getMatcher,any,true,true,true
src/abap/2_statements/statements/call_badi.ts.CallBadi::getMatcher,any,true,true,true
src/abap/2_statements/statements/call_database.ts.CallDatabase::getMatcher,any,true,true,true
src/abap/2_statements/statements/call_dialog.ts.CallDialog::getMatcher,any,true,true,true
src/abap/2_statements/statements/call_function.ts.CallFunction::getMatcher,any,true,true,true
src/abap/2_statements/statements/call_kernel.ts.CallKernel::getMatcher,any,true,true,true
src/abap/2_statements/statements/call_ole.ts.CallOLE::getMatcher,any,true,true,true
src/abap/2_statements/statements/call_screen.ts.CallScreen::getMatcher,any,true,true,true
src/abap/2_statements/statements/call_selection_screen.ts.CallSelectionScreen::getMatcher,any,true,true,true
src/abap/2_statements/statements/call_subscreen.ts.CallSubscreen::getMatcher,any,true,true,true
src/abap/2_statements/statements/call_transaction.ts.CallTransaction::getMatcher,any,true,true,true
src/abap/2_statements/statements/call_transformation.ts.CallTransformation::getMatcher,any,true,true,true
src/abap/2_statements/statements/case.ts.Case::getMatcher,any,true,true,true
src/abap/2_statements/statements/case_type.ts.CaseType::getMatcher,any,true,true,true
src/abap/2_statements/statements/catch.ts.Catch::getMatcher,any,true,true,true
src/abap/2_statements/statements/catch_system_exceptions.ts.CatchSystemExceptions::getMatcher,any,true,true,true
src/abap/2_statements/statements/chain.ts.Chain::getMatcher,any,true,true,true
src/abap/2_statements/statements/check.ts.Check::getMatcher,any,true,true,true
src/abap/2_statements/statements/check_select_options.ts.CheckSelectOptions::getMatcher,any,true,true,true
src/abap/2_statements/statements/class_data.ts.ClassData::getMatcher,any,true,true,true
src/abap/2_statements/statements/class_data_begin.ts.ClassDataBegin::getMatcher,any,true,true,true
src/abap/2_statements/statements/class_data_end.ts.ClassDataEnd::getMatcher,any,true,true,true
src/abap/2_statements/statements/class_deferred.ts.ClassDeferred::getMatcher,any,true,true,true
src/abap/2_statements/statements/class_definition.ts.ClassDefinition::getMatcher,any,true,true,true
src/abap/2_statements/statements/class_definition_load.ts.ClassDefinitionLoad::getMatcher,any,true,true,true
src/abap/2_statements/statements/class_implementation.ts.ClassImplementation::getMatcher,any,true,true,true
src/abap/2_statements/statements/class_local_friends.ts.ClassLocalFriends::getMatcher,any,true,true,true
src/abap/2_statements/statements/cleanup.ts.Cleanup::getMatcher,any,true,true,true
src/abap/2_statements/statements/clear.ts.Clear::getMatcher,any,true,true,true
src/abap/2_statements/statements/close_cursor.ts.CloseCursor::getMatcher,any,true,true,true
src/abap/2_statements/statements/close_dataset.ts.CloseDataset::getMatcher,any,true,true,true
src/abap/2_statements/statements/collect.ts.Collect::getMatcher,any,true,true,true
src/abap/2_statements/statements/commit.ts.Commit::getMatcher,any,true,true,true
src/abap/2_statements/statements/commit_entities.ts.CommitEntities::getMatcher,any,true,true,true
src/abap/2_statements/statements/communication.ts.Communication::getMatcher,any,true,true,true
src/abap/2_statements/statements/compute.ts.Compute::getMatcher,any,true,true,true
src/abap/2_statements/statements/concatenate.ts.Concatenate::getMatcher,any,true,true,true
src/abap/2_statements/statements/condense.ts.Condense::getMatcher,any,true,true,true
src/abap/2_statements/statements/constant.ts.Constant::getMatcher,any,true,true,true
src/abap/2_statements/statements/constant_begin.ts.ConstantBegin::getMatcher,any,true,true,true
src/abap/2_statements/statements/constant_end.ts.ConstantEnd::getMatcher,any,true,true,true
src/abap/2_statements/statements/contexts.ts.Contexts::getMatcher,any,true,true,true
src/abap/2_statements/statements/continue.ts.Continue::getMatcher,any,true,true,true
src/abap/2_statements/statements/controls.ts.Controls::getMatcher,any,true,true,true
src/abap/2_statements/statements/convert.ts.Convert::getMatcher,any,true,true,true
src/abap/2_statements/statements/convert_text.ts.ConvertText::getMatcher,any,true,true,true
src/abap/2_statements/statements/create_data.ts.CreateData::getMatcher,any,true,true,true
src/abap/2_statements/statements/create_object.ts.CreateObject::getMatcher,any,true,true,true
src/abap/2_statements/statements/create_ole.ts.CreateOLE::getMatcher,any,true,true,true
src/abap/2_statements/statements/data.ts.Data::getMatcher,any,true,true,true
src/abap/2_statements/statements/data_begin.ts.DataBegin::getMatcher,any,true,true,true
src/abap/2_statements/statements/data_end.ts.DataEnd::getMatcher,any,true,true,true
src/abap/2_statements/statements/define.ts.Define::getMatcher,any,true,true,true
src/abap/2_statements/statements/delete_cluster.ts.DeleteCluster::getMatcher,any,true,true,true
src/abap/2_statements/statements/delete_database.ts.DeleteDatabase::getMatcher,any,true,true,true
src/abap/2_statements/statements/delete_dataset.ts.DeleteDataset::getMatcher,any,true,true,true
src/abap/2_statements/statements/delete_dynpro.ts.DeleteDynpro::getMatcher,any,true,true,true
src/abap/2_statements/statements/delete_internal.ts.DeleteInternal::getMatcher,any,true,true,true
src/abap/2_statements/statements/delete_memory.ts.DeleteMemory::getMatcher,any,true,true,true
src/abap/2_statements/statements/delete_report.ts.DeleteReport::getMatcher,any,true,true,true
src/abap/2_statements/statements/delete_textpool.ts.DeleteTextpool::getMatcher,any,true,true,true
src/abap/2_statements/statements/demand.ts.Demand::getMatcher,any,true,true,true
src/abap/2_statements/statements/describe.ts.Describe::getMatcher,any,true,true,true
src/abap/2_statements/statements/detail.ts.Detail::getMatcher,any,true,true,true
src/abap/2_statements/statements/divide.ts.Divide::getMatcher,any,true,true,true
src/abap/2_statements/statements/do.ts.Do::getMatcher,any,true,true,true
src/abap/2_statements/statements/dynpro_loop.ts.DynproLoop::getMatcher,any,true,true,true
src/abap/2_statements/statements/editor_call.ts.EditorCall::getMatcher,any,true,true,true
src/abap/2_statements/statements/else.ts.Else::getMatcher,any,true,true,true
src/abap/2_statements/statements/elseif.ts.ElseIf::getMatcher,any,true,true,true
src/abap/2_statements/statements/end_chain.ts.EndChain::getMatcher,any,true,true,true
src/abap/2_statements/statements/end_enhancement.ts.EndEnhancement::getMatcher,any,true,true,true
src/abap/2_statements/statements/end_enhancement_section.ts.EndEnhancementSection::getMatcher,any,true,true,true
src/abap/2_statements/statements/end_of_page.ts.EndOfPage::getMatcher,any,true,true,true
src/abap/2_statements/statements/end_of_selection.ts.EndOfSelection::getMatcher,any,true,true,true
src/abap/2_statements/statements/end_test_injection.ts.EndTestInjection::getMatcher,any,true,true,true
src/abap/2_statements/statements/end_test_seam.ts.EndTestSeam::getMatcher,any,true,true,true
src/abap/2_statements/statements/endat.ts.EndAt::getMatcher,any,true,true,true
src/abap/2_statements/statements/endcase.ts.EndCase::getMatcher,any,true,true,true
src/abap/2_statements/statements/endcatch.ts.EndCatch::getMatcher,any,true,true,true
src/abap/2_statements/statements/endclass.ts.EndClass::getMatcher,any,true,true,true
src/abap/2_statements/statements/enddefine.ts.EndOfDefinition::getMatcher,any,true,true,true
src/abap/2_statements/statements/enddo.ts.EndDo::getMatcher,any,true,true,true
src/abap/2_statements/statements/endexec.ts.EndExec::getMatcher,any,true,true,true
src/abap/2_statements/statements/endform.ts.EndForm::getMatcher,any,true,true,true
src/abap/2_statements/statements/endfunction.ts.EndFunction::getMatcher,any,true,true,true
src/abap/2_statements/statements/endif.ts.EndIf::getMatcher,any,true,true,true
src/abap/2_statements/statements/endinterface.ts.EndInterface::getMatcher,any,true,true,true
src/abap/2_statements/statements/endloop.ts.EndLoop::getMatcher,any,true,true,true
src/abap/2_statements/statements/endmethod.ts.EndMethod::getMatcher,any,true,true,true
src/abap/2_statements/statements/endmodule.ts.EndModule::getMatcher,any,true,true,true
src/abap/2_statements/statements/endon.ts.EndOn::getMatcher,any,true,true,true
src/abap/2_statements/statements/endprovide.ts.EndProvide::getMatcher,any,true,true,true
src/abap/2_statements/statements/endselect.ts.EndSelect::getMatcher,any,true,true,true
src/abap/2_statements/statements/endtry.ts.EndTry::getMatcher,any,true,true,true
src/abap/2_statements/statements/endwhile.ts.EndWhile::getMatcher,any,true,true,true
src/abap/2_statements/statements/endwith.ts.EndWith::getMatcher,any,true,true,true
src/abap/2_statements/statements/enhancement.ts.Enhancement::getMatcher,any,true,true,true
src/abap/2_statements/statements/enhancement_point.ts.EnhancementPoint::getMatcher,any,true,true,true
src/abap/2_statements/statements/enhancement_section.ts.EnhancementSection::getMatcher,any,true,true,true
src/abap/2_statements/statements/events.ts.Events::getMatcher,any,true,true,true
src/abap/2_statements/statements/exec_sql.ts.ExecSQL::getMatcher,any,true,true,true
src/abap/2_statements/statements/exit.ts.Exit::getMatcher,any,true,true,true
src/abap/2_statements/statements/export.ts.Export::getMatcher,any,true,true,true
src/abap/2_statements/statements/export_dynpro.ts.ExportDynpro::getMatcher,any,true,true,true
src/abap/2_statements/statements/extract.ts.Extract::getMatcher,any,true,true,true
src/abap/2_statements/statements/fetch_next_cursor.ts.FetchNextCursor::getMatcher,any,true,true,true
src/abap/2_statements/statements/field.ts.Field::getMatcher,any,true,true,true
src/abap/2_statements/statements/field_group.ts.FieldGroup::getMatcher,any,true,true,true
src/abap/2_statements/statements/fields.ts.Fields::getMatcher,any,true,true,true
src/abap/2_statements/statements/fieldsymbol.ts.FieldSymbol::getMatcher,any,true,true,true
src/abap/2_statements/statements/find.ts.Find::getMatcher,any,true,true,true
src/abap/2_statements/statements/form.ts.Form::getMatcher,any,true,true,true
src/abap/2_statements/statements/form_definition.ts.FormDefinition::getMatcher,any,true,true,true
src/abap/2_statements/statements/format.ts.Format::getMatcher,any,true,true,true
src/abap/2_statements/statements/free.ts.Free::getMatcher,any,true,true,true
src/abap/2_statements/statements/free_memory.ts.FreeMemory::getMatcher,any,true,true,true
src/abap/2_statements/statements/free_object.ts.FreeObject::getMatcher,any,true,true,true
src/abap/2_statements/statements/function_module.ts.FunctionModule::getMatcher,any,true,true,true
src/abap/2_statements/statements/function_pool.ts.FunctionPool::getMatcher,any,true,true,true
src/abap/2_statements/statements/generate_dynpro.ts.GenerateDynpro::getMatcher,any,true,true,true
src/abap/2_statements/statements/generate_report.ts.GenerateReport::getMatcher,any,true,true,true
src/abap/2_statements/statements/generate_subroutine.ts.GenerateSubroutine::getMatcher,any,true,true,true
src/abap/2_statements/statements/get.ts.Get::getMatcher,any,true,true,true
src/abap/2_statements/statements/get_badi.ts.GetBadi::getMatcher,any,true,true,true
src/abap/2_statements/statements/get_bit.ts.GetBit::getMatcher,any,true,true,true
src/abap/2_statements/statements/get_cursor.ts.GetCursor::getMatcher,any,true,true,true
src/abap/2_statements/statements/get_dataset.ts.GetDataset::getMatcher,any,true,true,true
src/abap/2_statements/statements/get_locale.ts.GetLocale::getMatcher,any,true,true,true
src/abap/2_statements/statements/get_parameter.ts.GetParameter::getMatcher,any,true,true,true
src/abap/2_statements/statements/get_permissions.ts.GetPermissions::getMatcher,any,true,true,true
src/abap/2_statements/statements/get_pf_status.ts.GetPFStatus::getMatcher,any,true,true,true
src/abap/2_statements/statements/get_property.ts.GetProperty::getMatcher,any,true,true,true
src/abap/2_statements/statements/get_reference.ts.GetReference::getMatcher,any,true,true,true
src/abap/2_statements/statements/get_run_time.ts.GetRunTime::getMatcher,any,true,true,true
src/abap/2_statements/statements/get_time.ts.GetTime::getMatcher,any,true,true,true
src/abap/2_statements/statements/hide.ts.Hide::getMatcher,any,true,true,true
src/abap/2_statements/statements/if.ts.If::getMatcher,any,true,true,true
src/abap/2_statements/statements/import.ts.Import::getMatcher,any,true,true,true
src/abap/2_statements/statements/import_dynpro.ts.ImportDynpro::getMatcher,any,true,true,true
src/abap/2_statements/statements/import_nametab.ts.ImportNametab::getMatcher,any,true,true,true
src/abap/2_statements/statements/include.ts.Include::getMatcher,any,true,true,true
src/abap/2_statements/statements/include_type.ts.IncludeType::getMatcher,any,true,true,true
src/abap/2_statements/statements/index.ts.module::class_constructor,any,true,false,true
src/abap/2_statements/statements/infotypes.ts.Infotypes::getMatcher,any,true,true,true
src/abap/2_statements/statements/initialization.ts.Initialization::getMatcher,any,true,true,true
src/abap/2_statements/statements/input.ts.Input::getMatcher,any,true,true,true
src/abap/2_statements/statements/insert_database.ts.InsertDatabase::getMatcher,any,true,true,true
src/abap/2_statements/statements/insert_field_group.ts.InsertFieldGroup::getMatcher,any,true,true,true
src/abap/2_statements/statements/insert_internal.ts.InsertInternal::getMatcher,any,true,true,true
src/abap/2_statements/statements/insert_report.ts.InsertReport::getMatcher,any,true,true,true
src/abap/2_statements/statements/insert_textpool.ts.InsertTextpool::getMatcher,any,true,true,true
src/abap/2_statements/statements/interface.ts.Interface::getMatcher,any,true,true,true
src/abap/2_statements/statements/interface_def.ts.InterfaceDef::getMatcher,any,true,true,true
src/abap/2_statements/statements/interface_deferred.ts.InterfaceDeferred::getMatcher,any,true,true,true
src/abap/2_statements/statements/interface_load.ts.InterfaceLoad::getMatcher,any,true,true,true
src/abap/2_statements/statements/leave.ts.Leave::getMatcher,any,true,true,true
src/abap/2_statements/statements/load_of_program.ts.LoadOfProgram::getMatcher,any,true,true,true
src/abap/2_statements/statements/load_report.ts.LoadReport::getMatcher,any,true,true,true
src/abap/2_statements/statements/local.ts.Local::getMatcher,any,true,true,true
src/abap/2_statements/statements/log_point.ts.LogPoint::getMatcher,any,true,true,true
src/abap/2_statements/statements/loop.ts.Loop::getMatcher,any,true,true,true
src/abap/2_statements/statements/loop_at_screen.ts.LoopAtScreen::getMatcher,any,true,true,true
src/abap/2_statements/statements/loop_extract.ts.LoopExtract::getMatcher,any,true,true,true
src/abap/2_statements/statements/merge_database.ts.MergeDatabase::getMatcher,any,true,true,true
src/abap/2_statements/statements/message.ts.Message::getMatcher,any,true,true,true
src/abap/2_statements/statements/method_def.ts.MethodDef::getMatcher,any,true,true,true
src/abap/2_statements/statements/method_implementation.ts.MethodImplementation::getMatcher,any,true,true,true
src/abap/2_statements/statements/modify_database.ts.ModifyDatabase::getMatcher,any,true,true,true
src/abap/2_statements/statements/modify_entities.ts.ModifyEntities::getMatcher,any,true,true,true
src/abap/2_statements/statements/modify_internal.ts.ModifyInternal::getMatcher,any,true,true,true
src/abap/2_statements/statements/modify_line.ts.ModifyLine::getMatcher,any,true,true,true
src/abap/2_statements/statements/modify_screen.ts.ModifyScreen::getMatcher,any,true,true,true
src/abap/2_statements/statements/module.ts.Module::getMatcher,any,true,true,true
src/abap/2_statements/statements/move.ts.Move::getMatcher,any,true,true,true
src/abap/2_statements/statements/move_corresponding.ts.MoveCorresponding::getMatcher,any,true,true,true
src/abap/2_statements/statements/multiply.ts.Multiply::getMatcher,any,true,true,true
src/abap/2_statements/statements/new_line.ts.NewLine::getMatcher,any,true,true,true
src/abap/2_statements/statements/new_page.ts.NewPage::getMatcher,any,true,true,true
src/abap/2_statements/statements/nodes.ts.Nodes::getMatcher,any,true,true,true
src/abap/2_statements/statements/on_change.ts.OnChange::getMatcher,any,true,true,true
src/abap/2_statements/statements/open_cursor.ts.OpenCursor::getMatcher,any,true,true,true
src/abap/2_statements/statements/open_dataset.ts.OpenDataset::getMatcher,any,true,true,true
src/abap/2_statements/statements/overlay.ts.Overlay::getMatcher,any,true,true,true
src/abap/2_statements/statements/pack.ts.Pack::getMatcher,any,true,true,true
src/abap/2_statements/statements/parameter.ts.Parameter::getMatcher,any,true,true,true
src/abap/2_statements/statements/perform.ts.Perform::getMatcher,any,true,true,true
src/abap/2_statements/statements/position.ts.Position::getMatcher,any,true,true,true
src/abap/2_statements/statements/print_control.ts.PrintControl::getMatcher,any,true,true,true
src/abap/2_statements/statements/private.ts.Private::getMatcher,any,true,true,true
src/abap/2_statements/statements/process_after_input.ts.ProcessAfterInput::getMatcher,any,true,true,true
src/abap/2_statements/statements/process_before_output.ts.ProcessBeforeOutput::getMatcher,any,true,true,true
src/abap/2_statements/statements/process_on_help_request.ts.ProcessOnHelpRequest::getMatcher,any,true,true,true
src/abap/2_statements/statements/process_on_value_request.ts.ProcessOnValueRequest::getMatcher,any,true,true,true
src/abap/2_statements/statements/program.ts.Program::getMatcher,any,true,true,true
src/abap/2_statements/statements/protected.ts.Protected::getMatcher,any,true,true,true
src/abap/2_statements/statements/provide.ts.Provide::getMatcher,any,true,true,true
src/abap/2_statements/statements/public.ts.Public::getMatcher,any,true,true,true
src/abap/2_statements/statements/put.ts.Put::getMatcher,any,true,true,true
src/abap/2_statements/statements/raise.ts.Raise::getMatcher,any,true,true,true
src/abap/2_statements/statements/raise_entity_event.ts.RaiseEntityEvent::getMatcher,any,true,true,true
src/abap/2_statements/statements/raise_event.ts.RaiseEvent::getMatcher,any,true,true,true
src/abap/2_statements/statements/ranges.ts.Ranges::getMatcher,any,true,true,true
src/abap/2_statements/statements/read_dataset.ts.ReadDataset::getMatcher,any,true,true,true
src/abap/2_statements/statements/read_entities.ts.ReadEntities::getMatcher,any,true,true,true
src/abap/2_statements/statements/read_line.ts.ReadLine::getMatcher,any,true,true,true
src/abap/2_statements/statements/read_report.ts.ReadReport::getMatcher,any,true,true,true
src/abap/2_statements/statements/read_table.ts.ReadTable::getMatcher,any,true,true,true
src/abap/2_statements/statements/read_textpool.ts.ReadTextpool::getMatcher,any,true,true,true
src/abap/2_statements/statements/receive.ts.Receive::getMatcher,any,true,true,true
src/abap/2_statements/statements/refresh.ts.Refresh::getMatcher,any,true,true,true
src/abap/2_statements/statements/refresh_control.ts.RefreshControl::getMatcher,any,true,true,true
src/abap/2_statements/statements/reject.ts.Reject::getMatcher,any,true,true,true
src/abap/2_statements/statements/replace.ts.Replace::getMatcher,any,true,true,true
src/abap/2_statements/statements/report.ts.Report::getMatcher,any,true,true,true
src/abap/2_statements/statements/reserve.ts.Reserve::getMatcher,any,true,true,true
src/abap/2_statements/statements/resume.ts.Resume::getMatcher,any,true,true,true
src/abap/2_statements/statements/retry.ts.Retry::getMatcher,any,true,true,true
src/abap/2_statements/statements/return.ts.Return::getMatcher,any,true,true,true
src/abap/2_statements/statements/rollback.ts.Rollback::getMatcher,any,true,true,true
src/abap/2_statements/statements/rollback_entities.ts.RollbackEntities::getMatcher,any,true,true,true
src/abap/2_statements/statements/scan.ts.Scan::getMatcher,any,true,true,true
src/abap/2_statements/statements/scroll_list.ts.ScrollList::getMatcher,any,true,true,true
src/abap/2_statements/statements/search.ts.Search::getMatcher,any,true,true,true
src/abap/2_statements/statements/select.ts.Select::getMatcher,none,true,false,false
src/abap/2_statements/statements/select_loop.ts.SelectLoop::getMatcher,none,true,false,false
src/abap/2_statements/statements/selectionscreen.ts.SelectionScreen::getMatcher,any,true,true,true
src/abap/2_statements/statements/selectoption.ts.SelectOption::getMatcher,any,true,true,true
src/abap/2_statements/statements/set_bit.ts.SetBit::getMatcher,any,true,true,true
src/abap/2_statements/statements/set_blank.ts.SetBlank::getMatcher,any,true,true,true
src/abap/2_statements/statements/set_country.ts.SetCountry::getMatcher,any,true,true,true
src/abap/2_statements/statements/set_cursor.ts.SetCursor::getMatcher,any,true,true,true
src/abap/2_statements/statements/set_dataset.ts.SetDataset::getMatcher,any,true,true,true
src/abap/2_statements/statements/set_extended_check.ts.SetExtendedCheck::getMatcher,any,true,true,true
src/abap/2_statements/statements/set_handler.ts.SetHandler::getMatcher,any,true,true,true
src/abap/2_statements/statements/set_language.ts.SetLanguage::getMatcher,any,true,true,true
src/abap/2_statements/statements/set_left.ts.SetLeft::getMatcher,any,true,true,true
src/abap/2_statements/statements/set_locale.ts.SetLocale::getMatcher,any,true,true,true
src/abap/2_statements/statements/set_locks.ts.SetLocks::getMatcher,any,true,true,true
src/abap/2_statements/statements/set_margin.ts.SetMargin::getMatcher,any,true,true,true
src/abap/2_statements/statements/set_parameter.ts.SetParameter::getMatcher,any,true,true,true
src/abap/2_statements/statements/set_pf_status.ts.SetPFStatus::getMatcher,any,true,true,true
src/abap/2_statements/statements/set_property.ts.SetProperty::getMatcher,any,true,true,true
src/abap/2_statements/statements/set_run_time.ts.SetRunTime::getMatcher,any,true,true,true
src/abap/2_statements/statements/set_screen.ts.SetScreen::getMatcher,any,true,true,true
src/abap/2_statements/statements/set_titlebar.ts.SetTitlebar::getMatcher,any,true,true,true
src/abap/2_statements/statements/set_update_task.ts.SetUpdateTask::getMatcher,any,true,true,true
src/abap/2_statements/statements/set_user_command.ts.SetUserCommand::getMatcher,any,true,true,true
src/abap/2_statements/statements/shift.ts.Shift::getMatcher,any,true,true,true
src/abap/2_statements/statements/skip.ts.Skip::getMatcher,any,true,true,true
src/abap/2_statements/statements/sort.ts.Sort::getMatcher,any,true,true,true
src/abap/2_statements/statements/sort_dataset.ts.SortDataset::getMatcher,any,true,true,true
src/abap/2_statements/statements/split.ts.Split::getMatcher,any,true,true,true
src/abap/2_statements/statements/start_of_selection.ts.StartOfSelection::getMatcher,any,true,true,true
src/abap/2_statements/statements/static.ts.Static::getMatcher,any,true,true,true
src/abap/2_statements/statements/static_begin.ts.StaticBegin::getMatcher,any,true,true,true
src/abap/2_statements/statements/static_end.ts.StaticEnd::getMatcher,any,true,true,true
src/abap/2_statements/statements/stop.ts.Stop::getMatcher,any,true,true,true
src/abap/2_statements/statements/submit.ts.Submit::getMatcher,any,true,true,true
src/abap/2_statements/statements/subtract.ts.Subtract::getMatcher,any,true,true,true
src/abap/2_statements/statements/subtract_corresponding.ts.SubtractCorresponding::getMatcher,any,true,true,true
src/abap/2_statements/statements/sum.ts.Sum::getMatcher,any,true,true,true
src/abap/2_statements/statements/summary.ts.Summary::getMatcher,any,true,true,true
src/abap/2_statements/statements/supply.ts.Supply::getMatcher,any,true,true,true
src/abap/2_statements/statements/suppress_dialog.ts.SuppressDialog::getMatcher,any,true,true,true
src/abap/2_statements/statements/syntax_check.ts.SyntaxCheck::getMatcher,any,true,true,true
src/abap/2_statements/statements/system_call.ts.SystemCall::getMatcher,any,true,true,true
src/abap/2_statements/statements/tables.ts.Tables::getMatcher,any,true,true,true
src/abap/2_statements/statements/test_injection.ts.TestInjection::getMatcher,any,true,true,true
src/abap/2_statements/statements/test_seam.ts.TestSeam::getMatcher,any,true,true,true
src/abap/2_statements/statements/top_of_page.ts.TopOfPage::getMatcher,any,true,true,true
src/abap/2_statements/statements/transfer.ts.Transfer::getMatcher,any,true,true,true
src/abap/2_statements/statements/translate.ts.Translate::getMatcher,any,true,true,true
src/abap/2_statements/statements/truncate_dataset.ts.TruncateDataset::getMatcher,any,true,true,true
src/abap/2_statements/statements/try.ts.Try::getMatcher,any,true,true,true
src/abap/2_statements/statements/type.ts.Type::getMatcher,any,true,true,true
src/abap/2_statements/statements/type_begin.ts.TypeBegin::getMatcher,any,true,true,true
src/abap/2_statements/statements/type_end.ts.TypeEnd::getMatcher,any,true,true,true
src/abap/2_statements/statements/type_enum.ts.TypeEnum::getMatcher,any,true,true,true
src/abap/2_statements/statements/type_enum_begin.ts.TypeEnumBegin::getMatcher,any,true,true,true
src/abap/2_statements/statements/type_enum_end.ts.TypeEnumEnd::getMatcher,any,true,true,true
src/abap/2_statements/statements/type_mesh.ts.TypeMesh::getMatcher,any,true,true,true
src/abap/2_statements/statements/type_mesh_begin.ts.TypeMeshBegin::getMatcher,any,true,true,true
src/abap/2_statements/statements/type_mesh_end.ts.TypeMeshEnd::getMatcher,any,true,true,true
src/abap/2_statements/statements/type_pool.ts.TypePool::getMatcher,any,true,true,true
src/abap/2_statements/statements/type_pools.ts.TypePools::getMatcher,any,true,true,true
src/abap/2_statements/statements/uline.ts.Uline::getMatcher,any,true,true,true
src/abap/2_statements/statements/unassign.ts.Unassign::getMatcher,any,true,true,true
src/abap/2_statements/statements/unpack.ts.Unpack::getMatcher,any,true,true,true
src/abap/2_statements/statements/update_database.ts.UpdateDatabase::getMatcher,any,true,true,true
src/abap/2_statements/statements/verification_message.ts.VerificationMessage::getMatcher,any,true,true,true
src/abap/2_statements/statements/wait.ts.Wait::getMatcher,any,true,true,true
src/abap/2_statements/statements/when.ts.When::getMatcher,any,true,true,true
src/abap/2_statements/statements/when_others.ts.WhenOthers::getMatcher,any,true,true,true
src/abap/2_statements/statements/when_type.ts.WhenType::getMatcher,any,true,true,true
src/abap/2_statements/statements/while.ts.While::getMatcher,any,true,true,true
src/abap/2_statements/statements/window.ts.Window::getMatcher,any,true,true,true
src/abap/2_statements/statements/with.ts.With::getMatcher,any,true,true,true
src/abap/2_statements/statements/with_loop.ts.WithLoop::getMatcher,any,true,true,true
src/abap/2_statements/statements/write.ts.Write::getMatcher,any,true,true,true
src/abap/3_structures/structure_parser.ts.StructureParser::class_constructor,any,true,false,true
src/abap/3_structures/structure_parser.ts.StructureParser::findStructureForFile,any,true,true,true
src/abap/3_structures/structure_parser.ts.StructureParser::run,any,true,true,true
src/abap/3_structures/structure_parser.ts.StructureParser::runFile,any,true,true,true
src/abap/3_structures/structure_result.ts.IStructureResult::constructor,own_fields,false,false,false
src/abap/3_structures/structures/_combi.ts.Alternative::constructor,own_fields,true,true,false
src/abap/3_structures/structures/_combi.ts.Alternative::first,any,true,false,false
src/abap/3_structures/structures/_combi.ts.Alternative::getUsing,none,false,true,false
src/abap/3_structures/structures/_combi.ts.Alternative::run,any,true,true,true
src/abap/3_structures/structures/_combi.ts.Alternative::setupMap,any,true,true,true
src/abap/3_structures/structures/_combi.ts.Alternative::toRailroad,none,false,true,false
src/abap/3_structures/structures/_combi.ts.Optional::constructor,own_fields,false,false,false
src/abap/3_structures/structures/_combi.ts.Optional::first,none,false,true,false
src/abap/3_structures/structures/_combi.ts.Optional::getUsing,none,false,true,false
src/abap/3_structures/structures/_combi.ts.Optional::run,any,true,true,true
src/abap/3_structures/structures/_combi.ts.Optional::toRailroad,none,false,true,false
src/abap/3_structures/structures/_combi.ts.Sequence::constructor,own_fields,true,true,false
src/abap/3_structures/structures/_combi.ts.Sequence::first,any,true,true,true
src/abap/3_structures/structures/_combi.ts.Sequence::getUsing,none,false,true,false
src/abap/3_structures/structures/_combi.ts.Sequence::run,any,true,true,true
src/abap/3_structures/structures/_combi.ts.Sequence::toRailroad,none,false,true,false
src/abap/3_structures/structures/_combi.ts.Star::constructor,own_fields,false,false,false
src/abap/3_structures/structures/_combi.ts.Star::first,any,true,false,false
src/abap/3_structures/structures/_combi.ts.Star::getUsing,none,false,true,false
src/abap/3_structures/structures/_combi.ts.Star::run,any,true,true,true
src/abap/3_structures/structures/_combi.ts.Star::toRailroad,none,false,true,false
src/abap/3_structures/structures/_combi.ts.SubStatement::className,none,true,false,false
src/abap/3_structures/structures/_combi.ts.SubStatement::constructor,own_fields,false,false,false
src/abap/3_structures/structures/_combi.ts.SubStatement::first,any,true,true,true
src/abap/3_structures/structures/_combi.ts.SubStatement::getUsing,none,false,true,false
src/abap/3_structures/structures/_combi.ts.SubStatement::run,any,true,true,true
src/abap/3_structures/structures/_combi.ts.SubStatement::toRailroad,none,false,true,false
src/abap/3_structures/structures/_combi.ts.SubStructure::constructor,own_fields,false,false,false
src/abap/3_structures/structures/_combi.ts.SubStructure::first,any,true,true,true
src/abap/3_structures/structures/_combi.ts.SubStructure::getUsing,none,false,true,false
src/abap/3_structures/structures/_combi.ts.SubStructure::run,any,true,true,true
src/abap/3_structures/structures/_combi.ts.SubStructure::setupMatcher,any,true,true,true
src/abap/3_structures/structures/_combi.ts.SubStructure::toRailroad,none,false,true,false
src/abap/3_structures/structures/_combi.ts.module::alt,any,true,true,true
src/abap/3_structures/structures/_combi.ts.module::beginEnd,any,true,true,true
src/abap/3_structures/structures/_combi.ts.module::class_constructor,any,true,false,true
src/abap/3_structures/structures/_combi.ts.module::opt,any,true,false,true
src/abap/3_structures/structures/_combi.ts.module::seq,any,true,true,true
src/abap/3_structures/structures/_combi.ts.module::sta,any,true,false,true
src/abap/3_structures/structures/_combi.ts.module::star,any,true,false,true
src/abap/3_structures/structures/_combi.ts.module::sub,any,true,true,true
src/abap/3_structures/structures/_match.ts.IMatch::constructor,own_fields,false,false,false
src/abap/3_structures/structures/any.ts.Any::getMatcher,any,true,true,true
src/abap/3_structures/structures/at.ts.At::getMatcher,any,true,true,true
src/abap/3_structures/structures/at_first.ts.AtFirst::getMatcher,any,true,true,true
src/abap/3_structures/structures/at_last.ts.AtLast::getMatcher,any,true,true,true
src/abap/3_structures/structures/body.ts.Body::getMatcher,any,true,true,true
src/abap/3_structures/structures/case.ts.Case::getMatcher,any,true,true,true
src/abap/3_structures/structures/case_type.ts.CaseType::getMatcher,any,true,true,true
src/abap/3_structures/structures/catch.ts.Catch::getMatcher,any,true,true,true
src/abap/3_structures/structures/catch_system_exceptions.ts.CatchSystemExceptions::getMatcher,any,true,true,true
src/abap/3_structures/structures/chain.ts.Chain::getMatcher,any,true,true,true
src/abap/3_structures/structures/class_data.ts.ClassData::getMatcher,any,true,true,true
src/abap/3_structures/structures/class_definition.ts.ClassDefinition::getMatcher,any,true,true,true
src/abap/3_structures/structures/class_global.ts.ClassGlobal::getMatcher,any,true,true,true
src/abap/3_structures/structures/class_implementation.ts.ClassImplementation::getMatcher,any,true,true,true
src/abap/3_structures/structures/cleanup.ts.Cleanup::getMatcher,any,true,true,true
src/abap/3_structures/structures/constants.ts.Constants::getMatcher,any,true,true,true
src/abap/3_structures/structures/data.ts.Data::getMatcher,any,true,true,true
src/abap/3_structures/structures/define.ts.Define::getMatcher,any,true,true,true
src/abap/3_structures/structures/do.ts.Do::getMatcher,any,true,true,true
src/abap/3_structures/structures/dynpro_logic.ts.DynproLogic::getMatcher,none,false,true,false
src/abap/3_structures/structures/else.ts.Else::getMatcher,any,true,true,true
src/abap/3_structures/structures/elseif.ts.ElseIf::getMatcher,any,true,true,true
src/abap/3_structures/structures/enhancement.ts.Enhancement::getMatcher,any,true,true,true
src/abap/3_structures/structures/enhancement_section.ts.EnhancementSection::getMatcher,any,true,true,true
src/abap/3_structures/structures/exec_sql.ts.ExecSQL::getMatcher,any,true,true,true
src/abap/3_structures/structures/form.ts.Form::getMatcher,any,true,true,true
src/abap/3_structures/structures/function_module.ts.FunctionModule::getMatcher,any,true,true,true
src/abap/3_structures/structures/if.ts.If::getMatcher,any,true,true,true
src/abap/3_structures/structures/index.ts.module::class_constructor,any,true,false,true
src/abap/3_structures/structures/interface.ts.Interface::getMatcher,any,true,true,true
src/abap/3_structures/structures/interface_global.ts.InterfaceGlobal::getMatcher,any,true,true,true
src/abap/3_structures/structures/loop.ts.Loop::getMatcher,any,true,true,true
src/abap/3_structures/structures/loop_at_screen.ts.LoopAtScreen::getMatcher,any,true,true,true
src/abap/3_structures/structures/loop_extract.ts.LoopExtract::getMatcher,any,true,true,true
src/abap/3_structures/structures/method.ts.Method::getMatcher,any,true,true,true
src/abap/3_structures/structures/module.ts.Module::getMatcher,any,true,true,true
src/abap/3_structures/structures/normal.ts.Normal::getMatcher,any,true,true,true
src/abap/3_structures/structures/on_change.ts.OnChange::getMatcher,any,true,true,true
src/abap/3_structures/structures/private_section.ts.PrivateSection::getMatcher,any,true,true,true
src/abap/3_structures/structures/protected_section.ts.ProtectedSection::getMatcher,any,true,true,true
src/abap/3_structures/structures/provide.ts.Provide::getMatcher,any,true,true,true
src/abap/3_structures/structures/public_section.ts.PublicSection::getMatcher,any,true,true,true
src/abap/3_structures/structures/section_contents.ts.SectionContents::getMatcher,any,true,true,true
src/abap/3_structures/structures/select.ts.Select::getMatcher,any,true,true,true
src/abap/3_structures/structures/statics.ts.Statics::getMatcher,any,true,true,true
src/abap/3_structures/structures/test_injection.ts.TestInjection::getMatcher,any,true,true,true
src/abap/3_structures/structures/test_seam.ts.TestSeam::getMatcher,any,true,true,true
src/abap/3_structures/structures/try.ts.Try::getMatcher,any,true,true,true
src/abap/3_structures/structures/type_enum.ts.TypeEnum::getMatcher,any,true,true,true
src/abap/3_structures/structures/type_mesh.ts.TypeMesh::getMatcher,any,true,true,true
src/abap/3_structures/structures/types.ts.Types::getMatcher,any,true,true,true
src/abap/3_structures/structures/when.ts.When::getMatcher,any,true,true,true
src/abap/3_structures/structures/when_type.ts.WhenType::getMatcher,none,false,true,false
src/abap/3_structures/structures/while.ts.While::getMatcher,any,true,true,true
src/abap/3_structures/structures/with.ts.With::getMatcher,any,true,true,true
src/abap/4_file_information/_abap_file_information.ts.InfoAlias::constructor,own_fields,false,false,false
src/abap/4_file_information/_abap_file_information.ts.InfoAttribute::constructor,own_fields,false,false,false
src/abap/4_file_information/_abap_file_information.ts.InfoClassDefinition::constructor,own_fields,false,false,false
src/abap/4_file_information/_abap_file_information.ts.InfoClassImplementation::constructor,own_fields,false,false,false
src/abap/4_file_information/_abap_file_information.ts.InfoConstant::constructor,own_fields,false,false,false
src/abap/4_file_information/_abap_file_information.ts.InfoFormDefinition::constructor,own_fields,false,false,false
src/abap/4_file_information/_abap_file_information.ts.InfoImplementing::constructor,own_fields,false,false,false
src/abap/4_file_information/_abap_file_information.ts.InfoInterfaceDefinition::constructor,own_fields,false,false,false
src/abap/4_file_information/_abap_file_information.ts.InfoMethodDefinition::constructor,own_fields,false,false,false
src/abap/4_file_information/_abap_file_information.ts.InfoMethodParameter::constructor,own_fields,false,false,false
src/abap/4_file_information/_abap_file_information.ts.module::class_constructor,any,true,false,true
src/abap/4_file_information/_identifier.ts.Identifier::constructor,own_fields,false,false,false
src/abap/4_file_information/_identifier.ts.Identifier::equals,none,false,true,false
src/abap/4_file_information/_identifier.ts.Identifier::getEnd,none,true,true,false
src/abap/4_file_information/_identifier.ts.Identifier::getFilename,none,false,false,false
src/abap/4_file_information/_identifier.ts.Identifier::getName,none,true,false,false
src/abap/4_file_information/_identifier.ts.Identifier::getStart,none,false,false,false
src/abap/4_file_information/_identifier.ts.Identifier::getToken,none,false,false,false
src/abap/4_file_information/abap_file_information.ts.ABAPFileInformation::constructor,own_fields,false,false,false
src/abap/4_file_information/abap_file_information.ts.ABAPFileInformation::getClassDefinitionByName,none,true,false,true
src/abap/4_file_information/abap_file_information.ts.ABAPFileInformation::getClassImplementationByName,none,true,false,true
src/abap/4_file_information/abap_file_information.ts.ABAPFileInformation::getInterfaceDefinitionByName,none,true,false,true
src/abap/4_file_information/abap_file_information.ts.ABAPFileInformation::listClassDefinitions,none,false,false,false
src/abap/4_file_information/abap_file_information.ts.ABAPFileInformation::listClassImplementations,none,false,false,false
src/abap/4_file_information/abap_file_information.ts.ABAPFileInformation::listFormDefinitions,none,false,true,false
src/abap/4_file_information/abap_file_information.ts.ABAPFileInformation::listInterfaceDefinitions,none,false,false,false
src/abap/4_file_information/abap_file_information_parser.ts.ABAPFileInformationParser::constructor,own_fields,false,false,false
src/abap/4_file_information/abap_file_information_parser.ts.ABAPFileInformationParser::findBehaviorDefinitionName,any,true,true,true
src/abap/4_file_information/abap_file_information_parser.ts.ABAPFileInformationParser::getImplementing,any,true,true,true
src/abap/4_file_information/abap_file_information_parser.ts.ABAPFileInformationParser::parse,any,true,true,true
src/abap/4_file_information/abap_file_information_parser.ts.ABAPFileInformationParser::parseAliases,any,true,true,true
src/abap/4_file_information/abap_file_information_parser.ts.ABAPFileInformationParser::parseAttributes,any,true,true,true
src/abap/4_file_information/abap_file_information_parser.ts.ABAPFileInformationParser::parseClassImplementations,any,true,true,true
src/abap/4_file_information/abap_file_information_parser.ts.ABAPFileInformationParser::parseClasses,any,true,true,true
src/abap/4_file_information/abap_file_information_parser.ts.ABAPFileInformationParser::parseConstants,any,true,true,true
src/abap/4_file_information/abap_file_information_parser.ts.ABAPFileInformationParser::parseForms,any,true,true,true
src/abap/4_file_information/abap_file_information_parser.ts.ABAPFileInformationParser::parseInterfaces,any,true,true,true
src/abap/4_file_information/abap_file_information_parser.ts.ABAPFileInformationParser::parseMethodDefinition,any,true,true,true
src/abap/4_file_information/abap_file_information_parser.ts.ABAPFileInformationParser::parseMethodParameters,any,true,true,true
src/abap/4_file_information/parsed_file_information.ts.ParsedFileInformation::constructor,own_fields,false,false,false
src/abap/4_file_information/visibility.ts.module::class_constructor,any,true,false,true
src/abap/5_syntax/_builtin.ts.BuiltIn::buildConstant,any,true,true,true
src/abap/5_syntax/_builtin.ts.BuiltIn::buildDefinition,any,true,true,true
src/abap/5_syntax/_builtin.ts.BuiltIn::buildSY,any,true,true,true
src/abap/5_syntax/_builtin.ts.BuiltIn::buildVariable,any,true,true,true
src/abap/5_syntax/_builtin.ts.BuiltIn::class_constructor,any,true,true,true
src/abap/5_syntax/_builtin.ts.BuiltIn::constructor,any,true,true,true
src/abap/5_syntax/_builtin.ts.BuiltIn::get,any,true,true,true
src/abap/5_syntax/_builtin.ts.BuiltIn::getTypes,any,true,true,true
src/abap/5_syntax/_builtin.ts.BuiltIn::isPredicate,any,true,true,true
src/abap/5_syntax/_builtin.ts.BuiltIn::searchBuiltin,any,true,true,true
src/abap/5_syntax/_builtin.ts.BuiltInMethod::constructor,own_fields,false,false,false
src/abap/5_syntax/_builtin.ts.BuiltInMethod::getAll,none,false,true,false
src/abap/5_syntax/_builtin.ts.BuiltInMethod::getChanging,none,false,true,false
src/abap/5_syntax/_builtin.ts.BuiltInMethod::getDefaultImporting,none,true,true,false
src/abap/5_syntax/_builtin.ts.BuiltInMethod::getEventClass,none,false,true,false
src/abap/5_syntax/_builtin.ts.BuiltInMethod::getEventName,none,false,true,false
src/abap/5_syntax/_builtin.ts.BuiltInMethod::getExceptions,none,false,true,false
src/abap/5_syntax/_builtin.ts.BuiltInMethod::getExporting,none,false,true,false
src/abap/5_syntax/_builtin.ts.BuiltInMethod::getImporting,any,true,true,true
src/abap/5_syntax/_builtin.ts.BuiltInMethod::getOptional,none,false,true,false
src/abap/5_syntax/_builtin.ts.BuiltInMethod::getParameterDefault,none,false,true,false
src/abap/5_syntax/_builtin.ts.BuiltInMethod::getParameterDefault_instantiated_src/abap/5_syntax/_builtin.ts.BuiltInMethod,none,false,true,false
src/abap/5_syntax/_builtin.ts.BuiltInMethod::getParameters,none,false,false,false
src/abap/5_syntax/_builtin.ts.BuiltInMethod::getRaising,none,false,true,false
src/abap/5_syntax/_builtin.ts.BuiltInMethod::getRequiredParameters,any,true,true,true
src/abap/5_syntax/_builtin.ts.BuiltInMethod::getReturning,none,true,true,false
src/abap/5_syntax/_builtin.ts.BuiltInMethod::getVisibility,none,false,true,false
src/abap/5_syntax/_builtin.ts.BuiltInMethod::isAbstract,none,false,true,false
src/abap/5_syntax/_builtin.ts.BuiltInMethod::isEventHandler,none,false,true,false
src/abap/5_syntax/_builtin.ts.BuiltInMethod::isRedefinition,none,false,true,false
src/abap/5_syntax/_builtin.ts.BuiltInMethod::isStatic,none,false,true,false
src/abap/5_syntax/_builtin.ts.IBuiltinMethod::constructor,own_fields,false,false,false
src/abap/5_syntax/_current_scope.ts.CurrentScope::addBuiltIn,any,true,true,true
src/abap/5_syntax/_current_scope.ts.CurrentScope::addClassDefinition,any,true,true,false
src/abap/5_syntax/_current_scope.ts.CurrentScope::addDeferred,any,true,true,false
src/abap/5_syntax/_current_scope.ts.CurrentScope::addExtraLikeType,any,true,true,false
src/abap/5_syntax/_current_scope.ts.CurrentScope::addExtraLikeTypeNamed,any,true,true,false
src/abap/5_syntax/_current_scope.ts.CurrentScope::addFormDefinitions,any,false,true,true
src/abap/5_syntax/_current_scope.ts.CurrentScope::addIdentifier,any,true,true,true
src/abap/5_syntax/_current_scope.ts.CurrentScope::addInterfaceDefinition,any,true,true,false
src/abap/5_syntax/_current_scope.ts.CurrentScope::addList,any,true,true,true
src/abap/5_syntax/_current_scope.ts.CurrentScope::addListPrefix,any,true,true,true
src/abap/5_syntax/_current_scope.ts.CurrentScope::addLocalFriend,none,false,true,false
src/abap/5_syntax/_current_scope.ts.CurrentScope::addNamedIdentifier,any,true,true,true
src/abap/5_syntax/_current_scope.ts.CurrentScope::addNamedIdentifierToParent,none,false,true,false
src/abap/5_syntax/_current_scope.ts.CurrentScope::addReference,any,true,true,true
src/abap/5_syntax/_current_scope.ts.CurrentScope::addSQLConversion,none,false,true,false
src/abap/5_syntax/_current_scope.ts.CurrentScope::addType,any,true,true,true
src/abap/5_syntax/_current_scope.ts.CurrentScope::addTypeNamed,any,true,true,true
src/abap/5_syntax/_current_scope.ts.CurrentScope::buildDefault,any,true,true,true
src/abap/5_syntax/_current_scope.ts.CurrentScope::constructor,own_fields,true,false,false
src/abap/5_syntax/_current_scope.ts.CurrentScope::existsObject,none,true,true,true
src/abap/5_syntax/_current_scope.ts.CurrentScope::findBehaviorDefinition,none,false,true,false
src/abap/5_syntax/_current_scope.ts.CurrentScope::findClassDefinition,none,true,true,true
src/abap/5_syntax/_current_scope.ts.CurrentScope::findExtraLikeType,none,false,true,false
src/abap/5_syntax/_current_scope.ts.CurrentScope::findFormDefinition,none,true,true,true
src/abap/5_syntax/_current_scope.ts.CurrentScope::findFunctionModule,none,false,true,false
src/abap/5_syntax/_current_scope.ts.CurrentScope::findInterfaceDefinition,none,true,true,true
src/abap/5_syntax/_current_scope.ts.CurrentScope::findObjectDefinition,none,true,true,true
src/abap/5_syntax/_current_scope.ts.CurrentScope::findReturningParameter,none,false,true,false
src/abap/5_syntax/_current_scope.ts.CurrentScope::findType,none,true,true,true
src/abap/5_syntax/_current_scope.ts.CurrentScope::findTypePoolConstant,any,true,true,true
src/abap/5_syntax/_current_scope.ts.CurrentScope::findTypePoolType,any,true,true,true
src/abap/5_syntax/_current_scope.ts.CurrentScope::findVariable,any,true,true,true
src/abap/5_syntax/_current_scope.ts.CurrentScope::getDDIC,none,true,false,false
src/abap/5_syntax/_current_scope.ts.CurrentScope::getDDICReferences,none,false,false,false
src/abap/5_syntax/_current_scope.ts.CurrentScope::getEnclosingClassName,none,false,true,true
src/abap/5_syntax/_current_scope.ts.CurrentScope::getLanguageVersion,none,true,true,false
src/abap/5_syntax/_current_scope.ts.CurrentScope::getMSAGReferences,none,false,false,false
src/abap/5_syntax/_current_scope.ts.CurrentScope::getName,none,true,true,false
src/abap/5_syntax/_current_scope.ts.CurrentScope::getOpenABAP,any,true,true,true
src/abap/5_syntax/_current_scope.ts.CurrentScope::getParentObj,none,false,false,false
src/abap/5_syntax/_current_scope.ts.CurrentScope::getRegistry,none,false,false,false
src/abap/5_syntax/_current_scope.ts.CurrentScope::getRelease,any,true,true,true
src/abap/5_syntax/_current_scope.ts.CurrentScope::getType,none,true,true,false
src/abap/5_syntax/_current_scope.ts.CurrentScope::getVersion,none,false,true,false
src/abap/5_syntax/_current_scope.ts.CurrentScope::isAllowHeaderUse,none,true,false,false
src/abap/5_syntax/_current_scope.ts.CurrentScope::isAnyOO,none,false,true,true
src/abap/5_syntax/_current_scope.ts.CurrentScope::isBadiDef,none,false,true,false
src/abap/5_syntax/_current_scope.ts.CurrentScope::isGlobalOO,none,false,true,false
src/abap/5_syntax/_current_scope.ts.CurrentScope::isInStaticMethod,none,false,true,true
src/abap/5_syntax/_current_scope.ts.CurrentScope::isLocalFriend,none,true,true,false
src/abap/5_syntax/_current_scope.ts.CurrentScope::isOO,none,false,true,true
src/abap/5_syntax/_current_scope.ts.CurrentScope::isTypePool,none,false,true,false
src/abap/5_syntax/_current_scope.ts.CurrentScope::pop,any,true,true,false
src/abap/5_syntax/_current_scope.ts.CurrentScope::push,any,true,true,false
src/abap/5_syntax/_current_scope.ts.CurrentScope::setAllowHeaderUse,own_fields,false,false,false
src/abap/5_syntax/_current_scope.ts.CurrentScope::updateFormDefinition,any,false,true,true
src/abap/5_syntax/_object_oriented.ts.ObjectOriented::addAliasedAttributes,any,true,true,true
src/abap/5_syntax/_object_oriented.ts.ObjectOriented::addAliasedTypes,any,true,true,true
src/abap/5_syntax/_object_oriented.ts.ObjectOriented::constructor,own_fields,false,false,false
src/abap/5_syntax/_object_oriented.ts.ObjectOriented::findClassName,none,true,true,true
src/abap/5_syntax/_object_oriented.ts.ObjectOriented::findInterfaces,any,true,true,true
src/abap/5_syntax/_object_oriented.ts.ObjectOriented::findMethod,none,true,true,true
src/abap/5_syntax/_object_oriented.ts.ObjectOriented::findMethodInInterface,none,true,true,true
src/abap/5_syntax/_object_oriented.ts.ObjectOriented::findMethodInSuper,none,true,true,true
src/abap/5_syntax/_object_oriented.ts.ObjectOriented::findMethodViaAlias,none,true,true,true
src/abap/5_syntax/_object_oriented.ts.ObjectOriented::findSuperDefinition,none,true,true,true
src/abap/5_syntax/_object_oriented.ts.ObjectOriented::fn_isFriend,none,true,true,false
src/abap/5_syntax/_object_oriented.ts.ObjectOriented::fromInterfaceByName,any,true,true,true
src/abap/5_syntax/_object_oriented.ts.ObjectOriented::fromInterfaces,any,true,true,true
src/abap/5_syntax/_object_oriented.ts.ObjectOriented::fromSuperClasses,any,true,true,true
src/abap/5_syntax/_object_oriented.ts.ObjectOriented::fromSuperClassesAndInterfaces,any,true,true,true
src/abap/5_syntax/_object_oriented.ts.ObjectOriented::hasFriendship,any,true,true,true
src/abap/5_syntax/_object_oriented.ts.ObjectOriented::listInterfacesRecursive,any,true,true,true
src/abap/5_syntax/_object_oriented.ts.ObjectOriented::methodReferenceExtras,none,true,true,false
src/abap/5_syntax/_object_oriented.ts.ObjectOriented::searchAttributeName,any,true,true,true
src/abap/5_syntax/_object_oriented.ts.ObjectOriented::searchConstantName,none,true,true,true
src/abap/5_syntax/_object_oriented.ts.ObjectOriented::searchEvent,none,true,true,true
src/abap/5_syntax/_object_oriented.ts.ObjectOriented::searchMethodName,any,true,true,true
src/abap/5_syntax/_object_oriented.ts.ObjectOriented::searchTypeName,none,true,true,true
src/abap/5_syntax/_procedural.ts.Procedural::addAllFormDefinitions,any,true,true,true
src/abap/5_syntax/_procedural.ts.Procedural::addFunctionScope,none,false,true,false
src/abap/5_syntax/_procedural.ts.Procedural::constructor,own_fields,false,false,false
src/abap/5_syntax/_procedural.ts.Procedural::findFunctionGroupScope,none,false,true,false
src/abap/5_syntax/_procedural.ts.Procedural::findFunctionScope,none,false,true,false
src/abap/5_syntax/_procedural.ts.Procedural::findInclude,any,true,true,true
src/abap/5_syntax/_procedural.ts.Procedural::functionModuleParameterMeta,none,false,true,false
src/abap/5_syntax/_reference.ts.IReference::constructor,own_fields,false,false,false
src/abap/5_syntax/_reference.ts.IReferenceExtras::constructor,own_fields,false,false,false
src/abap/5_syntax/_reference.ts.module::class_constructor,any,true,false,true
src/abap/5_syntax/_scope_type.ts.module::class_constructor,any,true,false,true
src/abap/5_syntax/_spaghetti_scope.ts.DeferredInformation::constructor,own_fields,false,false,false
src/abap/5_syntax/_spaghetti_scope.ts.IScopeData::constructor,own_fields,false,false,false
src/abap/5_syntax/_spaghetti_scope.ts.IScopeIdentifier::constructor,own_fields,false,false,false
src/abap/5_syntax/_spaghetti_scope.ts.IScopeVariable::constructor,own_fields,false,false,false
src/abap/5_syntax/_spaghetti_scope.ts.ISyntaxResult::constructor,own_fields,false,false,false
src/abap/5_syntax/_syntax_input.ts.SyntaxInput::constructor,own_fields,false,false,false
src/abap/5_syntax/_syntax_input.ts.module::class_constructor,any,false,false,false
src/abap/5_syntax/_syntax_input.ts.module::syntaxIssue,any,true,true,false
src/abap/5_syntax/_type_utils.ts.TypeUtils::constructor,own_fields,false,false,false
src/abap/5_syntax/_type_utils.ts.TypeUtils::isAssignable,any,true,true,true
src/abap/5_syntax/_type_utils.ts.TypeUtils::isAssignableNew,any,true,true,true
src/abap/5_syntax/_type_utils.ts.TypeUtils::isAssignableStrict,any,true,true,true
src/abap/5_syntax/_type_utils.ts.TypeUtils::isAssignableStructureTyping,none,false,true,false
src/abap/5_syntax/_type_utils.ts.TypeUtils::isCalculated,any,true,true,true
src/abap/5_syntax/_type_utils.ts.TypeUtils::isCastable,none,false,false,false
src/abap/5_syntax/_type_utils.ts.TypeUtils::isCharLike,none,false,true,true
src/abap/5_syntax/_type_utils.ts.TypeUtils::isCharLikeField,none,false,true,true
src/abap/5_syntax/_type_utils.ts.TypeUtils::isCharLikeForCompare,none,false,true,true
src/abap/5_syntax/_type_utils.ts.TypeUtils::isCharLikeStrict,none,false,true,true
src/abap/5_syntax/_type_utils.ts.TypeUtils::isCompareable,any,true,true,true
src/abap/5_syntax/_type_utils.ts.TypeUtils::isConvable,none,false,true,false
src/abap/5_syntax/_type_utils.ts.TypeUtils::isGenericOrVoid,none,false,true,false
src/abap/5_syntax/_type_utils.ts.TypeUtils::isHexConstant,none,false,true,false
src/abap/5_syntax/_type_utils.ts.TypeUtils::isHexLike,none,false,true,true
src/abap/5_syntax/_type_utils.ts.TypeUtils::isOOAssignable,any,true,true,true
src/abap/5_syntax/_type_utils.ts.TypeUtils::isTextLike,none,false,true,false
src/abap/5_syntax/_type_utils.ts.TypeUtils::isUTCLongAssignable,none,false,true,false
src/abap/5_syntax/_type_utils.ts.TypeUtils::listAllInterfaces,any,true,true,true
src/abap/5_syntax/_type_utils.ts.TypeUtils::listAllSupers,any,true,true,true
src/abap/5_syntax/_type_utils.ts.TypeUtils::structureContainsString,none,false,false,true
src/abap/5_syntax/_type_utils.ts.TypeUtils::structureContainsVoid,none,false,true,false
src/abap/5_syntax/assert_error.ts.AssertError::constructor,own_fields,false,false,false
src/abap/5_syntax/basic_types.ts.BasicTypes::cloneType,any,true,true,false
src/abap/5_syntax/basic_types.ts.BasicTypes::constructor,own_fields,false,false,false
src/abap/5_syntax/basic_types.ts.BasicTypes::findDecimals,any,true,true,true
src/abap/5_syntax/basic_types.ts.BasicTypes::findLength,any,true,true,true
src/abap/5_syntax/basic_types.ts.BasicTypes::findValue,any,true,true,true
src/abap/5_syntax/basic_types.ts.BasicTypes::getRAPBaseEntityName,none,false,true,false
src/abap/5_syntax/basic_types.ts.BasicTypes::isOccurs,none,true,true,true
src/abap/5_syntax/basic_types.ts.BasicTypes::isRAPDerivedEntityName,none,false,true,false
src/abap/5_syntax/basic_types.ts.BasicTypes::isRAPTableFor,none,false,true,false
src/abap/5_syntax/basic_types.ts.BasicTypes::isRAPTypeStructure,none,false,false,false
src/abap/5_syntax/basic_types.ts.BasicTypes::lookupQualifiedName,none,false,true,false
src/abap/5_syntax/basic_types.ts.BasicTypes::parseInt,none,true,true,false
src/abap/5_syntax/basic_types.ts.BasicTypes::parseTable,any,true,true,true
src/abap/5_syntax/basic_types.ts.BasicTypes::parseType,any,true,true,true
src/abap/5_syntax/basic_types.ts.BasicTypes::rapTableFor,none,false,true,false
src/abap/5_syntax/basic_types.ts.BasicTypes::resolveConstantValue,any,true,true,true
src/abap/5_syntax/basic_types.ts.BasicTypes::resolveLikeName,any,true,true,true
src/abap/5_syntax/basic_types.ts.BasicTypes::resolveRAPAlias,none,false,true,false
src/abap/5_syntax/basic_types.ts.BasicTypes::resolveTypeChain,any,true,true,true
src/abap/5_syntax/basic_types.ts.BasicTypes::resolveTypeName,any,true,true,true
src/abap/5_syntax/basic_types.ts.BasicTypes::resolveTypeRef,any,true,true,true
src/abap/5_syntax/basic_types.ts.BasicTypes::simpleType,any,true,true,true
src/abap/5_syntax/expressions/_check_database_fields.ts.module::checkDatabaseFields,any,true,true,true
src/abap/5_syntax/expressions/_check_database_fields.ts.module::class_constructor,none,false,false,false
src/abap/5_syntax/expressions/_check_offset_length.ts.module::checkOffsetLength,any,true,true,true
src/abap/5_syntax/expressions/_check_offset_length.ts.module::class_constructor,none,false,false,false
src/abap/5_syntax/expressions/attribute_chain.ts.AttributeChain::runSyntax,any,true,true,true
src/abap/5_syntax/expressions/attribute_name.ts.AttributeName::runSyntax,any,true,true,true
src/abap/5_syntax/expressions/cast.ts.Cast::runSyntax,any,true,true,true
src/abap/5_syntax/expressions/compare.ts.Compare::runSyntax,any,true,true,true
src/abap/5_syntax/expressions/component_chain.ts.ComponentChain::runSyntax,any,true,true,true
src/abap/5_syntax/expressions/component_compare.ts.ComponentCompare::runSyntax,any,true,true,true
src/abap/5_syntax/expressions/component_compare_simple.ts.ComponentCompareSimple::runSyntax,any,true,true,true
src/abap/5_syntax/expressions/component_cond.ts.ComponentCond::runSyntax,any,true,true,true
src/abap/5_syntax/expressions/component_name.ts.ComponentName::runSyntax,any,true,true,true
src/abap/5_syntax/expressions/cond.ts.Cond::runSyntax,any,true,true,true
src/abap/5_syntax/expressions/cond_body.ts.CondBody::runSyntax,any,true,true,true
src/abap/5_syntax/expressions/constant.ts.Constant::runSyntax,any,true,true,true
src/abap/5_syntax/expressions/conv_body.ts.ConvBody::runSyntax,any,true,true,true
src/abap/5_syntax/expressions/corresponding_body.ts.CorrespondingBody::runSyntax,any,true,true,true
src/abap/5_syntax/expressions/data_definition.ts.DataDefinition::runSyntax,any,true,true,true
src/abap/5_syntax/expressions/database_table.ts.DatabaseTable::runSyntax,any,true,true,true
src/abap/5_syntax/expressions/default.ts.Default::runSyntax,any,true,true,true
src/abap/5_syntax/expressions/dereference.ts.Dereference::runSyntax,any,true,true,true
src/abap/5_syntax/expressions/dynamic.ts.Dynamic::runSyntax,any,true,true,true
src/abap/5_syntax/expressions/field_assignment.ts.FieldAssignment::runSyntax,any,true,true,true
src/abap/5_syntax/expressions/field_chain.ts.FieldChain::findTop,any,true,true,true
src/abap/5_syntax/expressions/field_chain.ts.FieldChain::runSyntax,any,true,true,true
src/abap/5_syntax/expressions/field_length.ts.FieldLength::runSyntax,any,true,true,true
src/abap/5_syntax/expressions/field_offset.ts.FieldOffset::runSyntax,any,true,true,true
src/abap/5_syntax/expressions/filter_body.ts.FilterBody::runSyntax,any,true,true,true
src/abap/5_syntax/expressions/for.ts.For::runSyntax,any,true,true,true
src/abap/5_syntax/expressions/form_param.ts.FormParam::runSyntax,any,true,true,true
src/abap/5_syntax/expressions/fstarget.ts.FSTarget::runSyntax,any,true,true,true
src/abap/5_syntax/expressions/function_parameters.ts.FunctionParameters::runSyntax,any,true,true,true
src/abap/5_syntax/expressions/inline_data.ts.InlineData::runSyntax,any,true,true,true
src/abap/5_syntax/expressions/inline_data.ts.InlineData::stripDerivedFromConstant,any,true,true,true
src/abap/5_syntax/expressions/inline_field_definition.ts.InlineFieldDefinition::runSyntax,any,true,true,true
src/abap/5_syntax/expressions/inline_fs.ts.InlineFS::runSyntax,any,true,true,true
src/abap/5_syntax/expressions/inline_loop_definition.ts.InlineLoopDefinition::runSyntax,any,true,true,true
src/abap/5_syntax/expressions/let.ts.Let::runSyntax,any,true,true,true
src/abap/5_syntax/expressions/loop_group_by.ts.LoopGroupBy::runSyntax,any,true,true,true
src/abap/5_syntax/expressions/message_source.ts.MessageSource::runSyntax,any,true,true,true
src/abap/5_syntax/expressions/method_call_body.ts.MethodCallBody::runSyntax,any,true,true,true
src/abap/5_syntax/expressions/method_call_chain.ts.MethodCallChain::checkVisibility,any,true,true,true
src/abap/5_syntax/expressions/method_call_chain.ts.MethodCallChain::findTop,any,true,true,true
src/abap/5_syntax/expressions/method_call_chain.ts.MethodCallChain::runSyntax,any,true,true,true
src/abap/5_syntax/expressions/method_call_param.ts.MethodCallParam::runSyntax,any,true,true,true
src/abap/5_syntax/expressions/method_def_returning.ts.MethodDefReturning::runSyntax,any,true,true,true
src/abap/5_syntax/expressions/method_param.ts.MethodParam::runSyntax,any,true,true,true
src/abap/5_syntax/expressions/method_parameters.ts.IListItemS::constructor,own_fields,false,false,false
src/abap/5_syntax/expressions/method_parameters.ts.IListItemT::constructor,own_fields,false,false,false
src/abap/5_syntax/expressions/method_parameters.ts.MethodParameters::checkChanging,any,true,true,true
src/abap/5_syntax/expressions/method_parameters.ts.MethodParameters::checkExporting,any,true,true,true
src/abap/5_syntax/expressions/method_parameters.ts.MethodParameters::checkImporting,any,true,true,true
src/abap/5_syntax/expressions/method_parameters.ts.MethodParameters::checkReceiving,any,true,true,true
src/abap/5_syntax/expressions/method_parameters.ts.MethodParameters::constructor,own_fields,false,false,false
src/abap/5_syntax/expressions/method_parameters.ts.MethodParameters::parameterListS,any,true,true,true
src/abap/5_syntax/expressions/method_parameters.ts.MethodParameters::parameterListT,any,true,true,true
src/abap/5_syntax/expressions/method_parameters.ts.MethodParameters::reportErrors,any,true,true,true
src/abap/5_syntax/expressions/method_parameters.ts.MethodParameters::runSyntax,any,true,true,true
src/abap/5_syntax/expressions/method_source.ts.MethodSource::findTop,any,true,true,true
src/abap/5_syntax/expressions/method_source.ts.MethodSource::runSyntax,any,true,true,true
src/abap/5_syntax/expressions/new_object.ts.NewObject::defaultImportingType,any,true,true,true
src/abap/5_syntax/expressions/new_object.ts.NewObject::parameters,any,true,true,true
src/abap/5_syntax/expressions/new_object.ts.NewObject::runSyntax,any,true,true,true
src/abap/5_syntax/expressions/raise_with.ts.RaiseWith::runSyntax,any,true,true,true
src/abap/5_syntax/expressions/reduce_body.ts.ReduceBody::runSyntax,any,true,true,true
src/abap/5_syntax/expressions/reduce_next.ts.ReduceNext::runSyntax,any,true,true,true
src/abap/5_syntax/expressions/select.ts.DatabaseSourceInfo::constructor,own_fields,false,false,false
src/abap/5_syntax/expressions/select.ts.Select::buildDatabaseSourceInfos,any,true,true,true
src/abap/5_syntax/expressions/select.ts.Select::buildStructureType,any,true,true,true
src/abap/5_syntax/expressions/select.ts.Select::buildTableType,any,true,true,true
src/abap/5_syntax/expressions/select.ts.Select::buildUpToRowsFix,any,true,true,true
src/abap/5_syntax/expressions/select.ts.Select::countResultType,any,true,true,true
src/abap/5_syntax/expressions/select.ts.Select::findFieldType,any,true,true,true
src/abap/5_syntax/expressions/select.ts.Select::findFields,any,true,true,true
src/abap/5_syntax/expressions/select.ts.Select::handleInto,any,true,true,true
src/abap/5_syntax/expressions/select.ts.Select::isStrictMode,any,true,true,true
src/abap/5_syntax/expressions/select.ts.Select::runSyntax,any,true,true,true
src/abap/5_syntax/expressions/select.ts.Select::strictModeChecks,any,true,true,true
src/abap/5_syntax/expressions/select.ts.Select::upToUsesHostVariable,none,true,true,true
src/abap/5_syntax/expressions/select.ts.module::class_constructor,any,true,false,true
src/abap/5_syntax/expressions/source.ts.Source::addIfInferred,any,true,true,true
src/abap/5_syntax/expressions/source.ts.Source::calculationType,none,false,true,false
src/abap/5_syntax/expressions/source.ts.Source::determineType,any,true,true,true
src/abap/5_syntax/expressions/source.ts.Source::infer,none,false,true,true
src/abap/5_syntax/expressions/source.ts.Source::numericRank,none,false,false,false
src/abap/5_syntax/expressions/source.ts.Source::runSyntax,any,true,true,true
src/abap/5_syntax/expressions/source.ts.Source::traverseRemainingChildren,any,true,true,true
src/abap/5_syntax/expressions/source_field.ts.SourceField::runSyntax,any,true,true,true
src/abap/5_syntax/expressions/source_field_symbol.ts.SourceFieldSymbol::runSyntax,any,true,true,true
src/abap/5_syntax/expressions/sql_compare.ts.SQLCompare::findType,none,true,true,true
src/abap/5_syntax/expressions/sql_compare.ts.SQLCompare::runSyntax,any,true,true,true
src/abap/5_syntax/expressions/sql_for_all_entries.ts.SQLForAllEntries::runSyntax,any,true,true,true
src/abap/5_syntax/expressions/sql_from.ts.SQLFrom::runSyntax,any,true,true,true
src/abap/5_syntax/expressions/sql_in.ts.SQLIn::isRangeRow,any,true,true,true
src/abap/5_syntax/expressions/sql_in.ts.SQLIn::runSyntax,any,true,true,true
src/abap/5_syntax/expressions/sql_in.ts.module::class_constructor,any,true,false,true
src/abap/5_syntax/expressions/sql_order_by.ts.SQLOrderBy::runSyntax,any,true,true,true
src/abap/5_syntax/expressions/sql_set_op_group.ts.SQLSetOpGroup::runSyntax,any,true,true,true
src/abap/5_syntax/expressions/sql_source.ts.SQLSource::runSyntax,any,true,true,true
src/abap/5_syntax/expressions/string_template.ts.StringTemplate::runSyntax,any,true,true,true
src/abap/5_syntax/expressions/string_template.ts.StringTemplate::validateEscapeSequences,any,true,true,true
src/abap/5_syntax/expressions/switch_body.ts.SwitchBody::runSyntax,any,true,true,true
src/abap/5_syntax/expressions/table_expression.ts.TableExpression::runSyntax,any,true,true,true
src/abap/5_syntax/expressions/target.ts.Target::findTop,any,true,true,true
src/abap/5_syntax/expressions/target.ts.Target::runSyntax,any,true,true,true
src/abap/5_syntax/expressions/type_table.ts.TypeTable::runSyntax,any,true,true,true
src/abap/5_syntax/expressions/type_table_key.ts.TypeTableKey::runSyntax,any,true,true,true
src/abap/5_syntax/expressions/value_body.ts.ValueBody::characterOrHexLength,none,true,true,false
src/abap/5_syntax/expressions/value_body.ts.ValueBody::insertsUsingTableKey,none,false,true,false
src/abap/5_syntax/expressions/value_body.ts.ValueBody::runSyntax,any,true,true,true
src/abap/5_syntax/global_definitions/find_global_definitions.ts.FindGlobalDefinitions::constructor,own_fields,false,false,false
src/abap/5_syntax/global_definitions/find_global_definitions.ts.FindGlobalDefinitions::count,none,false,true,true
src/abap/5_syntax/global_definitions/find_global_definitions.ts.FindGlobalDefinitions::countUntyped,any,true,true,true
src/abap/5_syntax/global_definitions/find_global_definitions.ts.FindGlobalDefinitions::run,any,true,true,true
src/abap/5_syntax/global_definitions/find_global_definitions.ts.FindGlobalDefinitions::update,any,true,true,true
src/abap/5_syntax/spaghetti_scope.ts.ScopeData::constructor,own_fields,true,false,false
src/abap/5_syntax/spaghetti_scope.ts.ScopeData::getData,none,false,false,false
src/abap/5_syntax/spaghetti_scope.ts.SpaghettiScope::allNodes,none,false,true,false
src/abap/5_syntax/spaghetti_scope.ts.SpaghettiScope::constructor,own_fields,false,false,false
src/abap/5_syntax/spaghetti_scope.ts.SpaghettiScope::getFirstChild,none,false,false,false
src/abap/5_syntax/spaghetti_scope.ts.SpaghettiScope::getFirstChild_instantiated_src/abap/5_syntax/spaghetti_scope.ts.SpaghettiScope,none,false,false,false
src/abap/5_syntax/spaghetti_scope.ts.SpaghettiScope::getTop,none,false,false,false
src/abap/5_syntax/spaghetti_scope.ts.SpaghettiScope::getTop_instantiated_src/abap/5_syntax/spaghetti_scope.ts.SpaghettiScope,none,false,false,false
src/abap/5_syntax/spaghetti_scope.ts.SpaghettiScope::listDefinitions,none,false,true,false
src/abap/5_syntax/spaghetti_scope.ts.SpaghettiScope::listReadPositions,none,false,true,false
src/abap/5_syntax/spaghetti_scope.ts.SpaghettiScope::listWritePositions,none,false,true,false
src/abap/5_syntax/spaghetti_scope.ts.SpaghettiScope::lookupPosition,none,false,true,false
src/abap/5_syntax/spaghetti_scope.ts.SpaghettiScope::lookupPositionTraverse,none,false,true,false
src/abap/5_syntax/spaghetti_scope.ts.SpaghettiScope::lookupPosition_instantiated_src/abap/5_syntax/spaghetti_scope.ts.SpaghettiScope,none,false,true,false
src/abap/5_syntax/spaghetti_scope.ts.SpaghettiScopeNode::addChild,any,false,true,false
src/abap/5_syntax/spaghetti_scope.ts.SpaghettiScopeNode::addChild_instantiated_src/abap/5_syntax/spaghetti_scope.ts.SpaghettiScopeNode,any,false,false,false
src/abap/5_syntax/spaghetti_scope.ts.SpaghettiScopeNode::calcCoverage,none,false,true,false
src/abap/5_syntax/spaghetti_scope.ts.SpaghettiScopeNode::constructor,own_fields,true,false,false
src/abap/5_syntax/spaghetti_scope.ts.SpaghettiScopeNode::debugDescription,none,false,true,false
src/abap/5_syntax/spaghetti_scope.ts.SpaghettiScopeNode::findClassDefinition,none,true,true,true
src/abap/5_syntax/spaghetti_scope.ts.SpaghettiScopeNode::findDeferred,none,true,true,true
src/abap/5_syntax/spaghetti_scope.ts.SpaghettiScopeNode::findExtraLikeType,none,false,true,false
src/abap/5_syntax/spaghetti_scope.ts.SpaghettiScopeNode::findFormDefinition,none,true,true,true
src/abap/5_syntax/spaghetti_scope.ts.SpaghettiScopeNode::findInterfaceDefinition,none,true,true,true
src/abap/5_syntax/spaghetti_scope.ts.SpaghettiScopeNode::findScopeForVariable,none,false,true,false
src/abap/5_syntax/spaghetti_scope.ts.SpaghettiScopeNode::findTableReference,none,false,true,false
src/abap/5_syntax/spaghetti_scope.ts.SpaghettiScopeNode::findTableVoidReference,none,false,true,false
src/abap/5_syntax/spaghetti_scope.ts.SpaghettiScopeNode::findType,none,true,true,true
src/abap/5_syntax/spaghetti_scope.ts.SpaghettiScopeNode::findVariable,none,true,true,true
src/abap/5_syntax/spaghetti_scope.ts.SpaghettiScopeNode::findWriteReference,none,false,true,false
src/abap/5_syntax/spaghetti_scope.ts.SpaghettiScopeNode::getChildren,none,false,false,false
src/abap/5_syntax/spaghetti_scope.ts.SpaghettiScopeNode::getChildren_instantiated_src/abap/5_syntax/spaghetti_scope.ts.SpaghettiScopeNode,none,false,false,false
src/abap/5_syntax/spaghetti_scope.ts.SpaghettiScopeNode::getFirstChild,none,false,false,false
src/abap/5_syntax/spaghetti_scope.ts.SpaghettiScopeNode::getFirstChild_instantiated_src/abap/5_syntax/spaghetti_scope.ts.SpaghettiScopeNode,none,false,false,false
src/abap/5_syntax/spaghetti_scope.ts.SpaghettiScopeNode::getIdentifier,none,false,false,false
src/abap/5_syntax/spaghetti_scope.ts.SpaghettiScopeNode::getParent,none,false,false,false
src/abap/5_syntax/spaghetti_scope.ts.SpaghettiScopeNode::getParent_instantiated_src/abap/5_syntax/spaghetti_scope.ts.SpaghettiScopeNode,none,false,false,false
src/abap/5_syntax/spaghetti_scope.ts.SpaghettiScopeNode::listClassDefinitions,none,false,true,false
src/abap/5_syntax/spaghetti_scope.ts.SpaghettiScopeNode::listInterfaceDefinitions,none,false,true,false
src/abap/5_syntax/spaghetti_scope.ts.SpaghettiScopeNode::setEnd,any,false,false,false
src/abap/5_syntax/statements/add.ts.Add::runSyntax,none,false,true,false
src/abap/5_syntax/statements/add_corresponding.ts.AddCorresponding::runSyntax,none,false,true,false
src/abap/5_syntax/statements/append.ts.Append::runSyntax,any,true,true,true
src/abap/5_syntax/statements/assert.ts.Assert::runSyntax,any,true,true,true
src/abap/5_syntax/statements/assign.ts.Assign::runSyntax,any,true,true,true
src/abap/5_syntax/statements/at_selection_screen.ts.AtSelectionScreen::runSyntax,any,true,true,true
src/abap/5_syntax/statements/authority_check.ts.AuthorityCheck::runSyntax,any,true,true,true
src/abap/5_syntax/statements/call.ts.Call::runSyntax,any,true,true,true
src/abap/5_syntax/statements/call_badi.ts.CallBadi::runSyntax,none,false,true,false
src/abap/5_syntax/statements/call_function.ts.CallFunction::runSyntax,any,true,true,true
src/abap/5_syntax/statements/call_kernel.ts.CallKernel::runSyntax,none,false,true,false
src/abap/5_syntax/statements/call_transaction.ts.CallTransaction::runSyntax,none,false,true,false
src/abap/5_syntax/statements/call_transformation.ts.CallTransformation::runSyntax,any,true,true,true
src/abap/5_syntax/statements/case.ts.Case::runSyntax,any,true,true,true
src/abap/5_syntax/statements/case_type.ts.CaseType::runSyntax,none,false,true,false
src/abap/5_syntax/statements/catch.ts.Catch::findCommonSuperclass,none,false,true,false
src/abap/5_syntax/statements/catch.ts.Catch::runSyntax,any,true,true,true
src/abap/5_syntax/statements/check.ts.Check::runSyntax,any,true,true,true
src/abap/5_syntax/statements/class_data.ts.ClassData::runSyntax,any,true,true,true
src/abap/5_syntax/statements/class_deferred.ts.ClassDeferred::runSyntax,any,true,true,true
src/abap/5_syntax/statements/class_implementation.ts.ClassImplementation::runSyntax,any,true,true,true
src/abap/5_syntax/statements/class_local_friends.ts.ClassLocalFriends::runSyntax,none,false,true,false
src/abap/5_syntax/statements/clear.ts.Clear::runSyntax,any,true,true,true
src/abap/5_syntax/statements/close_cursor.ts.CloseCursor::runSyntax,none,false,true,false
src/abap/5_syntax/statements/close_dataset.ts.CloseDataset::runSyntax,none,false,true,false
src/abap/5_syntax/statements/collect.ts.Collect::runSyntax,any,true,true,true
src/abap/5_syntax/statements/commit_entities.ts.CommitEntities::runSyntax,none,false,true,false
src/abap/5_syntax/statements/concatenate.ts.Concatenate::runSyntax,any,true,true,true
src/abap/5_syntax/statements/condense.ts.Condense::runSyntax,any,true,true,true
src/abap/5_syntax/statements/constant.ts.Constant::allowOnlyDigitsName,none,false,true,false
src/abap/5_syntax/statements/constant.ts.Constant::isNameTooLong,none,false,false,false
src/abap/5_syntax/statements/constant.ts.Constant::isOnlyDigits,none,true,true,false
src/abap/5_syntax/statements/constant.ts.Constant::runSyntax,any,true,true,true
src/abap/5_syntax/statements/controls.ts.Controls::runSyntax,none,false,true,false
src/abap/5_syntax/statements/convert.ts.Convert::runSyntax,any,true,true,true
src/abap/5_syntax/statements/create_data.ts.CreateData::runSyntax,any,true,true,true
src/abap/5_syntax/statements/create_object.ts.CreateObject::checkInstantiationAllowed,any,true,true,true
src/abap/5_syntax/statements/create_object.ts.CreateObject::runSyntax,any,true,true,true
src/abap/5_syntax/statements/create_object.ts.CreateObject::validateParameters,any,true,true,true
src/abap/5_syntax/statements/data.ts.Data::allowOnlyDigitsName,none,false,true,false
src/abap/5_syntax/statements/data.ts.Data::isNameTooLong,none,false,false,false
src/abap/5_syntax/statements/data.ts.Data::isOnlyDigits,none,true,true,false
src/abap/5_syntax/statements/data.ts.Data::runSyntax,any,true,true,true
src/abap/5_syntax/statements/delete_cluster.ts.DeleteCluster::runSyntax,none,false,true,false
src/abap/5_syntax/statements/delete_database.ts.DeleteDatabase::runSyntax,any,true,true,true
src/abap/5_syntax/statements/delete_internal.ts.DeleteInternal::runSyntax,any,true,true,true
src/abap/5_syntax/statements/delete_memory.ts.DeleteMemory::runSyntax,none,false,true,false
src/abap/5_syntax/statements/delete_report.ts.DeleteReport::runSyntax,any,true,true,true
src/abap/5_syntax/statements/describe.ts.Describe::runSyntax,none,false,true,false
src/abap/5_syntax/statements/divide.ts.Divide::runSyntax,none,false,true,false
src/abap/5_syntax/statements/do.ts.Do::runSyntax,any,true,true,true
src/abap/5_syntax/statements/editor_call.ts.EditorCall::runSyntax,none,false,true,false
src/abap/5_syntax/statements/else_if.ts.ElseIf::runSyntax,any,true,true,true
src/abap/5_syntax/statements/export.ts.Export::runSyntax,any,true,true,true
src/abap/5_syntax/statements/fetch_next_cursor.ts.FetchNextCursor::runSyntax,none,false,true,false
src/abap/5_syntax/statements/field_group.ts.FieldGroup::runSyntax,none,false,true,false
src/abap/5_syntax/statements/fieldsymbol.ts.FieldSymbol::runSyntax,any,true,true,true
src/abap/5_syntax/statements/find.ts.Find::inline,any,true,true,true
src/abap/5_syntax/statements/find.ts.Find::runSyntax,any,true,true,true
src/abap/5_syntax/statements/form.ts.Form::runSyntax,any,true,true,true
src/abap/5_syntax/statements/format.ts.Format::runSyntax,none,false,true,false
src/abap/5_syntax/statements/free.ts.Free::runSyntax,any,true,true,true
src/abap/5_syntax/statements/get_badi.ts.GetBadi::runSyntax,none,false,true,false
src/abap/5_syntax/statements/get_bit.ts.GetBit::runSyntax,any,true,true,true
src/abap/5_syntax/statements/get_cursor.ts.GetCursor::runSyntax,none,false,true,false
src/abap/5_syntax/statements/get_locale.ts.GetLocale::runSyntax,any,true,true,true
src/abap/5_syntax/statements/get_parameter.ts.GetParameter::runSyntax,any,true,true,true
src/abap/5_syntax/statements/get_permissions.ts.GetPermissions::runSyntax,none,false,true,false
src/abap/5_syntax/statements/get_pf_status.ts.GetPFStatus::runSyntax,none,false,true,false
src/abap/5_syntax/statements/get_reference.ts.GetReference::runSyntax,any,true,true,true
src/abap/5_syntax/statements/get_run_time.ts.GetRunTime::runSyntax,none,false,true,false
src/abap/5_syntax/statements/get_time.ts.GetTime::compatibleTimeStamp,none,false,true,true
src/abap/5_syntax/statements/get_time.ts.GetTime::runSyntax,any,true,true,true
src/abap/5_syntax/statements/if.ts.If::runSyntax,any,true,true,true
src/abap/5_syntax/statements/import.ts.Import::runSyntax,any,true,true,true
src/abap/5_syntax/statements/import_dynpro.ts.ImportDynpro::runSyntax,none,false,true,false
src/abap/5_syntax/statements/include_type.ts.IncludeType::runSyntax,any,true,true,true
src/abap/5_syntax/statements/insert_database.ts.InsertDatabase::runSyntax,any,true,true,true
src/abap/5_syntax/statements/insert_field_group.ts.InsertFieldGroup::runSyntax,none,false,true,false
src/abap/5_syntax/statements/insert_internal.ts.InsertInternal::runSyntax,any,true,true,true
src/abap/5_syntax/statements/insert_report.ts.InsertReport::runSyntax,any,true,true,true
src/abap/5_syntax/statements/insert_textpool.ts.InsertTextpool::runSyntax,any,true,true,true
src/abap/5_syntax/statements/interface_deferred.ts.InterfaceDeferred::runSyntax,any,true,true,true
src/abap/5_syntax/statements/log_point.ts.LogPoint::runSyntax,none,false,true,false
src/abap/5_syntax/statements/loop.ts.Loop::runSyntax,any,true,true,true
src/abap/5_syntax/statements/loop_at_screen.ts.LoopAtScreen::runSyntax,any,true,true,true
src/abap/5_syntax/statements/message.ts.Message::runSyntax,any,true,true,true
src/abap/5_syntax/statements/method_implementation.ts.MethodImplementation::runSyntax,any,true,true,true
src/abap/5_syntax/statements/modify_database.ts.ModifyDatabase::runSyntax,any,true,true,true
src/abap/5_syntax/statements/modify_entities.ts.ModifyEntities::runSyntax,none,false,true,false
src/abap/5_syntax/statements/modify_internal.ts.ModifyInternal::runSyntax,any,true,true,true
src/abap/5_syntax/statements/modify_screen.ts.ModifyScreen::runSyntax,any,true,true,true
src/abap/5_syntax/statements/move.ts.Move::runSyntax,any,true,true,true
src/abap/5_syntax/statements/move_corresponding.ts.MoveCorresponding::runSyntax,any,true,true,true
src/abap/5_syntax/statements/multiply.ts.Multiply::runSyntax,none,false,true,false
src/abap/5_syntax/statements/open_cursor.ts.OpenCursor::runSyntax,none,false,true,false
src/abap/5_syntax/statements/open_dataset.ts.OpenDataset::runSyntax,none,false,true,false
src/abap/5_syntax/statements/pack.ts.Pack::runSyntax,none,false,true,false
src/abap/5_syntax/statements/parameter.ts.Parameter::hasLength,none,false,true,false
src/abap/5_syntax/statements/parameter.ts.Parameter::hasUserCommand,any,true,true,true
src/abap/5_syntax/statements/parameter.ts.Parameter::runSyntax,any,true,true,true
src/abap/5_syntax/statements/perform.ts.Parameter::constructor,own_fields,false,false,false
src/abap/5_syntax/statements/perform.ts.Perform::checkParameters,any,true,true,true
src/abap/5_syntax/statements/perform.ts.Perform::runSyntax,any,true,true,true
src/abap/5_syntax/statements/raise.ts.Raise::runSyntax,any,true,true,true
src/abap/5_syntax/statements/raise_event.ts.RaiseEvent::runSyntax,any,true,true,true
src/abap/5_syntax/statements/ranges.ts.Ranges::runSyntax,none,false,true,false
src/abap/5_syntax/statements/read_dataset.ts.ReadDataset::runSyntax,none,false,true,false
src/abap/5_syntax/statements/read_entities.ts.ReadEntities::runSyntax,none,false,true,false
src/abap/5_syntax/statements/read_report.ts.ReadReport::runSyntax,any,true,true,true
src/abap/5_syntax/statements/read_table.ts.ReadTable::runSyntax,any,true,true,true
src/abap/5_syntax/statements/read_textpool.ts.ReadTextpool::runSyntax,any,true,true,true
src/abap/5_syntax/statements/receive.ts.Receive::runSyntax,any,true,true,true
src/abap/5_syntax/statements/refresh.ts.Refresh::runSyntax,none,false,true,false
src/abap/5_syntax/statements/replace.ts.Replace::runSyntax,any,true,true,true
src/abap/5_syntax/statements/return.ts.Return::runSyntax,any,true,true,true
src/abap/5_syntax/statements/scan.ts.Scan::runSyntax,none,false,true,false
src/abap/5_syntax/statements/search.ts.Search::runSyntax,none,false,true,false
src/abap/5_syntax/statements/select.ts.Select::runSyntax,any,true,true,true
src/abap/5_syntax/statements/select_loop.ts.SelectLoop::runSyntax,any,true,true,true
src/abap/5_syntax/statements/selection_screen.ts.SelectionScreen::runSyntax,any,true,true,true
src/abap/5_syntax/statements/selectoption.ts.SelectOption::runSyntax,none,false,true,false
src/abap/5_syntax/statements/set_bit.ts.SetBit::runSyntax,none,false,true,false
src/abap/5_syntax/statements/set_handler.ts.SetHandler::runSyntax,any,true,true,true
src/abap/5_syntax/statements/set_locale.ts.SetLocale::runSyntax,any,true,true,true
src/abap/5_syntax/statements/set_parameter.ts.SetParameter::runSyntax,any,true,true,true
src/abap/5_syntax/statements/set_pf_status.ts.SetPFStatus::runSyntax,none,false,true,false
src/abap/5_syntax/statements/set_titlebar.ts.SetTitlebar::runSyntax,none,false,true,false
src/abap/5_syntax/statements/shift.ts.Shift::runSyntax,any,true,true,true
src/abap/5_syntax/statements/sort.ts.Sort::runSyntax,any,true,true,true
src/abap/5_syntax/statements/split.ts.Split::runSyntax,any,true,true,true
src/abap/5_syntax/statements/static.ts.Static::runSyntax,none,false,true,false
src/abap/5_syntax/statements/submit.ts.Submit::runSyntax,any,true,true,true
src/abap/5_syntax/statements/subtract.ts.Subtract::runSyntax,none,false,true,false
src/abap/5_syntax/statements/subtract_corresponding.ts.SubtractCorresponding::runSyntax,none,false,true,false
src/abap/5_syntax/statements/syntax_check.ts.SyntaxCheck::runSyntax,none,false,true,false
src/abap/5_syntax/statements/system_call.ts.SystemCall::runSyntax,none,false,true,false
src/abap/5_syntax/statements/tables.ts.Tables::runSyntax,any,true,true,true
src/abap/5_syntax/statements/transfer.ts.Transfer::runSyntax,none,false,true,false
src/abap/5_syntax/statements/translate.ts.Translate::runSyntax,any,true,true,true
src/abap/5_syntax/statements/truncate_dataset.ts.TruncateDataset::runSyntax,none,false,true,false
src/abap/5_syntax/statements/type.ts.Type::runSyntax,any,true,true,true
src/abap/5_syntax/statements/unassign.ts.Unassign::runSyntax,any,true,true,true
src/abap/5_syntax/statements/unpack.ts.Unpack::runSyntax,none,false,true,false
src/abap/5_syntax/statements/update_database.ts.UpdateDatabase::runSyntax,any,true,true,true
src/abap/5_syntax/statements/wait.ts.Wait::runSyntax,any,true,true,true
src/abap/5_syntax/statements/when.ts.When::runSyntax,any,true,true,true
src/abap/5_syntax/statements/when_type.ts.WhenType::runSyntax,none,false,true,false
src/abap/5_syntax/statements/while.ts.While::runSyntax,any,true,true,true
src/abap/5_syntax/statements/with.ts.With::runSyntax,none,false,true,false
src/abap/5_syntax/statements/with_loop.ts.WithLoop::runSyntax,none,false,true,false
src/abap/5_syntax/statements/write.ts.Write::runSyntax,any,true,true,true
src/abap/5_syntax/structures/class_data.ts.ClassData::runSyntax,none,false,true,false
src/abap/5_syntax/structures/constants.ts.Constants::runSyntax,any,true,true,true
src/abap/5_syntax/structures/data.ts.Data::runCommonPartSyntax,any,true,true,true
src/abap/5_syntax/structures/data.ts.Data::runSyntax,any,true,true,true
src/abap/5_syntax/structures/statics.ts.Statics::runSyntax,none,false,true,false
src/abap/5_syntax/structures/type_enum.ts.TypeEnum::runSyntax,none,false,true,false
src/abap/5_syntax/structures/type_mesh.ts.TypeMesh::runMeshNode,none,false,true,false
src/abap/5_syntax/structures/type_mesh.ts.TypeMesh::runSyntax,none,false,true,false
src/abap/5_syntax/structures/types.ts.Types::runSyntax,any,true,true,true
src/abap/5_syntax/syntax.ts.SyntaxLogic::constructor,own_fields,true,false,false
src/abap/5_syntax/syntax.ts.SyntaxLogic::isSelectionEventBoundary,any,true,false,true
src/abap/5_syntax/syntax.ts.SyntaxLogic::isSelectionEventBoundaryStructure,none,false,false,false
src/abap/5_syntax/syntax.ts.SyntaxLogic::newIssue,none,false,true,false
src/abap/5_syntax/syntax.ts.SyntaxLogic::opensSelectionEventScope,none,false,false,false
src/abap/5_syntax/syntax.ts.SyntaxLogic::run,any,true,true,true
src/abap/5_syntax/syntax.ts.SyntaxLogic::traverse,any,true,true,true
src/abap/5_syntax/syntax.ts.SyntaxLogic::traverseObject,any,true,true,true
src/abap/5_syntax/syntax.ts.SyntaxLogic::updateScopeStatement,any,true,true,true
src/abap/5_syntax/syntax.ts.SyntaxLogic::updateScopeStructure,any,true,true,true
src/abap/5_syntax/syntax.ts.SyntaxLogic::updateSelectionEventScope,any,true,true,true
src/abap/5_syntax/syntax.ts.module::addToMap,any,true,true,true
src/abap/5_syntax/syntax.ts.module::class_constructor,any,true,true,true
src/abap/abap_file.ts.ABAPFile::constructor,own_fields,false,false,false
src/abap/abap_file.ts.ABAPFile::getInfo,none,false,false,false
src/abap/abap_file.ts.ABAPFile::getRaw,none,false,true,false
src/abap/abap_file.ts.ABAPFile::getRawRows,none,false,true,false
src/abap/abap_file.ts.ABAPFile::getStatements,none,false,false,false
src/abap/abap_file.ts.ABAPFile::getStructure,none,false,false,false
src/abap/abap_file.ts.ABAPFile::getTokens,any,true,true,true
src/abap/abap_parser.ts.ABAPParser::constructor,any,true,true,true
src/abap/abap_parser.ts.ABAPParser::isRelease,none,false,false,false
src/abap/abap_parser.ts.ABAPParser::parse,any,true,true,true
src/abap/abap_parser.ts.IABAPParserOptions::constructor,own_fields,false,false,false
src/abap/abap_parser.ts.IABAPParserResult::constructor,own_fields,false,false,false
src/abap/artifacts.ts.ArtifactsABAP::getExpressions,none,false,true,false
src/abap/artifacts.ts.ArtifactsABAP::getKeywords,none,false,true,false
src/abap/artifacts.ts.ArtifactsABAP::getStatements,any,true,true,true
src/abap/artifacts.ts.ArtifactsABAP::getStructures,none,false,true,false
src/abap/artifacts.ts.IKeyword::constructor,own_fields,false,false,false
src/abap/artifacts.ts.List::add,none,false,true,false
src/abap/artifacts.ts.List::constructor,own_fields,true,false,false
src/abap/artifacts.ts.List::find,none,false,true,false
src/abap/artifacts.ts.List::get,none,false,true,false
src/abap/cross_include_macros.ts.CrossIncludeMacros::constructor,own_fields,false,false,false
src/abap/cross_include_macros.ts.CrossIncludeMacros::findCandidates,any,true,true,true
src/abap/cross_include_macros.ts.CrossIncludeMacros::findMains,none,false,true,false
src/abap/cross_include_macros.ts.CrossIncludeMacros::matchesUnknown,none,false,true,false
src/abap/cross_include_macros.ts.CrossIncludeMacros::run,any,true,true,true
src/abap/nodes/_abstract_node.ts.AbstractNode::addChild,any,true,false,true
src/abap/nodes/_abstract_node.ts.AbstractNode::constructor,any,true,false,true
src/abap/nodes/_abstract_node.ts.AbstractNode::getChildren,none,false,false,false
src/abap/nodes/_abstract_node.ts.AbstractNode::getFirstChild,none,false,false,false
src/abap/nodes/_abstract_node.ts.AbstractNode::getLastChild,none,false,false,false
src/abap/nodes/_abstract_node.ts.AbstractNode::setChildren,own_fields,true,false,false
src/abap/nodes/_abstract_node.ts.module::class_constructor,any,true,false,true
src/abap/nodes/expression_node.ts.ExpressionNode::addChild,none,false,true,false
src/abap/nodes/expression_node.ts.ExpressionNode::addChild_instantiated_src/abap/nodes/expression_node.ts.ExpressionNode,none,false,true,false
src/abap/nodes/expression_node.ts.ExpressionNode::concatTokens,any,true,true,true
src/abap/nodes/expression_node.ts.ExpressionNode::concatTokensWithLinebreaks,none,false,true,false
src/abap/nodes/expression_node.ts.ExpressionNode::concatTokensWithoutStringsAndComments,none,false,true,false
src/abap/nodes/expression_node.ts.ExpressionNode::constructor,any,true,false,true
src/abap/nodes/expression_node.ts.ExpressionNode::countTokens,none,false,false,false
src/abap/nodes/expression_node.ts.ExpressionNode::findAllExpressions,any,true,true,true
src/abap/nodes/expression_node.ts.ExpressionNode::findAllExpressionsMulti,none,false,true,false
src/abap/nodes/expression_node.ts.ExpressionNode::findAllExpressionsRecursive,any,true,true,true
src/abap/nodes/expression_node.ts.ExpressionNode::findDirectExpression,none,false,true,true
src/abap/nodes/expression_node.ts.ExpressionNode::findDirectExpressions,any,true,true,true
src/abap/nodes/expression_node.ts.ExpressionNode::findDirectExpressionsMulti,any,true,true,true
src/abap/nodes/expression_node.ts.ExpressionNode::findDirectTokenByText,none,true,true,true
src/abap/nodes/expression_node.ts.ExpressionNode::findExpressionAfterToken,none,true,true,true
src/abap/nodes/expression_node.ts.ExpressionNode::findFirstExpression,none,false,true,true
src/abap/nodes/expression_node.ts.ExpressionNode::get,none,false,false,false
src/abap/nodes/expression_node.ts.ExpressionNode::getAllTokens,any,true,true,true
src/abap/nodes/expression_node.ts.ExpressionNode::getDirectTokens,none,false,true,false
src/abap/nodes/expression_node.ts.ExpressionNode::getFirstToken,none,true,true,true
src/abap/nodes/expression_node.ts.ExpressionNode::getLastToken,none,true,true,true
src/abap/nodes/expression_node.ts.ExpressionNode::getTokens,any,true,true,true
src/abap/nodes/expression_node.ts.ExpressionNode::get_instantiated_src/abap/nodes/expression_node.ts.ExpressionNode,none,false,false,false
src/abap/nodes/expression_node.ts.ExpressionNode::setChildren,own_fields,true,true,true
src/abap/nodes/expression_node.ts.ExpressionNode::setChildren_instantiated_src/abap/nodes/expression_node.ts.ExpressionNode,own_fields,true,true,true
src/abap/nodes/expression_node.ts.ExpressionNode::setChildren_value,own_fields,true,true,true
src/abap/nodes/expression_node.ts.ExpressionNode::toTokens,any,true,true,true
src/abap/nodes/index.ts.module::class_constructor,any,true,false,true
src/abap/nodes/statement_node.ts.StatementNode::concatTokens,any,true,true,true
src/abap/nodes/statement_node.ts.StatementNode::concatTokensVirtual,none,false,true,false
src/abap/nodes/statement_node.ts.StatementNode::concatTokensWithoutStringsAndComments,none,false,true,false
src/abap/nodes/statement_node.ts.StatementNode::constructor,any,true,true,true
src/abap/nodes/statement_node.ts.StatementNode::findAllExpressions,any,true,true,true
src/abap/nodes/statement_node.ts.StatementNode::findAllExpressionsMulti,none,false,true,false
src/abap/nodes/statement_node.ts.StatementNode::findAllExpressionsRecursive,none,false,true,false
src/abap/nodes/statement_node.ts.StatementNode::findDirectExpression,none,false,true,true
src/abap/nodes/statement_node.ts.StatementNode::findDirectExpressions,any,true,true,true
src/abap/nodes/statement_node.ts.StatementNode::findDirectExpressionsMulti,any,true,true,true
src/abap/nodes/statement_node.ts.StatementNode::findDirectTokenByText,none,true,true,true
src/abap/nodes/statement_node.ts.StatementNode::findExpressionAfterToken,none,true,true,true
src/abap/nodes/statement_node.ts.StatementNode::findExpressionsAfterToken,any,true,true,true
src/abap/nodes/statement_node.ts.StatementNode::findFirstExpression,none,false,true,true
src/abap/nodes/statement_node.ts.StatementNode::findTokenSequencePosition,any,true,true,true
src/abap/nodes/statement_node.ts.StatementNode::get,none,false,false,false
src/abap/nodes/statement_node.ts.StatementNode::getColon,none,false,false,false
src/abap/nodes/statement_node.ts.StatementNode::getEnd,none,true,true,true
src/abap/nodes/statement_node.ts.StatementNode::getFirstToken,none,true,true,true
src/abap/nodes/statement_node.ts.StatementNode::getLastToken,none,true,true,true
src/abap/nodes/statement_node.ts.StatementNode::getPragmas,none,false,true,false
src/abap/nodes/statement_node.ts.StatementNode::getStart,none,true,true,true
src/abap/nodes/statement_node.ts.StatementNode::getTerminator,none,false,true,false
src/abap/nodes/statement_node.ts.StatementNode::getTokenNodes,none,false,true,false
src/abap/nodes/statement_node.ts.StatementNode::getTokens,any,true,true,true
src/abap/nodes/statement_node.ts.StatementNode::get_instantiated_src/abap/nodes/statement_node.ts.StatementNode,none,false,false,false
src/abap/nodes/statement_node.ts.StatementNode::includesToken,none,false,true,false
src/abap/nodes/statement_node.ts.StatementNode::setChildren,own_fields,true,true,false
src/abap/nodes/statement_node.ts.StatementNode::setChildren_instantiated_src/abap/nodes/statement_node.ts.StatementNode,own_fields,true,true,false
src/abap/nodes/statement_node.ts.StatementNode::setChildren_value,own_fields,true,true,false
src/abap/nodes/statement_node.ts.StatementNode::toTokenNodess,none,false,true,false
src/abap/nodes/statement_node.ts.StatementNode::toTokens,any,true,true,true
src/abap/nodes/statement_node.ts.module::class_constructor,any,true,false,true
src/abap/nodes/structure_node.ts.StructureNode::concatTokens,none,false,true,false
src/abap/nodes/structure_node.ts.StructureNode::constructor,any,true,false,true
src/abap/nodes/structure_node.ts.StructureNode::findAllExpressions,none,false,true,false
src/abap/nodes/structure_node.ts.StructureNode::findAllExpressionsMulti,none,false,true,false
src/abap/nodes/structure_node.ts.StructureNode::findAllExpressionsMulti_instantiated_src/abap/nodes/structure_node.ts.StructureNode,none,false,true,false
src/abap/nodes/structure_node.ts.StructureNode::findAllExpressionsRecursive,none,false,true,false
src/abap/nodes/structure_node.ts.StructureNode::findAllStatementNodes,none,false,true,false
src/abap/nodes/structure_node.ts.StructureNode::findAllStatements,any,true,true,true
src/abap/nodes/structure_node.ts.StructureNode::findAllStructures,any,true,true,true
src/abap/nodes/structure_node.ts.StructureNode::findAllStructuresMulti,none,false,true,false
src/abap/nodes/structure_node.ts.StructureNode::findAllStructuresRecursive,none,false,true,false
src/abap/nodes/structure_node.ts.StructureNode::findDirectStatement,none,false,true,false
src/abap/nodes/structure_node.ts.StructureNode::findDirectStatements,any,true,true,true
src/abap/nodes/structure_node.ts.StructureNode::findDirectStructure,none,false,true,true
src/abap/nodes/structure_node.ts.StructureNode::findDirectStructures,any,true,true,true
src/abap/nodes/structure_node.ts.StructureNode::findFirstExpression,none,false,true,true
src/abap/nodes/structure_node.ts.StructureNode::findFirstStatement,none,false,true,true
src/abap/nodes/structure_node.ts.StructureNode::findFirstStructure,none,false,true,true
src/abap/nodes/structure_node.ts.StructureNode::findParent,none,false,true,false
src/abap/nodes/structure_node.ts.StructureNode::get,none,false,false,false
src/abap/nodes/structure_node.ts.StructureNode::getFirstStatement,none,false,true,false
src/abap/nodes/structure_node.ts.StructureNode::getFirstToken,none,true,true,true
src/abap/nodes/structure_node.ts.StructureNode::getLastToken,none,true,true,true
src/abap/nodes/structure_node.ts.StructureNode::get_instantiated_src/abap/nodes/structure_node.ts.StructureNode,none,false,false,false
src/abap/nodes/token_node.ts.TokenNode::addChild,none,false,true,false
src/abap/nodes/token_node.ts.TokenNode::addChild_instantiated_src/abap/nodes/token_node.ts.TokenNode,none,false,true,false
src/abap/nodes/token_node.ts.TokenNode::concatTokens,none,false,false,false
src/abap/nodes/token_node.ts.TokenNode::constructor,own_fields,false,false,false
src/abap/nodes/token_node.ts.TokenNode::countTokens,none,false,false,false
src/abap/nodes/token_node.ts.TokenNode::get,none,false,false,false
src/abap/nodes/token_node.ts.TokenNode::getChildren,none,false,true,false
src/abap/nodes/token_node.ts.TokenNode::getFirstToken,none,false,false,false
src/abap/nodes/token_node.ts.TokenNode::getLastToken,none,false,false,false
src/abap/nodes/token_node.ts.TokenNode::get_instantiated_src/abap/nodes/token_node.ts.TokenNode,none,false,false,false
src/abap/nodes/token_node.ts.TokenNode::setChildren,none,false,true,false
src/abap/nodes/token_node.ts.TokenNode::setChildren_instantiated_src/abap/nodes/token_node.ts.TokenNode,none,false,true,false
src/abap/nodes/token_node.ts.module::class_constructor,any,true,false,true
src/abap/nodes/token_node_regex.ts.TokenNodeRegex::constructor,own_fields,false,false,false
src/abap/types/_interface_definition.ts.IImplementing::constructor,own_fields,false,false,false
src/abap/types/_type_definitions.ts.TypeDefinitionsEntry::constructor,own_fields,false,false,false
src/abap/types/_typed_identifier.ts.TypedIdentifier::constructor,own_fields,true,true,false
src/abap/types/_typed_identifier.ts.TypedIdentifier::debugDescription,none,false,true,false
src/abap/types/_typed_identifier.ts.TypedIdentifier::from,none,true,true,false
src/abap/types/_typed_identifier.ts.TypedIdentifier::getMeta,none,false,false,false
src/abap/types/_typed_identifier.ts.TypedIdentifier::getType,none,false,false,false
src/abap/types/_typed_identifier.ts.TypedIdentifier::getValue,none,false,false,false
src/abap/types/_typed_identifier.ts.TypedIdentifier::toText,none,false,true,false
src/abap/types/_typed_identifier.ts.module::class_constructor,any,true,false,true
src/abap/types/alias.ts.Alias::constructor,own_fields,false,false,false
src/abap/types/alias.ts.Alias::getComponent,none,false,false,false
src/abap/types/alias.ts.Alias::getVisibility,none,false,true,false
src/abap/types/basic/_abstract_type.ts.AbstractType::constructor,own_fields,false,false,false
src/abap/types/basic/_abstract_type.ts.AbstractType::getAbstractTypeData,none,false,false,false
src/abap/types/basic/_abstract_type.ts.AbstractType::getConversionExit,none,false,true,false
src/abap/types/basic/_abstract_type.ts.AbstractType::getDDICName,none,false,true,false
src/abap/types/basic/_abstract_type.ts.AbstractType::getDescription,none,false,true,false
src/abap/types/basic/_abstract_type.ts.AbstractType::getQualifiedName,none,false,true,false
src/abap/types/basic/_abstract_type.ts.AbstractType::getRTTIName,none,false,true,false
src/abap/types/basic/_abstract_type.ts.AbstractTypeData::constructor,own_fields,false,false,false
src/abap/types/basic/any_type.ts.AnyType::class_constructor,any,true,false,true
src/abap/types/basic/any_type.ts.AnyType::constructor,any,true,false,true
src/abap/types/basic/any_type.ts.AnyType::containsVoid,none,false,true,false
src/abap/types/basic/any_type.ts.AnyType::get,any,true,false,true
src/abap/types/basic/any_type.ts.AnyType::isGeneric,none,false,true,false
src/abap/types/basic/any_type.ts.AnyType::toABAP,none,false,true,false
src/abap/types/basic/any_type.ts.AnyType::toCDS,none,false,true,false
src/abap/types/basic/any_type.ts.AnyType::toText,none,false,true,false
src/abap/types/basic/any_type.ts.AnyType::toText_instantiated_src/abap/types/basic/any_type.ts.AnyType,none,false,true,false
src/abap/types/basic/cgeneric_type.ts.CGenericType::class_constructor,any,true,false,true
src/abap/types/basic/cgeneric_type.ts.CGenericType::constructor,any,true,false,true
src/abap/types/basic/cgeneric_type.ts.CGenericType::containsVoid,none,false,true,false
src/abap/types/basic/cgeneric_type.ts.CGenericType::get,any,true,false,true
src/abap/types/basic/cgeneric_type.ts.CGenericType::isGeneric,none,false,true,false
src/abap/types/basic/cgeneric_type.ts.CGenericType::toABAP,none,false,true,false
src/abap/types/basic/cgeneric_type.ts.CGenericType::toCDS,none,false,true,false
src/abap/types/basic/cgeneric_type.ts.CGenericType::toText,none,false,true,false
src/abap/types/basic/cgeneric_type.ts.CGenericType::toText_instantiated_src/abap/types/basic/cgeneric_type.ts.CGenericType,none,false,true,false
src/abap/types/basic/character_type.ts.CharacterType::cloneType,any,true,true,false
src/abap/types/basic/character_type.ts.CharacterType::constructor,own_fields,true,true,false
src/abap/types/basic/character_type.ts.CharacterType::containsVoid,none,false,true,false
src/abap/types/basic/character_type.ts.CharacterType::getIdentifier,none,false,true,false
src/abap/types/basic/character_type.ts.CharacterType::getLength,none,false,false,false
src/abap/types/basic/character_type.ts.CharacterType::isGeneric,none,false,false,false
src/abap/types/basic/character_type.ts.CharacterType::toABAP,none,false,true,false
src/abap/types/basic/character_type.ts.CharacterType::toCDS,none,false,true,false
src/abap/types/basic/character_type.ts.CharacterType::toText,none,false,true,false
src/abap/types/basic/character_type.ts.CharacterType::toText_instantiated_src/abap/types/basic/character_type.ts.CharacterType,none,false,true,false
src/abap/types/basic/clike_type.ts.CLikeType::class_constructor,any,true,false,true
src/abap/types/basic/clike_type.ts.CLikeType::constructor,any,true,false,true
src/abap/types/basic/clike_type.ts.CLikeType::containsVoid,none,false,true,false
src/abap/types/basic/clike_type.ts.CLikeType::get,any,true,false,true
src/abap/types/basic/clike_type.ts.CLikeType::isGeneric,none,false,true,false
src/abap/types/basic/clike_type.ts.CLikeType::toABAP,none,false,true,false
src/abap/types/basic/clike_type.ts.CLikeType::toCDS,none,false,true,false
src/abap/types/basic/clike_type.ts.CLikeType::toText,none,false,true,false
src/abap/types/basic/clike_type.ts.CLikeType::toText_instantiated_src/abap/types/basic/clike_type.ts.CLikeType,none,false,true,false
src/abap/types/basic/csequence_type.ts.CSequenceType::constructor,own_fields,false,false,false
src/abap/types/basic/csequence_type.ts.CSequenceType::containsVoid,none,false,true,false
src/abap/types/basic/csequence_type.ts.CSequenceType::isGeneric,none,false,true,false
src/abap/types/basic/csequence_type.ts.CSequenceType::toABAP,none,false,true,false
src/abap/types/basic/csequence_type.ts.CSequenceType::toCDS,none,false,true,false
src/abap/types/basic/csequence_type.ts.CSequenceType::toText,none,false,true,false
src/abap/types/basic/csequence_type.ts.CSequenceType::toText_instantiated_src/abap/types/basic/csequence_type.ts.CSequenceType,none,false,true,false
src/abap/types/basic/data_reference_type.ts.DataReference::constructor,own_fields,true,false,false
src/abap/types/basic/data_reference_type.ts.DataReference::containsVoid,none,false,true,false
src/abap/types/basic/data_reference_type.ts.DataReference::getType,none,false,false,false
src/abap/types/basic/data_reference_type.ts.DataReference::isGeneric,none,false,false,false
src/abap/types/basic/data_reference_type.ts.DataReference::toABAP,none,false,true,false
src/abap/types/basic/data_reference_type.ts.DataReference::toCDS,none,false,true,false
src/abap/types/basic/data_reference_type.ts.DataReference::toText,none,false,true,false
src/abap/types/basic/data_type.ts.DataType::constructor,own_fields,false,false,false
src/abap/types/basic/data_type.ts.DataType::containsVoid,none,false,true,false
src/abap/types/basic/data_type.ts.DataType::isGeneric,none,false,true,false
src/abap/types/basic/data_type.ts.DataType::toABAP,none,false,true,false
src/abap/types/basic/data_type.ts.DataType::toCDS,none,false,true,false
src/abap/types/basic/data_type.ts.DataType::toText,none,false,true,false
src/abap/types/basic/data_type.ts.DataType::toText_instantiated_src/abap/types/basic/data_type.ts.DataType,none,false,true,false
src/abap/types/basic/date_type.ts.DateType::constructor,own_fields,false,false,false
src/abap/types/basic/date_type.ts.DateType::containsVoid,none,false,true,false
src/abap/types/basic/date_type.ts.DateType::isGeneric,none,false,false,false
src/abap/types/basic/date_type.ts.DateType::toABAP,none,false,true,false
src/abap/types/basic/date_type.ts.DateType::toCDS,none,false,true,false
src/abap/types/basic/date_type.ts.DateType::toText,none,false,true,false
src/abap/types/basic/date_type.ts.DateType::toText_instantiated_src/abap/types/basic/date_type.ts.DateType,none,false,true,false
src/abap/types/basic/decfloat16_type.ts.DecFloat16Type::constructor,own_fields,false,false,false
src/abap/types/basic/decfloat16_type.ts.DecFloat16Type::containsVoid,none,false,true,false
src/abap/types/basic/decfloat16_type.ts.DecFloat16Type::isGeneric,none,false,true,false
src/abap/types/basic/decfloat16_type.ts.DecFloat16Type::toABAP,none,false,true,false
src/abap/types/basic/decfloat16_type.ts.DecFloat16Type::toCDS,none,false,true,false
src/abap/types/basic/decfloat16_type.ts.DecFloat16Type::toText,none,false,true,false
src/abap/types/basic/decfloat16_type.ts.DecFloat16Type::toText_instantiated_src/abap/types/basic/decfloat16_type.ts.DecFloat16Type,none,false,true,false
src/abap/types/basic/decfloat34_type.ts.DecFloat34Type::constructor,own_fields,false,false,false
src/abap/types/basic/decfloat34_type.ts.DecFloat34Type::containsVoid,none,false,true,false
src/abap/types/basic/decfloat34_type.ts.DecFloat34Type::isGeneric,none,false,false,false
src/abap/types/basic/decfloat34_type.ts.DecFloat34Type::toABAP,none,false,true,false
src/abap/types/basic/decfloat34_type.ts.DecFloat34Type::toCDS,none,false,true,false
src/abap/types/basic/decfloat34_type.ts.DecFloat34Type::toText,none,false,true,false
src/abap/types/basic/decfloat34_type.ts.DecFloat34Type::toText_instantiated_src/abap/types/basic/decfloat34_type.ts.DecFloat34Type,none,false,true,false
src/abap/types/basic/decfloat_type.ts.DecFloatType::constructor,own_fields,false,false,false
src/abap/types/basic/decfloat_type.ts.DecFloatType::containsVoid,none,false,true,false
src/abap/types/basic/decfloat_type.ts.DecFloatType::isGeneric,none,false,true,false
src/abap/types/basic/decfloat_type.ts.DecFloatType::toABAP,none,false,true,false
src/abap/types/basic/decfloat_type.ts.DecFloatType::toCDS,none,false,true,false
src/abap/types/basic/decfloat_type.ts.DecFloatType::toText,none,false,true,false
src/abap/types/basic/decfloat_type.ts.DecFloatType::toText_instantiated_src/abap/types/basic/decfloat_type.ts.DecFloatType,none,false,true,false
src/abap/types/basic/enum_type.ts.EnumType::constructor,own_fields,false,false,false
src/abap/types/basic/enum_type.ts.EnumType::containsVoid,none,false,true,false
src/abap/types/basic/enum_type.ts.EnumType::isGeneric,none,false,true,false
src/abap/types/basic/enum_type.ts.EnumType::toABAP,none,false,true,false
src/abap/types/basic/enum_type.ts.EnumType::toCDS,none,false,true,false
src/abap/types/basic/enum_type.ts.EnumType::toText,none,false,true,false
src/abap/types/basic/enum_type.ts.EnumType::toText_instantiated_src/abap/types/basic/enum_type.ts.EnumType,none,false,true,false
src/abap/types/basic/float_type.ts.FloatType::constructor,own_fields,false,false,false
src/abap/types/basic/float_type.ts.FloatType::containsVoid,none,false,true,false
src/abap/types/basic/float_type.ts.FloatType::isGeneric,none,false,false,false
src/abap/types/basic/float_type.ts.FloatType::toABAP,none,false,true,false
src/abap/types/basic/float_type.ts.FloatType::toCDS,none,false,true,false
src/abap/types/basic/float_type.ts.FloatType::toText,none,false,true,false
src/abap/types/basic/float_type.ts.FloatType::toText_instantiated_src/abap/types/basic/float_type.ts.FloatType,none,false,true,false
src/abap/types/basic/floating_point_type.ts.FloatingPointType::constructor,own_fields,true,true,false
src/abap/types/basic/floating_point_type.ts.FloatingPointType::containsVoid,none,false,true,false
src/abap/types/basic/floating_point_type.ts.FloatingPointType::getLength,none,false,true,false
src/abap/types/basic/floating_point_type.ts.FloatingPointType::isGeneric,none,false,true,false
src/abap/types/basic/floating_point_type.ts.FloatingPointType::toABAP,none,false,true,false
src/abap/types/basic/floating_point_type.ts.FloatingPointType::toCDS,none,false,true,false
src/abap/types/basic/floating_point_type.ts.FloatingPointType::toText,none,false,true,false
src/abap/types/basic/floating_point_type.ts.FloatingPointType::toText_instantiated_src/abap/types/basic/floating_point_type.ts.FloatingPointType,none,false,true,false
src/abap/types/basic/generic_object_reference_type.ts.GenericObjectReferenceType::constructor,own_fields,false,false,false
src/abap/types/basic/generic_object_reference_type.ts.GenericObjectReferenceType::containsVoid,none,false,true,false
src/abap/types/basic/generic_object_reference_type.ts.GenericObjectReferenceType::isGeneric,none,false,false,false
src/abap/types/basic/generic_object_reference_type.ts.GenericObjectReferenceType::toABAP,none,false,true,false
src/abap/types/basic/generic_object_reference_type.ts.GenericObjectReferenceType::toCDS,none,false,true,false
src/abap/types/basic/generic_object_reference_type.ts.GenericObjectReferenceType::toText,none,false,true,false
src/abap/types/basic/generic_object_reference_type.ts.GenericObjectReferenceType::toText_instantiated_src/abap/types/basic/generic_object_reference_type.ts.GenericObjectReferenceType,none,false,true,false
src/abap/types/basic/hex_type.ts.HexType::constructor,own_fields,true,true,false
src/abap/types/basic/hex_type.ts.HexType::containsVoid,none,false,true,false
src/abap/types/basic/hex_type.ts.HexType::getLength,none,false,false,false
src/abap/types/basic/hex_type.ts.HexType::isGeneric,none,false,false,false
src/abap/types/basic/hex_type.ts.HexType::toABAP,none,false,true,false
src/abap/types/basic/hex_type.ts.HexType::toCDS,none,false,true,false
src/abap/types/basic/hex_type.ts.HexType::toText,none,false,true,false
src/abap/types/basic/hex_type.ts.HexType::toText_instantiated_src/abap/types/basic/hex_type.ts.HexType,none,false,true,false
src/abap/types/basic/index.ts.module::class_constructor,any,true,false,true
src/abap/types/basic/integer8_type.ts.Integer8Type::constructor,own_fields,false,false,false
src/abap/types/basic/integer8_type.ts.Integer8Type::containsVoid,none,false,true,false
src/abap/types/basic/integer8_type.ts.Integer8Type::isGeneric,none,false,true,false
src/abap/types/basic/integer8_type.ts.Integer8Type::toABAP,none,false,true,false
src/abap/types/basic/integer8_type.ts.Integer8Type::toCDS,none,false,true,false
src/abap/types/basic/integer8_type.ts.Integer8Type::toText,none,false,true,false
src/abap/types/basic/integer8_type.ts.Integer8Type::toText_instantiated_src/abap/types/basic/integer8_type.ts.Integer8Type,none,false,true,false
src/abap/types/basic/integer_type.ts.IntegerType::class_constructor,any,true,false,true
src/abap/types/basic/integer_type.ts.IntegerType::constructor,any,true,false,true
src/abap/types/basic/integer_type.ts.IntegerType::containsVoid,none,false,true,false
src/abap/types/basic/integer_type.ts.IntegerType::get,any,true,false,true
src/abap/types/basic/integer_type.ts.IntegerType::getQualifiedName,none,false,true,false
src/abap/types/basic/integer_type.ts.IntegerType::isGeneric,none,false,false,false
src/abap/types/basic/integer_type.ts.IntegerType::toABAP,none,false,true,false
src/abap/types/basic/integer_type.ts.IntegerType::toCDS,none,false,true,false
src/abap/types/basic/integer_type.ts.IntegerType::toText,none,false,true,false
src/abap/types/basic/integer_type.ts.IntegerType::toText_instantiated_src/abap/types/basic/integer_type.ts.IntegerType,none,false,true,false
src/abap/types/basic/numeric_generic_type.ts.NumericGenericType::constructor,own_fields,false,false,false
src/abap/types/basic/numeric_generic_type.ts.NumericGenericType::containsVoid,none,false,true,false
src/abap/types/basic/numeric_generic_type.ts.NumericGenericType::isGeneric,none,false,true,false
src/abap/types/basic/numeric_generic_type.ts.NumericGenericType::toABAP,none,false,true,false
src/abap/types/basic/numeric_generic_type.ts.NumericGenericType::toCDS,none,false,true,false
src/abap/types/basic/numeric_generic_type.ts.NumericGenericType::toText,none,false,true,false
src/abap/types/basic/numeric_generic_type.ts.NumericGenericType::toText_instantiated_src/abap/types/basic/numeric_generic_type.ts.NumericGenericType,none,false,true,false
src/abap/types/basic/numeric_type.ts.NumericType::constructor,own_fields,true,true,false
src/abap/types/basic/numeric_type.ts.NumericType::containsVoid,none,false,true,false
src/abap/types/basic/numeric_type.ts.NumericType::getLength,none,false,true,false
src/abap/types/basic/numeric_type.ts.NumericType::isGeneric,none,false,false,false
src/abap/types/basic/numeric_type.ts.NumericType::toABAP,none,false,true,false
src/abap/types/basic/numeric_type.ts.NumericType::toCDS,none,false,true,false
src/abap/types/basic/numeric_type.ts.NumericType::toText,none,false,true,false
src/abap/types/basic/numeric_type.ts.NumericType::toText_instantiated_src/abap/types/basic/numeric_type.ts.NumericType,none,false,true,false
src/abap/types/basic/object_reference_type.ts.ObjectReferenceType::constructor,own_fields,false,false,false
src/abap/types/basic/object_reference_type.ts.ObjectReferenceType::containsVoid,none,false,true,false
src/abap/types/basic/object_reference_type.ts.ObjectReferenceType::getIdentifier,none,false,false,false
src/abap/types/basic/object_reference_type.ts.ObjectReferenceType::getIdentifierName,none,true,false,false
src/abap/types/basic/object_reference_type.ts.ObjectReferenceType::isGeneric,none,false,false,false
src/abap/types/basic/object_reference_type.ts.ObjectReferenceType::toABAP,none,false,true,false
src/abap/types/basic/object_reference_type.ts.ObjectReferenceType::toCDS,none,false,true,false
src/abap/types/basic/object_reference_type.ts.ObjectReferenceType::toText,none,false,true,false
src/abap/types/basic/object_reference_type.ts.ObjectReferenceType::toText_instantiated_src/abap/types/basic/object_reference_type.ts.ObjectReferenceType,none,false,true,false
src/abap/types/basic/packed_type.ts.PackedType::constructor,own_fields,true,true,false
src/abap/types/basic/packed_type.ts.PackedType::containsVoid,none,false,true,false
src/abap/types/basic/packed_type.ts.PackedType::getDecimals,none,false,true,false
src/abap/types/basic/packed_type.ts.PackedType::getLength,none,false,true,false
src/abap/types/basic/packed_type.ts.PackedType::isGeneric,none,false,false,false
src/abap/types/basic/packed_type.ts.PackedType::toABAP,none,false,true,false
src/abap/types/basic/packed_type.ts.PackedType::toCDS,none,false,true,false
src/abap/types/basic/packed_type.ts.PackedType::toText,none,false,true,false
src/abap/types/basic/packed_type.ts.PackedType::toText_instantiated_src/abap/types/basic/packed_type.ts.PackedType,none,false,true,false
src/abap/types/basic/pgeneric_type.ts.PGenericType::class_constructor,any,true,false,true
src/abap/types/basic/pgeneric_type.ts.PGenericType::constructor,any,true,false,true
src/abap/types/basic/pgeneric_type.ts.PGenericType::containsVoid,none,false,true,false
src/abap/types/basic/pgeneric_type.ts.PGenericType::get,any,true,false,true
src/abap/types/basic/pgeneric_type.ts.PGenericType::isGeneric,none,false,true,false
src/abap/types/basic/pgeneric_type.ts.PGenericType::toABAP,none,false,true,false
src/abap/types/basic/pgeneric_type.ts.PGenericType::toCDS,none,false,true,false
src/abap/types/basic/pgeneric_type.ts.PGenericType::toText,none,false,true,false
src/abap/types/basic/pgeneric_type.ts.PGenericType::toText_instantiated_src/abap/types/basic/pgeneric_type.ts.PGenericType,none,false,true,false
src/abap/types/basic/simple_type.ts.SimpleType::class_constructor,any,true,false,true
src/abap/types/basic/simple_type.ts.SimpleType::constructor,any,true,false,true
src/abap/types/basic/simple_type.ts.SimpleType::containsVoid,none,false,true,false
src/abap/types/basic/simple_type.ts.SimpleType::get,any,true,false,true
src/abap/types/basic/simple_type.ts.SimpleType::isGeneric,none,false,true,false
src/abap/types/basic/simple_type.ts.SimpleType::toABAP,none,false,true,false
src/abap/types/basic/simple_type.ts.SimpleType::toCDS,none,false,true,false
src/abap/types/basic/simple_type.ts.SimpleType::toText,none,false,true,false
src/abap/types/basic/simple_type.ts.SimpleType::toText_instantiated_src/abap/types/basic/simple_type.ts.SimpleType,none,false,true,false
src/abap/types/basic/string_type.ts.StringType::class_constructor,any,true,false,true
src/abap/types/basic/string_type.ts.StringType::constructor,any,true,false,true
src/abap/types/basic/string_type.ts.StringType::containsVoid,none,false,true,false
src/abap/types/basic/string_type.ts.StringType::get,any,true,false,true
src/abap/types/basic/string_type.ts.StringType::getQualifiedName,none,false,true,false
src/abap/types/basic/string_type.ts.StringType::isGeneric,none,false,false,false
src/abap/types/basic/string_type.ts.StringType::toABAP,none,false,true,false
src/abap/types/basic/string_type.ts.StringType::toCDS,none,false,true,false
src/abap/types/basic/string_type.ts.StringType::toText,none,false,true,false
src/abap/types/basic/string_type.ts.StringType::toText_instantiated_src/abap/types/basic/string_type.ts.StringType,none,false,true,false
src/abap/types/basic/structure_type.ts.IStructureComponent::constructor,own_fields,false,false,false
src/abap/types/basic/structure_type.ts.StructureType::constructor,any,true,true,true
src/abap/types/basic/structure_type.ts.StructureType::containsVoid,none,false,true,true
src/abap/types/basic/structure_type.ts.StructureType::getComponentByName,none,true,false,false
src/abap/types/basic/structure_type.ts.StructureType::getComponents,none,false,false,false
src/abap/types/basic/structure_type.ts.StructureType::isGeneric,none,false,false,false
src/abap/types/basic/structure_type.ts.StructureType::toABAP,none,false,true,false
src/abap/types/basic/structure_type.ts.StructureType::toCDS,none,false,true,false
src/abap/types/basic/structure_type.ts.StructureType::toText,none,false,true,false
src/abap/types/basic/table_type.ts.ITableKey::constructor,own_fields,false,false,false
src/abap/types/basic/table_type.ts.ITableOptions::constructor,own_fields,false,false,false
src/abap/types/basic/table_type.ts.TableType::constructor,own_fields,true,true,false
src/abap/types/basic/table_type.ts.TableType::containsVoid,none,false,true,false
src/abap/types/basic/table_type.ts.TableType::getAccessType,none,false,true,false
src/abap/types/basic/table_type.ts.TableType::getOptions,none,false,false,false
src/abap/types/basic/table_type.ts.TableType::getRowType,none,false,false,false
src/abap/types/basic/table_type.ts.TableType::isGeneric,none,false,true,true
src/abap/types/basic/table_type.ts.TableType::isWithHeader,none,false,false,false
src/abap/types/basic/table_type.ts.TableType::toABAP,none,false,true,false
src/abap/types/basic/table_type.ts.TableType::toCDS,none,false,true,false
src/abap/types/basic/table_type.ts.TableType::toText,none,false,true,false
src/abap/types/basic/table_type.ts.module::class_constructor,any,true,false,true
src/abap/types/basic/time_type.ts.TimeType::constructor,own_fields,false,false,false
src/abap/types/basic/time_type.ts.TimeType::containsVoid,none,false,true,false
src/abap/types/basic/time_type.ts.TimeType::isGeneric,none,false,false,false
src/abap/types/basic/time_type.ts.TimeType::toABAP,none,false,true,false
src/abap/types/basic/time_type.ts.TimeType::toCDS,none,false,true,false
src/abap/types/basic/time_type.ts.TimeType::toText,none,false,true,false
src/abap/types/basic/time_type.ts.TimeType::toText_instantiated_src/abap/types/basic/time_type.ts.TimeType,none,false,true,false
src/abap/types/basic/unknown_type.ts.UnknownType::constructor,own_fields,true,false,false
src/abap/types/basic/unknown_type.ts.UnknownType::containsVoid,none,false,true,false
src/abap/types/basic/unknown_type.ts.UnknownType::getError,none,false,false,false
src/abap/types/basic/unknown_type.ts.UnknownType::isGeneric,none,false,false,false
src/abap/types/basic/unknown_type.ts.UnknownType::toABAP,none,false,true,false
src/abap/types/basic/unknown_type.ts.UnknownType::toCDS,none,false,true,false
src/abap/types/basic/unknown_type.ts.UnknownType::toText,none,false,true,false
src/abap/types/basic/unknown_type.ts.UnknownType::toText_instantiated_src/abap/types/basic/unknown_type.ts.UnknownType,none,false,true,false
src/abap/types/basic/utc_long_type.ts.UTCLongType::constructor,own_fields,false,false,false
src/abap/types/basic/utc_long_type.ts.UTCLongType::containsVoid,none,false,true,false
src/abap/types/basic/utc_long_type.ts.UTCLongType::isGeneric,none,false,true,false
src/abap/types/basic/utc_long_type.ts.UTCLongType::toABAP,none,false,true,false
src/abap/types/basic/utc_long_type.ts.UTCLongType::toCDS,none,false,true,false
src/abap/types/basic/utc_long_type.ts.UTCLongType::toText,none,false,true,false
src/abap/types/basic/utc_long_type.ts.UTCLongType::toText_instantiated_src/abap/types/basic/utc_long_type.ts.UTCLongType,none,false,true,false
src/abap/types/basic/void_type.ts.VoidType::class_constructor,any,true,false,true
src/abap/types/basic/void_type.ts.VoidType::constructor,any,true,false,true
src/abap/types/basic/void_type.ts.VoidType::containsVoid,none,false,false,false
src/abap/types/basic/void_type.ts.VoidType::get,any,true,false,true
src/abap/types/basic/void_type.ts.VoidType::getVoided,none,false,false,false
src/abap/types/basic/void_type.ts.VoidType::isGeneric,none,false,false,false
src/abap/types/basic/void_type.ts.VoidType::toABAP,none,false,true,false
src/abap/types/basic/void_type.ts.VoidType::toCDS,none,false,true,false
src/abap/types/basic/void_type.ts.VoidType::toText,none,false,true,false
src/abap/types/basic/void_type.ts.VoidType::toText_instantiated_src/abap/types/basic/void_type.ts.VoidType,none,false,true,false
src/abap/types/basic/xgeneric_type.ts.XGenericType::class_constructor,any,true,false,true
src/abap/types/basic/xgeneric_type.ts.XGenericType::constructor,any,true,false,true
src/abap/types/basic/xgeneric_type.ts.XGenericType::containsVoid,none,false,true,false
src/abap/types/basic/xgeneric_type.ts.XGenericType::get,any,true,false,true
src/abap/types/basic/xgeneric_type.ts.XGenericType::isGeneric,none,false,true,false
src/abap/types/basic/xgeneric_type.ts.XGenericType::toABAP,none,false,true,false
src/abap/types/basic/xgeneric_type.ts.XGenericType::toCDS,none,false,true,false
src/abap/types/basic/xgeneric_type.ts.XGenericType::toText,none,false,true,false
src/abap/types/basic/xgeneric_type.ts.XGenericType::toText_instantiated_src/abap/types/basic/xgeneric_type.ts.XGenericType,none,false,true,false
src/abap/types/basic/xsequence_type.ts.XSequenceType::constructor,own_fields,false,false,false
src/abap/types/basic/xsequence_type.ts.XSequenceType::containsVoid,none,false,true,false
src/abap/types/basic/xsequence_type.ts.XSequenceType::isGeneric,none,false,true,false
src/abap/types/basic/xsequence_type.ts.XSequenceType::toABAP,none,false,true,false
src/abap/types/basic/xsequence_type.ts.XSequenceType::toCDS,none,false,true,false
src/abap/types/basic/xsequence_type.ts.XSequenceType::toText,none,false,true,false
src/abap/types/basic/xsequence_type.ts.XSequenceType::toText_instantiated_src/abap/types/basic/xsequence_type.ts.XSequenceType,none,false,true,false
src/abap/types/basic/xstring_type.ts.XStringType::class_constructor,any,true,false,true
src/abap/types/basic/xstring_type.ts.XStringType::constructor,any,true,false,true
src/abap/types/basic/xstring_type.ts.XStringType::containsVoid,none,false,true,false
src/abap/types/basic/xstring_type.ts.XStringType::get,any,true,false,true
src/abap/types/basic/xstring_type.ts.XStringType::isGeneric,none,false,false,false
src/abap/types/basic/xstring_type.ts.XStringType::toABAP,none,false,true,false
src/abap/types/basic/xstring_type.ts.XStringType::toCDS,none,false,true,false
src/abap/types/basic/xstring_type.ts.XStringType::toText,none,false,true,false
src/abap/types/basic/xstring_type.ts.XStringType::toText_instantiated_src/abap/types/basic/xstring_type.ts.XStringType,none,false,true,false
src/abap/types/class_attribute.ts.ClassAttribute::constructor,own_fields,true,true,false
src/abap/types/class_attribute.ts.ClassAttribute::getVisibility,none,false,false,false
src/abap/types/class_attributes.ts.Attributes::buildByName,any,true,false,true
src/abap/types/class_attributes.ts.Attributes::constructor,any,true,true,true
src/abap/types/class_attributes.ts.Attributes::existsInInterface,any,true,true,true
src/abap/types/class_attributes.ts.Attributes::findByName,none,true,false,false
src/abap/types/class_attributes.ts.Attributes::getAliases,none,false,false,false
src/abap/types/class_attributes.ts.Attributes::getAll,none,false,false,false
src/abap/types/class_attributes.ts.Attributes::getConstants,none,false,false,false
src/abap/types/class_attributes.ts.Attributes::getConstantsByVisibility,none,false,true,false
src/abap/types/class_attributes.ts.Attributes::getInstance,none,false,false,false
src/abap/types/class_attributes.ts.Attributes::getInstancesByVisibility,none,false,true,false
src/abap/types/class_attributes.ts.Attributes::getStatic,none,false,false,false
src/abap/types/class_attributes.ts.Attributes::getStaticsByVisibility,none,false,true,false
src/abap/types/class_attributes.ts.Attributes::getTypes,none,false,false,false
src/abap/types/class_attributes.ts.Attributes::getTypes_instantiated_src/abap/types/class_attributes.ts.Attributes,none,false,false,false
src/abap/types/class_attributes.ts.Attributes::parse,any,true,true,true
src/abap/types/class_attributes.ts.Attributes::parseAlias,any,true,true,true
src/abap/types/class_attributes.ts.Attributes::parseAttribute,any,true,true,true
src/abap/types/class_attributes.ts.Attributes::parseSection,any,true,true,true
src/abap/types/class_constant.ts.ClassConstant::constructor,any,true,true,false
src/abap/types/class_constant.ts.ClassConstant::getVisibility,none,false,false,false
src/abap/types/class_definition.ts.ClassDefinition::addReference,any,true,true,true
src/abap/types/class_definition.ts.ClassDefinition::checkClassConstructor,any,true,true,true
src/abap/types/class_definition.ts.ClassDefinition::checkClassNameLength,any,true,true,false
src/abap/types/class_definition.ts.ClassDefinition::checkEventNameConflicts,any,true,true,true
src/abap/types/class_definition.ts.ClassDefinition::checkInterfaceVisibility,any,true,true,true
src/abap/types/class_definition.ts.ClassDefinition::checkMethodNameConflicts,any,true,true,true
src/abap/types/class_definition.ts.ClassDefinition::checkMethodNameLength,any,true,true,true
src/abap/types/class_definition.ts.ClassDefinition::checkMethodsFromSuperClasses,any,true,true,true
src/abap/types/class_definition.ts.ClassDefinition::constructor,any,true,true,true
src/abap/types/class_definition.ts.ClassDefinition::findFriends,any,true,true,true
src/abap/types/class_definition.ts.ClassDefinition::findSuper,any,true,true,true
src/abap/types/class_definition.ts.ClassDefinition::getAliases,none,false,false,false
src/abap/types/class_definition.ts.ClassDefinition::getAttributes,none,false,false,false
src/abap/types/class_definition.ts.ClassDefinition::getAttributes_instantiated_src/abap/types/class_definition.ts.ClassDefinition,none,false,false,false
src/abap/types/class_definition.ts.ClassDefinition::getCreateVisibility,none,false,false,false
src/abap/types/class_definition.ts.ClassDefinition::getEvents,none,false,false,false
src/abap/types/class_definition.ts.ClassDefinition::getFriends,none,false,false,false
src/abap/types/class_definition.ts.ClassDefinition::getImplementing,none,false,false,false
src/abap/types/class_definition.ts.ClassDefinition::getMethodDefinitions,none,false,false,false
src/abap/types/class_definition.ts.ClassDefinition::getSuperClass,none,false,false,false
src/abap/types/class_definition.ts.ClassDefinition::getTypeDefinitions,none,false,false,false
src/abap/types/class_definition.ts.ClassDefinition::getTypeDefinitions_instantiated_src/abap/types/class_definition.ts.ClassDefinition,none,false,false,false
src/abap/types/class_definition.ts.ClassDefinition::isAbstract,none,false,false,false
src/abap/types/class_definition.ts.ClassDefinition::isFinal,none,false,true,false
src/abap/types/class_definition.ts.ClassDefinition::isForTesting,none,false,false,false
src/abap/types/class_definition.ts.ClassDefinition::isGlobal,none,false,false,false
src/abap/types/class_definition.ts.ClassDefinition::isSharedMemory,none,false,true,false
src/abap/types/class_definition.ts.ClassDefinition::parse,any,true,true,true
src/abap/types/class_implementation.ts.ClassImplementation::constructor,own_fields,true,true,true
src/abap/types/class_implementation.ts.ClassImplementation::getMethodImplementation,none,false,true,false
src/abap/types/class_implementation.ts.ClassImplementation::getMethodImplementations,none,false,true,false
src/abap/types/event_definition.ts.EventDefinition::constructor,any,true,true,true
src/abap/types/event_definition.ts.EventDefinition::getParameters,none,false,false,false
src/abap/types/event_definition.ts.EventDefinition::isStatic,none,false,true,false
src/abap/types/event_definition.ts.EventDefinition::parse,any,true,true,true
src/abap/types/form_definition.ts.FormDefinition::constructor,any,true,true,true
src/abap/types/form_definition.ts.FormDefinition::findParams,any,true,true,true
src/abap/types/form_definition.ts.FormDefinition::findTables,any,true,true,true
src/abap/types/form_definition.ts.FormDefinition::findType,any,true,true,true
src/abap/types/form_definition.ts.FormDefinition::getChangingParameters,none,false,false,false
src/abap/types/form_definition.ts.FormDefinition::getTablesParameters,none,false,false,false
src/abap/types/form_definition.ts.FormDefinition::getUsingParameters,none,false,false,false
src/abap/types/function_module_definition.ts.FunctionModuleDefinition::constructor,none,false,true,false
src/abap/types/function_module_definition.ts.FunctionModuleDefinition::getDescription,none,false,true,false
src/abap/types/function_module_definition.ts.FunctionModuleDefinition::getModuleType,none,false,true,false
src/abap/types/function_module_definition.ts.FunctionModuleDefinition::getName,none,false,true,false
src/abap/types/function_module_definition.ts.FunctionModuleDefinition::getParameters,none,false,true,false
src/abap/types/function_module_definition.ts.FunctionModuleDefinition::isGlobalParameters,none,false,true,false
src/abap/types/function_module_definition.ts.FunctionModuleDefinition::parse,none,false,true,false
src/abap/types/function_module_definition.ts.IFunctionModuleParameter::constructor,own_fields,false,false,false
src/abap/types/function_module_definition.ts.module::class_constructor,any,true,false,true
src/abap/types/index.ts.module::class_constructor,any,true,false,true
src/abap/types/interface_definition.ts.InterfaceDefinition::checkInterfacesExists,any,true,true,true
src/abap/types/interface_definition.ts.InterfaceDefinition::checkMethodNameLength,any,true,true,true
src/abap/types/interface_definition.ts.InterfaceDefinition::constructor,any,true,true,true
src/abap/types/interface_definition.ts.InterfaceDefinition::getAliases,none,false,false,false
src/abap/types/interface_definition.ts.InterfaceDefinition::getAttributes,none,false,false,false
src/abap/types/interface_definition.ts.InterfaceDefinition::getEvents,none,false,false,false
src/abap/types/interface_definition.ts.InterfaceDefinition::getImplementing,none,false,false,false
src/abap/types/interface_definition.ts.InterfaceDefinition::getMethodDefinitions,none,false,false,false
src/abap/types/interface_definition.ts.InterfaceDefinition::getSuperClass,none,false,false,false
src/abap/types/interface_definition.ts.InterfaceDefinition::getTypeDefinitions,none,false,false,false
src/abap/types/interface_definition.ts.InterfaceDefinition::isGlobal,none,false,false,false
src/abap/types/interface_definition.ts.InterfaceDefinition::isLocal,none,false,true,false
src/abap/types/interface_definition.ts.InterfaceDefinition::parse,any,true,true,true
src/abap/types/message.ts.Message::constructor,own_fields,false,false,false
src/abap/types/message.ts.Message::getMessage,none,false,true,false
src/abap/types/message.ts.Message::getMessageClass,none,false,true,false
src/abap/types/message.ts.Message::getNumber,none,false,true,false
src/abap/types/message.ts.Message::getPlaceholderCount,none,false,true,false
src/abap/types/method_definition.ts.MethodDefinition::constructor,any,true,true,true
src/abap/types/method_definition.ts.MethodDefinition::getClassName,none,false,true,false
src/abap/types/method_definition.ts.MethodDefinition::getEventClass,none,false,true,false
src/abap/types/method_definition.ts.MethodDefinition::getEventName,none,false,true,false
src/abap/types/method_definition.ts.MethodDefinition::getExceptions,none,false,true,false
src/abap/types/method_definition.ts.MethodDefinition::getParameters,none,false,false,false
src/abap/types/method_definition.ts.MethodDefinition::getParameters_instantiated_src/abap/types/method_definition.ts.MethodDefinition,none,false,false,false
src/abap/types/method_definition.ts.MethodDefinition::getRaising,none,false,true,false
src/abap/types/method_definition.ts.MethodDefinition::getVisibility,none,false,false,false
src/abap/types/method_definition.ts.MethodDefinition::isAbstract,none,false,true,false
src/abap/types/method_definition.ts.MethodDefinition::isEventHandler,none,false,true,false
src/abap/types/method_definition.ts.MethodDefinition::isRedefinition,none,false,false,false
src/abap/types/method_definition.ts.MethodDefinition::isStatic,none,false,false,false
src/abap/types/method_definitions.ts.MethodDefinitions::add,any,true,true,true
src/abap/types/method_definitions.ts.MethodDefinitions::constructor,any,true,true,true
src/abap/types/method_definitions.ts.MethodDefinitions::getAll,any,true,true,true
src/abap/types/method_definitions.ts.MethodDefinitions::getByName,none,true,false,false
src/abap/types/method_definitions.ts.MethodDefinitions::parse,any,true,true,true
src/abap/types/method_definitions.ts.MethodDefinitions::parseInterface,any,true,true,true
src/abap/types/method_implementation.ts.MethodImplementation::constructor,own_fields,true,true,true
src/abap/types/method_parameters.ts.MethodParameters::add,any,true,true,true
src/abap/types/method_parameters.ts.MethodParameters::checkDuplicateNames,any,true,true,true
src/abap/types/method_parameters.ts.MethodParameters::checkNameLengths,any,true,true,true
src/abap/types/method_parameters.ts.MethodParameters::constructor,any,true,true,true
src/abap/types/method_parameters.ts.MethodParameters::getAll,any,true,true,true
src/abap/types/method_parameters.ts.MethodParameters::getChanging,none,false,false,false
src/abap/types/method_parameters.ts.MethodParameters::getDefaultImporting,any,true,false,true
src/abap/types/method_parameters.ts.MethodParameters::getExceptions,none,false,true,false
src/abap/types/method_parameters.ts.MethodParameters::getExporting,none,false,false,false
src/abap/types/method_parameters.ts.MethodParameters::getFilename,none,false,true,false
src/abap/types/method_parameters.ts.MethodParameters::getImporting,none,false,false,false
src/abap/types/method_parameters.ts.MethodParameters::getOptional,none,false,false,false
src/abap/types/method_parameters.ts.MethodParameters::getParameterDefault,none,false,true,false
src/abap/types/method_parameters.ts.MethodParameters::getParameterDefault_instantiated_src/abap/types/method_parameters.ts.MethodParameters,none,false,true,false
src/abap/types/method_parameters.ts.MethodParameters::getRequiredParameters,any,true,false,true
src/abap/types/method_parameters.ts.MethodParameters::getReturning,none,false,false,false
src/abap/types/method_parameters.ts.MethodParameters::isPassByValue,none,true,true,true
src/abap/types/method_parameters.ts.MethodParameters::parse,any,true,true,true
src/abap/types/method_parameters.ts.MethodParameters::workaroundRAP,any,true,true,true
src/abap/types/type_definitions.ts.TypeDefinitions::constructor,any,true,false,true
src/abap/types/type_definitions.ts.TypeDefinitions::getAll,none,false,false,false
src/abap/types/type_definitions.ts.TypeDefinitions::getByName,none,true,true,false
src/artifacts_objects.ts.ArtifactsObjects::buildObjectMap,none,false,true,false
src/artifacts_objects.ts.ArtifactsObjects::newObject,none,true,true,false
src/artifacts_rules.ts.ArtifactsRules::getRules,any,true,true,true
src/cds/cds_lexer.ts.CDSLexer::run,none,true,true,true
src/cds/cds_lexer.ts.Result::add,none,false,true,false
src/cds/cds_lexer.ts.Result::constructor,own_fields,true,false,false
src/cds/cds_lexer.ts.Result::get,none,false,true,false
src/cds/cds_lexer.ts.Stream::constructor,own_fields,false,false,false
src/cds/cds_lexer.ts.Stream::length,none,false,true,false
src/cds/cds_lexer.ts.Stream::peekNext,none,false,true,false
src/cds/cds_lexer.ts.Stream::takeNext,none,false,true,false
src/cds/cds_lexer.ts.module::class_constructor,any,true,false,true
src/cds/expressions/cds_name.ts.module::class_constructor,any,true,false,true
src/cds/expressions/cds_relation.ts.module::class_constructor,any,true,false,true
src/cds/expressions/index.ts.module::class_constructor,any,true,false,true
src/config.ts.Config::checkVersion,any,true,true,true
src/config.ts.Config::constructor,any,true,true,true
src/config.ts.Config::get,none,false,false,false
src/config.ts.Config::getDefault,any,true,true,true
src/config.ts.Config::getEnabledRules,any,true,true,true
src/config.ts.Config::getGlobal,none,false,false,false
src/config.ts.Config::getLanguageVersion,none,true,true,false
src/config.ts.Config::getRelease,any,true,true,true
src/config.ts.Config::getSyntaxSetttings,none,false,false,false
src/config.ts.Config::getVersion,none,false,true,false
src/config.ts.Config::isOpenABAP,any,true,true,true
src/config.ts.Config::readByKey,none,true,true,false
src/config.ts.Config::readByRule,none,false,true,false
src/ddic.ts.DDIC::constructor,own_fields,false,false,false
src/ddic.ts.DDIC::inErrorNamespace,none,false,true,false
src/ddic.ts.DDIC::isException,none,false,true,false
src/ddic.ts.DDIC::lookup,any,true,true,true
src/ddic.ts.DDIC::lookupBuiltinType,any,true,true,true
src/ddic.ts.DDIC::lookupDDLS,any,true,true,true
src/ddic.ts.DDIC::lookupDataElement,none,false,true,false
src/ddic.ts.DDIC::lookupDomain,none,false,true,false
src/ddic.ts.DDIC::lookupNoVoid,any,true,true,true
src/ddic.ts.DDIC::lookupObject,none,false,true,false
src/ddic.ts.DDIC::lookupTable,any,true,true,true
src/ddic.ts.DDIC::lookupTableOrView,any,true,true,true
src/ddic.ts.DDIC::lookupTableOrView2,any,true,true,true
src/ddic.ts.DDIC::lookupTableType,none,false,true,false
src/ddic.ts.DDIC::lookupView,any,true,true,true
src/ddic.ts.DDIC::textToType,none,false,true,false
src/ddic.ts.ILookupResult::constructor,own_fields,false,false,false
src/ddic_references.ts.DDICReferences::addUsing,any,true,true,false
src/ddic_references.ts.DDICReferences::clear,any,true,true,true
src/ddic_references.ts.DDICReferences::constructor,own_fields,true,false,false
src/ddic_references.ts.DDICReferences::listByFilename,none,false,true,false
src/ddic_references.ts.DDICReferences::listUsing,none,true,true,false
src/ddic_references.ts.DDICReferences::listWhereUsed,none,false,true,false
src/ddic_references.ts.DDICReferences::setUsing,none,false,true,false
src/edit_helper.ts.EditDraft::constructor,own_fields,true,true,false
src/edit_helper.ts.EditDraft::replace,none,false,true,false
src/edit_helper.ts.EditDraft::toEdit,none,false,true,false
src/edit_helper.ts.EditHelper::deleteRange,any,true,false,false
src/edit_helper.ts.EditHelper::deleteStatement,any,true,true,true
src/edit_helper.ts.EditHelper::deleteToken,any,true,true,false
src/edit_helper.ts.EditHelper::findStatement,none,false,true,true
src/edit_helper.ts.EditHelper::firstAfterColon,any,true,true,true
src/edit_helper.ts.EditHelper::insertAt,any,true,false,false
src/edit_helper.ts.EditHelper::merge,any,true,true,true
src/edit_helper.ts.EditHelper::mergeList,any,true,true,true
src/edit_helper.ts.EditHelper::replaceRange,any,true,false,false
src/edit_helper.ts.EditHelper::replaceToken,any,true,true,false
src/edit_helper.ts.IRange::constructor,own_fields,false,false,false
src/edit_helper.ts.ITextEdit::constructor,own_fields,false,false,false
src/files/_abstract_file.ts.AbstractFile::baseName,none,true,true,true
src/files/_abstract_file.ts.AbstractFile::constructor,own_fields,false,false,false
src/files/_abstract_file.ts.AbstractFile::getFilename,none,false,false,false
src/files/_abstract_file.ts.AbstractFile::getObjectName,any,true,true,true
src/files/_abstract_file.ts.AbstractFile::getObjectType,none,true,true,true
src/files/memory_file.ts.MemoryFile::constructor,own_fields,false,false,false
src/files/memory_file.ts.MemoryFile::getRaw,none,false,false,false
src/files/memory_file.ts.MemoryFile::getRawRows,none,true,false,false
src/issue.ts.Fix::constructor,own_fields,false,false,false
src/issue.ts.IIssueData::constructor,own_fields,false,false,false
src/issue.ts.Issue::atIdentifier,any,true,true,false
src/issue.ts.Issue::atPosition,any,true,true,false
src/issue.ts.Issue::atRange,any,true,true,false
src/issue.ts.Issue::atRow,any,true,true,false
src/issue.ts.Issue::atRowRange,any,true,true,false
src/issue.ts.Issue::atStatement,any,true,true,true
src/issue.ts.Issue::atToken,any,true,true,false
src/issue.ts.Issue::atTokenFilename,any,true,true,false
src/issue.ts.Issue::constructor,any,true,true,false
src/issue.ts.Issue::getAlternativeFixes,none,false,true,false
src/issue.ts.Issue::getData,none,false,true,false
src/issue.ts.Issue::getDefaultFix,none,false,true,false
src/issue.ts.Issue::getEnd,none,false,false,false
src/issue.ts.Issue::getFilename,none,false,false,false
src/issue.ts.Issue::getKey,none,false,false,false
src/issue.ts.Issue::getMessage,none,false,false,false
src/issue.ts.Issue::getSeverity,none,false,false,false
src/issue.ts.Issue::getStart,none,false,false,false
src/lsp/_interfaces.ts.ICodeActionParams::constructor,own_fields,false,false,false
src/lsp/_interfaces.ts.IDocumentSymbolParams::constructor,own_fields,false,false,false
src/lsp/_interfaces.ts.IRenameParams::constructor,own_fields,false,false,false
src/lsp/_interfaces.ts.ITextDocumentPositionParams::constructor,own_fields,false,false,false
src/lsp/_interfaces.ts.ITextDocumentRange::constructor,own_fields,false,false,false
src/lsp/_interfaces.ts.module::class_constructor,any,true,false,true
src/lsp/code_actions.ts.CodeActions::constructor,own_fields,false,false,false
src/lsp/code_actions.ts.CodeActions::find,none,false,true,false
src/lsp/code_actions.ts.CodeActions::fixAlls,none,false,true,false
src/lsp/code_actions.ts.CodeActions::inRange,none,false,true,false
src/lsp/code_lens.ts.CodeLens::constructor,own_fields,false,false,false
src/lsp/code_lens.ts.CodeLens::findMethodReferences,none,false,true,false
src/lsp/code_lens.ts.CodeLens::isDynamicException,none,false,true,false
src/lsp/code_lens.ts.CodeLens::list,none,false,true,false
src/lsp/code_lens.ts.CodeLensSettings::constructor,own_fields,false,false,false
src/lsp/definition.ts.Definition::constructor,own_fields,false,false,false
src/lsp/definition.ts.Definition::find,none,false,true,false
src/lsp/diagnostics.ts.Diagnostics::constructor,own_fields,false,false,false
src/lsp/diagnostics.ts.Diagnostics::find,none,false,true,false
src/lsp/diagnostics.ts.Diagnostics::findIssues,none,false,true,false
src/lsp/diagnostics.ts.Diagnostics::mapDiagnostic,none,true,true,false
src/lsp/diagnostics.ts.Diagnostics::mapSeverity,none,false,false,false
src/lsp/highlight.ts.Highlight::constructor,own_fields,false,false,false
src/lsp/highlight.ts.Highlight::findObject,none,false,true,false
src/lsp/highlight.ts.Highlight::listDefinitionPositions,none,false,true,false
src/lsp/highlight.ts.Highlight::listReadPositions,none,false,true,false
src/lsp/highlight.ts.Highlight::listWritePositions,none,false,true,false
src/lsp/highlight.ts.Highlight::runSyntax,none,false,true,false
src/lsp/hover.ts.Hover::constructor,own_fields,false,false,false
src/lsp/hover.ts.Hover::find,none,false,true,false
src/lsp/implementation.ts.Implementation::constructor,own_fields,false,false,false
src/lsp/implementation.ts.Implementation::find,none,false,true,false
src/lsp/implementation.ts.Implementation::findMethodImplementations,none,false,true,false
src/lsp/implementation.ts.Implementation::searchReferences,none,false,true,false
src/lsp/inlay_hints.ts.InlayHints::constructor,own_fields,false,false,false
src/lsp/inlay_hints.ts.InlayHints::findImplicitReferences,none,false,true,false
src/lsp/inlay_hints.ts.InlayHints::list,none,false,true,false
src/lsp/inlay_hints.ts.InlayHintsSettings::constructor,own_fields,false,false,false
src/lsp/language_server.ts.LanguageServer::codeActions,none,false,true,false
src/lsp/language_server.ts.LanguageServer::codeLens,none,false,true,false
src/lsp/language_server.ts.LanguageServer::constructor,own_fields,false,false,false
src/lsp/language_server.ts.LanguageServer::diagnostics,none,false,true,false
src/lsp/language_server.ts.LanguageServer::documentFormatting,none,false,true,false
src/lsp/language_server.ts.LanguageServer::documentHighlight,none,false,true,false
src/lsp/language_server.ts.LanguageServer::documentSymbol,none,false,true,false
src/lsp/language_server.ts.LanguageServer::gotoDefinition,none,false,true,false
src/lsp/language_server.ts.LanguageServer::help,none,false,true,false
src/lsp/language_server.ts.LanguageServer::hover,none,false,true,false
src/lsp/language_server.ts.LanguageServer::implementation,none,false,true,false
src/lsp/language_server.ts.LanguageServer::inlayHints,none,false,true,false
src/lsp/language_server.ts.LanguageServer::listDefinitionPositions,none,false,true,false
src/lsp/language_server.ts.LanguageServer::listReadPositions,none,false,true,false
src/lsp/language_server.ts.LanguageServer::listWritePositions,none,false,true,false
src/lsp/language_server.ts.LanguageServer::prepareRename,none,false,true,false
src/lsp/language_server.ts.LanguageServer::references,none,false,true,false
src/lsp/language_server.ts.LanguageServer::rename,none,false,true,false
src/lsp/language_server.ts.LanguageServer::semanticTokensLegend,any,true,true,true
src/lsp/language_server.ts.LanguageServer::semanticTokensRange,none,false,true,false
src/lsp/references.ts.References::constructor,own_fields,false,false,false
src/lsp/references.ts.References::findReferences,none,false,true,false
src/lsp/references.ts.References::references,none,false,true,false
src/lsp/references.ts.References::removeDuplicates,none,false,true,false
src/lsp/references.ts.References::search,none,false,true,false
src/lsp/rename.ts.IPrepareResult::constructor,own_fields,false,false,false
src/lsp/rename.ts.Rename::constructor,own_fields,false,false,false
src/lsp/rename.ts.Rename::prepareRename,none,false,true,false
src/lsp/rename.ts.Rename::rename,none,false,true,false
src/lsp/rename.ts.Rename::renameMethod,none,false,true,false
src/lsp/rename.ts.Rename::renameVariable,none,false,true,false
src/lsp/rename.ts.module::class_constructor,any,true,false,true
src/lsp/semantic.ts.SemanticHighlighting::class_constructor,any,true,false,true
src/lsp/semantic.ts.SemanticHighlighting::constructor,any,true,true,true
src/lsp/semantic.ts.SemanticHighlighting::encodeTokens,none,false,true,false
src/lsp/semantic.ts.SemanticHighlighting::initLegend,any,true,true,true
src/lsp/semantic.ts.SemanticHighlighting::semanticTokensLegend,any,true,true,true
src/lsp/semantic.ts.SemanticHighlighting::semanticTokensRange,none,false,true,false
src/lsp/semantic.ts.Token::constructor,own_fields,false,false,false
src/lsp/semantic.ts.module::class_constructor,any,false,false,false
src/lsp/symbols.ts.Symbols::constructor,own_fields,false,false,false
src/lsp/symbols.ts.Symbols::find,none,false,true,false
src/lsp/symbols.ts.Symbols::newSymbol,none,false,true,false
src/lsp/symbols.ts.Symbols::newSymbolRanged,none,false,true,false
src/lsp/symbols.ts.Symbols::outputClassAttributes,none,false,true,false
src/lsp/symbols.ts.Symbols::outputClasses,none,false,true,false
src/lsp/symbols.ts.Symbols::outputForms,none,false,true,false
src/lsp/symbols.ts.Symbols::outputMethodImplementations,none,false,true,false
src/lsp/symbols.ts.Symbols::outputModules,none,false,true,false
src/lsp/symbols.ts.Symbols::range,none,false,true,false
src/lsp/symbols.ts.Symbols::selectionRange,none,false,true,false
src/macro_references.ts.MacroReferences::addDefinition,none,false,true,false
src/macro_references.ts.MacroReferences::addReference,none,false,true,false
src/macro_references.ts.MacroReferences::clear,any,false,false,false
src/macro_references.ts.MacroReferences::constructor,own_fields,true,false,false
src/macro_references.ts.MacroReferences::findDefinitionByUsage,none,false,true,false
src/macro_references.ts.MacroReferences::getDefinitionRange,none,false,true,false
src/macro_references.ts.MacroReferences::listDefinitionsByFile,none,false,true,false
src/macro_references.ts.MacroReferences::listUsagesbyMacro,none,false,true,false
src/msag_references.ts.MSAGReferences::addUsing,any,true,true,false
src/msag_references.ts.MSAGReferences::clear,any,true,true,true
src/msag_references.ts.MSAGReferences::constructor,own_fields,true,false,false
src/msag_references.ts.MSAGReferences::listByFilename,none,false,true,false
src/msag_references.ts.MSAGReferences::listByMessage,none,false,true,false
src/objects/_abap_object.ts.ABAPObject::constructor,own_fields,true,false,false
src/objects/_abap_object.ts.ABAPObject::debugDescription,none,false,true,false
src/objects/_abap_object.ts.ABAPObject::findTexts,none,false,true,false
src/objects/_abap_object.ts.ABAPObject::findTextsTranslations,none,false,true,false
src/objects/_abap_object.ts.ABAPObject::getABAPFileByName,none,false,false,true
src/objects/_abap_object.ts.ABAPObject::getABAPFiles,none,false,false,false
src/objects/_abap_object.ts.ABAPObject::getMainABAPFile,none,true,true,true
src/objects/_abap_object.ts.ABAPObject::getParsedXML,none,false,true,false
src/objects/_abap_object.ts.ABAPObject::getTextElements,none,false,true,false
src/objects/_abap_object.ts.ABAPObject::getTextElementsTranslations,none,false,true,false
src/objects/_abap_object.ts.ABAPObject::getTextSymbols,none,false,true,false
src/objects/_abap_object.ts.ABAPObject::is,none,false,true,false
src/objects/_abap_object.ts.ABAPObject::parse,any,true,true,true
src/objects/_abap_object.ts.ABAPObject::parse_instantiated_src/objects/_abap_object.ts.ABAPObject,any,true,true,true
src/objects/_abap_object.ts.ABAPObject::setDirty,own_fields,true,false,false
src/objects/_abap_object.ts.ITranslationTextElements::constructor,own_fields,false,false,false
src/objects/_abstract_object.ts.AbstractObject::addFile,any,true,true,true
src/objects/_abstract_object.ts.AbstractObject::constructor,own_fields,true,false,false
src/objects/_abstract_object.ts.AbstractObject::containsFile,none,false,true,false
src/objects/_abstract_object.ts.AbstractObject::getFiles,none,false,false,false
src/objects/_abstract_object.ts.AbstractObject::getIdentifier,none,false,true,false
src/objects/_abstract_object.ts.AbstractObject::getName,none,false,false,false
src/objects/_abstract_object.ts.AbstractObject::getParsingIssues,none,false,false,false
src/objects/_abstract_object.ts.AbstractObject::getXML,none,true,true,true
src/objects/_abstract_object.ts.AbstractObject::getXMLFile,none,true,true,true
src/objects/_abstract_object.ts.AbstractObject::isDirty,none,false,false,false
src/objects/_abstract_object.ts.AbstractObject::parse,none,true,false,false
src/objects/_abstract_object.ts.AbstractObject::parseRaw2,none,true,true,true
src/objects/_abstract_object.ts.AbstractObject::parse_instantiated_src/objects/_abstract_object.ts.AbstractObject,none,true,false,false
src/objects/_abstract_object.ts.AbstractObject::removeFile,none,false,true,false
src/objects/_abstract_object.ts.AbstractObject::setDirty,own_fields,true,false,false
src/objects/_abstract_object.ts.AbstractObject::updateFile,none,false,true,false
src/objects/_dynpros.ts.DynproField::constructor,own_fields,false,false,false
src/objects/_dynpros.ts.DynproHeader::constructor,own_fields,false,false,false
src/objects/_dynpros.ts.module::class_constructor,none,false,false,false
src/objects/_dynpros.ts.module::parseDynpros,any,true,true,true
src/objects/_dynpros.ts.module::parseNumber,none,false,true,false
src/objects/_iobject.ts.IAllowedNaming::constructor,own_fields,false,false,false
src/objects/_iobject.ts.IParseResult::constructor,own_fields,false,false,false
src/objects/_unknown_object.ts.UnknownObject::constructor,own_fields,true,false,false
src/objects/_unknown_object.ts.UnknownObject::getAllowedNaming,none,false,true,false
src/objects/_unknown_object.ts.UnknownObject::getDescription,none,false,true,false
src/objects/_unknown_object.ts.UnknownObject::getParsingIssues,none,false,true,false
src/objects/_unknown_object.ts.UnknownObject::getType,none,false,true,false
src/objects/abap_query_functional_area.ts.ABAPQueryFunctionalArea::constructor,own_fields,true,false,false
src/objects/abap_query_functional_area.ts.ABAPQueryFunctionalArea::getAllowedNaming,none,false,true,false
src/objects/abap_query_functional_area.ts.ABAPQueryFunctionalArea::getDescription,none,false,true,false
src/objects/abap_query_functional_area.ts.ABAPQueryFunctionalArea::getType,none,false,false,false
src/objects/abap_query_query.ts.ABAPQueryQuery::constructor,own_fields,true,false,false
src/objects/abap_query_query.ts.ABAPQueryQuery::getAllowedNaming,none,false,true,false
src/objects/abap_query_query.ts.ABAPQueryQuery::getDescription,none,false,true,false
src/objects/abap_query_query.ts.ABAPQueryQuery::getType,none,false,false,false
src/objects/activation_variant.ts.ActivationVariant::constructor,own_fields,true,false,false
src/objects/activation_variant.ts.ActivationVariant::getAllowedNaming,none,false,true,false
src/objects/activation_variant.ts.ActivationVariant::getDescription,none,false,true,false
src/objects/activation_variant.ts.ActivationVariant::getType,none,false,false,false
src/objects/api_release_state.ts.APIReleaseState::constructor,own_fields,true,false,false
src/objects/api_release_state.ts.APIReleaseState::getAllowedNaming,none,false,true,false
src/objects/api_release_state.ts.APIReleaseState::getDescription,none,false,true,false
src/objects/api_release_state.ts.APIReleaseState::getType,none,false,false,false
src/objects/application_descriptors_fiori.ts.ApplicationDescriptorsFiori::constructor,own_fields,true,false,false
src/objects/application_descriptors_fiori.ts.ApplicationDescriptorsFiori::getAllowedNaming,none,false,true,false
src/objects/application_descriptors_fiori.ts.ApplicationDescriptorsFiori::getDescription,none,false,true,false
src/objects/application_descriptors_fiori.ts.ApplicationDescriptorsFiori::getType,none,false,false,false
src/objects/application_job_catalog_entry.ts.ApplicationJobCatalogEntry::constructor,own_fields,true,false,false
src/objects/application_job_catalog_entry.ts.ApplicationJobCatalogEntry::getAllowedNaming,none,false,true,false
src/objects/application_job_catalog_entry.ts.ApplicationJobCatalogEntry::getDescription,none,false,true,false
src/objects/application_job_catalog_entry.ts.ApplicationJobCatalogEntry::getType,none,false,false,false
src/objects/application_job_template.ts.ApplicationJobTemplate::constructor,own_fields,true,false,false
src/objects/application_job_template.ts.ApplicationJobTemplate::getAllowedNaming,none,false,true,false
src/objects/application_job_template.ts.ApplicationJobTemplate::getDescription,none,false,true,false
src/objects/application_job_template.ts.ApplicationJobTemplate::getType,none,false,false,false
src/objects/application_log_object.ts.ApplicationLogObject::constructor,own_fields,true,false,false
src/objects/application_log_object.ts.ApplicationLogObject::getAllowedNaming,none,false,true,false
src/objects/application_log_object.ts.ApplicationLogObject::getDescription,none,false,true,false
src/objects/application_log_object.ts.ApplicationLogObject::getType,none,false,false,false
src/objects/assignment_service_to_authorization_group.ts.AssignmentServiceToAuthorizationGroup::constructor,own_fields,true,false,false
src/objects/assignment_service_to_authorization_group.ts.AssignmentServiceToAuthorizationGroup::getAllowedNaming,none,false,true,false
src/objects/assignment_service_to_authorization_group.ts.AssignmentServiceToAuthorizationGroup::getDescription,none,false,true,false
src/objects/assignment_service_to_authorization_group.ts.AssignmentServiceToAuthorizationGroup::getType,none,false,false,false
src/objects/atc_check_category.ts.ATCCheckCategory::constructor,own_fields,true,false,false
src/objects/atc_check_category.ts.ATCCheckCategory::getAllowedNaming,none,false,true,false
src/objects/atc_check_category.ts.ATCCheckCategory::getDescription,none,false,true,false
src/objects/atc_check_category.ts.ATCCheckCategory::getType,none,false,false,false
src/objects/atc_check_object.ts.ATCCheckObject::constructor,own_fields,true,false,false
src/objects/atc_check_object.ts.ATCCheckObject::getAllowedNaming,none,false,true,false
src/objects/atc_check_object.ts.ATCCheckObject::getDescription,none,false,true,false
src/objects/atc_check_object.ts.ATCCheckObject::getType,none,false,false,false
src/objects/atc_check_variant.ts.ATCCheckVariant::constructor,own_fields,true,false,false
src/objects/atc_check_variant.ts.ATCCheckVariant::getAllowedNaming,none,false,true,false
src/objects/atc_check_variant.ts.ATCCheckVariant::getDescription,none,false,true,false
src/objects/atc_check_variant.ts.ATCCheckVariant::getType,none,false,false,false
src/objects/authorization_check_field.ts.AuthorizationCheckField::constructor,own_fields,true,false,false
src/objects/authorization_check_field.ts.AuthorizationCheckField::getAllowedNaming,none,false,true,false
src/objects/authorization_check_field.ts.AuthorizationCheckField::getDataElementName,none,false,true,false
src/objects/authorization_check_field.ts.AuthorizationCheckField::getDescription,none,false,true,false
src/objects/authorization_check_field.ts.AuthorizationCheckField::getType,none,false,false,false
src/objects/authorization_check_field.ts.AuthorizationCheckField::parse,none,false,true,false
src/objects/authorization_check_field.ts.AuthorizationCheckField::parseType,none,false,true,false
src/objects/authorization_check_field.ts.AuthorizationCheckField::parse_instantiated_src/objects/authorization_check_field.ts.AuthorizationCheckField,none,false,true,false
src/objects/authorization_check_field.ts.AuthorizationCheckField::setDirty,none,false,true,false
src/objects/authorization_group.ts.AuthorizationGroup::constructor,own_fields,true,false,false
src/objects/authorization_group.ts.AuthorizationGroup::getAllowedNaming,none,false,true,false
src/objects/authorization_group.ts.AuthorizationGroup::getDescription,none,false,true,false
src/objects/authorization_group.ts.AuthorizationGroup::getType,none,false,false,false
src/objects/authorization_object.ts.AuthorizationObject::constructor,own_fields,true,false,false
src/objects/authorization_object.ts.AuthorizationObject::getAllowedNaming,none,false,true,false
src/objects/authorization_object.ts.AuthorizationObject::getDescription,none,false,true,false
src/objects/authorization_object.ts.AuthorizationObject::getType,none,false,false,false
src/objects/authorization_object_class.ts.AuthorizationObjectClass::constructor,own_fields,true,false,false
src/objects/authorization_object_class.ts.AuthorizationObjectClass::getAllowedNaming,none,false,true,false
src/objects/authorization_object_class.ts.AuthorizationObjectClass::getDescription,none,false,true,false
src/objects/authorization_object_class.ts.AuthorizationObjectClass::getType,none,false,false,false
src/objects/authorization_object_extension.ts.AuthorizationObjectExtension::constructor,own_fields,true,false,false
src/objects/authorization_object_extension.ts.AuthorizationObjectExtension::getAllowedNaming,none,false,true,false
src/objects/authorization_object_extension.ts.AuthorizationObjectExtension::getDescription,none,false,true,false
src/objects/authorization_object_extension.ts.AuthorizationObjectExtension::getType,none,false,false,false
src/objects/badi_definition.ts.BADIDefinition::constructor,own_fields,true,false,false
src/objects/badi_definition.ts.BADIDefinition::getAllowedNaming,none,false,true,false
src/objects/badi_definition.ts.BADIDefinition::getDescription,none,false,true,false
src/objects/badi_definition.ts.BADIDefinition::getType,none,false,false,false
src/objects/behavior_definition.ts.BehaviorDefinition::constructor,own_fields,true,false,false
src/objects/behavior_definition.ts.BehaviorDefinition::findEntityNameByAlias,none,false,true,false
src/objects/behavior_definition.ts.BehaviorDefinition::findSourceFile,none,false,true,false
src/objects/behavior_definition.ts.BehaviorDefinition::getAllowedNaming,none,false,true,false
src/objects/behavior_definition.ts.BehaviorDefinition::getDescription,none,false,true,false
src/objects/behavior_definition.ts.BehaviorDefinition::getType,none,false,false,false
src/objects/behavior_definition.ts.BehaviorDefinition::listEntities,none,false,true,false
src/objects/behavior_definition.ts.BehaviorDefinition::parseSource,none,false,true,false
src/objects/behavior_definition.ts.BehaviorDefinition::setDirty,none,false,true,false
src/objects/behavior_definition.ts.ParsedBehaviorDefinition::constructor,own_fields,false,false,false
src/objects/brf_plus_system_application.ts.BRFPlusSystemApplication::constructor,own_fields,true,false,false
src/objects/brf_plus_system_application.ts.BRFPlusSystemApplication::getAllowedNaming,none,false,true,false
src/objects/brf_plus_system_application.ts.BRFPlusSystemApplication::getDescription,none,false,true,false
src/objects/brf_plus_system_application.ts.BRFPlusSystemApplication::getType,none,false,false,false
src/objects/bsp_application.ts.BSPApplication::constructor,own_fields,true,false,false
src/objects/bsp_application.ts.BSPApplication::getAllowedNaming,none,false,true,false
src/objects/bsp_application.ts.BSPApplication::getDescription,none,false,true,false
src/objects/bsp_application.ts.BSPApplication::getType,none,false,false,false
src/objects/business_add_in_implementation.ts.BusinessAddInImplementation::constructor,own_fields,true,false,false
src/objects/business_add_in_implementation.ts.BusinessAddInImplementation::getAllowedNaming,none,false,true,false
src/objects/business_add_in_implementation.ts.BusinessAddInImplementation::getDescription,none,false,true,false
src/objects/business_add_in_implementation.ts.BusinessAddInImplementation::getType,none,false,false,false
src/objects/business_catalog.ts.BusinessCatalog::constructor,own_fields,true,false,false
src/objects/business_catalog.ts.BusinessCatalog::getAllowedNaming,none,false,true,false
src/objects/business_catalog.ts.BusinessCatalog::getDescription,none,false,true,false
src/objects/business_catalog.ts.BusinessCatalog::getType,none,false,false,false
src/objects/business_catalog_app_assignment.ts.BusinessCatalogAppAssignment::constructor,own_fields,true,false,false
src/objects/business_catalog_app_assignment.ts.BusinessCatalogAppAssignment::getAllowedNaming,none,false,true,false
src/objects/business_catalog_app_assignment.ts.BusinessCatalogAppAssignment::getDescription,none,false,true,false
src/objects/business_catalog_app_assignment.ts.BusinessCatalogAppAssignment::getType,none,false,false,false
src/objects/business_configuration_maintenance_object.ts.BusinessConfigurationMaintenanceObject::constructor,own_fields,true,false,false
src/objects/business_configuration_maintenance_object.ts.BusinessConfigurationMaintenanceObject::getAllowedNaming,none,false,true,false
src/objects/business_configuration_maintenance_object.ts.BusinessConfigurationMaintenanceObject::getDescription,none,false,true,false
src/objects/business_configuration_maintenance_object.ts.BusinessConfigurationMaintenanceObject::getType,none,false,false,false
src/objects/business_configuration_set.ts.BusinessConfigurationSet::constructor,own_fields,true,false,false
src/objects/business_configuration_set.ts.BusinessConfigurationSet::getAllowedNaming,none,false,true,false
src/objects/business_configuration_set.ts.BusinessConfigurationSet::getDescription,none,false,true,false
src/objects/business_configuration_set.ts.BusinessConfigurationSet::getType,none,false,false,false
src/objects/business_function_assignment.ts.BusinessFunctionAssignment::constructor,own_fields,true,false,false
src/objects/business_function_assignment.ts.BusinessFunctionAssignment::getAllowedNaming,none,false,true,false
src/objects/business_function_assignment.ts.BusinessFunctionAssignment::getDescription,none,false,true,false
src/objects/business_function_assignment.ts.BusinessFunctionAssignment::getType,none,false,false,false
src/objects/business_function_set_assignment.ts.BusinessFunctionSetAssignment::constructor,own_fields,true,false,false
src/objects/business_function_set_assignment.ts.BusinessFunctionSetAssignment::getAllowedNaming,none,false,true,false
src/objects/business_function_set_assignment.ts.BusinessFunctionSetAssignment::getDescription,none,false,true,false
src/objects/business_function_set_assignment.ts.BusinessFunctionSetAssignment::getType,none,false,false,false
src/objects/business_object_model.ts.BusinessObjectModel::constructor,own_fields,true,false,false
src/objects/business_object_model.ts.BusinessObjectModel::getAllowedNaming,none,false,true,false
src/objects/business_object_model.ts.BusinessObjectModel::getDescription,none,false,true,false
src/objects/business_object_model.ts.BusinessObjectModel::getType,none,false,false,false
src/objects/business_object_type.ts.BusinessObjectType::constructor,own_fields,true,false,false
src/objects/business_object_type.ts.BusinessObjectType::getAllowedNaming,none,false,true,false
src/objects/business_object_type.ts.BusinessObjectType::getDescription,none,false,true,false
src/objects/business_object_type.ts.BusinessObjectType::getType,none,false,false,false
src/objects/cds_entity_buffer.ts.CDSEntityBuffer::constructor,own_fields,true,false,false
src/objects/cds_entity_buffer.ts.CDSEntityBuffer::getAllowedNaming,none,false,true,false
src/objects/cds_entity_buffer.ts.CDSEntityBuffer::getDescription,none,false,true,false
src/objects/cds_entity_buffer.ts.CDSEntityBuffer::getType,none,false,false,false
src/objects/cds_metadata_extension.ts.CDSMetadataExtension::constructor,own_fields,true,false,false
src/objects/cds_metadata_extension.ts.CDSMetadataExtension::findSourceFile,none,false,true,false
src/objects/cds_metadata_extension.ts.CDSMetadataExtension::getAllowedNaming,none,false,true,false
src/objects/cds_metadata_extension.ts.CDSMetadataExtension::getDescription,none,false,true,false
src/objects/cds_metadata_extension.ts.CDSMetadataExtension::getType,none,false,false,false
src/objects/cds_metadata_extension.ts.CDSMetadataExtension::hasParserError,none,false,true,false
src/objects/cds_metadata_extension.ts.CDSMetadataExtension::parse,none,false,true,false
src/objects/cds_metadata_extension.ts.CDSMetadataExtension::parse_instantiated_src/objects/cds_metadata_extension.ts.CDSMetadataExtension,none,false,true,false
src/objects/cds_metadata_extension.ts.ParsedMetadataExtension::constructor,own_fields,false,false,false
src/objects/cds_type.ts.CDSType::constructor,own_fields,true,false,false
src/objects/cds_type.ts.CDSType::getAllowedNaming,none,false,true,false
src/objects/cds_type.ts.CDSType::getDescription,none,false,true,false
src/objects/cds_type.ts.CDSType::getType,none,false,false,false
src/objects/change_document.ts.ChangeDocument::constructor,own_fields,true,false,false
src/objects/change_document.ts.ChangeDocument::getAllowedNaming,none,false,true,false
src/objects/change_document.ts.ChangeDocument::getDescription,none,false,true,false
src/objects/change_document.ts.ChangeDocument::getType,none,false,false,false
src/objects/chapter_of_book_structure.ts.ChapterOfBookStructure::constructor,own_fields,true,false,false
src/objects/chapter_of_book_structure.ts.ChapterOfBookStructure::getAllowedNaming,none,false,true,false
src/objects/chapter_of_book_structure.ts.ChapterOfBookStructure::getDescription,none,false,true,false
src/objects/chapter_of_book_structure.ts.ChapterOfBookStructure::getType,none,false,false,false
src/objects/checkpoint_group.ts.CheckpointGroup::constructor,own_fields,true,false,false
src/objects/checkpoint_group.ts.CheckpointGroup::getAllowedNaming,none,false,true,false
src/objects/checkpoint_group.ts.CheckpointGroup::getDescription,none,false,true,false
src/objects/checkpoint_group.ts.CheckpointGroup::getType,none,false,false,false
src/objects/class.ts.Class::constructor,own_fields,true,false,false
src/objects/class.ts.Class::getAllowedNaming,none,false,true,false
src/objects/class.ts.Class::getCategory,any,true,true,true
src/objects/class.ts.Class::getClassDefinition,none,true,true,true
src/objects/class.ts.Class::getDefinition,none,false,false,false
src/objects/class.ts.Class::getDefinition_instantiated_src/objects/class.ts.Class,none,false,false,false
src/objects/class.ts.Class::getDescription,any,true,true,true
src/objects/class.ts.Class::getIdentifier,none,true,true,true
src/objects/class.ts.Class::getLocalsImpFile,none,false,true,false
src/objects/class.ts.Class::getNameFromXML,none,false,true,false
src/objects/class.ts.Class::getSequencedFiles,any,true,true,true
src/objects/class.ts.Class::getTestclassFile,none,false,true,false
src/objects/class.ts.Class::getType,none,false,false,false
src/objects/class.ts.Class::parseXML,any,true,true,true
src/objects/class.ts.Class::setDefinition,own_fields,false,false,false
src/objects/class.ts.Class::setDirty,own_fields,true,false,false
src/objects/class.ts.module::class_constructor,any,true,false,true
src/objects/classification.ts.Classification::constructor,own_fields,true,false,false
src/objects/classification.ts.Classification::getAllowedNaming,none,false,true,false
src/objects/classification.ts.Classification::getDescription,none,false,true,false
src/objects/classification.ts.Classification::getType,none,false,false,false
src/objects/communication_scenario.ts.CommunicationScenario::constructor,own_fields,true,false,false
src/objects/communication_scenario.ts.CommunicationScenario::getAllowedNaming,none,false,true,false
src/objects/communication_scenario.ts.CommunicationScenario::getDescription,none,false,true,false
src/objects/communication_scenario.ts.CommunicationScenario::getType,none,false,false,false
src/objects/composite_enhancement_implementation.ts.CompositeEnhancementImplementation::constructor,own_fields,true,false,false
src/objects/composite_enhancement_implementation.ts.CompositeEnhancementImplementation::getAllowedNaming,none,false,true,false
src/objects/composite_enhancement_implementation.ts.CompositeEnhancementImplementation::getDescription,none,false,true,false
src/objects/composite_enhancement_implementation.ts.CompositeEnhancementImplementation::getType,none,false,false,false
src/objects/composite_enhancement_spot.ts.CompositeEnhancementSpot::constructor,own_fields,true,false,false
src/objects/composite_enhancement_spot.ts.CompositeEnhancementSpot::getAllowedNaming,none,false,true,false
src/objects/composite_enhancement_spot.ts.CompositeEnhancementSpot::getDescription,none,false,true,false
src/objects/composite_enhancement_spot.ts.CompositeEnhancementSpot::getType,none,false,false,false
src/objects/concepts_of_package.ts.ConceptsOfPackage::constructor,own_fields,true,false,false
src/objects/concepts_of_package.ts.ConceptsOfPackage::getAllowedNaming,none,false,true,false
src/objects/concepts_of_package.ts.ConceptsOfPackage::getDescription,none,false,true,false
src/objects/concepts_of_package.ts.ConceptsOfPackage::getType,none,false,false,false
src/objects/custom_data_browser_object.ts.CustomDataBrowserObject::constructor,own_fields,true,false,false
src/objects/custom_data_browser_object.ts.CustomDataBrowserObject::getAllowedNaming,none,false,true,false
src/objects/custom_data_browser_object.ts.CustomDataBrowserObject::getDescription,none,false,true,false
src/objects/custom_data_browser_object.ts.CustomDataBrowserObject::getType,none,false,false,false
src/objects/customer_enhancement_project.ts.CustomerEnhancementProject::constructor,own_fields,true,false,false
src/objects/customer_enhancement_project.ts.CustomerEnhancementProject::getAllowedNaming,none,false,true,false
src/objects/customer_enhancement_project.ts.CustomerEnhancementProject::getDescription,none,false,true,false
src/objects/customer_enhancement_project.ts.CustomerEnhancementProject::getType,none,false,false,false
src/objects/customizing_attributes.ts.CustomizingAttributes::constructor,own_fields,true,false,false
src/objects/customizing_attributes.ts.CustomizingAttributes::getAllowedNaming,none,false,true,false
src/objects/customizing_attributes.ts.CustomizingAttributes::getDescription,none,false,true,false
src/objects/customizing_attributes.ts.CustomizingAttributes::getType,none,false,false,false
src/objects/customizing_img_activity.ts.CustomizingImgActivity::constructor,own_fields,true,false,false
src/objects/customizing_img_activity.ts.CustomizingImgActivity::getAllowedNaming,none,false,true,false
src/objects/customizing_img_activity.ts.CustomizingImgActivity::getDescription,none,false,true,false
src/objects/customizing_img_activity.ts.CustomizingImgActivity::getType,none,false,false,false
src/objects/customizing_transaction.ts.CustomizingTransaction::constructor,own_fields,true,false,false
src/objects/customizing_transaction.ts.CustomizingTransaction::getAllowedNaming,none,false,true,false
src/objects/customizing_transaction.ts.CustomizingTransaction::getDescription,none,false,true,false
src/objects/customizing_transaction.ts.CustomizingTransaction::getType,none,false,false,false
src/objects/data_control.ts.DataControl::constructor,own_fields,true,false,false
src/objects/data_control.ts.DataControl::getAllowedNaming,none,false,true,false
src/objects/data_control.ts.DataControl::getDescription,none,false,true,false
src/objects/data_control.ts.DataControl::getType,none,false,false,false
src/objects/data_definition.ts.DataDefinition::constructor,own_fields,true,false,false
src/objects/data_definition.ts.DataDefinition::findDescription,none,false,true,false
src/objects/data_definition.ts.DataDefinition::findFieldNames,none,false,true,false
src/objects/data_definition.ts.DataDefinition::findSQLViewName,none,false,true,false
src/objects/data_definition.ts.DataDefinition::findSourceFile,none,false,true,false
src/objects/data_definition.ts.DataDefinition::findSourcesAndRelations,none,false,true,false
src/objects/data_definition.ts.DataDefinition::getAllowedNaming,none,false,true,false
src/objects/data_definition.ts.DataDefinition::getDefinitionName,none,false,true,false
src/objects/data_definition.ts.DataDefinition::getDescription,none,false,true,false
src/objects/data_definition.ts.DataDefinition::getParsedData,none,false,true,false
src/objects/data_definition.ts.DataDefinition::getSQLViewName,none,false,true,false
src/objects/data_definition.ts.DataDefinition::getTree,none,false,true,false
src/objects/data_definition.ts.DataDefinition::getType,none,false,false,false
src/objects/data_definition.ts.DataDefinition::hasParserError,none,false,true,false
src/objects/data_definition.ts.DataDefinition::listKeys,none,false,true,false
src/objects/data_definition.ts.DataDefinition::listSources,none,false,true,false
src/objects/data_definition.ts.DataDefinition::parse,none,false,true,false
src/objects/data_definition.ts.DataDefinition::parseType,none,false,true,false
src/objects/data_definition.ts.DataDefinition::parse_instantiated_src/objects/data_definition.ts.DataDefinition,none,false,true,false
src/objects/data_definition.ts.DataDefinition::setDirty,none,false,true,false
src/objects/data_definition.ts.ParsedDataDefinition::constructor,own_fields,false,false,false
src/objects/data_element.ts.DataElement::constructor,own_fields,true,false,false
src/objects/data_element.ts.DataElement::getAFFFile,none,false,true,false
src/objects/data_element.ts.DataElement::getAllowedNaming,none,false,true,false
src/objects/data_element.ts.DataElement::getDataType,none,false,true,false
src/objects/data_element.ts.DataElement::getDescription,none,false,true,false
src/objects/data_element.ts.DataElement::getDomainName,none,false,true,false
src/objects/data_element.ts.DataElement::getDtelMaster,none,false,true,false
src/objects/data_element.ts.DataElement::getIdentifier,none,false,true,false
src/objects/data_element.ts.DataElement::getTextMaxLengths,none,false,true,false
src/objects/data_element.ts.DataElement::getTexts,none,false,true,false
src/objects/data_element.ts.DataElement::getTextsTranslations,none,false,true,false
src/objects/data_element.ts.DataElement::getType,none,false,false,false
src/objects/data_element.ts.DataElement::parse,none,false,true,false
src/objects/data_element.ts.DataElement::parseType,none,false,true,false
src/objects/data_element.ts.DataElement::parse_instantiated_src/objects/data_element.ts.DataElement,none,false,true,false
src/objects/data_element.ts.DataElement::setDirty,none,false,true,false
src/objects/datastore_object.ts.DatastoreObject::constructor,own_fields,true,false,false
src/objects/datastore_object.ts.DatastoreObject::getAllowedNaming,none,false,true,false
src/objects/datastore_object.ts.DatastoreObject::getDescription,none,false,true,false
src/objects/datastore_object.ts.DatastoreObject::getType,none,false,false,false
src/objects/dialog_module.ts.DialogModule::constructor,own_fields,true,false,false
src/objects/dialog_module.ts.DialogModule::getAllowedNaming,none,false,true,false
src/objects/dialog_module.ts.DialogModule::getDescription,none,false,true,false
src/objects/dialog_module.ts.DialogModule::getType,none,false,false,false
src/objects/documentation.ts.Documentation::constructor,own_fields,true,false,false
src/objects/documentation.ts.Documentation::getAllowedNaming,none,false,true,false
src/objects/documentation.ts.Documentation::getDescription,none,false,true,false
src/objects/documentation.ts.Documentation::getType,none,false,false,false
src/objects/domain.ts.Domain::constructor,own_fields,true,false,false
src/objects/domain.ts.Domain::getAFFFile,none,false,true,false
src/objects/domain.ts.Domain::getAllowedNaming,none,false,true,false
src/objects/domain.ts.Domain::getConversionExit,none,false,true,false
src/objects/domain.ts.Domain::getDataType,none,false,true,false
src/objects/domain.ts.Domain::getDescription,none,false,true,false
src/objects/domain.ts.Domain::getFixedValues,none,false,true,false
src/objects/domain.ts.Domain::getFixedValuesTranslations,none,false,true,false
src/objects/domain.ts.Domain::getIdentifier,none,false,true,false
src/objects/domain.ts.Domain::getType,none,false,false,false
src/objects/domain.ts.Domain::parse,none,false,true,false
src/objects/domain.ts.Domain::parseType,none,false,true,false
src/objects/domain.ts.Domain::parse_instantiated_src/objects/domain.ts.Domain,none,false,true,false
src/objects/domain.ts.Domain::setDirty,none,false,true,false
src/objects/domain.ts.DomainValue::constructor,own_fields,false,false,false
src/objects/domain.ts.DomainValueTranslation::constructor,own_fields,false,false,false
src/objects/ecatt_test_configuration.ts.EcattTestConfiguration::constructor,own_fields,true,false,false
src/objects/ecatt_test_configuration.ts.EcattTestConfiguration::getAllowedNaming,none,false,true,false
src/objects/ecatt_test_configuration.ts.EcattTestConfiguration::getDescription,none,false,true,false
src/objects/ecatt_test_configuration.ts.EcattTestConfiguration::getType,none,false,false,false
src/objects/ecatt_test_data_container.ts.EcattTestDataContainer::constructor,own_fields,true,false,false
src/objects/ecatt_test_data_container.ts.EcattTestDataContainer::getAllowedNaming,none,false,true,false
src/objects/ecatt_test_data_container.ts.EcattTestDataContainer::getDescription,none,false,true,false
src/objects/ecatt_test_data_container.ts.EcattTestDataContainer::getType,none,false,false,false
src/objects/ecatt_test_script.ts.EcattTestScript::constructor,own_fields,true,false,false
src/objects/ecatt_test_script.ts.EcattTestScript::getAllowedNaming,none,false,true,false
src/objects/ecatt_test_script.ts.EcattTestScript::getDescription,none,false,true,false
src/objects/ecatt_test_script.ts.EcattTestScript::getType,none,false,false,false
src/objects/email_template.ts.EmailTemplate::constructor,own_fields,true,false,false
src/objects/email_template.ts.EmailTemplate::getAllowedNaming,none,false,true,false
src/objects/email_template.ts.EmailTemplate::getDescription,none,false,true,false
src/objects/email_template.ts.EmailTemplate::getType,none,false,false,false
src/objects/enhancement_implementation.ts.EnhancementImplementation::constructor,own_fields,true,false,false
src/objects/enhancement_implementation.ts.EnhancementImplementation::getAllowedNaming,none,false,true,false
src/objects/enhancement_implementation.ts.EnhancementImplementation::getClassName,none,false,true,false
src/objects/enhancement_implementation.ts.EnhancementImplementation::getDescription,none,false,true,false
src/objects/enhancement_implementation.ts.EnhancementImplementation::getType,none,false,false,false
src/objects/enhancement_implementation.ts.EnhancementImplementation::parse,none,false,true,false
src/objects/enhancement_implementation.ts.EnhancementImplementation::parse_instantiated_src/objects/enhancement_implementation.ts.EnhancementImplementation,none,false,true,false
src/objects/enhancement_implementation.ts.EnhancementImplementation::setDirty,none,false,true,false
src/objects/enhancement_spot.ts.EnhancementSpot::constructor,own_fields,true,false,false
src/objects/enhancement_spot.ts.EnhancementSpot::getAllowedNaming,none,false,true,false
src/objects/enhancement_spot.ts.EnhancementSpot::getDescription,none,false,true,false
src/objects/enhancement_spot.ts.EnhancementSpot::getType,none,false,false,false
src/objects/enhancement_spot.ts.EnhancementSpot::listBadiDefinitions,none,false,true,false
src/objects/enhancement_spot.ts.EnhancementSpot::parseXML,none,false,true,false
src/objects/enhancement_spot.ts.EnhancementSpot::setDirty,none,false,true,false
src/objects/enhancement_spot.ts.IBadiDefinition::constructor,own_fields,false,false,false
src/objects/entity_type.ts.EntityType::constructor,own_fields,true,false,false
src/objects/entity_type.ts.EntityType::getAllowedNaming,none,false,true,false
src/objects/entity_type.ts.EntityType::getDescription,none,false,true,false
src/objects/entity_type.ts.EntityType::getType,none,false,false,false
src/objects/event_binding.ts.EventBinding::constructor,own_fields,true,false,false
src/objects/event_binding.ts.EventBinding::getAllowedNaming,none,false,true,false
src/objects/event_binding.ts.EventBinding::getDescription,none,false,true,false
src/objects/event_binding.ts.EventBinding::getType,none,false,false,false
src/objects/event_consumer.ts.EventConsumer::constructor,own_fields,true,false,false
src/objects/event_consumer.ts.EventConsumer::getAllowedNaming,none,false,true,false
src/objects/event_consumer.ts.EventConsumer::getDescription,none,false,true,false
src/objects/event_consumer.ts.EventConsumer::getType,none,false,false,false
src/objects/extension_index.ts.ExtensionIndex::constructor,own_fields,true,false,false
src/objects/extension_index.ts.ExtensionIndex::getAllowedNaming,none,false,true,false
src/objects/extension_index.ts.ExtensionIndex::getDescription,none,false,true,false
src/objects/extension_index.ts.ExtensionIndex::getTableName,none,false,true,false
src/objects/extension_index.ts.ExtensionIndex::getType,none,false,false,false
src/objects/extension_index.ts.ExtensionIndex::parse,none,false,true,false
src/objects/extension_index.ts.ExtensionIndex::parse_instantiated_src/objects/extension_index.ts.ExtensionIndex,none,false,true,false
src/objects/extension_index.ts.ExtensionIndex::setDirty,none,false,true,false
src/objects/field_catalog.ts.FieldCatalog::constructor,own_fields,true,false,false
src/objects/field_catalog.ts.FieldCatalog::getAllowedNaming,none,false,true,false
src/objects/field_catalog.ts.FieldCatalog::getDescription,none,false,true,false
src/objects/field_catalog.ts.FieldCatalog::getType,none,false,false,false
src/objects/form_object_form.ts.FormObjectForm::constructor,own_fields,true,false,false
src/objects/form_object_form.ts.FormObjectForm::getAllowedNaming,none,false,true,false
src/objects/form_object_form.ts.FormObjectForm::getDescription,none,false,true,false
src/objects/form_object_form.ts.FormObjectForm::getType,none,false,false,false
src/objects/form_object_interface.ts.FormObjectInterface::constructor,own_fields,true,false,false
src/objects/form_object_interface.ts.FormObjectInterface::getAllowedNaming,none,false,true,false
src/objects/form_object_interface.ts.FormObjectInterface::getDescription,none,false,true,false
src/objects/form_object_interface.ts.FormObjectInterface::getType,none,false,false,false
src/objects/format_type.ts.FormatType::constructor,own_fields,true,false,false
src/objects/format_type.ts.FormatType::getAllowedNaming,none,false,true,false
src/objects/format_type.ts.FormatType::getDescription,none,false,true,false
src/objects/format_type.ts.FormatType::getType,none,false,false,false
src/objects/function_group.ts.FunctionGroup::constructor,own_fields,true,false,false
src/objects/function_group.ts.FunctionGroup::findTextFile,none,false,true,false
src/objects/function_group.ts.FunctionGroup::getAllowedNaming,none,false,true,false
src/objects/function_group.ts.FunctionGroup::getDescription,none,false,true,false
src/objects/function_group.ts.FunctionGroup::getDynpros,none,false,true,false
src/objects/function_group.ts.FunctionGroup::getInclude,none,false,true,false
src/objects/function_group.ts.FunctionGroup::getIncludeFiles,none,false,true,false
src/objects/function_group.ts.FunctionGroup::getIncludes,none,false,true,false
src/objects/function_group.ts.FunctionGroup::getMainABAPFile,none,false,true,false
src/objects/function_group.ts.FunctionGroup::getModule,none,false,true,false
src/objects/function_group.ts.FunctionGroup::getModules,none,false,true,false
src/objects/function_group.ts.FunctionGroup::getSequencedFiles,none,false,true,false
src/objects/function_group.ts.FunctionGroup::getTextSymbols,none,false,true,false
src/objects/function_group.ts.FunctionGroup::getType,none,false,false,false
src/objects/function_group.ts.FunctionGroup::parseXML,none,false,true,false
src/objects/function_group.ts.FunctionGroup::setDirty,none,false,true,false
src/objects/gateway_model.ts.GatewayModel::constructor,own_fields,true,false,false
src/objects/gateway_model.ts.GatewayModel::getAllowedNaming,none,false,true,false
src/objects/gateway_model.ts.GatewayModel::getDescription,none,false,true,false
src/objects/gateway_model.ts.GatewayModel::getType,none,false,false,false
src/objects/gateway_model_metadata.ts.GatewayModelMetadata::constructor,own_fields,true,false,false
src/objects/gateway_model_metadata.ts.GatewayModelMetadata::getAllowedNaming,none,false,true,false
src/objects/gateway_model_metadata.ts.GatewayModelMetadata::getDescription,none,false,true,false
src/objects/gateway_model_metadata.ts.GatewayModelMetadata::getType,none,false,false,false
src/objects/gateway_odata_group_and_assignment.ts.GatewayODataGroupAndAssignment::constructor,own_fields,true,false,false
src/objects/gateway_odata_group_and_assignment.ts.GatewayODataGroupAndAssignment::getAllowedNaming,none,false,true,false
src/objects/gateway_odata_group_and_assignment.ts.GatewayODataGroupAndAssignment::getDescription,none,false,true,false
src/objects/gateway_odata_group_and_assignment.ts.GatewayODataGroupAndAssignment::getType,none,false,false,false
src/objects/gateway_project.ts.GatewayProject::constructor,own_fields,true,false,false
src/objects/gateway_project.ts.GatewayProject::getAllowedNaming,none,false,true,false
src/objects/gateway_project.ts.GatewayProject::getDescription,none,false,true,false
src/objects/gateway_project.ts.GatewayProject::getType,none,false,false,false
src/objects/gateway_service.ts.GatewayService::constructor,own_fields,true,false,false
src/objects/gateway_service.ts.GatewayService::getAllowedNaming,none,false,true,false
src/objects/gateway_service.ts.GatewayService::getDescription,none,false,true,false
src/objects/gateway_service.ts.GatewayService::getType,none,false,false,false
src/objects/gateway_service_groups_metadata.ts.GatewayServiceGroupsMetadata::constructor,own_fields,true,false,false
src/objects/gateway_service_groups_metadata.ts.GatewayServiceGroupsMetadata::getAllowedNaming,none,false,true,false
src/objects/gateway_service_groups_metadata.ts.GatewayServiceGroupsMetadata::getDescription,none,false,true,false
src/objects/gateway_service_groups_metadata.ts.GatewayServiceGroupsMetadata::getType,none,false,false,false
src/objects/gateway_vocabulary_annotation.ts.GatewayVocabularyAnnotation::constructor,own_fields,true,false,false
src/objects/gateway_vocabulary_annotation.ts.GatewayVocabularyAnnotation::getAllowedNaming,none,false,true,false
src/objects/gateway_vocabulary_annotation.ts.GatewayVocabularyAnnotation::getDescription,none,false,true,false
src/objects/gateway_vocabulary_annotation.ts.GatewayVocabularyAnnotation::getType,none,false,false,false
src/objects/general_hierarchy_storage_extrension_name.ts.GeneralHierarchyStorageExtrensionName::constructor,own_fields,true,false,false
src/objects/general_hierarchy_storage_extrension_name.ts.GeneralHierarchyStorageExtrensionName::getAllowedNaming,none,false,true,false
src/objects/general_hierarchy_storage_extrension_name.ts.GeneralHierarchyStorageExtrensionName::getDescription,none,false,true,false
src/objects/general_hierarchy_storage_extrension_name.ts.GeneralHierarchyStorageExtrensionName::getType,none,false,false,false
src/objects/general_storage_structure.ts.GeneralStorageStructure::constructor,own_fields,true,false,false
src/objects/general_storage_structure.ts.GeneralStorageStructure::getAllowedNaming,none,false,true,false
src/objects/general_storage_structure.ts.GeneralStorageStructure::getDescription,none,false,true,false
src/objects/general_storage_structure.ts.GeneralStorageStructure::getType,none,false,false,false
src/objects/general_text.ts.GeneralText::constructor,own_fields,true,false,false
src/objects/general_text.ts.GeneralText::getAllowedNaming,none,false,true,false
src/objects/general_text.ts.GeneralText::getDescription,none,false,true,false
src/objects/general_text.ts.GeneralText::getType,none,false,false,false
src/objects/http_service.ts.HttpService::constructor,own_fields,true,false,false
src/objects/http_service.ts.HttpService::getAllowedNaming,none,false,true,false
src/objects/http_service.ts.HttpService::getDescription,none,false,true,false
src/objects/http_service.ts.HttpService::getType,none,false,false,false
src/objects/iac_binary_data.ts.IACBinaryData::constructor,own_fields,true,false,false
src/objects/iac_binary_data.ts.IACBinaryData::getAllowedNaming,none,false,true,false
src/objects/iac_binary_data.ts.IACBinaryData::getDescription,none,false,true,false
src/objects/iac_binary_data.ts.IACBinaryData::getType,none,false,false,false
src/objects/iac_language_resource.ts.IACLanguageResource::constructor,own_fields,true,false,false
src/objects/iac_language_resource.ts.IACLanguageResource::getAllowedNaming,none,false,true,false
src/objects/iac_language_resource.ts.IACLanguageResource::getDescription,none,false,true,false
src/objects/iac_language_resource.ts.IACLanguageResource::getType,none,false,false,false
src/objects/iac_service.ts.IACService::constructor,own_fields,true,false,false
src/objects/iac_service.ts.IACService::getAllowedNaming,none,false,true,false
src/objects/iac_service.ts.IACService::getDescription,none,false,true,false
src/objects/iac_service.ts.IACService::getType,none,false,false,false
src/objects/iac_template.ts.IACTemplate::constructor,own_fields,true,false,false
src/objects/iac_template.ts.IACTemplate::getAllowedNaming,none,false,true,false
src/objects/iac_template.ts.IACTemplate::getDescription,none,false,true,false
src/objects/iac_template.ts.IACTemplate::getType,none,false,false,false
src/objects/iam_app.ts.IAMApp::constructor,own_fields,true,false,false
src/objects/iam_app.ts.IAMApp::getAllowedNaming,none,false,true,false
src/objects/iam_app.ts.IAMApp::getDescription,none,false,true,false
src/objects/iam_app.ts.IAMApp::getType,none,false,false,false
src/objects/icf_service.ts.ICFService::constructor,own_fields,true,false,false
src/objects/icf_service.ts.ICFService::getAllowedNaming,none,false,true,false
src/objects/icf_service.ts.ICFService::getDescription,none,false,true,false
src/objects/icf_service.ts.ICFService::getHandlerList,none,false,true,false
src/objects/icf_service.ts.ICFService::getType,none,false,false,false
src/objects/icf_service.ts.ICFService::getURL,none,false,true,false
src/objects/icf_service.ts.ICFService::parse,none,false,true,false
src/objects/icf_service.ts.ICFService::parse_instantiated_src/objects/icf_service.ts.ICFService,none,false,true,false
src/objects/icf_service.ts.ICFService::setDirty,none,false,true,false
src/objects/idoc.ts.Idoc::constructor,own_fields,true,false,false
src/objects/idoc.ts.Idoc::getAllowedNaming,none,false,true,false
src/objects/idoc.ts.Idoc::getDescription,none,false,true,false
src/objects/idoc.ts.Idoc::getType,none,false,false,false
src/objects/idoc_extension.ts.IdocExtension::constructor,own_fields,true,false,false
src/objects/idoc_extension.ts.IdocExtension::getAllowedNaming,none,false,true,false
src/objects/idoc_extension.ts.IdocExtension::getDescription,none,false,true,false
src/objects/idoc_extension.ts.IdocExtension::getType,none,false,false,false
src/objects/inbound_service.ts.InboundService::constructor,own_fields,true,false,false
src/objects/inbound_service.ts.InboundService::getAllowedNaming,none,false,true,false
src/objects/inbound_service.ts.InboundService::getDescription,none,false,true,false
src/objects/inbound_service.ts.InboundService::getType,none,false,false,false
src/objects/index.ts.module::class_constructor,any,true,false,true
src/objects/info_area.ts.InfoArea::constructor,own_fields,true,false,false
src/objects/info_area.ts.InfoArea::getAllowedNaming,none,false,true,false
src/objects/info_area.ts.InfoArea::getDescription,none,false,true,false
src/objects/info_area.ts.InfoArea::getType,none,false,false,false
src/objects/info_object.ts.InfoObject::constructor,own_fields,true,false,false
src/objects/info_object.ts.InfoObject::getAllowedNaming,none,false,true,false
src/objects/info_object.ts.InfoObject::getDescription,none,false,true,false
src/objects/info_object.ts.InfoObject::getType,none,false,false,false
src/objects/interface.ts.Interface::constructor,own_fields,true,false,false
src/objects/interface.ts.Interface::getAllowedNaming,none,false,true,false
src/objects/interface.ts.Interface::getDefinition,none,false,false,false
src/objects/interface.ts.Interface::getDescription,any,true,true,true
src/objects/interface.ts.Interface::getIdentifier,none,true,true,true
src/objects/interface.ts.Interface::getInterface,none,true,true,true
src/objects/interface.ts.Interface::getNameFromXML,none,false,true,false
src/objects/interface.ts.Interface::getSequencedFiles,none,false,true,false
src/objects/interface.ts.Interface::getType,none,false,false,false
src/objects/interface.ts.Interface::parseXML,any,true,true,true
src/objects/interface.ts.Interface::setDefinition,own_fields,false,false,false
src/objects/interface.ts.Interface::setDefinition_instantiated_src/objects/interface.ts.Interface,own_fields,false,false,false
src/objects/interface.ts.Interface::setDirty,own_fields,true,false,false
src/objects/knowledge_transfer_document.ts.KnowledgeTransferDocument::constructor,own_fields,true,false,false
src/objects/knowledge_transfer_document.ts.KnowledgeTransferDocument::getAllowedNaming,none,false,true,false
src/objects/knowledge_transfer_document.ts.KnowledgeTransferDocument::getDescription,none,false,true,false
src/objects/knowledge_transfer_document.ts.KnowledgeTransferDocument::getType,none,false,false,false
src/objects/lock_object.ts.LockObject::constructor,own_fields,true,false,false
src/objects/lock_object.ts.LockObject::getAllowedNaming,none,false,true,false
src/objects/lock_object.ts.LockObject::getDescription,none,false,true,false
src/objects/lock_object.ts.LockObject::getParameters,none,false,true,false
src/objects/lock_object.ts.LockObject::getPrimaryTable,none,false,true,false
src/objects/lock_object.ts.LockObject::getType,none,false,false,false
src/objects/lock_object.ts.LockObject::parse,none,false,true,false
src/objects/lock_object.ts.LockObject::parseType,none,false,true,false
src/objects/lock_object.ts.LockObject::parse_instantiated_src/objects/lock_object.ts.LockObject,none,false,true,false
src/objects/lock_object.ts.LockObject::setDirty,none,false,true,false
src/objects/maintenance_and_transport_object.ts.MaintenanceAndTransportObject::constructor,own_fields,true,false,false
src/objects/maintenance_and_transport_object.ts.MaintenanceAndTransportObject::getAllowedNaming,none,false,true,false
src/objects/maintenance_and_transport_object.ts.MaintenanceAndTransportObject::getArea,none,false,true,false
src/objects/maintenance_and_transport_object.ts.MaintenanceAndTransportObject::getDescription,none,false,true,false
src/objects/maintenance_and_transport_object.ts.MaintenanceAndTransportObject::getObjectName,none,false,true,false
src/objects/maintenance_and_transport_object.ts.MaintenanceAndTransportObject::getObjectType,none,false,true,false
src/objects/maintenance_and_transport_object.ts.MaintenanceAndTransportObject::getType,none,false,false,false
src/objects/maintenance_and_transport_object.ts.MaintenanceAndTransportObject::parse,none,false,true,false
src/objects/maintenance_and_transport_object.ts.MaintenanceAndTransportObject::parseType,none,false,true,false
src/objects/maintenance_and_transport_object.ts.MaintenanceAndTransportObject::parse_instantiated_src/objects/maintenance_and_transport_object.ts.MaintenanceAndTransportObject,none,false,true,false
src/objects/maintenance_and_transport_object.ts.MaintenanceAndTransportObject::setDirty,none,false,true,false
src/objects/message_class.ts.MessageClass::constructor,own_fields,true,false,false
src/objects/message_class.ts.MessageClass::getAllowedNaming,none,false,true,false
src/objects/message_class.ts.MessageClass::getByNumber,none,false,true,false
src/objects/message_class.ts.MessageClass::getDescription,none,false,true,false
src/objects/message_class.ts.MessageClass::getMessages,none,false,true,false
src/objects/message_class.ts.MessageClass::getParsed,none,false,true,false
src/objects/message_class.ts.MessageClass::getTextsTranslations,none,false,true,false
src/objects/message_class.ts.MessageClass::getType,none,false,false,false
src/objects/message_class.ts.MessageClass::parseXML,none,false,true,false
src/objects/message_class.ts.MessageClass::setDirty,none,false,true,false
src/objects/message_class.ts.parsedMessageClass::constructor,own_fields,false,false,false
src/objects/messaging_channel.ts.MessagingChannel::constructor,own_fields,true,false,false
src/objects/messaging_channel.ts.MessagingChannel::getAllowedNaming,none,false,true,false
src/objects/messaging_channel.ts.MessagingChannel::getDescription,none,false,true,false
src/objects/messaging_channel.ts.MessagingChannel::getType,none,false,false,false
src/objects/mime_object.ts.MIMEObject::constructor,own_fields,true,false,false
src/objects/mime_object.ts.MIMEObject::getAllowedNaming,none,false,true,false
src/objects/mime_object.ts.MIMEObject::getClass,none,false,true,false
src/objects/mime_object.ts.MIMEObject::getDataFile,none,false,true,false
src/objects/mime_object.ts.MIMEObject::getDescription,none,false,true,false
src/objects/mime_object.ts.MIMEObject::getType,none,false,false,false
src/objects/mime_object.ts.MIMEObject::getURL,none,false,true,false
src/objects/mime_object.ts.MIMEObject::isFolder,none,false,true,false
src/objects/mime_object.ts.MIMEObject::parse,none,false,true,false
src/objects/mime_object.ts.MIMEObject::parse_instantiated_src/objects/mime_object.ts.MIMEObject,none,false,true,false
src/objects/mime_object.ts.MIMEObject::setDirty,none,false,true,false
src/objects/namespace.ts.Namespace::constructor,own_fields,true,false,false
src/objects/namespace.ts.Namespace::getAllowedNaming,none,false,true,false
src/objects/namespace.ts.Namespace::getDescription,none,false,true,false
src/objects/namespace.ts.Namespace::getType,none,false,false,false
src/objects/neptune_api.ts.NeptuneAPI::constructor,own_fields,true,false,false
src/objects/neptune_api.ts.NeptuneAPI::getAllowedNaming,none,false,true,false
src/objects/neptune_api.ts.NeptuneAPI::getDescription,none,false,true,false
src/objects/neptune_api.ts.NeptuneAPI::getType,none,false,false,false
src/objects/neptune_app.ts.NeptuneApp::constructor,own_fields,true,false,false
src/objects/neptune_app.ts.NeptuneApp::getAllowedNaming,none,false,true,false
src/objects/neptune_app.ts.NeptuneApp::getDescription,none,false,true,false
src/objects/neptune_app.ts.NeptuneApp::getType,none,false,false,false
src/objects/neptune_custom_color.ts.NeptuneCustomColor::constructor,own_fields,true,false,false
src/objects/neptune_custom_color.ts.NeptuneCustomColor::getAllowedNaming,none,false,true,false
src/objects/neptune_custom_color.ts.NeptuneCustomColor::getDescription,none,false,true,false
src/objects/neptune_custom_color.ts.NeptuneCustomColor::getType,none,false,false,false
src/objects/neptune_custom_js_helper.ts.NeptuneCustomJSHelper::constructor,own_fields,true,false,false
src/objects/neptune_custom_js_helper.ts.NeptuneCustomJSHelper::getAllowedNaming,none,false,true,false
src/objects/neptune_custom_js_helper.ts.NeptuneCustomJSHelper::getDescription,none,false,true,false
src/objects/neptune_custom_js_helper.ts.NeptuneCustomJSHelper::getType,none,false,false,false
src/objects/neptune_documentation.ts.NeptuneDocumentation::constructor,own_fields,true,false,false
src/objects/neptune_documentation.ts.NeptuneDocumentation::getAllowedNaming,none,false,true,false
src/objects/neptune_documentation.ts.NeptuneDocumentation::getDescription,none,false,true,false
src/objects/neptune_documentation.ts.NeptuneDocumentation::getType,none,false,false,false
src/objects/neptune_enhancement.ts.NeptuneEnhancement::constructor,own_fields,true,false,false
src/objects/neptune_enhancement.ts.NeptuneEnhancement::getAllowedNaming,none,false,true,false
src/objects/neptune_enhancement.ts.NeptuneEnhancement::getDescription,none,false,true,false
src/objects/neptune_enhancement.ts.NeptuneEnhancement::getType,none,false,false,false
src/objects/neptune_launchpad.ts.NeptuneLaunchpad::constructor,own_fields,true,false,false
src/objects/neptune_launchpad.ts.NeptuneLaunchpad::getAllowedNaming,none,false,true,false
src/objects/neptune_launchpad.ts.NeptuneLaunchpad::getDescription,none,false,true,false
src/objects/neptune_launchpad.ts.NeptuneLaunchpad::getType,none,false,false,false
src/objects/neptune_launchpad_layout.ts.NeptuneLaunchpadLayout::constructor,own_fields,true,false,false
src/objects/neptune_launchpad_layout.ts.NeptuneLaunchpadLayout::getAllowedNaming,none,false,true,false
src/objects/neptune_launchpad_layout.ts.NeptuneLaunchpadLayout::getDescription,none,false,true,false
src/objects/neptune_launchpad_layout.ts.NeptuneLaunchpadLayout::getType,none,false,false,false
src/objects/neptune_login_page.ts.NeptuneLoginPage::constructor,own_fields,true,false,false
src/objects/neptune_login_page.ts.NeptuneLoginPage::getAllowedNaming,none,false,true,false
src/objects/neptune_login_page.ts.NeptuneLoginPage::getDescription,none,false,true,false
src/objects/neptune_login_page.ts.NeptuneLoginPage::getType,none,false,false,false
src/objects/neptune_media_library.ts.NeptuneMediaLibrary::constructor,own_fields,true,false,false
src/objects/neptune_media_library.ts.NeptuneMediaLibrary::getAllowedNaming,none,false,true,false
src/objects/neptune_media_library.ts.NeptuneMediaLibrary::getDescription,none,false,true,false
src/objects/neptune_media_library.ts.NeptuneMediaLibrary::getType,none,false,false,false
src/objects/neptune_media_pack.ts.NeptuneMediaPack::constructor,own_fields,true,false,false
src/objects/neptune_media_pack.ts.NeptuneMediaPack::getAllowedNaming,none,false,true,false
src/objects/neptune_media_pack.ts.NeptuneMediaPack::getDescription,none,false,true,false
src/objects/neptune_media_pack.ts.NeptuneMediaPack::getType,none,false,false,false
src/objects/neptune_metadata.ts.NeptuneMetadata::constructor,own_fields,true,false,false
src/objects/neptune_metadata.ts.NeptuneMetadata::getAllowedNaming,none,false,true,false
src/objects/neptune_metadata.ts.NeptuneMetadata::getDescription,none,false,true,false
src/objects/neptune_metadata.ts.NeptuneMetadata::getType,none,false,false,false
src/objects/neptune_mobile_client.ts.NeptuneMobileClient::constructor,own_fields,true,false,false
src/objects/neptune_mobile_client.ts.NeptuneMobileClient::getAllowedNaming,none,false,true,false
src/objects/neptune_mobile_client.ts.NeptuneMobileClient::getDescription,none,false,true,false
src/objects/neptune_mobile_client.ts.NeptuneMobileClient::getType,none,false,false,false
src/objects/neptune_odata.ts.NeptuneOData::constructor,own_fields,true,false,false
src/objects/neptune_odata.ts.NeptuneOData::getAllowedNaming,none,false,true,false
src/objects/neptune_odata.ts.NeptuneOData::getDescription,none,false,true,false
src/objects/neptune_odata.ts.NeptuneOData::getType,none,false,false,false
src/objects/neptune_policy.ts.NeptunePolicy::constructor,own_fields,true,false,false
src/objects/neptune_policy.ts.NeptunePolicy::getAllowedNaming,none,false,true,false
src/objects/neptune_policy.ts.NeptunePolicy::getDescription,none,false,true,false
src/objects/neptune_policy.ts.NeptunePolicy::getType,none,false,false,false
src/objects/neptune_rfc_mapping.ts.NeptuneRFCMapping::constructor,own_fields,true,false,false
src/objects/neptune_rfc_mapping.ts.NeptuneRFCMapping::getAllowedNaming,none,false,true,false
src/objects/neptune_rfc_mapping.ts.NeptuneRFCMapping::getDescription,none,false,true,false
src/objects/neptune_rfc_mapping.ts.NeptuneRFCMapping::getType,none,false,false,false
src/objects/neptune_rich_text_template.ts.NeptuneRichTextTemplate::constructor,own_fields,true,false,false
src/objects/neptune_rich_text_template.ts.NeptuneRichTextTemplate::getAllowedNaming,none,false,true,false
src/objects/neptune_rich_text_template.ts.NeptuneRichTextTemplate::getDescription,none,false,true,false
src/objects/neptune_rich_text_template.ts.NeptuneRichTextTemplate::getType,none,false,false,false
src/objects/neptune_splash_screen.ts.NeptuneSplashScreen::constructor,own_fields,true,false,false
src/objects/neptune_splash_screen.ts.NeptuneSplashScreen::getAllowedNaming,none,false,true,false
src/objects/neptune_splash_screen.ts.NeptuneSplashScreen::getDescription,none,false,true,false
src/objects/neptune_splash_screen.ts.NeptuneSplashScreen::getType,none,false,false,false
src/objects/neptune_sticky_banner.ts.NeptuneStickyBanner::constructor,own_fields,true,false,false
src/objects/neptune_sticky_banner.ts.NeptuneStickyBanner::getAllowedNaming,none,false,true,false
src/objects/neptune_sticky_banner.ts.NeptuneStickyBanner::getDescription,none,false,true,false
src/objects/neptune_sticky_banner.ts.NeptuneStickyBanner::getType,none,false,false,false
src/objects/neptune_tile.ts.NeptuneTile::constructor,own_fields,true,false,false
src/objects/neptune_tile.ts.NeptuneTile::getAllowedNaming,none,false,true,false
src/objects/neptune_tile.ts.NeptuneTile::getDescription,none,false,true,false
src/objects/neptune_tile.ts.NeptuneTile::getType,none,false,false,false
src/objects/neptune_tile_group.ts.NeptuneTileGroup::constructor,own_fields,true,false,false
src/objects/neptune_tile_group.ts.NeptuneTileGroup::getAllowedNaming,none,false,true,false
src/objects/neptune_tile_group.ts.NeptuneTileGroup::getDescription,none,false,true,false
src/objects/neptune_tile_group.ts.NeptuneTileGroup::getType,none,false,false,false
src/objects/neptune_tile_layout.ts.NeptuneTileLayout::constructor,own_fields,true,false,false
src/objects/neptune_tile_layout.ts.NeptuneTileLayout::getAllowedNaming,none,false,true,false
src/objects/neptune_tile_layout.ts.NeptuneTileLayout::getDescription,none,false,true,false
src/objects/neptune_tile_layout.ts.NeptuneTileLayout::getType,none,false,false,false
src/objects/neptune_url_alias.ts.NeptuneURLAlias::constructor,own_fields,true,false,false
src/objects/neptune_url_alias.ts.NeptuneURLAlias::getAllowedNaming,none,false,true,false
src/objects/neptune_url_alias.ts.NeptuneURLAlias::getDescription,none,false,true,false
src/objects/neptune_url_alias.ts.NeptuneURLAlias::getType,none,false,false,false
src/objects/number_range.ts.NumberRange::constructor,own_fields,true,false,false
src/objects/number_range.ts.NumberRange::getAllowedNaming,none,false,true,false
src/objects/number_range.ts.NumberRange::getDescription,none,false,true,false
src/objects/number_range.ts.NumberRange::getDomain,none,false,true,false
src/objects/number_range.ts.NumberRange::getPercentage,none,false,true,false
src/objects/number_range.ts.NumberRange::getType,none,false,false,false
src/objects/number_range.ts.NumberRange::parse,none,false,true,false
src/objects/number_range.ts.NumberRange::parse_instantiated_src/objects/number_range.ts.NumberRange,none,false,true,false
src/objects/number_range.ts.NumberRange::setDirty,none,false,true,false
src/objects/oauth2_profile.ts.Oauth2Profile::constructor,own_fields,true,false,false
src/objects/oauth2_profile.ts.Oauth2Profile::getAllowedNaming,none,false,true,false
src/objects/oauth2_profile.ts.Oauth2Profile::getDescription,none,false,true,false
src/objects/oauth2_profile.ts.Oauth2Profile::getType,none,false,false,false
src/objects/oauth2_profile.ts.Oauth2Profile::listScopes,none,false,true,false
src/objects/object_characteristic.ts.ObjectCharacteristic::constructor,own_fields,true,false,false
src/objects/object_characteristic.ts.ObjectCharacteristic::getAllowedNaming,none,false,true,false
src/objects/object_characteristic.ts.ObjectCharacteristic::getDescription,none,false,true,false
src/objects/object_characteristic.ts.ObjectCharacteristic::getType,none,false,false,false
src/objects/outbound_service.ts.OutboundService::constructor,own_fields,true,false,false
src/objects/outbound_service.ts.OutboundService::getAllowedNaming,none,false,true,false
src/objects/outbound_service.ts.OutboundService::getDescription,none,false,true,false
src/objects/outbound_service.ts.OutboundService::getType,none,false,false,false
src/objects/package.ts.Package::constructor,own_fields,true,false,false
src/objects/package.ts.Package::getAllowedNaming,none,false,true,false
src/objects/package.ts.Package::getDescription,none,false,true,false
src/objects/package.ts.Package::getType,none,false,false,false
src/objects/package_interface.ts.PackageInterface::constructor,own_fields,true,false,false
src/objects/package_interface.ts.PackageInterface::getAllowedNaming,none,false,true,false
src/objects/package_interface.ts.PackageInterface::getDescription,none,false,true,false
src/objects/package_interface.ts.PackageInterface::getType,none,false,false,false
src/objects/page_format.ts.PageFormat::constructor,own_fields,true,false,false
src/objects/page_format.ts.PageFormat::getAllowedNaming,none,false,true,false
src/objects/page_format.ts.PageFormat::getDescription,none,false,true,false
src/objects/page_format.ts.PageFormat::getType,none,false,false,false
src/objects/parameter.ts.Parameter::constructor,own_fields,true,false,false
src/objects/parameter.ts.Parameter::getAllowedNaming,none,false,true,false
src/objects/parameter.ts.Parameter::getDescription,none,false,true,false
src/objects/parameter.ts.Parameter::getType,none,false,false,false
src/objects/personalization_object.ts.PersonalizationObject::constructor,own_fields,true,false,false
src/objects/personalization_object.ts.PersonalizationObject::getAllowedNaming,none,false,true,false
src/objects/personalization_object.ts.PersonalizationObject::getDescription,none,false,true,false
src/objects/personalization_object.ts.PersonalizationObject::getType,none,false,false,false
src/objects/program.ts.Program::constructor,own_fields,true,false,false
src/objects/program.ts.Program::getAllowedNaming,none,true,false,false
src/objects/program.ts.Program::getDescription,any,true,true,true
src/objects/program.ts.Program::getDynpros,none,false,true,false
src/objects/program.ts.Program::getSelectionTexts,none,false,true,false
src/objects/program.ts.Program::getSequencedFiles,any,true,true,true
src/objects/program.ts.Program::getType,none,false,false,false
src/objects/program.ts.Program::isInclude,any,true,true,true
src/objects/program.ts.Program::isModulePool,any,true,true,true
src/objects/program.ts.Program::parseXML,any,true,true,true
src/objects/program.ts.Program::setDirty,own_fields,true,false,false
src/objects/proxy_object.ts.ParsedProxy::constructor,own_fields,false,false,false
src/objects/proxy_object.ts.ProxyDataItem::constructor,own_fields,false,false,false
src/objects/proxy_object.ts.ProxyObject::constructor,own_fields,true,false,false
src/objects/proxy_object.ts.ProxyObject::generateABAPObjects,none,false,true,false
src/objects/proxy_object.ts.ProxyObject::getAllowedNaming,none,false,true,false
src/objects/proxy_object.ts.ProxyObject::getDescription,none,false,true,false
src/objects/proxy_object.ts.ProxyObject::getType,none,false,false,false
src/objects/proxy_object.ts.ProxyObject::parse,none,false,true,false
src/objects/proxy_object.ts.ProxyObject::parseXML,none,false,true,false
src/objects/proxy_object.ts.ProxyObject::parse_instantiated_src/objects/proxy_object.ts.ProxyObject,none,false,true,false
src/objects/proxy_object.ts.ProxyObject::setDirty,none,false,true,false
src/objects/push_channel.ts.PushChannel::constructor,own_fields,true,false,false
src/objects/push_channel.ts.PushChannel::getAllowedNaming,none,false,true,false
src/objects/push_channel.ts.PushChannel::getDescription,none,false,true,false
src/objects/push_channel.ts.PushChannel::getType,none,false,false,false
src/objects/query_user_group.ts.QueryUserGroup::constructor,own_fields,true,false,false
src/objects/query_user_group.ts.QueryUserGroup::getAllowedNaming,none,false,true,false
src/objects/query_user_group.ts.QueryUserGroup::getDescription,none,false,true,false
src/objects/query_user_group.ts.QueryUserGroup::getType,none,false,false,false
src/objects/rename/rename_data_element.ts.RenameDataElement::buildEdits,none,false,true,false
src/objects/rename/rename_data_element.ts.RenameDataElement::buildEdits_instantiated_src/objects/rename/rename_data_element.ts.RenameDataElement,none,false,true,false
src/objects/rename/rename_data_element.ts.RenameDataElement::constructor,own_fields,false,false,false
src/objects/rename/rename_domain.ts.RenameDomain::buildEdits,none,false,true,false
src/objects/rename/rename_domain.ts.RenameDomain::buildEdits_instantiated_src/objects/rename/rename_domain.ts.RenameDomain,none,false,true,false
src/objects/rename/rename_domain.ts.RenameDomain::constructor,own_fields,false,false,false
src/objects/rename/rename_global_class.ts.RenameGlobalClass::buildEdits,none,false,true,false
src/objects/rename/rename_global_class.ts.RenameGlobalClass::buildEdits_instantiated_src/objects/rename/rename_global_class.ts.RenameGlobalClass,none,false,true,false
src/objects/rename/rename_global_class.ts.RenameGlobalClass::constructor,own_fields,false,false,false
src/objects/rename/rename_global_interface.ts.RenameGlobalInterface::buildEdits,none,false,true,false
src/objects/rename/rename_global_interface.ts.RenameGlobalInterface::buildEdits_instantiated_src/objects/rename/rename_global_interface.ts.RenameGlobalInterface,none,false,true,false
src/objects/rename/rename_global_interface.ts.RenameGlobalInterface::constructor,own_fields,false,false,false
src/objects/rename/rename_icf_service.ts.RenameICFService::buildEdits,none,false,true,false
src/objects/rename/rename_icf_service.ts.RenameICFService::buildEdits_instantiated_src/objects/rename/rename_icf_service.ts.RenameICFService,none,false,true,false
src/objects/rename/rename_icf_service.ts.RenameICFService::constructor,own_fields,false,false,false
src/objects/rename/rename_message_class.ts.RenameMessageClass::buildEdits,none,false,true,false
src/objects/rename/rename_message_class.ts.RenameMessageClass::buildEdits_instantiated_src/objects/rename/rename_message_class.ts.RenameMessageClass,none,false,true,false
src/objects/rename/rename_message_class.ts.RenameMessageClass::constructor,own_fields,false,false,false
src/objects/rename/rename_program.ts.RenameProgram::buildEdits,none,false,true,false
src/objects/rename/rename_program.ts.RenameProgram::buildEdits_instantiated_src/objects/rename/rename_program.ts.RenameProgram,none,false,true,false
src/objects/rename/rename_program.ts.RenameProgram::constructor,own_fields,false,false,false
src/objects/rename/rename_table.ts.RenameTable::buildEdits,none,false,true,false
src/objects/rename/rename_table.ts.RenameTable::buildEdits_instantiated_src/objects/rename/rename_table.ts.RenameTable,none,false,true,false
src/objects/rename/rename_table.ts.RenameTable::constructor,own_fields,false,false,false
src/objects/rename/rename_table_type.ts.RenameTableType::buildEdits,none,false,true,false
src/objects/rename/rename_table_type.ts.RenameTableType::buildEdits_instantiated_src/objects/rename/rename_table_type.ts.RenameTableType,none,false,true,false
src/objects/rename/rename_table_type.ts.RenameTableType::constructor,own_fields,false,false,false
src/objects/rename/renamer.ts.IRenameResult::constructor,own_fields,false,false,false
src/objects/rename/renamer.ts.Renamer::apply,none,false,true,false
src/objects/rename/renamer.ts.Renamer::applyEdit,none,false,true,false
src/objects/rename/renamer.ts.Renamer::applyRenames,none,false,true,false
src/objects/rename/renamer.ts.Renamer::buildEdits,none,false,true,false
src/objects/rename/renamer.ts.Renamer::constructor,own_fields,false,false,false
src/objects/rename/renamer.ts.Renamer::factory,none,false,true,false
src/objects/rename/renamer.ts.Renamer::rename,none,false,true,false
src/objects/rename/renamer_helper.ts.RenamerHelper::buildURLFileEdits,none,false,true,false
src/objects/rename/renamer_helper.ts.RenamerHelper::buildXMLFileEdits,none,false,true,false
src/objects/rename/renamer_helper.ts.RenamerHelper::constructor,own_fields,false,false,false
src/objects/rename/renamer_helper.ts.RenamerHelper::findReferences,none,false,true,false
src/objects/rename/renamer_helper.ts.RenamerHelper::renameDDICAUTHReferences,none,false,true,false
src/objects/rename/renamer_helper.ts.RenamerHelper::renameDDICCodeReferences,none,false,true,false
src/objects/rename/renamer_helper.ts.RenamerHelper::renameDDICDTELReferences,none,false,true,false
src/objects/rename/renamer_helper.ts.RenamerHelper::renameDDICTABLReferences,none,false,true,false
src/objects/rename/renamer_helper.ts.RenamerHelper::renameDDICTTYPReferences,none,false,true,false
src/objects/rename/renamer_helper.ts.RenamerHelper::renameFiles,none,false,true,false
src/objects/rename/renamer_helper.ts.RenamerHelper::renameICFServiceHandlerReferences,none,false,true,false
src/objects/rename/renamer_helper.ts.RenamerHelper::renameReferences,none,false,true,false
src/objects/rename/renamer_helper.ts.RenamerHelper::replaceRefs,none,false,true,false
src/objects/restriction_field.ts.RestrictionField::constructor,own_fields,true,false,false
src/objects/restriction_field.ts.RestrictionField::getAllowedNaming,none,false,true,false
src/objects/restriction_field.ts.RestrictionField::getDescription,none,false,true,false
src/objects/restriction_field.ts.RestrictionField::getType,none,false,false,false
src/objects/restriction_type.ts.RestrictionType::constructor,own_fields,true,false,false
src/objects/restriction_type.ts.RestrictionType::getAllowedNaming,none,false,true,false
src/objects/restriction_type.ts.RestrictionType::getDescription,none,false,true,false
src/objects/restriction_type.ts.RestrictionType::getType,none,false,false,false
src/objects/rfc_service.ts.RFCService::constructor,own_fields,true,false,false
src/objects/rfc_service.ts.RFCService::getAllowedNaming,none,false,true,false
src/objects/rfc_service.ts.RFCService::getDescription,none,false,true,false
src/objects/rfc_service.ts.RFCService::getType,none,false,false,false
src/objects/sapscript.ts.SAPScript::constructor,own_fields,true,false,false
src/objects/sapscript.ts.SAPScript::getAllowedNaming,none,false,true,false
src/objects/sapscript.ts.SAPScript::getDescription,none,false,true,false
src/objects/sapscript.ts.SAPScript::getType,none,false,false,false
src/objects/sapscript_style.ts.SAPScriptStyle::constructor,own_fields,true,false,false
src/objects/sapscript_style.ts.SAPScriptStyle::getAllowedNaming,none,false,true,false
src/objects/sapscript_style.ts.SAPScriptStyle::getDescription,none,false,true,false
src/objects/sapscript_style.ts.SAPScriptStyle::getType,none,false,false,false
src/objects/screen_variant.ts.ScreenVariant::constructor,own_fields,true,false,false
src/objects/screen_variant.ts.ScreenVariant::getAllowedNaming,none,false,true,false
src/objects/screen_variant.ts.ScreenVariant::getDescription,none,false,true,false
src/objects/screen_variant.ts.ScreenVariant::getType,none,false,false,false
src/objects/search_help.ts.SearchHelp::constructor,own_fields,true,false,false
src/objects/search_help.ts.SearchHelp::getAllowedNaming,none,false,true,false
src/objects/search_help.ts.SearchHelp::getDescription,none,false,true,false
src/objects/search_help.ts.SearchHelp::getType,none,false,false,false
src/objects/service_binding.ts.ServiceBinding::constructor,own_fields,true,false,false
src/objects/service_binding.ts.ServiceBinding::getAllowedNaming,none,false,true,false
src/objects/service_binding.ts.ServiceBinding::getDescription,none,false,true,false
src/objects/service_binding.ts.ServiceBinding::getType,none,false,false,false
src/objects/service_definition.ts.ServiceDefinition::constructor,own_fields,true,false,false
src/objects/service_definition.ts.ServiceDefinition::getAllowedNaming,none,false,true,false
src/objects/service_definition.ts.ServiceDefinition::getDescription,none,false,true,false
src/objects/service_definition.ts.ServiceDefinition::getType,none,false,false,false
src/objects/shared_memory.ts.SharedMemory::constructor,own_fields,true,false,false
src/objects/shared_memory.ts.SharedMemory::getAllowedNaming,none,false,true,false
src/objects/shared_memory.ts.SharedMemory::getDescription,none,false,true,false
src/objects/shared_memory.ts.SharedMemory::getType,none,false,false,false
src/objects/smart_form.ts.SmartForm::constructor,own_fields,true,false,false
src/objects/smart_form.ts.SmartForm::getAllowedNaming,none,false,true,false
src/objects/smart_form.ts.SmartForm::getDescription,none,false,true,false
src/objects/smart_form.ts.SmartForm::getType,none,false,false,false
src/objects/smart_style.ts.SmartStyle::constructor,own_fields,true,false,false
src/objects/smart_style.ts.SmartStyle::getAllowedNaming,none,false,true,false
src/objects/smart_style.ts.SmartStyle::getDescription,none,false,true,false
src/objects/smart_style.ts.SmartStyle::getType,none,false,false,false
src/objects/standard_task.ts.StandardTask::constructor,own_fields,true,false,false
src/objects/standard_task.ts.StandardTask::getAllowedNaming,none,false,true,false
src/objects/standard_task.ts.StandardTask::getDescription,none,false,true,false
src/objects/standard_task.ts.StandardTask::getType,none,false,false,false
src/objects/switch_assignment_hierarchy.ts.SwitchAssignmentHierarchy::constructor,own_fields,true,false,false
src/objects/switch_assignment_hierarchy.ts.SwitchAssignmentHierarchy::getAllowedNaming,none,false,true,false
src/objects/switch_assignment_hierarchy.ts.SwitchAssignmentHierarchy::getDescription,none,false,true,false
src/objects/switch_assignment_hierarchy.ts.SwitchAssignmentHierarchy::getType,none,false,false,false
src/objects/switch_assignments.ts.SwitchAssignments::constructor,own_fields,true,false,false
src/objects/switch_assignments.ts.SwitchAssignments::getAllowedNaming,none,false,true,false
src/objects/switch_assignments.ts.SwitchAssignments::getDescription,none,false,true,false
src/objects/switch_assignments.ts.SwitchAssignments::getType,none,false,false,false
src/objects/table.ts.SecondaryIndex::constructor,own_fields,false,false,false
src/objects/table.ts.Table::constructor,own_fields,true,false,false
src/objects/table.ts.Table::getAllowedNaming,none,false,true,false
src/objects/table.ts.Table::getDeliveryClass,none,false,true,false
src/objects/table.ts.Table::getDescription,none,false,true,false
src/objects/table.ts.Table::getEnhancementCategory,none,false,true,false
src/objects/table.ts.Table::getFields,none,false,true,false
src/objects/table.ts.Table::getSecondaryIndexes,none,false,true,false
src/objects/table.ts.Table::getSizeCategory,none,false,true,false
src/objects/table.ts.Table::getTableCategory,none,false,true,false
src/objects/table.ts.Table::getType,none,false,false,false
src/objects/table.ts.Table::keyFieldsNotFirst,none,false,true,false
src/objects/table.ts.Table::listKeys,none,false,true,false
src/objects/table.ts.Table::parseType,none,false,true,false
src/objects/table.ts.Table::parseXML,none,false,true,false
src/objects/table.ts.Table::setDirty,none,false,true,false
src/objects/table.ts.module::class_constructor,any,true,false,true
src/objects/table_type.ts.TableType::buildPrimaryKey,none,false,true,false
src/objects/table_type.ts.TableType::buildTableOptions,none,false,true,false
src/objects/table_type.ts.TableType::constructor,own_fields,true,false,false
src/objects/table_type.ts.TableType::getAllowedNaming,none,false,true,false
src/objects/table_type.ts.TableType::getDescription,none,false,true,false
src/objects/table_type.ts.TableType::getRowType,none,false,true,false
src/objects/table_type.ts.TableType::getType,none,false,false,false
src/objects/table_type.ts.TableType::parseType,none,false,true,false
src/objects/table_type.ts.TableType::parseXML,none,false,true,false
src/objects/table_type.ts.TableType::setDirty,none,false,true,false
src/objects/technical_job_definition.ts.TechnicalJobDefinition::constructor,own_fields,true,false,false
src/objects/technical_job_definition.ts.TechnicalJobDefinition::getAllowedNaming,none,false,true,false
src/objects/technical_job_definition.ts.TechnicalJobDefinition::getDescription,none,false,true,false
src/objects/technical_job_definition.ts.TechnicalJobDefinition::getType,none,false,false,false
src/objects/transaction.ts.Transaction::constructor,own_fields,true,false,false
src/objects/transaction.ts.Transaction::getAllowedNaming,none,false,true,false
src/objects/transaction.ts.Transaction::getCInfo,none,false,true,false
src/objects/transaction.ts.Transaction::getDescription,none,false,true,false
src/objects/transaction.ts.Transaction::getProgramName,none,false,true,false
src/objects/transaction.ts.Transaction::getTextsTranslations,none,false,true,false
src/objects/transaction.ts.Transaction::getType,none,false,false,false
src/objects/transaction.ts.Transaction::parse,none,false,true,false
src/objects/transaction.ts.Transaction::parse_instantiated_src/objects/transaction.ts.Transaction,none,false,true,false
src/objects/transaction.ts.Transaction::setDirty,none,false,true,false
src/objects/transaction_variant.ts.TransactionVariant::constructor,own_fields,true,false,false
src/objects/transaction_variant.ts.TransactionVariant::getAllowedNaming,none,false,true,false
src/objects/transaction_variant.ts.TransactionVariant::getDescription,none,false,true,false
src/objects/transaction_variant.ts.TransactionVariant::getType,none,false,false,false
src/objects/transformation.ts.Transformation::constructor,own_fields,true,false,false
src/objects/transformation.ts.Transformation::getAllowedNaming,none,false,true,false
src/objects/transformation.ts.Transformation::getDescription,none,false,false,false
src/objects/transformation.ts.Transformation::getType,none,false,false,false
src/objects/type_pool.ts.TypePool::constructor,own_fields,true,false,false
src/objects/type_pool.ts.TypePool::getAllowedNaming,none,false,true,false
src/objects/type_pool.ts.TypePool::getDescription,none,true,true,true
src/objects/type_pool.ts.TypePool::getSequencedFiles,any,true,true,true
src/objects/type_pool.ts.TypePool::getType,none,false,false,false
src/objects/view.ts.View::constructor,own_fields,true,false,false
src/objects/view.ts.View::getAllowedNaming,none,false,true,false
src/objects/view.ts.View::getDescription,none,false,true,false
src/objects/view.ts.View::getFields,none,false,true,false
src/objects/view.ts.View::getJoin,none,false,true,false
src/objects/view.ts.View::getType,none,false,false,false
src/objects/view.ts.View::listKeys,none,false,true,false
src/objects/view.ts.View::parseType,none,false,true,false
src/objects/view.ts.View::parseXML,none,false,true,false
src/objects/view.ts.View::setDirty,none,false,true,false
src/objects/view_cluster.ts.ViewCluster::constructor,own_fields,true,false,false
src/objects/view_cluster.ts.ViewCluster::getAllowedNaming,none,false,true,false
src/objects/view_cluster.ts.ViewCluster::getDescription,none,false,true,false
src/objects/view_cluster.ts.ViewCluster::getType,none,false,false,false
src/objects/virtual_end_point.ts.VirtualEndPoint::constructor,own_fields,true,false,false
src/objects/virtual_end_point.ts.VirtualEndPoint::getAllowedNaming,none,false,true,false
src/objects/virtual_end_point.ts.VirtualEndPoint::getDescription,none,false,true,false
src/objects/virtual_end_point.ts.VirtualEndPoint::getType,none,false,false,false
src/objects/web_dynpro_application.ts.WebDynproApplication::constructor,own_fields,true,false,false
src/objects/web_dynpro_application.ts.WebDynproApplication::getAllowedNaming,none,false,true,false
src/objects/web_dynpro_application.ts.WebDynproApplication::getDescription,none,false,true,false
src/objects/web_dynpro_application.ts.WebDynproApplication::getType,none,false,false,false
src/objects/web_dynpro_application_configuration.ts.WebDynproApplicationConfiguration::constructor,own_fields,true,false,false
src/objects/web_dynpro_application_configuration.ts.WebDynproApplicationConfiguration::getAllowedNaming,none,false,true,false
src/objects/web_dynpro_application_configuration.ts.WebDynproApplicationConfiguration::getDescription,none,false,true,false
src/objects/web_dynpro_application_configuration.ts.WebDynproApplicationConfiguration::getType,none,false,false,false
src/objects/web_dynpro_component.ts.WebDynproComponent::constructor,own_fields,true,false,false
src/objects/web_dynpro_component.ts.WebDynproComponent::getAllowedNaming,none,false,true,false
src/objects/web_dynpro_component.ts.WebDynproComponent::getDescription,none,false,true,false
src/objects/web_dynpro_component.ts.WebDynproComponent::getType,none,false,false,false
src/objects/web_dynpro_component_configuration.ts.WebDynproComponentConfiguration::constructor,own_fields,true,false,false
src/objects/web_dynpro_component_configuration.ts.WebDynproComponentConfiguration::getAllowedNaming,none,false,true,false
src/objects/web_dynpro_component_configuration.ts.WebDynproComponentConfiguration::getDescription,none,false,true,false
src/objects/web_dynpro_component_configuration.ts.WebDynproComponentConfiguration::getType,none,false,false,false
src/objects/web_mime.ts.WebMIME::constructor,own_fields,true,false,false
src/objects/web_mime.ts.WebMIME::getAllowedNaming,none,false,true,false
src/objects/web_mime.ts.WebMIME::getDataFile,none,false,true,false
src/objects/web_mime.ts.WebMIME::getDescription,none,false,true,false
src/objects/web_mime.ts.WebMIME::getParameter,none,false,true,false
src/objects/web_mime.ts.WebMIME::getParameters,none,false,true,false
src/objects/web_mime.ts.WebMIME::getType,none,false,false,false
src/objects/web_mime.ts.WebMIME::parse,none,false,true,false
src/objects/web_mime.ts.WebMIME::parse_instantiated_src/objects/web_mime.ts.WebMIME,none,false,true,false
src/objects/web_mime.ts.WebMIME::setDirty,none,false,true,false
src/objects/web_reporting_template.ts.WebReportingTemplate::constructor,own_fields,true,false,false
src/objects/web_reporting_template.ts.WebReportingTemplate::getAllowedNaming,none,false,true,false
src/objects/web_reporting_template.ts.WebReportingTemplate::getDescription,none,false,true,false
src/objects/web_reporting_template.ts.WebReportingTemplate::getType,none,false,false,false
src/position.ts.Position::constructor,own_fields,false,false,false
src/position.ts.Position::equals,none,false,false,false
src/position.ts.Position::getCol,none,false,false,false
src/position.ts.Position::getRow,none,false,false,false
src/position.ts.Position::isAfter,none,false,false,false
src/position.ts.Position::isBefore,none,false,false,false
src/position.ts.Position::isBetween,none,false,true,false
src/pretty_printer/fix_keyword_case.ts.FixCase::constructor,any,true,true,false
src/pretty_printer/fix_keyword_case.ts.FixCase::execute,none,false,true,false
src/pretty_printer/fix_keyword_case.ts.FixCase::formatKeyword,none,false,true,false
src/pretty_printer/fix_keyword_case.ts.FixCase::formatNonKeyword,none,false,true,false
src/pretty_printer/fix_keyword_case.ts.FixCase::replaceString,none,false,true,false
src/pretty_printer/indent.ts.Indent::constructor,own_fields,true,true,false
src/pretty_printer/indent.ts.Indent::execute,none,false,true,false
src/pretty_printer/indent.ts.Indent::getExpectedIndents,none,false,true,false
src/pretty_printer/indent.ts.Indent::skipIndentForGlobalClass,none,false,true,false
src/pretty_printer/indentation_options.ts.IIndentationOptions::constructor,own_fields,false,false,false
src/pretty_printer/pretty_printer.ts.PrettyPrinter::constructor,any,true,true,false
src/pretty_printer/pretty_printer.ts.PrettyPrinter::run,none,false,true,false
src/registry.ts.ParsingPerformance::clear,any,true,false,false
src/registry.ts.ParsingPerformance::output,any,false,true,true
src/registry.ts.ParsingPerformance::push,any,true,true,false
src/registry.ts.Registry::_addFiles,any,true,true,true
src/registry.ts.Registry::abaplintVersion,none,false,false,false
src/registry.ts.Registry::addDependencies,any,true,true,true
src/registry.ts.Registry::addDependency,any,true,true,true
src/registry.ts.Registry::addFile,any,true,true,true
src/registry.ts.Registry::addFiles,any,true,true,true
src/registry.ts.Registry::checkDuplicateFilename,any,true,true,true
src/registry.ts.Registry::clear,own_fields,true,false,false
src/registry.ts.Registry::constructor,any,true,true,true
src/registry.ts.Registry::filenameBasename,any,true,true,false
src/registry.ts.Registry::find,none,true,true,false
src/registry.ts.Registry::findIssues,any,true,true,true
src/registry.ts.Registry::findIssuesObject,none,false,true,false
src/registry.ts.Registry::findObjectForFile,none,false,true,false
src/registry.ts.Registry::findOrCreate,any,true,true,false
src/registry.ts.Registry::getConfig,none,false,false,false
src/registry.ts.Registry::getDDICReferences,none,false,false,false
src/registry.ts.Registry::getFileByName,any,true,true,true
src/registry.ts.Registry::getFiles,none,false,true,false
src/registry.ts.Registry::getFirstObject,none,true,true,true
src/registry.ts.Registry::getMSAGReferences,none,false,false,false
src/registry.ts.Registry::getMacroReferences,none,false,false,false
src/registry.ts.Registry::getObject,none,true,true,false
src/registry.ts.Registry::getObjectCount,any,true,true,true
src/registry.ts.Registry::getObjects,any,true,true,true
src/registry.ts.Registry::getObjectsByType,any,true,true,true
src/registry.ts.Registry::inErrorNamespace,none,false,true,false
src/registry.ts.Registry::isDependency,none,true,true,false
src/registry.ts.Registry::isDirty,any,true,true,true
src/registry.ts.Registry::isFileDependency,none,false,true,false
src/registry.ts.Registry::parse,any,true,true,true
src/registry.ts.Registry::parseAsync,none,false,true,false
src/registry.ts.Registry::parsePrivate,any,true,true,true
src/registry.ts.Registry::parse_instantiated_src/registry.ts.Registry,any,true,true,true
src/registry.ts.Registry::removeDependency,any,true,true,false
src/registry.ts.Registry::removeFile,none,false,true,false
src/registry.ts.Registry::removeObject,any,true,true,false
src/registry.ts.Registry::setConfig,any,true,true,true
src/registry.ts.Registry::updateFile,none,false,true,false
src/rules/7bit_ascii.ts.SevenBitAscii::constructor,own_fields,true,false,false
src/rules/7bit_ascii.ts.SevenBitAscii::getConfig,none,false,false,false
src/rules/7bit_ascii.ts.SevenBitAscii::getConfig_instantiated_src/rules/7bit_ascii.ts.SevenBitAscii,none,false,false,false
src/rules/7bit_ascii.ts.SevenBitAscii::getConfig_value,none,false,false,false
src/rules/7bit_ascii.ts.SevenBitAscii::getMetadata,any,true,false,false
src/rules/7bit_ascii.ts.SevenBitAscii::initialize,none,false,true,false
src/rules/7bit_ascii.ts.SevenBitAscii::initialize_instantiated_src/rules/7bit_ascii.ts.SevenBitAscii,none,false,true,false
src/rules/7bit_ascii.ts.SevenBitAscii::run,none,false,true,false
src/rules/7bit_ascii.ts.SevenBitAscii::setConfig,none,false,true,false
src/rules/7bit_ascii.ts.SevenBitAscii::setConfig_instantiated_src/rules/7bit_ascii.ts.SevenBitAscii,none,false,true,false
src/rules/_abap_rule.ts.ABAPRule::initialize,own_fields,false,false,false
src/rules/_abap_rule.ts.ABAPRule::initialize_instantiated_src/rules/_abap_rule.ts.ABAPRule,own_fields,false,false,false
src/rules/_abap_rule.ts.ABAPRule::run,any,true,true,true
src/rules/_basic_rule_config.ts.BasicRuleConfig::constructor,own_fields,true,false,false
src/rules/_irule.ts.IRuleMetadata::constructor,own_fields,false,false,false
src/rules/_irule.ts.module::class_constructor,any,true,false,true
src/rules/_naming_rule_config.ts.NamingRuleConfig::constructor,own_fields,true,false,false
src/rules/abapdoc.ts.Abapdoc::constructor,own_fields,true,false,false
src/rules/abapdoc.ts.Abapdoc::getAbapdoc,none,false,true,false
src/rules/abapdoc.ts.Abapdoc::getConfig,none,false,false,false
src/rules/abapdoc.ts.Abapdoc::getConfig_instantiated_src/rules/abapdoc.ts.Abapdoc,none,false,false,false
src/rules/abapdoc.ts.Abapdoc::getConfig_value,none,false,false,false
src/rules/abapdoc.ts.Abapdoc::getMetadata,any,true,false,false
src/rules/abapdoc.ts.Abapdoc::runParsed,none,false,true,false
src/rules/abapdoc.ts.Abapdoc::runParsed_instantiated_src/rules/abapdoc.ts.Abapdoc,none,false,true,false
src/rules/abapdoc.ts.Abapdoc::setConfig,none,false,true,false
src/rules/abapdoc.ts.Abapdoc::setConfig_instantiated_src/rules/abapdoc.ts.Abapdoc,none,false,true,false
src/rules/abapdoc.ts.AbapdocConf::constructor,own_fields,true,false,false
src/rules/add_test_attributes.ts.AddTestAttributes::constructor,own_fields,true,false,false
src/rules/add_test_attributes.ts.AddTestAttributes::getConfig,none,false,false,false
src/rules/add_test_attributes.ts.AddTestAttributes::getConfig_instantiated_src/rules/add_test_attributes.ts.AddTestAttributes,none,false,false,false
src/rules/add_test_attributes.ts.AddTestAttributes::getConfig_value,none,false,false,false
src/rules/add_test_attributes.ts.AddTestAttributes::getMetadata,any,true,false,false
src/rules/add_test_attributes.ts.AddTestAttributes::runParsed,none,false,true,false
src/rules/add_test_attributes.ts.AddTestAttributes::runParsed_instantiated_src/rules/add_test_attributes.ts.AddTestAttributes,none,false,true,false
src/rules/add_test_attributes.ts.AddTestAttributes::setConfig,none,false,true,false
src/rules/add_test_attributes.ts.AddTestAttributes::setConfig_instantiated_src/rules/add_test_attributes.ts.AddTestAttributes,none,false,true,false
src/rules/add_test_attributes.ts.AddTestAttributesConf::constructor,own_fields,true,false,false
src/rules/aff_and_xml.ts.AFFAndXML::constructor,own_fields,true,false,false
src/rules/aff_and_xml.ts.AFFAndXML::getConfig,none,false,false,false
src/rules/aff_and_xml.ts.AFFAndXML::getConfig_instantiated_src/rules/aff_and_xml.ts.AFFAndXML,none,false,false,false
src/rules/aff_and_xml.ts.AFFAndXML::getConfig_value,none,false,false,false
src/rules/aff_and_xml.ts.AFFAndXML::getMetadata,any,true,false,false
src/rules/aff_and_xml.ts.AFFAndXML::initialize,none,false,true,false
src/rules/aff_and_xml.ts.AFFAndXML::initialize_instantiated_src/rules/aff_and_xml.ts.AFFAndXML,none,false,true,false
src/rules/aff_and_xml.ts.AFFAndXML::run,none,false,true,false
src/rules/aff_and_xml.ts.AFFAndXML::setConfig,none,false,true,false
src/rules/aff_and_xml.ts.AFFAndXML::setConfig_instantiated_src/rules/aff_and_xml.ts.AFFAndXML,none,false,true,false
src/rules/aff_and_xml.ts.AFFAndXMLConf::constructor,own_fields,true,false,false
src/rules/align_parameters.ts.AlignParameters::checkCandidate,none,false,true,false
src/rules/align_parameters.ts.AlignParameters::constructor,own_fields,true,false,false
src/rules/align_parameters.ts.AlignParameters::functionParameterCandidates,none,false,true,false
src/rules/align_parameters.ts.AlignParameters::getConfig,none,false,false,false
src/rules/align_parameters.ts.AlignParameters::getConfig_instantiated_src/rules/align_parameters.ts.AlignParameters,none,false,false,false
src/rules/align_parameters.ts.AlignParameters::getConfig_value,none,false,false,false
src/rules/align_parameters.ts.AlignParameters::getMetadata,any,true,false,false
src/rules/align_parameters.ts.AlignParameters::methodCallParamCandidates,none,false,true,false
src/rules/align_parameters.ts.AlignParameters::newCandidates,none,false,true,false
src/rules/align_parameters.ts.AlignParameters::raiseAndCreateCandidates,none,false,true,false
src/rules/align_parameters.ts.AlignParameters::runParsed,none,false,true,false
src/rules/align_parameters.ts.AlignParameters::runParsed_instantiated_src/rules/align_parameters.ts.AlignParameters,none,false,true,false
src/rules/align_parameters.ts.AlignParameters::setConfig,none,false,true,false
src/rules/align_parameters.ts.AlignParameters::setConfig_instantiated_src/rules/align_parameters.ts.AlignParameters,none,false,true,false
src/rules/align_parameters.ts.AlignParameters::valueBodyCandidates,none,false,true,false
src/rules/align_parameters.ts.AlignParametersConf::constructor,own_fields,true,false,false
src/rules/align_parameters.ts.ICandidate::constructor,own_fields,false,false,false
src/rules/align_parameters.ts.IParameterData::constructor,own_fields,false,false,false
src/rules/align_pseudo_comments.ts.AlignPseudoComments::constructor,own_fields,true,false,false
src/rules/align_pseudo_comments.ts.AlignPseudoComments::getConfig,none,false,false,false
src/rules/align_pseudo_comments.ts.AlignPseudoComments::getConfig_instantiated_src/rules/align_pseudo_comments.ts.AlignPseudoComments,none,false,false,false
src/rules/align_pseudo_comments.ts.AlignPseudoComments::getConfig_value,none,false,false,false
src/rules/align_pseudo_comments.ts.AlignPseudoComments::getMetadata,any,true,false,false
src/rules/align_pseudo_comments.ts.AlignPseudoComments::runParsed,none,false,true,false
src/rules/align_pseudo_comments.ts.AlignPseudoComments::runParsed_instantiated_src/rules/align_pseudo_comments.ts.AlignPseudoComments,none,false,true,false
src/rules/align_pseudo_comments.ts.AlignPseudoComments::setConfig,none,false,true,false
src/rules/align_pseudo_comments.ts.AlignPseudoComments::setConfig_instantiated_src/rules/align_pseudo_comments.ts.AlignPseudoComments,none,false,true,false
src/rules/align_pseudo_comments.ts.AlignPseudoCommentsConf::constructor,own_fields,true,false,false
src/rules/align_type_expressions.ts.AlignTypeExpressions::check,none,false,true,false
src/rules/align_type_expressions.ts.AlignTypeExpressions::checkEvents,none,false,true,false
src/rules/align_type_expressions.ts.AlignTypeExpressions::checkMethods,none,false,true,false
src/rules/align_type_expressions.ts.AlignTypeExpressions::checkTypes,none,false,true,false
src/rules/align_type_expressions.ts.AlignTypeExpressions::constructor,own_fields,true,false,false
src/rules/align_type_expressions.ts.AlignTypeExpressions::getConfig,none,false,false,false
src/rules/align_type_expressions.ts.AlignTypeExpressions::getConfig_instantiated_src/rules/align_type_expressions.ts.AlignTypeExpressions,none,false,false,false
src/rules/align_type_expressions.ts.AlignTypeExpressions::getConfig_value,none,false,false,false
src/rules/align_type_expressions.ts.AlignTypeExpressions::getMetadata,any,true,false,false
src/rules/align_type_expressions.ts.AlignTypeExpressions::runParsed,none,false,true,false
src/rules/align_type_expressions.ts.AlignTypeExpressions::runParsed_instantiated_src/rules/align_type_expressions.ts.AlignTypeExpressions,none,false,true,false
src/rules/align_type_expressions.ts.AlignTypeExpressions::setConfig,none,false,true,false
src/rules/align_type_expressions.ts.AlignTypeExpressions::setConfig_instantiated_src/rules/align_type_expressions.ts.AlignTypeExpressions,none,false,true,false
src/rules/align_type_expressions.ts.AlignTypeExpressionsConf::constructor,own_fields,true,false,false
src/rules/allowed_object_naming.ts.AllowedObjectNaming::constructor,own_fields,true,false,false
src/rules/allowed_object_naming.ts.AllowedObjectNaming::getConfig,none,false,false,false
src/rules/allowed_object_naming.ts.AllowedObjectNaming::getConfig_instantiated_src/rules/allowed_object_naming.ts.AllowedObjectNaming,none,false,false,false
src/rules/allowed_object_naming.ts.AllowedObjectNaming::getConfig_value,none,false,false,false
src/rules/allowed_object_naming.ts.AllowedObjectNaming::getMetadata,any,true,false,false
src/rules/allowed_object_naming.ts.AllowedObjectNaming::initialize,none,false,false,false
src/rules/allowed_object_naming.ts.AllowedObjectNaming::initialize_instantiated_src/rules/allowed_object_naming.ts.AllowedObjectNaming,none,false,false,false
src/rules/allowed_object_naming.ts.AllowedObjectNaming::run,any,true,true,true
src/rules/allowed_object_naming.ts.AllowedObjectNaming::setConfig,none,false,true,false
src/rules/allowed_object_naming.ts.AllowedObjectNaming::setConfig_instantiated_src/rules/allowed_object_naming.ts.AllowedObjectNaming,none,false,true,false
src/rules/allowed_object_naming.ts.AllowedObjectNamingConf::constructor,own_fields,true,false,false
src/rules/allowed_object_naming.ts.module::class_constructor,any,true,false,true
src/rules/allowed_object_types.ts.AllowedObjectTypes::constructor,own_fields,true,false,false
src/rules/allowed_object_types.ts.AllowedObjectTypes::getConfig,none,false,false,false
src/rules/allowed_object_types.ts.AllowedObjectTypes::getConfig_instantiated_src/rules/allowed_object_types.ts.AllowedObjectTypes,none,false,false,false
src/rules/allowed_object_types.ts.AllowedObjectTypes::getConfig_value,none,false,false,false
src/rules/allowed_object_types.ts.AllowedObjectTypes::getDescription,none,false,true,false
src/rules/allowed_object_types.ts.AllowedObjectTypes::getMetadata,any,true,false,false
src/rules/allowed_object_types.ts.AllowedObjectTypes::initialize,none,false,true,false
src/rules/allowed_object_types.ts.AllowedObjectTypes::initialize_instantiated_src/rules/allowed_object_types.ts.AllowedObjectTypes,none,false,true,false
src/rules/allowed_object_types.ts.AllowedObjectTypes::run,none,false,true,false
src/rules/allowed_object_types.ts.AllowedObjectTypes::setConfig,none,false,true,false
src/rules/allowed_object_types.ts.AllowedObjectTypes::setConfig_instantiated_src/rules/allowed_object_types.ts.AllowedObjectTypes,none,false,true,false
src/rules/allowed_object_types.ts.AllowedObjectTypesConf::constructor,own_fields,true,false,false
src/rules/ambiguous_statement.ts.AmbiguousStatement::constructor,own_fields,true,false,false
src/rules/ambiguous_statement.ts.AmbiguousStatement::getConfig,none,false,false,false
src/rules/ambiguous_statement.ts.AmbiguousStatement::getConfig_instantiated_src/rules/ambiguous_statement.ts.AmbiguousStatement,none,false,false,false
src/rules/ambiguous_statement.ts.AmbiguousStatement::getConfig_value,none,false,false,false
src/rules/ambiguous_statement.ts.AmbiguousStatement::getMessage,none,false,true,false
src/rules/ambiguous_statement.ts.AmbiguousStatement::getMetadata,any,true,false,false
src/rules/ambiguous_statement.ts.AmbiguousStatement::isBareStatement,none,false,true,false
src/rules/ambiguous_statement.ts.AmbiguousStatement::runParsed,none,false,true,false
src/rules/ambiguous_statement.ts.AmbiguousStatement::runParsed_instantiated_src/rules/ambiguous_statement.ts.AmbiguousStatement,none,false,true,false
src/rules/ambiguous_statement.ts.AmbiguousStatement::setConfig,none,false,true,false
src/rules/ambiguous_statement.ts.AmbiguousStatement::setConfig_instantiated_src/rules/ambiguous_statement.ts.AmbiguousStatement,none,false,true,false
src/rules/ambiguous_statement.ts.AmbiguousStatement::tryMatch,none,false,true,false
src/rules/ambiguous_statement.ts.AmbiguousStatementConf::constructor,own_fields,true,false,false
src/rules/avoid_use.ts.AvoidUse::constructor,own_fields,true,false,false
src/rules/avoid_use.ts.AvoidUse::getConfig,none,false,false,false
src/rules/avoid_use.ts.AvoidUse::getConfig_instantiated_src/rules/avoid_use.ts.AvoidUse,none,false,false,false
src/rules/avoid_use.ts.AvoidUse::getConfig_value,none,false,false,false
src/rules/avoid_use.ts.AvoidUse::getDescribeLinesFix,none,false,true,false
src/rules/avoid_use.ts.AvoidUse::getDescription,none,false,true,false
src/rules/avoid_use.ts.AvoidUse::getMetadata,any,true,false,false
src/rules/avoid_use.ts.AvoidUse::runParsed,none,false,true,false
src/rules/avoid_use.ts.AvoidUse::runParsed_instantiated_src/rules/avoid_use.ts.AvoidUse,none,false,true,false
src/rules/avoid_use.ts.AvoidUse::setConfig,none,false,true,false
src/rules/avoid_use.ts.AvoidUse::setConfig_instantiated_src/rules/avoid_use.ts.AvoidUse,none,false,true,false
src/rules/avoid_use.ts.AvoidUseConf::constructor,own_fields,true,false,false
src/rules/begin_end_names.ts.BeginEndNames::constructor,own_fields,true,false,false
src/rules/begin_end_names.ts.BeginEndNames::getConfig,none,false,false,false
src/rules/begin_end_names.ts.BeginEndNames::getConfig_instantiated_src/rules/begin_end_names.ts.BeginEndNames,none,false,false,false
src/rules/begin_end_names.ts.BeginEndNames::getConfig_value,none,false,false,false
src/rules/begin_end_names.ts.BeginEndNames::getMetadata,any,true,false,false
src/rules/begin_end_names.ts.BeginEndNames::runParsed,none,false,true,false
src/rules/begin_end_names.ts.BeginEndNames::runParsed_instantiated_src/rules/begin_end_names.ts.BeginEndNames,none,false,true,false
src/rules/begin_end_names.ts.BeginEndNames::setConfig,none,false,true,false
src/rules/begin_end_names.ts.BeginEndNames::setConfig_instantiated_src/rules/begin_end_names.ts.BeginEndNames,none,false,true,false
src/rules/begin_end_names.ts.BeginEndNames::test,none,false,true,false
src/rules/begin_end_names.ts.BeginEndNamesConf::constructor,own_fields,true,false,false
src/rules/begin_single_include.ts.BeginSingleInclude::constructor,own_fields,true,false,false
src/rules/begin_single_include.ts.BeginSingleInclude::getConfig,none,false,false,false
src/rules/begin_single_include.ts.BeginSingleInclude::getConfig_instantiated_src/rules/begin_single_include.ts.BeginSingleInclude,none,false,false,false
src/rules/begin_single_include.ts.BeginSingleInclude::getConfig_value,none,false,false,false
src/rules/begin_single_include.ts.BeginSingleInclude::getMetadata,any,true,false,false
src/rules/begin_single_include.ts.BeginSingleInclude::runParsed,none,false,true,false
src/rules/begin_single_include.ts.BeginSingleInclude::runParsed_instantiated_src/rules/begin_single_include.ts.BeginSingleInclude,none,false,true,false
src/rules/begin_single_include.ts.BeginSingleInclude::setConfig,none,false,true,false
src/rules/begin_single_include.ts.BeginSingleInclude::setConfig_instantiated_src/rules/begin_single_include.ts.BeginSingleInclude,none,false,true,false
src/rules/begin_single_include.ts.BeginSingleIncludeConf::constructor,own_fields,true,false,false
src/rules/call_transaction_authority_check.ts.CallTransactionAuthorityCheck::constructor,any,true,true,true
src/rules/call_transaction_authority_check.ts.CallTransactionAuthorityCheck::getConfig,none,false,false,false
src/rules/call_transaction_authority_check.ts.CallTransactionAuthorityCheck::getConfig_instantiated_src/rules/call_transaction_authority_check.ts.CallTransactionAuthorityCheck,none,false,false,false
src/rules/call_transaction_authority_check.ts.CallTransactionAuthorityCheck::getConfig_value,none,false,false,false
src/rules/call_transaction_authority_check.ts.CallTransactionAuthorityCheck::getMessage,none,false,true,false
src/rules/call_transaction_authority_check.ts.CallTransactionAuthorityCheck::getMetadata,any,true,false,false
src/rules/call_transaction_authority_check.ts.CallTransactionAuthorityCheck::runParsed,none,false,true,false
src/rules/call_transaction_authority_check.ts.CallTransactionAuthorityCheck::setConfig,none,false,true,false
src/rules/call_transaction_authority_check.ts.CallTransactionAuthorityCheck::setConfig_instantiated_src/rules/call_transaction_authority_check.ts.CallTransactionAuthorityCheck,none,false,true,false
src/rules/call_transaction_authority_check.ts.CallTransactionAuthorityCheckConf::constructor,own_fields,true,false,false
src/rules/catch_and_raise.ts.CatchAndRaise::constructor,own_fields,true,false,false
src/rules/catch_and_raise.ts.CatchAndRaise::getConfig,none,false,false,false
src/rules/catch_and_raise.ts.CatchAndRaise::getConfig_instantiated_src/rules/catch_and_raise.ts.CatchAndRaise,none,false,false,false
src/rules/catch_and_raise.ts.CatchAndRaise::getConfig_value,none,false,false,false
src/rules/catch_and_raise.ts.CatchAndRaise::getMessage,none,false,true,false
src/rules/catch_and_raise.ts.CatchAndRaise::getMetadata,any,true,false,false
src/rules/catch_and_raise.ts.CatchAndRaise::runParsed,none,false,true,false
src/rules/catch_and_raise.ts.CatchAndRaise::runParsed_instantiated_src/rules/catch_and_raise.ts.CatchAndRaise,none,false,true,false
src/rules/catch_and_raise.ts.CatchAndRaise::setConfig,none,false,true,false
src/rules/catch_and_raise.ts.CatchAndRaise::setConfig_instantiated_src/rules/catch_and_raise.ts.CatchAndRaise,none,false,true,false
src/rules/catch_and_raise.ts.CatchAndRaiseConf::constructor,own_fields,true,false,false
src/rules/cds_association_name.ts.CDSAssociationName::constructor,own_fields,true,false,false
src/rules/cds_association_name.ts.CDSAssociationName::getConfig,none,false,false,false
src/rules/cds_association_name.ts.CDSAssociationName::getConfig_instantiated_src/rules/cds_association_name.ts.CDSAssociationName,none,false,false,false
src/rules/cds_association_name.ts.CDSAssociationName::getConfig_value,none,false,false,false
src/rules/cds_association_name.ts.CDSAssociationName::getMetadata,any,true,false,false
src/rules/cds_association_name.ts.CDSAssociationName::initialize,none,false,true,false
src/rules/cds_association_name.ts.CDSAssociationName::initialize_instantiated_src/rules/cds_association_name.ts.CDSAssociationName,none,false,true,false
src/rules/cds_association_name.ts.CDSAssociationName::run,none,false,true,false
src/rules/cds_association_name.ts.CDSAssociationName::run_instantiated_src/rules/cds_association_name.ts.CDSAssociationName,none,false,true,false
src/rules/cds_association_name.ts.CDSAssociationName::setConfig,none,false,true,false
src/rules/cds_association_name.ts.CDSAssociationName::setConfig_instantiated_src/rules/cds_association_name.ts.CDSAssociationName,none,false,true,false
src/rules/cds_association_name.ts.CDSAssociationNameConf::constructor,own_fields,true,false,false
src/rules/cds_check_syntax.ts.CDSCheckSyntax::checkFieldAnnotations,none,false,true,false
src/rules/cds_check_syntax.ts.CDSCheckSyntax::checkFields,none,false,true,false
src/rules/cds_check_syntax.ts.CDSCheckSyntax::checkLabels,none,false,true,false
src/rules/cds_check_syntax.ts.CDSCheckSyntax::checkRelations,none,false,true,false
src/rules/cds_check_syntax.ts.CDSCheckSyntax::checkReservedNames,none,false,true,false
src/rules/cds_check_syntax.ts.CDSCheckSyntax::checkRootProjection,none,false,true,false
src/rules/cds_check_syntax.ts.CDSCheckSyntax::checkSearchable,none,false,true,false
src/rules/cds_check_syntax.ts.CDSCheckSyntax::checkTypes,none,false,true,false
src/rules/cds_check_syntax.ts.CDSCheckSyntax::checkViewEntityAnnotations,none,false,true,false
src/rules/cds_check_syntax.ts.CDSCheckSyntax::constructor,own_fields,true,false,false
src/rules/cds_check_syntax.ts.CDSCheckSyntax::determineSemanticType,none,false,true,false
src/rules/cds_check_syntax.ts.CDSCheckSyntax::findSemanticReference,none,false,true,false
src/rules/cds_check_syntax.ts.CDSCheckSyntax::findSources,none,false,true,false
src/rules/cds_check_syntax.ts.CDSCheckSyntax::getConfig,none,false,false,false
src/rules/cds_check_syntax.ts.CDSCheckSyntax::getConfig_instantiated_src/rules/cds_check_syntax.ts.CDSCheckSyntax,none,false,false,false
src/rules/cds_check_syntax.ts.CDSCheckSyntax::getConfig_value,none,false,false,false
src/rules/cds_check_syntax.ts.CDSCheckSyntax::getMetadata,any,true,false,false
src/rules/cds_check_syntax.ts.CDSCheckSyntax::hasCompanionAnnotation,none,false,true,false
src/rules/cds_check_syntax.ts.CDSCheckSyntax::hasSearchAnnotation,none,false,true,false
src/rules/cds_check_syntax.ts.CDSCheckSyntax::initialize,none,false,true,false
src/rules/cds_check_syntax.ts.CDSCheckSyntax::name,none,false,true,false
src/rules/cds_check_syntax.ts.CDSCheckSyntax::run,none,false,true,false
src/rules/cds_check_syntax.ts.CDSCheckSyntax::run_instantiated_src/rules/cds_check_syntax.ts.CDSCheckSyntax,none,false,true,false
src/rules/cds_check_syntax.ts.CDSCheckSyntax::setConfig,none,false,true,false
src/rules/cds_check_syntax.ts.CDSCheckSyntax::setConfig_instantiated_src/rules/cds_check_syntax.ts.CDSCheckSyntax,none,false,true,false
src/rules/cds_check_syntax.ts.CDSCheckSyntaxConf::constructor,own_fields,true,false,false
src/rules/cds_check_syntax.ts.Source::constructor,own_fields,false,false,false
src/rules/cds_check_syntax.ts.module::class_constructor,any,true,false,true
src/rules/cds_comment_style.ts.CDSCommentStyle::constructor,own_fields,true,false,false
src/rules/cds_comment_style.ts.CDSCommentStyle::getConfig,none,false,false,false
src/rules/cds_comment_style.ts.CDSCommentStyle::getConfig_instantiated_src/rules/cds_comment_style.ts.CDSCommentStyle,none,false,false,false
src/rules/cds_comment_style.ts.CDSCommentStyle::getConfig_value,none,false,false,false
src/rules/cds_comment_style.ts.CDSCommentStyle::getMetadata,any,true,false,false
src/rules/cds_comment_style.ts.CDSCommentStyle::initialize,none,false,true,false
src/rules/cds_comment_style.ts.CDSCommentStyle::initialize_instantiated_src/rules/cds_comment_style.ts.CDSCommentStyle,none,false,true,false
src/rules/cds_comment_style.ts.CDSCommentStyle::run,none,false,true,false
src/rules/cds_comment_style.ts.CDSCommentStyle::run_instantiated_src/rules/cds_comment_style.ts.CDSCommentStyle,none,false,true,false
src/rules/cds_comment_style.ts.CDSCommentStyle::setConfig,none,false,true,false
src/rules/cds_comment_style.ts.CDSCommentStyle::setConfig_instantiated_src/rules/cds_comment_style.ts.CDSCommentStyle,none,false,true,false
src/rules/cds_comment_style.ts.CDSCommentStyleConf::constructor,own_fields,true,false,false
src/rules/cds_field_order.ts.CDSFieldOrder::constructor,own_fields,true,false,false
src/rules/cds_field_order.ts.CDSFieldOrder::getAssociationNames,none,false,true,false
src/rules/cds_field_order.ts.CDSFieldOrder::getConfig,none,false,false,false
src/rules/cds_field_order.ts.CDSFieldOrder::getConfig_instantiated_src/rules/cds_field_order.ts.CDSFieldOrder,none,false,false,false
src/rules/cds_field_order.ts.CDSFieldOrder::getConfig_value,none,false,false,false
src/rules/cds_field_order.ts.CDSFieldOrder::getMetadata,any,true,false,false
src/rules/cds_field_order.ts.CDSFieldOrder::initialize,none,false,true,false
src/rules/cds_field_order.ts.CDSFieldOrder::initialize_instantiated_src/rules/cds_field_order.ts.CDSFieldOrder,none,false,true,false
src/rules/cds_field_order.ts.CDSFieldOrder::isAssociationElement,none,false,true,false
src/rules/cds_field_order.ts.CDSFieldOrder::run,none,false,true,false
src/rules/cds_field_order.ts.CDSFieldOrder::run_instantiated_src/rules/cds_field_order.ts.CDSFieldOrder,none,false,true,false
src/rules/cds_field_order.ts.CDSFieldOrder::setConfig,none,false,true,false
src/rules/cds_field_order.ts.CDSFieldOrder::setConfig_instantiated_src/rules/cds_field_order.ts.CDSFieldOrder,none,false,true,false
src/rules/cds_field_order.ts.CDSFieldOrderConf::constructor,own_fields,true,false,false
src/rules/cds_legacy_view.ts.CDSLegacyView::constructor,own_fields,true,false,false
src/rules/cds_legacy_view.ts.CDSLegacyView::getConfig,none,false,false,false
src/rules/cds_legacy_view.ts.CDSLegacyView::getConfig_instantiated_src/rules/cds_legacy_view.ts.CDSLegacyView,none,false,false,false
src/rules/cds_legacy_view.ts.CDSLegacyView::getConfig_value,none,false,false,false
src/rules/cds_legacy_view.ts.CDSLegacyView::getMetadata,any,true,false,false
src/rules/cds_legacy_view.ts.CDSLegacyView::initialize,none,false,true,false
src/rules/cds_legacy_view.ts.CDSLegacyView::run,none,false,true,false
src/rules/cds_legacy_view.ts.CDSLegacyView::run_instantiated_src/rules/cds_legacy_view.ts.CDSLegacyView,none,false,true,false
src/rules/cds_legacy_view.ts.CDSLegacyView::setConfig,none,false,true,false
src/rules/cds_legacy_view.ts.CDSLegacyView::setConfig_instantiated_src/rules/cds_legacy_view.ts.CDSLegacyView,none,false,true,false
src/rules/cds_legacy_view.ts.CDSLegacyViewConf::constructor,own_fields,true,false,false
src/rules/cds_naming.ts.CDSNaming::constructor,own_fields,true,false,false
src/rules/cds_naming.ts.CDSNaming::getAllowedPrefixes,none,false,true,false
src/rules/cds_naming.ts.CDSNaming::getConfig,none,false,false,false
src/rules/cds_naming.ts.CDSNaming::getConfig_instantiated_src/rules/cds_naming.ts.CDSNaming,none,false,false,false
src/rules/cds_naming.ts.CDSNaming::getConfig_value,none,false,false,false
src/rules/cds_naming.ts.CDSNaming::getMetadata,any,true,false,false
src/rules/cds_naming.ts.CDSNaming::initialize,none,false,true,false
src/rules/cds_naming.ts.CDSNaming::initialize_instantiated_src/rules/cds_naming.ts.CDSNaming,none,false,true,false
src/rules/cds_naming.ts.CDSNaming::run,none,false,true,false
src/rules/cds_naming.ts.CDSNaming::run_instantiated_src/rules/cds_naming.ts.CDSNaming,none,false,true,false
src/rules/cds_naming.ts.CDSNaming::setConfig,none,false,true,false
src/rules/cds_naming.ts.CDSNaming::setConfig_instantiated_src/rules/cds_naming.ts.CDSNaming,none,false,true,false
src/rules/cds_naming.ts.CDSNamingConf::constructor,own_fields,true,false,false
src/rules/cds_parser_error.ts.CDSParserError::constructor,own_fields,true,false,false
src/rules/cds_parser_error.ts.CDSParserError::getConfig,none,false,false,false
src/rules/cds_parser_error.ts.CDSParserError::getConfig_instantiated_src/rules/cds_parser_error.ts.CDSParserError,none,false,false,false
src/rules/cds_parser_error.ts.CDSParserError::getConfig_value,none,false,false,false
src/rules/cds_parser_error.ts.CDSParserError::getMetadata,any,true,false,false
src/rules/cds_parser_error.ts.CDSParserError::initialize,none,false,true,false
src/rules/cds_parser_error.ts.CDSParserError::initialize_instantiated_src/rules/cds_parser_error.ts.CDSParserError,none,false,true,false
src/rules/cds_parser_error.ts.CDSParserError::run,none,false,true,false
src/rules/cds_parser_error.ts.CDSParserError::run_instantiated_src/rules/cds_parser_error.ts.CDSParserError,none,false,true,false
src/rules/cds_parser_error.ts.CDSParserError::setConfig,none,false,true,false
src/rules/cds_parser_error.ts.CDSParserError::setConfig_instantiated_src/rules/cds_parser_error.ts.CDSParserError,none,false,true,false
src/rules/cds_parser_error.ts.CDSParserErrorConf::constructor,own_fields,true,false,false
src/rules/chain_mainly_declarations.ts.ChainMainlyDeclarations::constructor,own_fields,true,false,false
src/rules/chain_mainly_declarations.ts.ChainMainlyDeclarations::getConfig,none,false,false,false
src/rules/chain_mainly_declarations.ts.ChainMainlyDeclarations::getConfig_instantiated_src/rules/chain_mainly_declarations.ts.ChainMainlyDeclarations,none,false,false,false
src/rules/chain_mainly_declarations.ts.ChainMainlyDeclarations::getConfig_value,none,false,false,false
src/rules/chain_mainly_declarations.ts.ChainMainlyDeclarations::getFix,none,false,true,false
src/rules/chain_mainly_declarations.ts.ChainMainlyDeclarations::getMetadata,any,true,false,false
src/rules/chain_mainly_declarations.ts.ChainMainlyDeclarations::runParsed,none,false,true,false
src/rules/chain_mainly_declarations.ts.ChainMainlyDeclarations::runParsed_instantiated_src/rules/chain_mainly_declarations.ts.ChainMainlyDeclarations,none,false,true,false
src/rules/chain_mainly_declarations.ts.ChainMainlyDeclarations::setConfig,none,false,true,false
src/rules/chain_mainly_declarations.ts.ChainMainlyDeclarations::setConfig_instantiated_src/rules/chain_mainly_declarations.ts.ChainMainlyDeclarations,none,false,true,false
src/rules/chain_mainly_declarations.ts.ChainMainlyDeclarationsConf::constructor,own_fields,true,false,false
src/rules/change_if_to_case.ts.ChangeIfToCase::analyze,none,false,true,false
src/rules/change_if_to_case.ts.ChangeIfToCase::constructor,own_fields,true,false,false
src/rules/change_if_to_case.ts.ChangeIfToCase::getConfig,none,false,false,false
src/rules/change_if_to_case.ts.ChangeIfToCase::getConfig_instantiated_src/rules/change_if_to_case.ts.ChangeIfToCase,none,false,false,false
src/rules/change_if_to_case.ts.ChangeIfToCase::getConfig_value,none,false,false,false
src/rules/change_if_to_case.ts.ChangeIfToCase::getMetadata,any,true,false,false
src/rules/change_if_to_case.ts.ChangeIfToCase::runParsed,none,false,true,false
src/rules/change_if_to_case.ts.ChangeIfToCase::runParsed_instantiated_src/rules/change_if_to_case.ts.ChangeIfToCase,none,false,true,false
src/rules/change_if_to_case.ts.ChangeIfToCase::setConfig,none,false,true,false
src/rules/change_if_to_case.ts.ChangeIfToCase::setConfig_instantiated_src/rules/change_if_to_case.ts.ChangeIfToCase,none,false,true,false
src/rules/change_if_to_case.ts.ChangeIfToCaseConf::constructor,own_fields,true,false,false
src/rules/check_abstract.ts.CheckAbstract::constructor,own_fields,true,false,false
src/rules/check_abstract.ts.CheckAbstract::getConfig,none,false,false,false
src/rules/check_abstract.ts.CheckAbstract::getConfig_instantiated_src/rules/check_abstract.ts.CheckAbstract,none,false,false,false
src/rules/check_abstract.ts.CheckAbstract::getConfig_value,none,false,false,false
src/rules/check_abstract.ts.CheckAbstract::getDescription,none,false,true,false
src/rules/check_abstract.ts.CheckAbstract::getMetadata,any,true,false,false
src/rules/check_abstract.ts.CheckAbstract::runParsed,none,false,true,false
src/rules/check_abstract.ts.CheckAbstract::runParsed_instantiated_src/rules/check_abstract.ts.CheckAbstract,none,false,true,false
src/rules/check_abstract.ts.CheckAbstract::setConfig,none,false,true,false
src/rules/check_abstract.ts.CheckAbstract::setConfig_instantiated_src/rules/check_abstract.ts.CheckAbstract,none,false,true,false
src/rules/check_abstract.ts.CheckAbstractConf::constructor,own_fields,true,false,false
src/rules/check_abstract.ts.module::class_constructor,any,true,false,true
src/rules/check_comments.ts.CheckComments::constructor,own_fields,true,false,false
src/rules/check_comments.ts.CheckComments::getConfig,none,false,false,false
src/rules/check_comments.ts.CheckComments::getConfig_instantiated_src/rules/check_comments.ts.CheckComments,none,false,false,false
src/rules/check_comments.ts.CheckComments::getConfig_value,none,false,false,false
src/rules/check_comments.ts.CheckComments::getDescription,none,false,true,false
src/rules/check_comments.ts.CheckComments::getMetadata,any,true,false,false
src/rules/check_comments.ts.CheckComments::runParsed,none,false,true,false
src/rules/check_comments.ts.CheckComments::runParsed_instantiated_src/rules/check_comments.ts.CheckComments,none,false,true,false
src/rules/check_comments.ts.CheckComments::setConfig,none,false,true,false
src/rules/check_comments.ts.CheckComments::setConfig_instantiated_src/rules/check_comments.ts.CheckComments,none,false,true,false
src/rules/check_comments.ts.CheckCommentsConf::constructor,own_fields,true,false,false
src/rules/check_comments.ts.module::class_constructor,any,true,false,true
src/rules/check_ddic.ts.CheckDDIC::check,none,false,true,false
src/rules/check_ddic.ts.CheckDDIC::constructor,own_fields,true,false,false
src/rules/check_ddic.ts.CheckDDIC::getConfig,none,false,false,false
src/rules/check_ddic.ts.CheckDDIC::getConfig_instantiated_src/rules/check_ddic.ts.CheckDDIC,none,false,false,false
src/rules/check_ddic.ts.CheckDDIC::getConfig_value,none,false,false,false
src/rules/check_ddic.ts.CheckDDIC::getMetadata,any,true,false,false
src/rules/check_ddic.ts.CheckDDIC::initialize,none,false,true,false
src/rules/check_ddic.ts.CheckDDIC::initialize_instantiated_src/rules/check_ddic.ts.CheckDDIC,none,false,true,false
src/rules/check_ddic.ts.CheckDDIC::run,none,false,true,false
src/rules/check_ddic.ts.CheckDDIC::setConfig,none,false,true,false
src/rules/check_ddic.ts.CheckDDIC::setConfig_instantiated_src/rules/check_ddic.ts.CheckDDIC,none,false,true,false
src/rules/check_ddic.ts.CheckDDICConf::constructor,own_fields,true,false,false
src/rules/check_include.ts.CheckInclude::constructor,own_fields,true,false,false
src/rules/check_include.ts.CheckInclude::getConfig,none,false,false,false
src/rules/check_include.ts.CheckInclude::getConfig_instantiated_src/rules/check_include.ts.CheckInclude,none,false,false,false
src/rules/check_include.ts.CheckInclude::getConfig_value,none,false,false,false
src/rules/check_include.ts.CheckInclude::getMetadata,any,true,false,false
src/rules/check_include.ts.CheckInclude::initialize,none,false,true,false
src/rules/check_include.ts.CheckInclude::initialize_instantiated_src/rules/check_include.ts.CheckInclude,none,false,true,false
src/rules/check_include.ts.CheckInclude::run,none,false,true,false
src/rules/check_include.ts.CheckInclude::setConfig,none,false,true,false
src/rules/check_include.ts.CheckInclude::setConfig_instantiated_src/rules/check_include.ts.CheckInclude,none,false,true,false
src/rules/check_include.ts.CheckIncludeConf::constructor,own_fields,true,false,false
src/rules/check_subrc.ts.CheckSubrc::buildFix,none,false,true,false
src/rules/check_subrc.ts.CheckSubrc::checksDbcnt,none,false,true,false
src/rules/check_subrc.ts.CheckSubrc::constructor,own_fields,true,false,false
src/rules/check_subrc.ts.CheckSubrc::getConfig,none,false,false,false
src/rules/check_subrc.ts.CheckSubrc::getConfig_instantiated_src/rules/check_subrc.ts.CheckSubrc,none,false,false,false
src/rules/check_subrc.ts.CheckSubrc::getConfig_value,none,false,false,false
src/rules/check_subrc.ts.CheckSubrc::getMetadata,any,true,false,false
src/rules/check_subrc.ts.CheckSubrc::isChecked,none,false,true,false
src/rules/check_subrc.ts.CheckSubrc::isExemptedFind,none,false,true,false
src/rules/check_subrc.ts.CheckSubrc::isSimpleAssign,none,false,true,false
src/rules/check_subrc.ts.CheckSubrc::runParsed,none,false,true,false
src/rules/check_subrc.ts.CheckSubrc::runParsed_instantiated_src/rules/check_subrc.ts.CheckSubrc,none,false,true,false
src/rules/check_subrc.ts.CheckSubrc::setConfig,none,false,true,false
src/rules/check_subrc.ts.CheckSubrc::setConfig_instantiated_src/rules/check_subrc.ts.CheckSubrc,none,false,true,false
src/rules/check_subrc.ts.CheckSubrcConf::constructor,own_fields,true,false,false
src/rules/check_syntax.ts.CheckSyntax::constructor,own_fields,true,false,false
src/rules/check_syntax.ts.CheckSyntax::getConfig,none,false,false,false
src/rules/check_syntax.ts.CheckSyntax::getConfig_instantiated_src/rules/check_syntax.ts.CheckSyntax,none,false,false,false
src/rules/check_syntax.ts.CheckSyntax::getConfig_value,none,false,false,false
src/rules/check_syntax.ts.CheckSyntax::getMetadata,any,true,false,false
src/rules/check_syntax.ts.CheckSyntax::initialize,own_fields,false,false,false
src/rules/check_syntax.ts.CheckSyntax::initialize_instantiated_src/rules/check_syntax.ts.CheckSyntax,own_fields,false,false,false
src/rules/check_syntax.ts.CheckSyntax::run,any,true,true,true
src/rules/check_syntax.ts.CheckSyntax::setConfig,none,false,true,false
src/rules/check_syntax.ts.CheckSyntax::setConfig_instantiated_src/rules/check_syntax.ts.CheckSyntax,none,false,true,false
src/rules/check_syntax.ts.CheckSyntaxConf::constructor,own_fields,true,false,false
src/rules/check_text_elements.ts.CheckTextElements::constructor,own_fields,true,false,false
src/rules/check_text_elements.ts.CheckTextElements::getConfig,none,false,false,false
src/rules/check_text_elements.ts.CheckTextElements::getConfig_instantiated_src/rules/check_text_elements.ts.CheckTextElements,none,false,false,false
src/rules/check_text_elements.ts.CheckTextElements::getConfig_value,none,false,false,false
src/rules/check_text_elements.ts.CheckTextElements::getMetadata,none,true,false,false
src/rules/check_text_elements.ts.CheckTextElements::initialize,none,false,true,false
src/rules/check_text_elements.ts.CheckTextElements::initialize_instantiated_src/rules/check_text_elements.ts.CheckTextElements,none,false,true,false
src/rules/check_text_elements.ts.CheckTextElements::run,none,false,true,false
src/rules/check_text_elements.ts.CheckTextElements::setConfig,none,false,true,false
src/rules/check_text_elements.ts.CheckTextElements::setConfig_instantiated_src/rules/check_text_elements.ts.CheckTextElements,none,false,true,false
src/rules/check_text_elements.ts.CheckTextElementsConf::constructor,own_fields,true,false,false
src/rules/check_transformation_exists.ts.CheckTransformationExists::constructor,own_fields,true,false,false
src/rules/check_transformation_exists.ts.CheckTransformationExists::getConfig,none,false,false,false
src/rules/check_transformation_exists.ts.CheckTransformationExists::getConfig_instantiated_src/rules/check_transformation_exists.ts.CheckTransformationExists,none,false,false,false
src/rules/check_transformation_exists.ts.CheckTransformationExists::getConfig_value,none,false,false,false
src/rules/check_transformation_exists.ts.CheckTransformationExists::getDescription,none,false,true,false
src/rules/check_transformation_exists.ts.CheckTransformationExists::getMetadata,any,true,false,false
src/rules/check_transformation_exists.ts.CheckTransformationExists::runParsed,none,false,true,false
src/rules/check_transformation_exists.ts.CheckTransformationExists::runParsed_instantiated_src/rules/check_transformation_exists.ts.CheckTransformationExists,none,false,true,false
src/rules/check_transformation_exists.ts.CheckTransformationExists::setConfig,none,false,true,false
src/rules/check_transformation_exists.ts.CheckTransformationExists::setConfig_instantiated_src/rules/check_transformation_exists.ts.CheckTransformationExists,none,false,true,false
src/rules/check_transformation_exists.ts.CheckTransformationExistsConf::constructor,own_fields,true,false,false
src/rules/class_attribute_names.ts.ClassAttributeNames::checkAttributes,none,false,true,false
src/rules/class_attribute_names.ts.ClassAttributeNames::checkName,none,false,true,false
src/rules/class_attribute_names.ts.ClassAttributeNames::constructor,own_fields,true,false,false
src/rules/class_attribute_names.ts.ClassAttributeNames::getConfig,none,false,false,false
src/rules/class_attribute_names.ts.ClassAttributeNames::getConfig_instantiated_src/rules/class_attribute_names.ts.ClassAttributeNames,none,false,false,false
src/rules/class_attribute_names.ts.ClassAttributeNames::getConfig_value,none,false,false,false
src/rules/class_attribute_names.ts.ClassAttributeNames::getDescription,none,false,true,false
src/rules/class_attribute_names.ts.ClassAttributeNames::getMetadata,any,true,false,false
src/rules/class_attribute_names.ts.ClassAttributeNames::runParsed,none,false,true,false
src/rules/class_attribute_names.ts.ClassAttributeNames::setConfig,none,false,true,false
src/rules/class_attribute_names.ts.ClassAttributeNames::setConfig_instantiated_src/rules/class_attribute_names.ts.ClassAttributeNames,none,false,true,false
src/rules/class_attribute_names.ts.ClassAttributeNamesConf::constructor,own_fields,true,false,false
src/rules/classic_exceptions_overlap.ts.ClassicExceptionsOverlap::constructor,own_fields,true,false,false
src/rules/classic_exceptions_overlap.ts.ClassicExceptionsOverlap::getConfig,none,false,false,false
src/rules/classic_exceptions_overlap.ts.ClassicExceptionsOverlap::getConfig_instantiated_src/rules/classic_exceptions_overlap.ts.ClassicExceptionsOverlap,none,false,false,false
src/rules/classic_exceptions_overlap.ts.ClassicExceptionsOverlap::getConfig_value,none,false,false,false
src/rules/classic_exceptions_overlap.ts.ClassicExceptionsOverlap::getMetadata,any,true,false,false
src/rules/classic_exceptions_overlap.ts.ClassicExceptionsOverlap::runParsed,none,false,true,false
src/rules/classic_exceptions_overlap.ts.ClassicExceptionsOverlap::runParsed_instantiated_src/rules/classic_exceptions_overlap.ts.ClassicExceptionsOverlap,none,false,true,false
src/rules/classic_exceptions_overlap.ts.ClassicExceptionsOverlap::setConfig,none,false,true,false
src/rules/classic_exceptions_overlap.ts.ClassicExceptionsOverlap::setConfig_instantiated_src/rules/classic_exceptions_overlap.ts.ClassicExceptionsOverlap,none,false,true,false
src/rules/classic_exceptions_overlap.ts.ClassicExceptionsOverlapConf::constructor,own_fields,true,false,false
src/rules/clear_exporting_parameters.ts.ClearExportingParameters::checkParameter,none,false,true,false
src/rules/clear_exporting_parameters.ts.ClearExportingParameters::checkProcedure,none,false,true,false
src/rules/clear_exporting_parameters.ts.ClearExportingParameters::collectReferences,none,false,true,false
src/rules/clear_exporting_parameters.ts.ClearExportingParameters::constructor,own_fields,true,false,false
src/rules/clear_exporting_parameters.ts.ClearExportingParameters::findExportingByReference,none,false,true,false
src/rules/clear_exporting_parameters.ts.ClearExportingParameters::getConfig,none,false,false,false
src/rules/clear_exporting_parameters.ts.ClearExportingParameters::getConfig_instantiated_src/rules/clear_exporting_parameters.ts.ClearExportingParameters,none,false,false,false
src/rules/clear_exporting_parameters.ts.ClearExportingParameters::getConfig_value,none,false,false,false
src/rules/clear_exporting_parameters.ts.ClearExportingParameters::getMetadata,any,true,false,false
src/rules/clear_exporting_parameters.ts.ClearExportingParameters::initialize,none,false,true,false
src/rules/clear_exporting_parameters.ts.ClearExportingParameters::initialize_instantiated_src/rules/clear_exporting_parameters.ts.ClearExportingParameters,none,false,true,false
src/rules/clear_exporting_parameters.ts.ClearExportingParameters::isReferenceOrAssign,none,false,true,false
src/rules/clear_exporting_parameters.ts.ClearExportingParameters::isSuppliedOrRequested,none,false,true,false
src/rules/clear_exporting_parameters.ts.ClearExportingParameters::run,none,false,true,false
src/rules/clear_exporting_parameters.ts.ClearExportingParameters::setConfig,none,false,true,false
src/rules/clear_exporting_parameters.ts.ClearExportingParameters::setConfig_instantiated_src/rules/clear_exporting_parameters.ts.ClearExportingParameters,none,false,true,false
src/rules/clear_exporting_parameters.ts.ClearExportingParameters::statementStart,none,false,true,false
src/rules/clear_exporting_parameters.ts.ClearExportingParameters::traverse,none,false,true,false
src/rules/clear_exporting_parameters.ts.ClearExportingParametersConf::constructor,own_fields,true,false,false
src/rules/cloud_types.ts.CloudTypes::constructor,own_fields,true,false,false
src/rules/cloud_types.ts.CloudTypes::getConfig,none,false,false,false
src/rules/cloud_types.ts.CloudTypes::getConfig_instantiated_src/rules/cloud_types.ts.CloudTypes,none,false,false,false
src/rules/cloud_types.ts.CloudTypes::getConfig_value,none,false,false,false
src/rules/cloud_types.ts.CloudTypes::getDescription,none,false,true,false
src/rules/cloud_types.ts.CloudTypes::getMetadata,any,true,false,false
src/rules/cloud_types.ts.CloudTypes::initialize,none,false,true,false
src/rules/cloud_types.ts.CloudTypes::initialize_instantiated_src/rules/cloud_types.ts.CloudTypes,none,false,true,false
src/rules/cloud_types.ts.CloudTypes::isCloud,none,false,false,false
src/rules/cloud_types.ts.CloudTypes::run,none,false,true,false
src/rules/cloud_types.ts.CloudTypes::setConfig,none,false,true,false
src/rules/cloud_types.ts.CloudTypes::setConfig_instantiated_src/rules/cloud_types.ts.CloudTypes,none,false,true,false
src/rules/cloud_types.ts.CloudTypesConf::constructor,own_fields,true,false,false
src/rules/colon_missing_space.ts.ColonMissingSpace::constructor,own_fields,true,false,false
src/rules/colon_missing_space.ts.ColonMissingSpace::getConfig,none,false,false,false
src/rules/colon_missing_space.ts.ColonMissingSpace::getConfig_instantiated_src/rules/colon_missing_space.ts.ColonMissingSpace,none,false,false,false
src/rules/colon_missing_space.ts.ColonMissingSpace::getConfig_value,none,false,false,false
src/rules/colon_missing_space.ts.ColonMissingSpace::getMessage,none,false,true,false
src/rules/colon_missing_space.ts.ColonMissingSpace::getMetadata,any,true,false,false
src/rules/colon_missing_space.ts.ColonMissingSpace::runParsed,none,false,true,false
src/rules/colon_missing_space.ts.ColonMissingSpace::runParsed_instantiated_src/rules/colon_missing_space.ts.ColonMissingSpace,none,false,true,false
src/rules/colon_missing_space.ts.ColonMissingSpace::setConfig,none,false,true,false
src/rules/colon_missing_space.ts.ColonMissingSpace::setConfig_instantiated_src/rules/colon_missing_space.ts.ColonMissingSpace,none,false,true,false
src/rules/colon_missing_space.ts.ColonMissingSpaceConf::constructor,own_fields,true,false,false
src/rules/commented_code.ts.CommentedCode::check,none,false,true,false
src/rules/commented_code.ts.CommentedCode::constructor,own_fields,true,false,false
src/rules/commented_code.ts.CommentedCode::getConfig,none,false,false,false
src/rules/commented_code.ts.CommentedCode::getConfig_instantiated_src/rules/commented_code.ts.CommentedCode,none,false,false,false
src/rules/commented_code.ts.CommentedCode::getConfig_value,none,false,false,false
src/rules/commented_code.ts.CommentedCode::getMessage,none,false,true,false
src/rules/commented_code.ts.CommentedCode::getMetadata,any,true,false,false
src/rules/commented_code.ts.CommentedCode::isCommentLine,none,false,true,false
src/rules/commented_code.ts.CommentedCode::runParsed,none,false,true,false
src/rules/commented_code.ts.CommentedCode::setConfig,none,false,true,false
src/rules/commented_code.ts.CommentedCode::setConfig_instantiated_src/rules/commented_code.ts.CommentedCode,none,false,true,false
src/rules/commented_code.ts.CommentedCodeConf::constructor,own_fields,true,false,false
src/rules/constant_classes.ts.ConstantClasses::constructor,own_fields,true,false,false
src/rules/constant_classes.ts.ConstantClasses::getConfig,none,false,false,false
src/rules/constant_classes.ts.ConstantClasses::getConfig_instantiated_src/rules/constant_classes.ts.ConstantClasses,none,false,false,false
src/rules/constant_classes.ts.ConstantClasses::getConfig_value,none,false,false,false
src/rules/constant_classes.ts.ConstantClasses::getMetadata,any,true,false,false
src/rules/constant_classes.ts.ConstantClasses::initialize,none,false,true,false
src/rules/constant_classes.ts.ConstantClasses::initialize_instantiated_src/rules/constant_classes.ts.ConstantClasses,none,false,true,false
src/rules/constant_classes.ts.ConstantClasses::issueAtConstant,none,false,true,false
src/rules/constant_classes.ts.ConstantClasses::run,none,false,true,false
src/rules/constant_classes.ts.ConstantClasses::setConfig,none,false,true,false
src/rules/constant_classes.ts.ConstantClasses::setConfig_instantiated_src/rules/constant_classes.ts.ConstantClasses,none,false,true,false
src/rules/constant_classes.ts.ConstantClassesConf::constructor,own_fields,true,false,false
src/rules/constant_classes.ts.DomainClassMapping::constructor,own_fields,false,false,false
src/rules/constructor_visibility_public.ts.ConstructorVisibilityPublic::constructor,own_fields,true,false,false
src/rules/constructor_visibility_public.ts.ConstructorVisibilityPublic::getConfig,none,false,false,false
src/rules/constructor_visibility_public.ts.ConstructorVisibilityPublic::getConfig_instantiated_src/rules/constructor_visibility_public.ts.ConstructorVisibilityPublic,none,false,false,false
src/rules/constructor_visibility_public.ts.ConstructorVisibilityPublic::getConfig_value,none,false,false,false
src/rules/constructor_visibility_public.ts.ConstructorVisibilityPublic::getMessage,none,false,true,false
src/rules/constructor_visibility_public.ts.ConstructorVisibilityPublic::getMetadata,any,true,false,false
src/rules/constructor_visibility_public.ts.ConstructorVisibilityPublic::initialize,none,false,true,false
src/rules/constructor_visibility_public.ts.ConstructorVisibilityPublic::initialize_instantiated_src/rules/constructor_visibility_public.ts.ConstructorVisibilityPublic,none,false,true,false
src/rules/constructor_visibility_public.ts.ConstructorVisibilityPublic::run,none,false,true,false
src/rules/constructor_visibility_public.ts.ConstructorVisibilityPublic::setConfig,none,false,true,false
src/rules/constructor_visibility_public.ts.ConstructorVisibilityPublic::setConfig_instantiated_src/rules/constructor_visibility_public.ts.ConstructorVisibilityPublic,none,false,true,false
src/rules/constructor_visibility_public.ts.ConstructorVisibilityPublicConf::constructor,own_fields,true,false,false
src/rules/contains_tab.ts.ContainsTab::constructor,own_fields,true,false,false
src/rules/contains_tab.ts.ContainsTab::createIssue,none,false,true,false
src/rules/contains_tab.ts.ContainsTab::getConfig,none,false,false,false
src/rules/contains_tab.ts.ContainsTab::getConfig_instantiated_src/rules/contains_tab.ts.ContainsTab,none,false,false,false
src/rules/contains_tab.ts.ContainsTab::getConfig_value,none,false,false,false
src/rules/contains_tab.ts.ContainsTab::getMessage,none,false,true,false
src/rules/contains_tab.ts.ContainsTab::getMetadata,any,true,false,false
src/rules/contains_tab.ts.ContainsTab::runParsed,none,false,true,false
src/rules/contains_tab.ts.ContainsTab::runParsed_instantiated_src/rules/contains_tab.ts.ContainsTab,none,false,true,false
src/rules/contains_tab.ts.ContainsTab::setConfig,none,false,true,false
src/rules/contains_tab.ts.ContainsTab::setConfig_instantiated_src/rules/contains_tab.ts.ContainsTab,none,false,true,false
src/rules/contains_tab.ts.ContainsTabConf::constructor,own_fields,true,false,false
src/rules/cyclic_oo.ts.CyclicOO::buildEdges,none,false,true,false
src/rules/cyclic_oo.ts.CyclicOO::constructor,own_fields,true,false,false
src/rules/cyclic_oo.ts.CyclicOO::findCycle,none,false,true,false
src/rules/cyclic_oo.ts.CyclicOO::getConfig,none,false,false,false
src/rules/cyclic_oo.ts.CyclicOO::getConfig_instantiated_src/rules/cyclic_oo.ts.CyclicOO,none,false,false,false
src/rules/cyclic_oo.ts.CyclicOO::getConfig_value,none,false,false,false
src/rules/cyclic_oo.ts.CyclicOO::getMetadata,none,true,false,false
src/rules/cyclic_oo.ts.CyclicOO::initialize,none,false,true,false
src/rules/cyclic_oo.ts.CyclicOO::run,none,false,true,false
src/rules/cyclic_oo.ts.CyclicOO::setConfig,none,false,true,false
src/rules/cyclic_oo.ts.CyclicOO::setConfig_instantiated_src/rules/cyclic_oo.ts.CyclicOO,none,false,true,false
src/rules/cyclic_oo.ts.CyclicOOConf::constructor,own_fields,true,false,false
src/rules/cyclomatic_complexity.ts.CyclomaticComplexity::constructor,own_fields,true,false,false
src/rules/cyclomatic_complexity.ts.CyclomaticComplexity::getConfig,none,false,false,false
src/rules/cyclomatic_complexity.ts.CyclomaticComplexity::getConfig_instantiated_src/rules/cyclomatic_complexity.ts.CyclomaticComplexity,none,false,false,false
src/rules/cyclomatic_complexity.ts.CyclomaticComplexity::getConfig_value,none,false,false,false
src/rules/cyclomatic_complexity.ts.CyclomaticComplexity::getMetadata,any,true,false,false
src/rules/cyclomatic_complexity.ts.CyclomaticComplexity::initialize,none,false,true,false
src/rules/cyclomatic_complexity.ts.CyclomaticComplexity::initialize_instantiated_src/rules/cyclomatic_complexity.ts.CyclomaticComplexity,none,false,true,false
src/rules/cyclomatic_complexity.ts.CyclomaticComplexity::run,none,false,true,false
src/rules/cyclomatic_complexity.ts.CyclomaticComplexity::setConfig,none,false,true,false
src/rules/cyclomatic_complexity.ts.CyclomaticComplexity::setConfig_instantiated_src/rules/cyclomatic_complexity.ts.CyclomaticComplexity,none,false,true,false
src/rules/cyclomatic_complexity.ts.CyclomaticComplexityConf::constructor,own_fields,true,false,false
src/rules/dangerous_statement.ts.DangerousStatement::constructor,own_fields,true,false,false
src/rules/dangerous_statement.ts.DangerousStatement::findDynamicSQL,none,false,true,false
src/rules/dangerous_statement.ts.DangerousStatement::getConfig,none,false,false,false
src/rules/dangerous_statement.ts.DangerousStatement::getConfig_instantiated_src/rules/dangerous_statement.ts.DangerousStatement,none,false,false,false
src/rules/dangerous_statement.ts.DangerousStatement::getConfig_value,none,false,false,false
src/rules/dangerous_statement.ts.DangerousStatement::getDescription,none,false,true,false
src/rules/dangerous_statement.ts.DangerousStatement::getMetadata,any,true,false,false
src/rules/dangerous_statement.ts.DangerousStatement::runParsed,none,false,true,false
src/rules/dangerous_statement.ts.DangerousStatement::runParsed_instantiated_src/rules/dangerous_statement.ts.DangerousStatement,none,false,true,false
src/rules/dangerous_statement.ts.DangerousStatement::setConfig,none,false,true,false
src/rules/dangerous_statement.ts.DangerousStatement::setConfig_instantiated_src/rules/dangerous_statement.ts.DangerousStatement,none,false,true,false
src/rules/dangerous_statement.ts.DangerousStatementConf::constructor,own_fields,true,false,false
src/rules/db_operation_in_loop.ts.DbOperationInLoop::constructor,own_fields,true,false,false
src/rules/db_operation_in_loop.ts.DbOperationInLoop::getConfig,none,false,false,false
src/rules/db_operation_in_loop.ts.DbOperationInLoop::getConfig_instantiated_src/rules/db_operation_in_loop.ts.DbOperationInLoop,none,false,false,false
src/rules/db_operation_in_loop.ts.DbOperationInLoop::getConfig_value,none,false,false,false
src/rules/db_operation_in_loop.ts.DbOperationInLoop::getMetadata,any,true,false,false
src/rules/db_operation_in_loop.ts.DbOperationInLoop::runParsed,none,false,true,false
src/rules/db_operation_in_loop.ts.DbOperationInLoop::runParsed_instantiated_src/rules/db_operation_in_loop.ts.DbOperationInLoop,none,false,true,false
src/rules/db_operation_in_loop.ts.DbOperationInLoop::setConfig,none,false,true,false
src/rules/db_operation_in_loop.ts.DbOperationInLoop::setConfig_instantiated_src/rules/db_operation_in_loop.ts.DbOperationInLoop,none,false,true,false
src/rules/db_operation_in_loop.ts.DbOperationInLoopConf::constructor,own_fields,true,false,false
src/rules/definitions_top.ts.DefinitionsTop::buildFix,none,false,true,false
src/rules/definitions_top.ts.DefinitionsTop::constructor,own_fields,true,false,false
src/rules/definitions_top.ts.DefinitionsTop::getConfig,none,false,false,false
src/rules/definitions_top.ts.DefinitionsTop::getConfig_instantiated_src/rules/definitions_top.ts.DefinitionsTop,none,false,false,false
src/rules/definitions_top.ts.DefinitionsTop::getConfig_value,none,false,false,false
src/rules/definitions_top.ts.DefinitionsTop::getMessage,none,false,true,false
src/rules/definitions_top.ts.DefinitionsTop::getMetadata,any,true,false,false
src/rules/definitions_top.ts.DefinitionsTop::runParsed,none,false,true,false
src/rules/definitions_top.ts.DefinitionsTop::runParsed_instantiated_src/rules/definitions_top.ts.DefinitionsTop,none,false,true,false
src/rules/definitions_top.ts.DefinitionsTop::setConfig,none,false,true,false
src/rules/definitions_top.ts.DefinitionsTop::setConfig_instantiated_src/rules/definitions_top.ts.DefinitionsTop,none,false,true,false
src/rules/definitions_top.ts.DefinitionsTop::walk,none,false,true,false
src/rules/definitions_top.ts.DefinitionsTopConf::constructor,own_fields,true,false,false
src/rules/definitions_top.ts.module::class_constructor,any,false,false,false
src/rules/description_empty.ts.DescriptionEmpty::constructor,own_fields,true,false,false
src/rules/description_empty.ts.DescriptionEmpty::getConfig,none,false,false,false
src/rules/description_empty.ts.DescriptionEmpty::getConfig_instantiated_src/rules/description_empty.ts.DescriptionEmpty,none,false,false,false
src/rules/description_empty.ts.DescriptionEmpty::getConfig_value,none,false,false,false
src/rules/description_empty.ts.DescriptionEmpty::getDescription,none,false,true,false
src/rules/description_empty.ts.DescriptionEmpty::getMetadata,none,true,false,false
src/rules/description_empty.ts.DescriptionEmpty::initialize,none,false,true,false
src/rules/description_empty.ts.DescriptionEmpty::initialize_instantiated_src/rules/description_empty.ts.DescriptionEmpty,none,false,true,false
src/rules/description_empty.ts.DescriptionEmpty::run,none,false,true,false
src/rules/description_empty.ts.DescriptionEmpty::setConfig,none,false,true,false
src/rules/description_empty.ts.DescriptionEmpty::setConfig_instantiated_src/rules/description_empty.ts.DescriptionEmpty,none,false,true,false
src/rules/description_empty.ts.DescriptionEmptyConf::constructor,own_fields,true,false,false
src/rules/double_space.ts.DoubleSpace::checkAfterColon,none,false,true,false
src/rules/double_space.ts.DoubleSpace::checkKeywords,none,false,true,false
src/rules/double_space.ts.DoubleSpace::checkParen,none,false,true,false
src/rules/double_space.ts.DoubleSpace::constructor,any,true,false,false
src/rules/double_space.ts.DoubleSpace::getConfig,none,false,false,false
src/rules/double_space.ts.DoubleSpace::getConfig_instantiated_src/rules/double_space.ts.DoubleSpace,none,false,false,false
src/rules/double_space.ts.DoubleSpace::getConfig_value,none,false,false,false
src/rules/double_space.ts.DoubleSpace::getMessage,none,false,true,false
src/rules/double_space.ts.DoubleSpace::getMetadata,any,true,false,false
src/rules/double_space.ts.DoubleSpace::pragmaInRange,none,false,true,false
src/rules/double_space.ts.DoubleSpace::runParsed,none,false,true,false
src/rules/double_space.ts.DoubleSpace::runParsed_instantiated_src/rules/double_space.ts.DoubleSpace,none,false,true,false
src/rules/double_space.ts.DoubleSpace::setConfig,none,false,true,false
src/rules/double_space.ts.DoubleSpace::setConfig_instantiated_src/rules/double_space.ts.DoubleSpace,none,false,true,false
src/rules/double_space.ts.DoubleSpaceConf::constructor,any,true,false,false
src/rules/downport.ts.Downport::anonymousTableType,none,false,true,false
src/rules/downport.ts.Downport::assignComponent,none,false,true,false
src/rules/downport.ts.Downport::assignWithTable,none,false,true,false
src/rules/downport.ts.Downport::buildCondBody,none,false,true,false
src/rules/downport.ts.Downport::builtinReturnType,none,false,true,false
src/rules/downport.ts.Downport::callFunctionParameterSimple,none,false,true,false
src/rules/downport.ts.Downport::checkStatement,none,false,true,false
src/rules/downport.ts.Downport::constructor,own_fields,true,false,false
src/rules/downport.ts.Downport::containsError,none,false,true,false
src/rules/downport.ts.Downport::downportCorrespondingSimple,none,false,true,false
src/rules/downport.ts.Downport::downportEnum,none,false,true,false
src/rules/downport.ts.Downport::downportLoopGroup,none,false,true,false
src/rules/downport.ts.Downport::downportMessage,none,false,true,false
src/rules/downport.ts.Downport::downportMessageSource,none,false,true,false
src/rules/downport.ts.Downport::downportReadTable,none,false,true,false
src/rules/downport.ts.Downport::downportRef,none,false,true,false
src/rules/downport.ts.Downport::downportRefSimple,none,false,true,false
src/rules/downport.ts.Downport::downportSQLExtras,none,false,true,false
src/rules/downport.ts.Downport::downportSQLMoveInto,none,false,true,false
src/rules/downport.ts.Downport::downportSelectExistence,none,false,true,false
src/rules/downport.ts.Downport::downportSelectFields,none,false,true,false
src/rules/downport.ts.Downport::downportSelectInline,none,false,true,false
src/rules/downport.ts.Downport::downportSelectSingleInline,none,false,true,false
src/rules/downport.ts.Downport::downportSelectTableInline,none,false,true,false
src/rules/downport.ts.Downport::emptyKey,none,false,true,false
src/rules/downport.ts.Downport::existsRecursive,none,false,true,false
src/rules/downport.ts.Downport::findConstructor,none,false,true,false
src/rules/downport.ts.Downport::findMethodCallExpression,none,false,true,false
src/rules/downport.ts.Downport::findRowTypeOf,none,false,true,false
src/rules/downport.ts.Downport::findStartOfIf,none,false,true,false
src/rules/downport.ts.Downport::findType,none,false,true,false
src/rules/downport.ts.Downport::getConfig,none,false,false,false
src/rules/downport.ts.Downport::getConfig_instantiated_src/rules/downport.ts.Downport,none,false,false,false
src/rules/downport.ts.Downport::getConfig_value,none,false,false,false
src/rules/downport.ts.Downport::getMetadata,any,true,false,false
src/rules/downport.ts.Downport::getReference,none,false,true,false
src/rules/downport.ts.Downport::initHighReg,none,false,true,false
src/rules/downport.ts.Downport::initialize,none,false,true,false
src/rules/downport.ts.Downport::initialize_instantiated_src/rules/downport.ts.Downport,none,false,true,false
src/rules/downport.ts.Downport::listMainForInclude,none,false,true,false
src/rules/downport.ts.Downport::moveWithOperator,none,false,true,false
src/rules/downport.ts.Downport::moveWithSimpleValue,none,false,true,false
src/rules/downport.ts.Downport::moveWithTableTarget,none,false,true,false
src/rules/downport.ts.Downport::newParameters,none,false,true,false
src/rules/downport.ts.Downport::newToCreateObject,none,false,true,false
src/rules/downport.ts.Downport::outlineCast,none,false,true,false
src/rules/downport.ts.Downport::outlineCatchSimple,none,false,true,false
src/rules/downport.ts.Downport::outlineCond,none,false,true,false
src/rules/downport.ts.Downport::outlineConv,none,false,true,false
src/rules/downport.ts.Downport::outlineCorresponding,none,false,true,false
src/rules/downport.ts.Downport::outlineData,none,false,true,false
src/rules/downport.ts.Downport::outlineDataSimple,none,false,true,false
src/rules/downport.ts.Downport::outlineFS,none,false,true,false
src/rules/downport.ts.Downport::outlineFilter,none,false,true,false
src/rules/downport.ts.Downport::outlineFor,none,false,true,false
src/rules/downport.ts.Downport::outlineGetReferenceSimple,none,false,true,false
src/rules/downport.ts.Downport::outlineLet,none,false,true,false
src/rules/downport.ts.Downport::outlineLoopInput,none,false,true,false
src/rules/downport.ts.Downport::outlineLoopTarget,none,false,true,false
src/rules/downport.ts.Downport::outlineReduce,none,false,true,false
src/rules/downport.ts.Downport::outlineSwitch,none,false,true,false
src/rules/downport.ts.Downport::outlineTableExpressionKeyBuiltin,none,false,true,false
src/rules/downport.ts.Downport::outlineValue,none,false,true,false
src/rules/downport.ts.Downport::partiallyImplemented,none,false,true,false
src/rules/downport.ts.Downport::raiseException,none,false,true,false
src/rules/downport.ts.Downport::renameVariable,none,false,true,false
src/rules/downport.ts.Downport::replaceAppendExpression,none,false,true,false
src/rules/downport.ts.Downport::replaceContains,none,false,true,false
src/rules/downport.ts.Downport::replaceInsertExpression,none,false,true,false
src/rules/downport.ts.Downport::replaceLineFunctions,none,false,true,false
src/rules/downport.ts.Downport::replaceMethodConditional,none,false,true,false
src/rules/downport.ts.Downport::replaceTableExpression,none,false,true,false
src/rules/downport.ts.Downport::replaceXsdBool,none,false,true,false
src/rules/downport.ts.Downport::run,none,false,true,false
src/rules/downport.ts.Downport::run_instantiated_src/rules/downport.ts.Downport,none,false,true,false
src/rules/downport.ts.Downport::setConfig,none,false,true,false
src/rules/downport.ts.Downport::setConfig_instantiated_src/rules/downport.ts.Downport,none,false,true,false
src/rules/downport.ts.Downport::stringTemplateAlpha,none,false,true,false
src/rules/downport.ts.Downport::stripCallTransactionAuthorityCheck,none,false,true,false
src/rules/downport.ts.Downport::tableCondition,none,false,true,false
src/rules/downport.ts.Downport::uniqueName,none,false,true,false
src/rules/downport.ts.DownportConf::constructor,own_fields,true,false,false
src/rules/downport.ts.SkipToNextFile::constructor,own_fields,false,false,false
src/rules/downport.ts.SpagHelper::constructor,own_fields,false,false,false
src/rules/downport.ts.SpagHelper::findRecursiveDuplicate,none,false,true,false
src/rules/downport.ts.SpagHelper::findReferences,none,false,true,false
src/rules/downport.ts.SpagHelper::isDuplicateName,none,false,true,false
src/rules/downport.ts.SpagHelper::renameVariable,none,false,true,false
src/rules/dynpro_checks.ts.DynproChecks::constructor,own_fields,true,false,false
src/rules/dynpro_checks.ts.DynproChecks::findOverlappingFields,none,false,true,false
src/rules/dynpro_checks.ts.DynproChecks::getConfig,none,false,false,false
src/rules/dynpro_checks.ts.DynproChecks::getConfig_instantiated_src/rules/dynpro_checks.ts.DynproChecks,none,false,false,false
src/rules/dynpro_checks.ts.DynproChecks::getConfig_value,none,false,false,false
src/rules/dynpro_checks.ts.DynproChecks::getMetadata,any,true,false,false
src/rules/dynpro_checks.ts.DynproChecks::hasContainerRelativeCoordinates,none,false,true,false
src/rules/dynpro_checks.ts.DynproChecks::initialize,none,false,true,false
src/rules/dynpro_checks.ts.DynproChecks::initialize_instantiated_src/rules/dynpro_checks.ts.DynproChecks,none,false,true,false
src/rules/dynpro_checks.ts.DynproChecks::overlaps,none,false,true,false
src/rules/dynpro_checks.ts.DynproChecks::run,none,false,true,false
src/rules/dynpro_checks.ts.DynproChecks::setConfig,none,false,true,false
src/rules/dynpro_checks.ts.DynproChecks::setConfig_instantiated_src/rules/dynpro_checks.ts.DynproChecks,none,false,true,false
src/rules/dynpro_checks.ts.DynproChecksConf::constructor,own_fields,true,false,false
src/rules/easy_to_find_messages.ts.EasyToFindMessages::constructor,own_fields,true,false,false
src/rules/easy_to_find_messages.ts.EasyToFindMessages::getConfig,none,false,false,false
src/rules/easy_to_find_messages.ts.EasyToFindMessages::getConfig_instantiated_src/rules/easy_to_find_messages.ts.EasyToFindMessages,none,false,false,false
src/rules/easy_to_find_messages.ts.EasyToFindMessages::getConfig_value,none,false,false,false
src/rules/easy_to_find_messages.ts.EasyToFindMessages::getMetadata,any,true,false,false
src/rules/easy_to_find_messages.ts.EasyToFindMessages::initialize,none,false,true,false
src/rules/easy_to_find_messages.ts.EasyToFindMessages::run,none,false,true,false
src/rules/easy_to_find_messages.ts.EasyToFindMessages::run_instantiated_src/rules/easy_to_find_messages.ts.EasyToFindMessages,none,false,true,false
src/rules/easy_to_find_messages.ts.EasyToFindMessages::setConfig,none,false,true,false
src/rules/easy_to_find_messages.ts.EasyToFindMessages::setConfig_instantiated_src/rules/easy_to_find_messages.ts.EasyToFindMessages,none,false,true,false
src/rules/easy_to_find_messages.ts.EasyToFindMessagesConf::constructor,own_fields,true,false,false
src/rules/empty_event.ts.EmptyEvent::constructor,own_fields,true,false,false
src/rules/empty_event.ts.EmptyEvent::getConfig,none,false,false,false
src/rules/empty_event.ts.EmptyEvent::getConfig_instantiated_src/rules/empty_event.ts.EmptyEvent,none,false,false,false
src/rules/empty_event.ts.EmptyEvent::getConfig_value,none,false,false,false
src/rules/empty_event.ts.EmptyEvent::getMetadata,any,true,false,false
src/rules/empty_event.ts.EmptyEvent::runParsed,none,false,true,false
src/rules/empty_event.ts.EmptyEvent::setConfig,none,false,true,false
src/rules/empty_event.ts.EmptyEvent::setConfig_instantiated_src/rules/empty_event.ts.EmptyEvent,none,false,true,false
src/rules/empty_event.ts.EmptyEventConf::constructor,own_fields,true,false,false
src/rules/empty_line_in_statement.ts.EmptyLineinStatement::constructor,own_fields,true,false,false
src/rules/empty_line_in_statement.ts.EmptyLineinStatement::getConfig,none,false,false,false
src/rules/empty_line_in_statement.ts.EmptyLineinStatement::getConfig_instantiated_src/rules/empty_line_in_statement.ts.EmptyLineinStatement,none,false,false,false
src/rules/empty_line_in_statement.ts.EmptyLineinStatement::getConfig_value,none,false,false,false
src/rules/empty_line_in_statement.ts.EmptyLineinStatement::getMessage,none,false,true,false
src/rules/empty_line_in_statement.ts.EmptyLineinStatement::getMetadata,any,true,false,false
src/rules/empty_line_in_statement.ts.EmptyLineinStatement::runParsed,none,false,true,false
src/rules/empty_line_in_statement.ts.EmptyLineinStatement::runParsed_instantiated_src/rules/empty_line_in_statement.ts.EmptyLineinStatement,none,false,true,false
src/rules/empty_line_in_statement.ts.EmptyLineinStatement::setConfig,none,false,true,false
src/rules/empty_line_in_statement.ts.EmptyLineinStatement::setConfig_instantiated_src/rules/empty_line_in_statement.ts.EmptyLineinStatement,none,false,true,false
src/rules/empty_line_in_statement.ts.EmptyLineinStatementConf::constructor,own_fields,true,false,false
src/rules/empty_statement.ts.EmptyStatement::constructor,own_fields,true,false,false
src/rules/empty_statement.ts.EmptyStatement::getConfig,none,false,false,false
src/rules/empty_statement.ts.EmptyStatement::getConfig_instantiated_src/rules/empty_statement.ts.EmptyStatement,none,false,false,false
src/rules/empty_statement.ts.EmptyStatement::getConfig_value,none,false,false,false
src/rules/empty_statement.ts.EmptyStatement::getMetadata,any,true,false,false
src/rules/empty_statement.ts.EmptyStatement::runParsed,none,false,true,false
src/rules/empty_statement.ts.EmptyStatement::runParsed_instantiated_src/rules/empty_statement.ts.EmptyStatement,none,false,true,false
src/rules/empty_statement.ts.EmptyStatement::setConfig,none,false,true,false
src/rules/empty_statement.ts.EmptyStatement::setConfig_instantiated_src/rules/empty_statement.ts.EmptyStatement,none,false,true,false
src/rules/empty_statement.ts.EmptyStatementConf::constructor,own_fields,true,false,false
src/rules/empty_structure.ts.EmptyStructure::constructor,own_fields,true,false,false
src/rules/empty_structure.ts.EmptyStructure::getConfig,none,false,false,false
src/rules/empty_structure.ts.EmptyStructure::getConfig_instantiated_src/rules/empty_structure.ts.EmptyStructure,none,false,false,false
src/rules/empty_structure.ts.EmptyStructure::getConfig_value,none,false,false,false
src/rules/empty_structure.ts.EmptyStructure::getDescription,none,false,true,false
src/rules/empty_structure.ts.EmptyStructure::getMetadata,any,true,false,false
src/rules/empty_structure.ts.EmptyStructure::runParsed,none,false,true,false
src/rules/empty_structure.ts.EmptyStructure::runParsed_instantiated_src/rules/empty_structure.ts.EmptyStructure,none,false,true,false
src/rules/empty_structure.ts.EmptyStructure::setConfig,none,false,true,false
src/rules/empty_structure.ts.EmptyStructure::setConfig_instantiated_src/rules/empty_structure.ts.EmptyStructure,none,false,true,false
src/rules/empty_structure.ts.EmptyStructureConf::constructor,own_fields,true,false,false
src/rules/exit_or_check.ts.ExitOrCheck::constructor,own_fields,true,false,false
src/rules/exit_or_check.ts.ExitOrCheck::getConfig,none,false,false,false
src/rules/exit_or_check.ts.ExitOrCheck::getConfig_instantiated_src/rules/exit_or_check.ts.ExitOrCheck,none,false,false,false
src/rules/exit_or_check.ts.ExitOrCheck::getConfig_value,none,false,false,false
src/rules/exit_or_check.ts.ExitOrCheck::getMetadata,any,true,false,false
src/rules/exit_or_check.ts.ExitOrCheck::runParsed,none,false,true,false
src/rules/exit_or_check.ts.ExitOrCheck::runParsed_instantiated_src/rules/exit_or_check.ts.ExitOrCheck,none,false,true,false
src/rules/exit_or_check.ts.ExitOrCheck::setConfig,none,false,true,false
src/rules/exit_or_check.ts.ExitOrCheck::setConfig_instantiated_src/rules/exit_or_check.ts.ExitOrCheck,none,false,true,false
src/rules/exit_or_check.ts.ExitOrCheckConf::constructor,own_fields,true,false,false
src/rules/expand_macros.ts.ExpandMacros::constructor,own_fields,true,false,false
src/rules/expand_macros.ts.ExpandMacros::getConfig,none,false,false,false
src/rules/expand_macros.ts.ExpandMacros::getConfig_instantiated_src/rules/expand_macros.ts.ExpandMacros,none,false,false,false
src/rules/expand_macros.ts.ExpandMacros::getConfig_value,none,false,false,false
src/rules/expand_macros.ts.ExpandMacros::getMetadata,any,true,false,false
src/rules/expand_macros.ts.ExpandMacros::runParsed,none,false,true,false
src/rules/expand_macros.ts.ExpandMacros::runParsed_instantiated_src/rules/expand_macros.ts.ExpandMacros,none,false,true,false
src/rules/expand_macros.ts.ExpandMacros::setConfig,none,false,true,false
src/rules/expand_macros.ts.ExpandMacros::setConfig_instantiated_src/rules/expand_macros.ts.ExpandMacros,none,false,true,false
src/rules/expand_macros.ts.ExpandMacrosConf::constructor,own_fields,true,false,false
src/rules/exporting.ts.Exporting::check,none,false,true,false
src/rules/exporting.ts.Exporting::constructor,own_fields,true,false,false
src/rules/exporting.ts.Exporting::getConfig,none,false,false,false
src/rules/exporting.ts.Exporting::getConfig_instantiated_src/rules/exporting.ts.Exporting,none,false,false,false
src/rules/exporting.ts.Exporting::getConfig_value,none,false,false,false
src/rules/exporting.ts.Exporting::getMessage,none,false,true,false
src/rules/exporting.ts.Exporting::getMetadata,any,true,false,false
src/rules/exporting.ts.Exporting::runParsed,none,false,true,false
src/rules/exporting.ts.Exporting::setConfig,none,false,true,false
src/rules/exporting.ts.Exporting::setConfig_instantiated_src/rules/exporting.ts.Exporting,none,false,true,false
src/rules/exporting.ts.ExportingConf::constructor,own_fields,true,false,false
src/rules/fm_global_parameters_obsolete.ts.FMGlobalParametersObsolete::constructor,own_fields,true,false,false
src/rules/fm_global_parameters_obsolete.ts.FMGlobalParametersObsolete::getConfig,none,false,false,false
src/rules/fm_global_parameters_obsolete.ts.FMGlobalParametersObsolete::getConfig_instantiated_src/rules/fm_global_parameters_obsolete.ts.FMGlobalParametersObsolete,none,false,false,false
src/rules/fm_global_parameters_obsolete.ts.FMGlobalParametersObsolete::getConfig_value,none,false,false,false
src/rules/fm_global_parameters_obsolete.ts.FMGlobalParametersObsolete::getMetadata,none,true,false,false
src/rules/fm_global_parameters_obsolete.ts.FMGlobalParametersObsolete::initialize,none,false,true,false
src/rules/fm_global_parameters_obsolete.ts.FMGlobalParametersObsolete::initialize_instantiated_src/rules/fm_global_parameters_obsolete.ts.FMGlobalParametersObsolete,none,false,true,false
src/rules/fm_global_parameters_obsolete.ts.FMGlobalParametersObsolete::run,none,false,true,false
src/rules/fm_global_parameters_obsolete.ts.FMGlobalParametersObsolete::setConfig,none,false,true,false
src/rules/fm_global_parameters_obsolete.ts.FMGlobalParametersObsolete::setConfig_instantiated_src/rules/fm_global_parameters_obsolete.ts.FMGlobalParametersObsolete,none,false,true,false
src/rules/fm_global_parameters_obsolete.ts.FMGlobalParametersObsoleteConf::constructor,own_fields,true,false,false
src/rules/forbidden_identifier.ts.ForbiddenIdentifier::check,none,false,true,false
src/rules/forbidden_identifier.ts.ForbiddenIdentifier::constructor,own_fields,true,false,false
src/rules/forbidden_identifier.ts.ForbiddenIdentifier::getConfig,none,false,false,false
src/rules/forbidden_identifier.ts.ForbiddenIdentifier::getConfig_instantiated_src/rules/forbidden_identifier.ts.ForbiddenIdentifier,none,false,false,false
src/rules/forbidden_identifier.ts.ForbiddenIdentifier::getConfig_value,none,false,false,false
src/rules/forbidden_identifier.ts.ForbiddenIdentifier::getMetadata,any,true,false,false
src/rules/forbidden_identifier.ts.ForbiddenIdentifier::runParsed,none,false,true,false
src/rules/forbidden_identifier.ts.ForbiddenIdentifier::runParsed_instantiated_src/rules/forbidden_identifier.ts.ForbiddenIdentifier,none,false,true,false
src/rules/forbidden_identifier.ts.ForbiddenIdentifier::setConfig,none,false,true,false
src/rules/forbidden_identifier.ts.ForbiddenIdentifier::setConfig_instantiated_src/rules/forbidden_identifier.ts.ForbiddenIdentifier,none,false,true,false
src/rules/forbidden_identifier.ts.ForbiddenIdentifier::traverse,none,false,true,false
src/rules/forbidden_identifier.ts.ForbiddenIdentifierConf::constructor,own_fields,true,false,false
src/rules/forbidden_pseudo_and_pragma.ts.ForbiddenPseudoAndPragma::constructor,any,true,false,false
src/rules/forbidden_pseudo_and_pragma.ts.ForbiddenPseudoAndPragma::getConfig,any,true,false,false
src/rules/forbidden_pseudo_and_pragma.ts.ForbiddenPseudoAndPragma::getConfig_instantiated_src/rules/forbidden_pseudo_and_pragma.ts.ForbiddenPseudoAndPragma,any,true,false,false
src/rules/forbidden_pseudo_and_pragma.ts.ForbiddenPseudoAndPragma::getConfig_value,any,true,false,false
src/rules/forbidden_pseudo_and_pragma.ts.ForbiddenPseudoAndPragma::getMetadata,any,true,false,false
src/rules/forbidden_pseudo_and_pragma.ts.ForbiddenPseudoAndPragma::runParsed,none,false,true,false
src/rules/forbidden_pseudo_and_pragma.ts.ForbiddenPseudoAndPragma::runParsed_instantiated_src/rules/forbidden_pseudo_and_pragma.ts.ForbiddenPseudoAndPragma,none,false,true,false
src/rules/forbidden_pseudo_and_pragma.ts.ForbiddenPseudoAndPragma::setConfig,none,false,true,false
src/rules/forbidden_pseudo_and_pragma.ts.ForbiddenPseudoAndPragma::setConfig_instantiated_src/rules/forbidden_pseudo_and_pragma.ts.ForbiddenPseudoAndPragma,none,false,true,false
src/rules/forbidden_pseudo_and_pragma.ts.ForbiddenPseudoAndPragmaConf::constructor,any,true,false,false
src/rules/forbidden_void_type.ts.ForbiddenVoidType::constructor,own_fields,true,false,false
src/rules/forbidden_void_type.ts.ForbiddenVoidType::getConfig,none,false,false,false
src/rules/forbidden_void_type.ts.ForbiddenVoidType::getConfig_instantiated_src/rules/forbidden_void_type.ts.ForbiddenVoidType,none,false,false,false
src/rules/forbidden_void_type.ts.ForbiddenVoidType::getConfig_value,none,false,false,false
src/rules/forbidden_void_type.ts.ForbiddenVoidType::getMetadata,none,true,false,false
src/rules/forbidden_void_type.ts.ForbiddenVoidType::initialize,none,false,true,false
src/rules/forbidden_void_type.ts.ForbiddenVoidType::initialize_instantiated_src/rules/forbidden_void_type.ts.ForbiddenVoidType,none,false,true,false
src/rules/forbidden_void_type.ts.ForbiddenVoidType::isForbiddenName,none,false,true,false
src/rules/forbidden_void_type.ts.ForbiddenVoidType::isForbiddenType,none,false,true,false
src/rules/forbidden_void_type.ts.ForbiddenVoidType::run,none,false,true,false
src/rules/forbidden_void_type.ts.ForbiddenVoidType::setConfig,none,false,true,false
src/rules/forbidden_void_type.ts.ForbiddenVoidType::setConfig_instantiated_src/rules/forbidden_void_type.ts.ForbiddenVoidType,none,false,true,false
src/rules/forbidden_void_type.ts.ForbiddenVoidType::traverse,none,false,true,false
src/rules/forbidden_void_type.ts.ForbiddenVoidTypeConf::constructor,own_fields,true,false,false
src/rules/form_tables_obsolete.ts.FormTablesObsolete::constructor,own_fields,true,false,false
src/rules/form_tables_obsolete.ts.FormTablesObsolete::getConfig,none,false,false,false
src/rules/form_tables_obsolete.ts.FormTablesObsolete::getConfig_instantiated_src/rules/form_tables_obsolete.ts.FormTablesObsolete,none,false,false,false
src/rules/form_tables_obsolete.ts.FormTablesObsolete::getConfig_value,none,false,false,false
src/rules/form_tables_obsolete.ts.FormTablesObsolete::getMessage,none,false,true,false
src/rules/form_tables_obsolete.ts.FormTablesObsolete::getMetadata,any,true,false,false
src/rules/form_tables_obsolete.ts.FormTablesObsolete::runParsed,none,false,true,false
src/rules/form_tables_obsolete.ts.FormTablesObsolete::setConfig,none,false,true,false
src/rules/form_tables_obsolete.ts.FormTablesObsolete::setConfig_instantiated_src/rules/form_tables_obsolete.ts.FormTablesObsolete,none,false,true,false
src/rules/form_tables_obsolete.ts.FormTablesObsoleteConf::constructor,own_fields,true,false,false
src/rules/fully_type_constants.ts.FullyTypeConsantsConf::constructor,own_fields,true,false,false
src/rules/fully_type_constants.ts.FullyTypeConstants::constructor,own_fields,true,false,false
src/rules/fully_type_constants.ts.FullyTypeConstants::getConfig,none,false,false,false
src/rules/fully_type_constants.ts.FullyTypeConstants::getConfig_instantiated_src/rules/fully_type_constants.ts.FullyTypeConstants,none,false,false,false
src/rules/fully_type_constants.ts.FullyTypeConstants::getConfig_value,none,false,false,false
src/rules/fully_type_constants.ts.FullyTypeConstants::getDescription,none,false,true,false
src/rules/fully_type_constants.ts.FullyTypeConstants::getMetadata,any,true,false,false
src/rules/fully_type_constants.ts.FullyTypeConstants::isTyped,none,false,true,false
src/rules/fully_type_constants.ts.FullyTypeConstants::runParsed,none,false,true,false
src/rules/fully_type_constants.ts.FullyTypeConstants::runParsed_instantiated_src/rules/fully_type_constants.ts.FullyTypeConstants,none,false,true,false
src/rules/fully_type_constants.ts.FullyTypeConstants::setConfig,none,false,true,false
src/rules/fully_type_constants.ts.FullyTypeConstants::setConfig_instantiated_src/rules/fully_type_constants.ts.FullyTypeConstants,none,false,true,false
src/rules/fully_type_itabs.ts.FullyTypeITabs::constructor,own_fields,true,false,false
src/rules/fully_type_itabs.ts.FullyTypeITabs::getConfig,none,false,false,false
src/rules/fully_type_itabs.ts.FullyTypeITabs::getConfig_instantiated_src/rules/fully_type_itabs.ts.FullyTypeITabs,none,false,false,false
src/rules/fully_type_itabs.ts.FullyTypeITabs::getConfig_value,none,false,false,false
src/rules/fully_type_itabs.ts.FullyTypeITabs::getMetadata,any,true,false,false
src/rules/fully_type_itabs.ts.FullyTypeITabs::runParsed,none,false,true,false
src/rules/fully_type_itabs.ts.FullyTypeITabs::runParsed_instantiated_src/rules/fully_type_itabs.ts.FullyTypeITabs,none,false,true,false
src/rules/fully_type_itabs.ts.FullyTypeITabs::setConfig,none,false,true,false
src/rules/fully_type_itabs.ts.FullyTypeITabs::setConfig_instantiated_src/rules/fully_type_itabs.ts.FullyTypeITabs,none,false,true,false
src/rules/fully_type_itabs.ts.FullyTypeITabsConf::constructor,own_fields,true,false,false
src/rules/function_module_recommendations.ts.FunctionModuleRecommendations::constructor,any,true,false,false
src/rules/function_module_recommendations.ts.FunctionModuleRecommendations::getConfig,none,false,false,false
src/rules/function_module_recommendations.ts.FunctionModuleRecommendations::getConfig_instantiated_src/rules/function_module_recommendations.ts.FunctionModuleRecommendations,none,false,false,false
src/rules/function_module_recommendations.ts.FunctionModuleRecommendations::getConfig_value,none,false,false,false
src/rules/function_module_recommendations.ts.FunctionModuleRecommendations::getMessage,none,false,true,false
src/rules/function_module_recommendations.ts.FunctionModuleRecommendations::getMetadata,any,true,false,false
src/rules/function_module_recommendations.ts.FunctionModuleRecommendations::runParsed,none,false,true,false
src/rules/function_module_recommendations.ts.FunctionModuleRecommendations::runParsed_instantiated_src/rules/function_module_recommendations.ts.FunctionModuleRecommendations,none,false,true,false
src/rules/function_module_recommendations.ts.FunctionModuleRecommendations::setConfig,none,false,true,false
src/rules/function_module_recommendations.ts.FunctionModuleRecommendations::setConfig_instantiated_src/rules/function_module_recommendations.ts.FunctionModuleRecommendations,none,false,true,false
src/rules/function_module_recommendations.ts.FunctionModuleRecommendationsConf::constructor,any,true,false,false
src/rules/function_module_recommendations.ts.Recommendations::constructor,own_fields,false,false,false
src/rules/functional_writing.ts.FunctionalWriting::buildFixString,none,false,true,false
src/rules/functional_writing.ts.FunctionalWriting::constructor,own_fields,true,false,false
src/rules/functional_writing.ts.FunctionalWriting::createIssueForStatementNode,none,false,true,false
src/rules/functional_writing.ts.FunctionalWriting::getConfig,none,false,false,false
src/rules/functional_writing.ts.FunctionalWriting::getConfig_instantiated_src/rules/functional_writing.ts.FunctionalWriting,none,false,false,false
src/rules/functional_writing.ts.FunctionalWriting::getConfig_value,none,false,false,false
src/rules/functional_writing.ts.FunctionalWriting::getMessage,none,false,true,false
src/rules/functional_writing.ts.FunctionalWriting::getMetadata,any,true,false,false
src/rules/functional_writing.ts.FunctionalWriting::runParsed,none,false,true,false
src/rules/functional_writing.ts.FunctionalWriting::setConfig,none,false,true,false
src/rules/functional_writing.ts.FunctionalWriting::setConfig_instantiated_src/rules/functional_writing.ts.FunctionalWriting,none,false,true,false
src/rules/functional_writing.ts.FunctionalWritingConf::constructor,own_fields,true,false,false
src/rules/global_class.ts.GlobalClass::constructor,own_fields,true,false,false
src/rules/global_class.ts.GlobalClass::getConfig,none,false,false,false
src/rules/global_class.ts.GlobalClass::getConfig_instantiated_src/rules/global_class.ts.GlobalClass,none,false,false,false
src/rules/global_class.ts.GlobalClass::getConfig_value,none,false,false,false
src/rules/global_class.ts.GlobalClass::getMetadata,any,true,false,false
src/rules/global_class.ts.GlobalClass::runParsed,none,false,true,false
src/rules/global_class.ts.GlobalClass::runParsed_instantiated_src/rules/global_class.ts.GlobalClass,none,false,true,false
src/rules/global_class.ts.GlobalClass::setConfig,none,false,true,false
src/rules/global_class.ts.GlobalClass::setConfig_instantiated_src/rules/global_class.ts.GlobalClass,none,false,true,false
src/rules/global_class.ts.GlobalClassConf::constructor,own_fields,true,false,false
src/rules/identical_conditions.ts.Conditions::constructor,own_fields,true,false,false
src/rules/identical_conditions.ts.Conditions::findFirstDuplicate,none,false,true,false
src/rules/identical_conditions.ts.Conditions::push,none,false,true,false
src/rules/identical_conditions.ts.IdenticalConditions::analyzeCond,none,false,true,false
src/rules/identical_conditions.ts.IdenticalConditions::analyzeIf,none,false,true,false
src/rules/identical_conditions.ts.IdenticalConditions::analyzeWhen,none,false,true,false
src/rules/identical_conditions.ts.IdenticalConditions::constructor,own_fields,true,false,false
src/rules/identical_conditions.ts.IdenticalConditions::getConfig,none,false,false,false
src/rules/identical_conditions.ts.IdenticalConditions::getConfig_instantiated_src/rules/identical_conditions.ts.IdenticalConditions,none,false,false,false
src/rules/identical_conditions.ts.IdenticalConditions::getConfig_value,none,false,false,false
src/rules/identical_conditions.ts.IdenticalConditions::getMetadata,any,true,false,false
src/rules/identical_conditions.ts.IdenticalConditions::runParsed,none,false,true,false
src/rules/identical_conditions.ts.IdenticalConditions::runParsed_instantiated_src/rules/identical_conditions.ts.IdenticalConditions,none,false,true,false
src/rules/identical_conditions.ts.IdenticalConditions::setConfig,none,false,true,false
src/rules/identical_conditions.ts.IdenticalConditions::setConfig_instantiated_src/rules/identical_conditions.ts.IdenticalConditions,none,false,true,false
src/rules/identical_conditions.ts.IdenticalConditionsConf::constructor,own_fields,true,false,false
src/rules/identical_contents.ts.IdenticalContents::analyzeIf,none,false,true,false
src/rules/identical_contents.ts.IdenticalContents::constructor,own_fields,true,false,false
src/rules/identical_contents.ts.IdenticalContents::getConfig,none,false,false,false
src/rules/identical_contents.ts.IdenticalContents::getConfig_instantiated_src/rules/identical_contents.ts.IdenticalContents,none,false,false,false
src/rules/identical_contents.ts.IdenticalContents::getConfig_value,none,false,false,false
src/rules/identical_contents.ts.IdenticalContents::getMetadata,any,true,false,false
src/rules/identical_contents.ts.IdenticalContents::isChained,none,false,true,false
src/rules/identical_contents.ts.IdenticalContents::runParsed,none,false,true,false
src/rules/identical_contents.ts.IdenticalContents::runParsed_instantiated_src/rules/identical_contents.ts.IdenticalContents,none,false,true,false
src/rules/identical_contents.ts.IdenticalContents::setConfig,none,false,true,false
src/rules/identical_contents.ts.IdenticalContents::setConfig_instantiated_src/rules/identical_contents.ts.IdenticalContents,none,false,true,false
src/rules/identical_contents.ts.IdenticalContentsConf::constructor,own_fields,true,false,false
src/rules/identical_descriptions.ts.IdenticalDescriptions::checkFunctionModules,none,false,true,false
src/rules/identical_descriptions.ts.IdenticalDescriptions::constructor,own_fields,true,false,false
src/rules/identical_descriptions.ts.IdenticalDescriptions::getConfig,none,false,false,false
src/rules/identical_descriptions.ts.IdenticalDescriptions::getConfig_instantiated_src/rules/identical_descriptions.ts.IdenticalDescriptions,none,false,false,false
src/rules/identical_descriptions.ts.IdenticalDescriptions::getConfig_value,none,false,false,false
src/rules/identical_descriptions.ts.IdenticalDescriptions::getMetadata,none,true,false,false
src/rules/identical_descriptions.ts.IdenticalDescriptions::initialize,none,false,true,false
src/rules/identical_descriptions.ts.IdenticalDescriptions::initialize_instantiated_src/rules/identical_descriptions.ts.IdenticalDescriptions,none,false,true,false
src/rules/identical_descriptions.ts.IdenticalDescriptions::run,none,false,true,false
src/rules/identical_descriptions.ts.IdenticalDescriptions::run_instantiated_src/rules/identical_descriptions.ts.IdenticalDescriptions,none,false,true,false
src/rules/identical_descriptions.ts.IdenticalDescriptions::setConfig,none,false,true,false
src/rules/identical_descriptions.ts.IdenticalDescriptions::setConfig_instantiated_src/rules/identical_descriptions.ts.IdenticalDescriptions,none,false,true,false
src/rules/identical_descriptions.ts.IdenticalDescriptionsConf::constructor,own_fields,true,false,false
src/rules/identical_form_names.ts.IdenticalFormNames::constructor,own_fields,true,false,false
src/rules/identical_form_names.ts.IdenticalFormNames::getConfig,none,false,false,false
src/rules/identical_form_names.ts.IdenticalFormNames::getConfig_instantiated_src/rules/identical_form_names.ts.IdenticalFormNames,none,false,false,false
src/rules/identical_form_names.ts.IdenticalFormNames::getConfig_value,none,false,false,false
src/rules/identical_form_names.ts.IdenticalFormNames::getMetadata,any,true,false,false
src/rules/identical_form_names.ts.IdenticalFormNames::initialize,none,false,true,false
src/rules/identical_form_names.ts.IdenticalFormNames::initialize_instantiated_src/rules/identical_form_names.ts.IdenticalFormNames,none,false,true,false
src/rules/identical_form_names.ts.IdenticalFormNames::run,none,false,true,false
src/rules/identical_form_names.ts.IdenticalFormNames::setConfig,none,false,true,false
src/rules/identical_form_names.ts.IdenticalFormNames::setConfig_instantiated_src/rules/identical_form_names.ts.IdenticalFormNames,none,false,true,false
src/rules/identical_form_names.ts.IdenticalFormNamesConf::constructor,own_fields,true,false,false
src/rules/identical_move.ts.IdenticalMove::constructor,own_fields,true,false,false
src/rules/identical_move.ts.IdenticalMove::getConfig,none,false,false,false
src/rules/identical_move.ts.IdenticalMove::getConfig_instantiated_src/rules/identical_move.ts.IdenticalMove,none,false,false,false
src/rules/identical_move.ts.IdenticalMove::getConfig_value,none,false,false,false
src/rules/identical_move.ts.IdenticalMove::getMetadata,any,true,false,false
src/rules/identical_move.ts.IdenticalMove::runParsed,none,false,true,false
src/rules/identical_move.ts.IdenticalMove::runParsed_instantiated_src/rules/identical_move.ts.IdenticalMove,none,false,true,false
src/rules/identical_move.ts.IdenticalMove::setConfig,none,false,true,false
src/rules/identical_move.ts.IdenticalMove::setConfig_instantiated_src/rules/identical_move.ts.IdenticalMove,none,false,true,false
src/rules/identical_move.ts.IdenticalMoveConf::constructor,own_fields,true,false,false
src/rules/if_in_if.ts.IfInIf::constructor,own_fields,true,false,false
src/rules/if_in_if.ts.IfInIf::getConfig,none,false,false,false
src/rules/if_in_if.ts.IfInIf::getConfig_instantiated_src/rules/if_in_if.ts.IfInIf,none,false,false,false
src/rules/if_in_if.ts.IfInIf::getConfig_value,none,false,false,false
src/rules/if_in_if.ts.IfInIf::getMetadata,any,true,false,false
src/rules/if_in_if.ts.IfInIf::runParsed,none,false,true,false
src/rules/if_in_if.ts.IfInIf::setConfig,none,false,true,false
src/rules/if_in_if.ts.IfInIf::setConfig_instantiated_src/rules/if_in_if.ts.IfInIf,none,false,true,false
src/rules/if_in_if.ts.IfInIfConf::constructor,own_fields,true,false,false
src/rules/implement_methods.ts.IMethod::constructor,own_fields,false,false,false
src/rules/implement_methods.ts.ImplementMethods::buildFix,any,true,true,true
src/rules/implement_methods.ts.ImplementMethods::checkClass,any,true,true,true
src/rules/implement_methods.ts.ImplementMethods::checkInterfaces,any,true,true,true
src/rules/implement_methods.ts.ImplementMethods::constructor,own_fields,true,false,false
src/rules/implement_methods.ts.ImplementMethods::findClass,none,true,true,true
src/rules/implement_methods.ts.ImplementMethods::findInterface,any,true,true,true
src/rules/implement_methods.ts.ImplementMethods::findInterfaceByName,none,true,true,true
src/rules/implement_methods.ts.ImplementMethods::findInterfaceMethods,any,true,true,true
src/rules/implement_methods.ts.ImplementMethods::getConfig,none,false,false,false
src/rules/implement_methods.ts.ImplementMethods::getConfig_instantiated_src/rules/implement_methods.ts.ImplementMethods,none,false,false,false
src/rules/implement_methods.ts.ImplementMethods::getConfig_value,none,false,false,false
src/rules/implement_methods.ts.ImplementMethods::getMetadata,any,true,false,false
src/rules/implement_methods.ts.ImplementMethods::isAbstract,none,true,true,true
src/rules/implement_methods.ts.ImplementMethods::isImplemented,none,true,true,true
src/rules/implement_methods.ts.ImplementMethods::lookupDefinitionInObject,none,true,true,true
src/rules/implement_methods.ts.ImplementMethods::lookupImplementationInObject,none,true,true,true
src/rules/implement_methods.ts.ImplementMethods::runParsed,any,true,true,true
src/rules/implement_methods.ts.ImplementMethods::setConfig,none,false,true,false
src/rules/implement_methods.ts.ImplementMethods::setConfig_instantiated_src/rules/implement_methods.ts.ImplementMethods,none,false,true,false
src/rules/implement_methods.ts.ImplementMethods::viaAliasInInterface,none,false,true,false
src/rules/implement_methods.ts.ImplementMethodsConf::constructor,own_fields,true,false,false
src/rules/implicit_start_of_selection.ts.ImplicitStartOfSelection::constructor,own_fields,true,false,false
src/rules/implicit_start_of_selection.ts.ImplicitStartOfSelection::getConfig,none,false,false,false
src/rules/implicit_start_of_selection.ts.ImplicitStartOfSelection::getConfig_instantiated_src/rules/implicit_start_of_selection.ts.ImplicitStartOfSelection,none,false,false,false
src/rules/implicit_start_of_selection.ts.ImplicitStartOfSelection::getConfig_value,none,false,false,false
src/rules/implicit_start_of_selection.ts.ImplicitStartOfSelection::getMetadata,any,true,false,false
src/rules/implicit_start_of_selection.ts.ImplicitStartOfSelection::runParsed,none,false,true,false
src/rules/implicit_start_of_selection.ts.ImplicitStartOfSelection::setConfig,none,false,true,false
src/rules/implicit_start_of_selection.ts.ImplicitStartOfSelection::setConfig_instantiated_src/rules/implicit_start_of_selection.ts.ImplicitStartOfSelection,none,false,true,false
src/rules/implicit_start_of_selection.ts.ImplicitStartOfSelectionConf::constructor,own_fields,true,false,false
src/rules/in_statement_indentation.ts.InStatementIndentation::constructor,own_fields,true,false,false
src/rules/in_statement_indentation.ts.InStatementIndentation::getConfig,none,false,false,false
src/rules/in_statement_indentation.ts.InStatementIndentation::getConfig_instantiated_src/rules/in_statement_indentation.ts.InStatementIndentation,none,false,false,false
src/rules/in_statement_indentation.ts.InStatementIndentation::getConfig_value,none,false,false,false
src/rules/in_statement_indentation.ts.InStatementIndentation::getMessage,none,false,true,false
src/rules/in_statement_indentation.ts.InStatementIndentation::getMetadata,any,true,false,false
src/rules/in_statement_indentation.ts.InStatementIndentation::runParsed,none,false,true,false
src/rules/in_statement_indentation.ts.InStatementIndentation::runParsed_instantiated_src/rules/in_statement_indentation.ts.InStatementIndentation,none,false,true,false
src/rules/in_statement_indentation.ts.InStatementIndentation::setConfig,none,false,true,false
src/rules/in_statement_indentation.ts.InStatementIndentation::setConfig_instantiated_src/rules/in_statement_indentation.ts.InStatementIndentation,none,false,true,false
src/rules/in_statement_indentation.ts.InStatementIndentationConf::constructor,own_fields,true,false,false
src/rules/indentation.ts.Indentation::constructor,own_fields,true,false,false
src/rules/indentation.ts.Indentation::getConfig,none,false,false,false
src/rules/indentation.ts.Indentation::getConfig_instantiated_src/rules/indentation.ts.Indentation,none,false,false,false
src/rules/indentation.ts.Indentation::getConfig_value,none,false,false,false
src/rules/indentation.ts.Indentation::getMetadata,any,true,false,false
src/rules/indentation.ts.Indentation::runParsed,none,false,true,false
src/rules/indentation.ts.Indentation::runParsed_instantiated_src/rules/indentation.ts.Indentation,none,false,true,false
src/rules/indentation.ts.Indentation::setConfig,none,false,true,false
src/rules/indentation.ts.Indentation::setConfig_instantiated_src/rules/indentation.ts.Indentation,none,false,true,false
src/rules/indentation.ts.IndentationConf::constructor,own_fields,true,false,false
src/rules/index.ts.module::class_constructor,any,true,false,true
src/rules/index_completely_contained.ts.IndexCompletelyContained::constructor,own_fields,true,false,false
src/rules/index_completely_contained.ts.IndexCompletelyContained::getConfig,none,false,false,false
src/rules/index_completely_contained.ts.IndexCompletelyContained::getConfig_instantiated_src/rules/index_completely_contained.ts.IndexCompletelyContained,none,false,false,false
src/rules/index_completely_contained.ts.IndexCompletelyContained::getConfig_value,none,false,false,false
src/rules/index_completely_contained.ts.IndexCompletelyContained::getMetadata,any,true,false,false
src/rules/index_completely_contained.ts.IndexCompletelyContained::initialize,none,false,true,false
src/rules/index_completely_contained.ts.IndexCompletelyContained::initialize_instantiated_src/rules/index_completely_contained.ts.IndexCompletelyContained,none,false,true,false
src/rules/index_completely_contained.ts.IndexCompletelyContained::run,none,false,true,false
src/rules/index_completely_contained.ts.IndexCompletelyContained::setConfig,none,false,true,false
src/rules/index_completely_contained.ts.IndexCompletelyContained::setConfig_instantiated_src/rules/index_completely_contained.ts.IndexCompletelyContained,none,false,true,false
src/rules/index_completely_contained.ts.IndexCompletelyContainedConf::constructor,own_fields,true,false,false
src/rules/inline_data_old_versions.ts.InlineDataOldVersions::constructor,own_fields,true,false,false
src/rules/inline_data_old_versions.ts.InlineDataOldVersions::getConfig,none,false,false,false
src/rules/inline_data_old_versions.ts.InlineDataOldVersions::getConfig_instantiated_src/rules/inline_data_old_versions.ts.InlineDataOldVersions,none,false,false,false
src/rules/inline_data_old_versions.ts.InlineDataOldVersions::getConfig_value,none,false,false,false
src/rules/inline_data_old_versions.ts.InlineDataOldVersions::getMetadata,any,true,false,false
src/rules/inline_data_old_versions.ts.InlineDataOldVersions::runParsed,none,false,true,false
src/rules/inline_data_old_versions.ts.InlineDataOldVersions::runParsed_instantiated_src/rules/inline_data_old_versions.ts.InlineDataOldVersions,none,false,true,false
src/rules/inline_data_old_versions.ts.InlineDataOldVersions::setConfig,none,false,true,false
src/rules/inline_data_old_versions.ts.InlineDataOldVersions::setConfig_instantiated_src/rules/inline_data_old_versions.ts.InlineDataOldVersions,none,false,true,false
src/rules/inline_data_old_versions.ts.InlineDataOldVersionsConf::constructor,own_fields,true,false,false
src/rules/intf_referencing_clas.ts.IntfReferencingClas::constructor,own_fields,true,false,false
src/rules/intf_referencing_clas.ts.IntfReferencingClas::getConfig,any,true,false,false
src/rules/intf_referencing_clas.ts.IntfReferencingClas::getConfig_instantiated_src/rules/intf_referencing_clas.ts.IntfReferencingClas,any,true,false,false
src/rules/intf_referencing_clas.ts.IntfReferencingClas::getConfig_value,any,true,false,false
src/rules/intf_referencing_clas.ts.IntfReferencingClas::getMetadata,none,true,false,false
src/rules/intf_referencing_clas.ts.IntfReferencingClas::initialize,none,false,true,false
src/rules/intf_referencing_clas.ts.IntfReferencingClas::run,none,false,true,false
src/rules/intf_referencing_clas.ts.IntfReferencingClas::setConfig,none,false,true,false
src/rules/intf_referencing_clas.ts.IntfReferencingClas::setConfig_instantiated_src/rules/intf_referencing_clas.ts.IntfReferencingClas,none,false,true,false
src/rules/intf_referencing_clas.ts.IntfReferencingClas::traverse,none,false,true,false
src/rules/intf_referencing_clas.ts.IntfReferencingClasConf::constructor,own_fields,true,false,false
src/rules/invalid_table_index.ts.InvalidTableIndex::constructor,own_fields,true,false,false
src/rules/invalid_table_index.ts.InvalidTableIndex::getConfig,none,false,false,false
src/rules/invalid_table_index.ts.InvalidTableIndex::getConfig_instantiated_src/rules/invalid_table_index.ts.InvalidTableIndex,none,false,false,false
src/rules/invalid_table_index.ts.InvalidTableIndex::getConfig_value,none,false,false,false
src/rules/invalid_table_index.ts.InvalidTableIndex::getMetadata,any,true,false,false
src/rules/invalid_table_index.ts.InvalidTableIndex::runParsed,none,false,true,false
src/rules/invalid_table_index.ts.InvalidTableIndex::runParsed_instantiated_src/rules/invalid_table_index.ts.InvalidTableIndex,none,false,true,false
src/rules/invalid_table_index.ts.InvalidTableIndex::setConfig,none,false,true,false
src/rules/invalid_table_index.ts.InvalidTableIndex::setConfig_instantiated_src/rules/invalid_table_index.ts.InvalidTableIndex,none,false,true,false
src/rules/invalid_table_index.ts.InvalidTableIndexConf::constructor,own_fields,true,false,false
src/rules/keep_single_parameter_on_one_line.ts.KeepSingleParameterCallsOnOneLine::calcStatementLength,none,false,true,false
src/rules/keep_single_parameter_on_one_line.ts.KeepSingleParameterCallsOnOneLine::check,none,false,true,false
src/rules/keep_single_parameter_on_one_line.ts.KeepSingleParameterCallsOnOneLine::constructor,own_fields,true,false,false
src/rules/keep_single_parameter_on_one_line.ts.KeepSingleParameterCallsOnOneLine::containsFieldAssigments,none,false,true,false
src/rules/keep_single_parameter_on_one_line.ts.KeepSingleParameterCallsOnOneLine::containsNewLineTableExpression,none,false,true,false
src/rules/keep_single_parameter_on_one_line.ts.KeepSingleParameterCallsOnOneLine::containsNewLineTemplate,none,false,true,false
src/rules/keep_single_parameter_on_one_line.ts.KeepSingleParameterCallsOnOneLine::containsNewLineValue,none,false,true,false
src/rules/keep_single_parameter_on_one_line.ts.KeepSingleParameterCallsOnOneLine::getConfig,none,false,false,false
src/rules/keep_single_parameter_on_one_line.ts.KeepSingleParameterCallsOnOneLine::getConfig_instantiated_src/rules/keep_single_parameter_on_one_line.ts.KeepSingleParameterCallsOnOneLine,none,false,false,false
src/rules/keep_single_parameter_on_one_line.ts.KeepSingleParameterCallsOnOneLine::getConfig_value,none,false,false,false
src/rules/keep_single_parameter_on_one_line.ts.KeepSingleParameterCallsOnOneLine::getMetadata,any,true,false,false
src/rules/keep_single_parameter_on_one_line.ts.KeepSingleParameterCallsOnOneLine::isMultiLine,none,false,true,false
src/rules/keep_single_parameter_on_one_line.ts.KeepSingleParameterCallsOnOneLine::isSingleParameter,none,false,true,false
src/rules/keep_single_parameter_on_one_line.ts.KeepSingleParameterCallsOnOneLine::isWithoutParameters,none,false,true,false
src/rules/keep_single_parameter_on_one_line.ts.KeepSingleParameterCallsOnOneLine::runParsed,none,false,true,false
src/rules/keep_single_parameter_on_one_line.ts.KeepSingleParameterCallsOnOneLine::setConfig,none,false,true,false
src/rules/keep_single_parameter_on_one_line.ts.KeepSingleParameterCallsOnOneLine::setConfig_instantiated_src/rules/keep_single_parameter_on_one_line.ts.KeepSingleParameterCallsOnOneLine,none,false,true,false
src/rules/keep_single_parameter_on_one_line.ts.KeepSingleParameterCallsOnOneLineConf::constructor,own_fields,true,false,false
src/rules/keyword_case.ts.KeywordCase::build,none,false,true,false
src/rules/keyword_case.ts.KeywordCase::constructor,own_fields,true,false,false
src/rules/keyword_case.ts.KeywordCase::getConfig,none,false,false,false
src/rules/keyword_case.ts.KeywordCase::getConfig_instantiated_src/rules/keyword_case.ts.KeywordCase,none,false,false,false
src/rules/keyword_case.ts.KeywordCase::getConfig_value,none,false,false,false
src/rules/keyword_case.ts.KeywordCase::getMetadata,any,true,false,false
src/rules/keyword_case.ts.KeywordCase::runParsed,none,false,true,false
src/rules/keyword_case.ts.KeywordCase::runParsed_instantiated_src/rules/keyword_case.ts.KeywordCase,none,false,true,false
src/rules/keyword_case.ts.KeywordCase::setConfig,none,false,true,false
src/rules/keyword_case.ts.KeywordCase::setConfig_instantiated_src/rules/keyword_case.ts.KeywordCase,none,false,true,false
src/rules/keyword_case.ts.KeywordCase::traverse,none,false,true,false
src/rules/keyword_case.ts.KeywordCase::violatesRule,none,false,true,false
src/rules/keyword_case.ts.KeywordCaseConf::constructor,own_fields,true,false,false
src/rules/keyword_case.ts.Skip::constructor,own_fields,false,false,false
src/rules/keyword_case.ts.Skip::skipStatement,none,false,true,false
src/rules/keyword_case.ts.TokenAndKeyword::constructor,own_fields,false,false,false
src/rules/keyword_case.ts.module::class_constructor,any,true,false,true
src/rules/line_break_multiple_parameters.ts.LineBreakMultipleParameters::constructor,own_fields,true,false,false
src/rules/line_break_multiple_parameters.ts.LineBreakMultipleParameters::getConfig,none,false,false,false
src/rules/line_break_multiple_parameters.ts.LineBreakMultipleParameters::getConfig_instantiated_src/rules/line_break_multiple_parameters.ts.LineBreakMultipleParameters,none,false,false,false
src/rules/line_break_multiple_parameters.ts.LineBreakMultipleParameters::getConfig_value,none,false,false,false
src/rules/line_break_multiple_parameters.ts.LineBreakMultipleParameters::getMetadata,any,true,false,false
src/rules/line_break_multiple_parameters.ts.LineBreakMultipleParameters::runParsed,none,false,true,false
src/rules/line_break_multiple_parameters.ts.LineBreakMultipleParameters::setConfig,none,false,true,false
src/rules/line_break_multiple_parameters.ts.LineBreakMultipleParameters::setConfig_instantiated_src/rules/line_break_multiple_parameters.ts.LineBreakMultipleParameters,none,false,true,false
src/rules/line_break_multiple_parameters.ts.LineBreakMultipleParametersConf::constructor,own_fields,true,false,false
src/rules/line_break_style.ts.LineBreakStyle::constructor,own_fields,true,false,false
src/rules/line_break_style.ts.LineBreakStyle::getConfig,none,false,false,false
src/rules/line_break_style.ts.LineBreakStyle::getConfig_instantiated_src/rules/line_break_style.ts.LineBreakStyle,none,false,false,false
src/rules/line_break_style.ts.LineBreakStyle::getConfig_value,none,false,false,false
src/rules/line_break_style.ts.LineBreakStyle::getMetadata,any,true,false,false
src/rules/line_break_style.ts.LineBreakStyle::initialize,none,false,true,false
src/rules/line_break_style.ts.LineBreakStyle::initialize_instantiated_src/rules/line_break_style.ts.LineBreakStyle,none,false,true,false
src/rules/line_break_style.ts.LineBreakStyle::run,none,false,true,false
src/rules/line_break_style.ts.LineBreakStyle::setConfig,none,false,true,false
src/rules/line_break_style.ts.LineBreakStyle::setConfig_instantiated_src/rules/line_break_style.ts.LineBreakStyle,none,false,true,false
src/rules/line_break_style.ts.LineBreakStyleConf::constructor,own_fields,true,false,false
src/rules/line_length.ts.LineLength::constructor,own_fields,true,false,false
src/rules/line_length.ts.LineLength::getConfig,none,false,false,false
src/rules/line_length.ts.LineLength::getConfig_instantiated_src/rules/line_length.ts.LineLength,none,false,false,false
src/rules/line_length.ts.LineLength::getConfig_value,none,false,false,false
src/rules/line_length.ts.LineLength::getMetadata,any,true,false,false
src/rules/line_length.ts.LineLength::runParsed,none,false,true,false
src/rules/line_length.ts.LineLength::runParsed_instantiated_src/rules/line_length.ts.LineLength,none,false,true,false
src/rules/line_length.ts.LineLength::setConfig,none,false,true,false
src/rules/line_length.ts.LineLength::setConfig_instantiated_src/rules/line_length.ts.LineLength,none,false,true,false
src/rules/line_length.ts.LineLengthConf::constructor,own_fields,true,false,false
src/rules/line_only_punc.ts.LineOnlyPunc::constructor,own_fields,true,false,false
src/rules/line_only_punc.ts.LineOnlyPunc::getConfig,none,false,false,false
src/rules/line_only_punc.ts.LineOnlyPunc::getConfig_instantiated_src/rules/line_only_punc.ts.LineOnlyPunc,none,false,false,false
src/rules/line_only_punc.ts.LineOnlyPunc::getConfig_value,none,false,false,false
src/rules/line_only_punc.ts.LineOnlyPunc::getMessage,none,false,true,false
src/rules/line_only_punc.ts.LineOnlyPunc::getMetadata,any,true,false,false
src/rules/line_only_punc.ts.LineOnlyPunc::runParsed,none,false,true,false
src/rules/line_only_punc.ts.LineOnlyPunc::runParsed_instantiated_src/rules/line_only_punc.ts.LineOnlyPunc,none,false,true,false
src/rules/line_only_punc.ts.LineOnlyPunc::setConfig,none,false,true,false
src/rules/line_only_punc.ts.LineOnlyPunc::setConfig_instantiated_src/rules/line_only_punc.ts.LineOnlyPunc,none,false,true,false
src/rules/line_only_punc.ts.LineOnlyPuncConf::constructor,own_fields,true,false,false
src/rules/local_class_naming.ts.LocalClassNaming::constructor,own_fields,true,false,false
src/rules/local_class_naming.ts.LocalClassNaming::getConfig,none,false,false,false
src/rules/local_class_naming.ts.LocalClassNaming::getConfig_instantiated_src/rules/local_class_naming.ts.LocalClassNaming,none,false,false,false
src/rules/local_class_naming.ts.LocalClassNaming::getConfig_value,none,false,false,false
src/rules/local_class_naming.ts.LocalClassNaming::getDescription,none,false,true,false
src/rules/local_class_naming.ts.LocalClassNaming::getMetadata,any,true,false,false
src/rules/local_class_naming.ts.LocalClassNaming::runParsed,none,false,true,false
src/rules/local_class_naming.ts.LocalClassNaming::setConfig,none,false,true,false
src/rules/local_class_naming.ts.LocalClassNaming::setConfig_instantiated_src/rules/local_class_naming.ts.LocalClassNaming,none,false,true,false
src/rules/local_class_naming.ts.LocalClassNamingConf::constructor,own_fields,true,false,false
src/rules/local_testclass_consistency.ts.LocalTestclassConsistency::constructor,own_fields,true,false,false
src/rules/local_testclass_consistency.ts.LocalTestclassConsistency::getConfig,none,false,false,false
src/rules/local_testclass_consistency.ts.LocalTestclassConsistency::getConfig_instantiated_src/rules/local_testclass_consistency.ts.LocalTestclassConsistency,none,false,false,false
src/rules/local_testclass_consistency.ts.LocalTestclassConsistency::getConfig_value,none,false,false,false
src/rules/local_testclass_consistency.ts.LocalTestclassConsistency::getMetadata,any,true,false,false
src/rules/local_testclass_consistency.ts.LocalTestclassConsistency::runParsed,none,false,true,false
src/rules/local_testclass_consistency.ts.LocalTestclassConsistency::runParsed_instantiated_src/rules/local_testclass_consistency.ts.LocalTestclassConsistency,none,false,true,false
src/rules/local_testclass_consistency.ts.LocalTestclassConsistency::setConfig,none,false,true,false
src/rules/local_testclass_consistency.ts.LocalTestclassConsistency::setConfig_instantiated_src/rules/local_testclass_consistency.ts.LocalTestclassConsistency,none,false,true,false
src/rules/local_testclass_consistency.ts.LocalTestclassConsistencyConf::constructor,own_fields,true,false,false
src/rules/local_variable_names.ts.LocalVariableNames::checkLocals,none,false,true,false
src/rules/local_variable_names.ts.LocalVariableNames::checkName,none,false,true,false
src/rules/local_variable_names.ts.LocalVariableNames::constructor,own_fields,true,false,false
src/rules/local_variable_names.ts.LocalVariableNames::getConfig,none,false,false,false
src/rules/local_variable_names.ts.LocalVariableNames::getConfig_instantiated_src/rules/local_variable_names.ts.LocalVariableNames,none,false,false,false
src/rules/local_variable_names.ts.LocalVariableNames::getConfig_value,none,false,false,false
src/rules/local_variable_names.ts.LocalVariableNames::getDescription,none,false,true,false
src/rules/local_variable_names.ts.LocalVariableNames::getMetadata,any,true,false,false
src/rules/local_variable_names.ts.LocalVariableNames::runParsed,none,false,true,false
src/rules/local_variable_names.ts.LocalVariableNames::runParsed_instantiated_src/rules/local_variable_names.ts.LocalVariableNames,none,false,true,false
src/rules/local_variable_names.ts.LocalVariableNames::setConfig,none,false,true,false
src/rules/local_variable_names.ts.LocalVariableNames::setConfig_instantiated_src/rules/local_variable_names.ts.LocalVariableNames,none,false,true,false
src/rules/local_variable_names.ts.LocalVariableNamesConf::constructor,own_fields,true,false,false
src/rules/macro_naming.ts.MacroNaming::constructor,own_fields,true,false,false
src/rules/macro_naming.ts.MacroNaming::getConfig,none,false,false,false
src/rules/macro_naming.ts.MacroNaming::getConfig_instantiated_src/rules/macro_naming.ts.MacroNaming,none,false,false,false
src/rules/macro_naming.ts.MacroNaming::getConfig_value,none,false,false,false
src/rules/macro_naming.ts.MacroNaming::getMetadata,any,true,false,false
src/rules/macro_naming.ts.MacroNaming::runParsed,none,false,true,false
src/rules/macro_naming.ts.MacroNaming::setConfig,none,false,true,false
src/rules/macro_naming.ts.MacroNaming::setConfig_instantiated_src/rules/macro_naming.ts.MacroNaming,none,false,true,false
src/rules/macro_naming.ts.MacroNamingConf::constructor,own_fields,true,false,false
src/rules/main_file_contents.ts.MainFileContents::constructor,own_fields,true,false,false
src/rules/main_file_contents.ts.MainFileContents::getConfig,none,false,false,false
src/rules/main_file_contents.ts.MainFileContents::getConfig_instantiated_src/rules/main_file_contents.ts.MainFileContents,none,false,false,false
src/rules/main_file_contents.ts.MainFileContents::getConfig_value,none,false,false,false
src/rules/main_file_contents.ts.MainFileContents::getDescription,none,false,true,false
src/rules/main_file_contents.ts.MainFileContents::getMetadata,any,true,false,false
src/rules/main_file_contents.ts.MainFileContents::initialize,none,false,true,false
src/rules/main_file_contents.ts.MainFileContents::initialize_instantiated_src/rules/main_file_contents.ts.MainFileContents,none,false,true,false
src/rules/main_file_contents.ts.MainFileContents::run,none,false,true,false
src/rules/main_file_contents.ts.MainFileContents::setConfig,none,false,true,false
src/rules/main_file_contents.ts.MainFileContents::setConfig_instantiated_src/rules/main_file_contents.ts.MainFileContents,none,false,true,false
src/rules/main_file_contents.ts.MainFileContentsConf::constructor,own_fields,true,false,false
src/rules/many_parentheses.ts.ManyParentheses::analyzeCondition,none,false,true,false
src/rules/many_parentheses.ts.ManyParentheses::analyzeInto,none,false,true,false
src/rules/many_parentheses.ts.ManyParentheses::analyzeMove,none,false,true,false
src/rules/many_parentheses.ts.ManyParentheses::constructor,own_fields,true,false,false
src/rules/many_parentheses.ts.ManyParentheses::findComparator,none,false,true,false
src/rules/many_parentheses.ts.ManyParentheses::getConfig,none,false,false,false
src/rules/many_parentheses.ts.ManyParentheses::getConfig_instantiated_src/rules/many_parentheses.ts.ManyParentheses,none,false,false,false
src/rules/many_parentheses.ts.ManyParentheses::getConfig_value,none,false,false,false
src/rules/many_parentheses.ts.ManyParentheses::getMetadata,any,true,false,false
src/rules/many_parentheses.ts.ManyParentheses::runParsed,none,false,true,false
src/rules/many_parentheses.ts.ManyParentheses::runParsed_instantiated_src/rules/many_parentheses.ts.ManyParentheses,none,false,true,false
src/rules/many_parentheses.ts.ManyParentheses::setConfig,none,false,true,false
src/rules/many_parentheses.ts.ManyParentheses::setConfig_instantiated_src/rules/many_parentheses.ts.ManyParentheses,none,false,true,false
src/rules/many_parentheses.ts.ManyParenthesesConf::constructor,own_fields,true,false,false
src/rules/max_one_method_parameter_per_line.ts.MaxOneMethodParameterPerLine::constructor,own_fields,true,false,false
src/rules/max_one_method_parameter_per_line.ts.MaxOneMethodParameterPerLine::getConfig,none,false,false,false
src/rules/max_one_method_parameter_per_line.ts.MaxOneMethodParameterPerLine::getConfig_instantiated_src/rules/max_one_method_parameter_per_line.ts.MaxOneMethodParameterPerLine,none,false,false,false
src/rules/max_one_method_parameter_per_line.ts.MaxOneMethodParameterPerLine::getConfig_value,none,false,false,false
src/rules/max_one_method_parameter_per_line.ts.MaxOneMethodParameterPerLine::getMetadata,any,true,false,false
src/rules/max_one_method_parameter_per_line.ts.MaxOneMethodParameterPerLine::runParsed,none,false,true,false
src/rules/max_one_method_parameter_per_line.ts.MaxOneMethodParameterPerLine::runParsed_instantiated_src/rules/max_one_method_parameter_per_line.ts.MaxOneMethodParameterPerLine,none,false,true,false
src/rules/max_one_method_parameter_per_line.ts.MaxOneMethodParameterPerLine::setConfig,none,false,true,false
src/rules/max_one_method_parameter_per_line.ts.MaxOneMethodParameterPerLine::setConfig_instantiated_src/rules/max_one_method_parameter_per_line.ts.MaxOneMethodParameterPerLine,none,false,true,false
src/rules/max_one_method_parameter_per_line.ts.MaxOneMethodParameterPerLineConf::constructor,own_fields,true,false,false
src/rules/max_one_statement.ts.MaxOneStatement::constructor,own_fields,true,false,false
src/rules/max_one_statement.ts.MaxOneStatement::getConfig,none,false,false,false
src/rules/max_one_statement.ts.MaxOneStatement::getConfig_instantiated_src/rules/max_one_statement.ts.MaxOneStatement,none,false,false,false
src/rules/max_one_statement.ts.MaxOneStatement::getConfig_value,none,false,false,false
src/rules/max_one_statement.ts.MaxOneStatement::getMessage,none,false,true,false
src/rules/max_one_statement.ts.MaxOneStatement::getMetadata,any,true,false,false
src/rules/max_one_statement.ts.MaxOneStatement::runParsed,none,false,true,false
src/rules/max_one_statement.ts.MaxOneStatement::runParsed_instantiated_src/rules/max_one_statement.ts.MaxOneStatement,none,false,true,false
src/rules/max_one_statement.ts.MaxOneStatement::setConfig,none,false,true,false
src/rules/max_one_statement.ts.MaxOneStatement::setConfig_instantiated_src/rules/max_one_statement.ts.MaxOneStatement,none,false,true,false
src/rules/max_one_statement.ts.MaxOneStatementConf::constructor,own_fields,true,false,false
src/rules/message_exists.ts.MessageExistsConf::constructor,own_fields,true,false,false
src/rules/message_exists.ts.MessageExistsRule::checkClass,none,false,true,false
src/rules/message_exists.ts.MessageExistsRule::checkReportStatement,none,false,true,false
src/rules/message_exists.ts.MessageExistsRule::checkSource,none,false,true,false
src/rules/message_exists.ts.MessageExistsRule::constructor,own_fields,true,false,false
src/rules/message_exists.ts.MessageExistsRule::countWith,none,false,true,false
src/rules/message_exists.ts.MessageExistsRule::getConfig,none,false,false,false
src/rules/message_exists.ts.MessageExistsRule::getConfig_instantiated_src/rules/message_exists.ts.MessageExistsRule,none,false,false,false
src/rules/message_exists.ts.MessageExistsRule::getConfig_value,none,false,false,false
src/rules/message_exists.ts.MessageExistsRule::getMetadata,any,true,false,false
src/rules/message_exists.ts.MessageExistsRule::initialize,none,false,true,false
src/rules/message_exists.ts.MessageExistsRule::run,none,false,true,false
src/rules/message_exists.ts.MessageExistsRule::setConfig,none,false,true,false
src/rules/message_exists.ts.MessageExistsRule::setConfig_instantiated_src/rules/message_exists.ts.MessageExistsRule,none,false,true,false
src/rules/method_implemented_twice.ts.MethodImplementedTwice::constructor,own_fields,true,false,false
src/rules/method_implemented_twice.ts.MethodImplementedTwice::getConfig,none,false,false,false
src/rules/method_implemented_twice.ts.MethodImplementedTwice::getConfig_instantiated_src/rules/method_implemented_twice.ts.MethodImplementedTwice,none,false,false,false
src/rules/method_implemented_twice.ts.MethodImplementedTwice::getConfig_value,none,false,false,false
src/rules/method_implemented_twice.ts.MethodImplementedTwice::getMetadata,any,true,false,false
src/rules/method_implemented_twice.ts.MethodImplementedTwice::runParsed,none,false,true,false
src/rules/method_implemented_twice.ts.MethodImplementedTwice::runParsed_instantiated_src/rules/method_implemented_twice.ts.MethodImplementedTwice,none,false,true,false
src/rules/method_implemented_twice.ts.MethodImplementedTwice::setConfig,none,false,true,false
src/rules/method_implemented_twice.ts.MethodImplementedTwice::setConfig_instantiated_src/rules/method_implemented_twice.ts.MethodImplementedTwice,none,false,true,false
src/rules/method_implemented_twice.ts.MethodImplementedTwiceConf::constructor,own_fields,true,false,false
src/rules/method_length.ts.MethodLength::check,none,false,true,false
src/rules/method_length.ts.MethodLength::constructor,own_fields,true,false,false
src/rules/method_length.ts.MethodLength::getConfig,none,false,false,false
src/rules/method_length.ts.MethodLength::getConfig_instantiated_src/rules/method_length.ts.MethodLength,none,false,false,false
src/rules/method_length.ts.MethodLength::getConfig_value,none,false,false,false
src/rules/method_length.ts.MethodLength::getDescription,none,false,true,false
src/rules/method_length.ts.MethodLength::getMetadata,any,true,false,false
src/rules/method_length.ts.MethodLength::initialize,none,false,true,false
src/rules/method_length.ts.MethodLength::initialize_instantiated_src/rules/method_length.ts.MethodLength,none,false,true,false
src/rules/method_length.ts.MethodLength::isAbstract,none,false,true,false
src/rules/method_length.ts.MethodLength::run,none,false,true,false
src/rules/method_length.ts.MethodLength::setConfig,none,false,true,false
src/rules/method_length.ts.MethodLength::setConfig_instantiated_src/rules/method_length.ts.MethodLength,none,false,true,false
src/rules/method_length.ts.MethodLengthConf::constructor,own_fields,true,false,false
src/rules/method_length.ts.module::class_constructor,any,true,false,true
src/rules/method_overwrites_builtin.ts.MethodOverwritesBuiltIn::constructor,own_fields,true,false,false
src/rules/method_overwrites_builtin.ts.MethodOverwritesBuiltIn::getConfig,none,false,false,false
src/rules/method_overwrites_builtin.ts.MethodOverwritesBuiltIn::getConfig_instantiated_src/rules/method_overwrites_builtin.ts.MethodOverwritesBuiltIn,none,false,false,false
src/rules/method_overwrites_builtin.ts.MethodOverwritesBuiltIn::getConfig_value,none,false,false,false
src/rules/method_overwrites_builtin.ts.MethodOverwritesBuiltIn::getMetadata,any,true,false,false
src/rules/method_overwrites_builtin.ts.MethodOverwritesBuiltIn::runParsed,none,false,true,false
src/rules/method_overwrites_builtin.ts.MethodOverwritesBuiltIn::runParsed_instantiated_src/rules/method_overwrites_builtin.ts.MethodOverwritesBuiltIn,none,false,true,false
src/rules/method_overwrites_builtin.ts.MethodOverwritesBuiltIn::setConfig,none,false,true,false
src/rules/method_overwrites_builtin.ts.MethodOverwritesBuiltIn::setConfig_instantiated_src/rules/method_overwrites_builtin.ts.MethodOverwritesBuiltIn,none,false,true,false
src/rules/method_overwrites_builtin.ts.MethodOverwritesBuiltInConf::constructor,own_fields,true,false,false
src/rules/method_parameter_names.ts.MethodParameterNames::checkMethod,none,false,true,false
src/rules/method_parameter_names.ts.MethodParameterNames::checkParameter,none,false,true,false
src/rules/method_parameter_names.ts.MethodParameterNames::constructor,own_fields,true,false,false
src/rules/method_parameter_names.ts.MethodParameterNames::getConfig,none,false,false,false
src/rules/method_parameter_names.ts.MethodParameterNames::getConfig_instantiated_src/rules/method_parameter_names.ts.MethodParameterNames,none,false,false,false
src/rules/method_parameter_names.ts.MethodParameterNames::getConfig_value,none,false,false,false
src/rules/method_parameter_names.ts.MethodParameterNames::getDescription,none,false,true,false
src/rules/method_parameter_names.ts.MethodParameterNames::getMetadata,any,true,false,false
src/rules/method_parameter_names.ts.MethodParameterNames::initialize,none,false,true,false
src/rules/method_parameter_names.ts.MethodParameterNames::initialize_instantiated_src/rules/method_parameter_names.ts.MethodParameterNames,none,false,true,false
src/rules/method_parameter_names.ts.MethodParameterNames::run,none,false,true,false
src/rules/method_parameter_names.ts.MethodParameterNames::setConfig,none,false,true,false
src/rules/method_parameter_names.ts.MethodParameterNames::setConfig_instantiated_src/rules/method_parameter_names.ts.MethodParameterNames,none,false,true,false
src/rules/method_parameter_names.ts.MethodParameterNamesConf::constructor,own_fields,true,false,false
src/rules/mix_returning.ts.MixReturning::constructor,own_fields,true,false,false
src/rules/mix_returning.ts.MixReturning::getConfig,none,false,false,false
src/rules/mix_returning.ts.MixReturning::getConfig_instantiated_src/rules/mix_returning.ts.MixReturning,none,false,false,false
src/rules/mix_returning.ts.MixReturning::getConfig_value,none,false,false,false
src/rules/mix_returning.ts.MixReturning::getMessage,none,false,true,false
src/rules/mix_returning.ts.MixReturning::getMetadata,any,true,false,false
src/rules/mix_returning.ts.MixReturning::runParsed,none,false,true,false
src/rules/mix_returning.ts.MixReturning::runParsed_instantiated_src/rules/mix_returning.ts.MixReturning,none,false,true,false
src/rules/mix_returning.ts.MixReturning::setConfig,none,false,true,false
src/rules/mix_returning.ts.MixReturning::setConfig_instantiated_src/rules/mix_returning.ts.MixReturning,none,false,true,false
src/rules/mix_returning.ts.MixReturningConf::constructor,own_fields,true,false,false
src/rules/modify_only_own_db_tables.ts.ModifyOnlyOwnDBTables::constructor,own_fields,true,false,false
src/rules/modify_only_own_db_tables.ts.ModifyOnlyOwnDBTables::getConfig,none,false,false,false
src/rules/modify_only_own_db_tables.ts.ModifyOnlyOwnDBTables::getConfig_instantiated_src/rules/modify_only_own_db_tables.ts.ModifyOnlyOwnDBTables,none,false,false,false
src/rules/modify_only_own_db_tables.ts.ModifyOnlyOwnDBTables::getConfig_value,none,false,false,false
src/rules/modify_only_own_db_tables.ts.ModifyOnlyOwnDBTables::getMetadata,any,true,false,false
src/rules/modify_only_own_db_tables.ts.ModifyOnlyOwnDBTables::initialize,none,false,true,false
src/rules/modify_only_own_db_tables.ts.ModifyOnlyOwnDBTables::initialize_instantiated_src/rules/modify_only_own_db_tables.ts.ModifyOnlyOwnDBTables,none,false,true,false
src/rules/modify_only_own_db_tables.ts.ModifyOnlyOwnDBTables::run,none,false,true,false
src/rules/modify_only_own_db_tables.ts.ModifyOnlyOwnDBTables::setConfig,none,false,true,false
src/rules/modify_only_own_db_tables.ts.ModifyOnlyOwnDBTables::setConfig_instantiated_src/rules/modify_only_own_db_tables.ts.ModifyOnlyOwnDBTables,none,false,true,false
src/rules/modify_only_own_db_tables.ts.ModifyOnlyOwnDBTablesConf::constructor,own_fields,true,false,false
src/rules/msag_consistency.ts.MSAGConsistency::constructor,own_fields,true,false,false
src/rules/msag_consistency.ts.MSAGConsistency::getConfig,none,false,false,false
src/rules/msag_consistency.ts.MSAGConsistency::getConfig_instantiated_src/rules/msag_consistency.ts.MSAGConsistency,none,false,false,false
src/rules/msag_consistency.ts.MSAGConsistency::getConfig_value,none,false,false,false
src/rules/msag_consistency.ts.MSAGConsistency::getDescription,none,false,true,false
src/rules/msag_consistency.ts.MSAGConsistency::getMetadata,none,true,false,false
src/rules/msag_consistency.ts.MSAGConsistency::initialize,none,false,true,false
src/rules/msag_consistency.ts.MSAGConsistency::initialize_instantiated_src/rules/msag_consistency.ts.MSAGConsistency,none,false,true,false
src/rules/msag_consistency.ts.MSAGConsistency::run,none,false,true,false
src/rules/msag_consistency.ts.MSAGConsistency::setConfig,none,false,true,false
src/rules/msag_consistency.ts.MSAGConsistency::setConfig_instantiated_src/rules/msag_consistency.ts.MSAGConsistency,none,false,true,false
src/rules/msag_consistency.ts.MSAGConsistencyConf::constructor,own_fields,true,false,false
src/rules/names_no_dash.ts.NamesNoDash::constructor,own_fields,true,false,false
src/rules/names_no_dash.ts.NamesNoDash::getConfig,none,false,false,false
src/rules/names_no_dash.ts.NamesNoDash::getConfig_instantiated_src/rules/names_no_dash.ts.NamesNoDash,none,false,false,false
src/rules/names_no_dash.ts.NamesNoDash::getConfig_value,none,false,false,false
src/rules/names_no_dash.ts.NamesNoDash::getMessage,none,false,true,false
src/rules/names_no_dash.ts.NamesNoDash::getMetadata,any,true,false,false
src/rules/names_no_dash.ts.NamesNoDash::runParsed,none,false,true,false
src/rules/names_no_dash.ts.NamesNoDash::setConfig,none,false,true,false
src/rules/names_no_dash.ts.NamesNoDash::setConfig_instantiated_src/rules/names_no_dash.ts.NamesNoDash,none,false,true,false
src/rules/names_no_dash.ts.NamesNoDashConf::constructor,own_fields,true,false,false
src/rules/nesting.ts.Nesting::constructor,own_fields,true,false,false
src/rules/nesting.ts.Nesting::getConfig,none,false,false,false
src/rules/nesting.ts.Nesting::getConfig_instantiated_src/rules/nesting.ts.Nesting,none,false,false,false
src/rules/nesting.ts.Nesting::getConfig_value,none,false,false,false
src/rules/nesting.ts.Nesting::getDescription,none,false,true,false
src/rules/nesting.ts.Nesting::getMetadata,any,true,false,false
src/rules/nesting.ts.Nesting::runParsed,none,false,true,false
src/rules/nesting.ts.Nesting::runParsed_instantiated_src/rules/nesting.ts.Nesting,none,false,true,false
src/rules/nesting.ts.Nesting::setConfig,none,false,true,false
src/rules/nesting.ts.Nesting::setConfig_instantiated_src/rules/nesting.ts.Nesting,none,false,true,false
src/rules/nesting.ts.NestingConf::constructor,own_fields,true,false,false
src/rules/newline_between_methods.ts.NewlineBetweenMethods::constructor,own_fields,true,false,false
src/rules/newline_between_methods.ts.NewlineBetweenMethods::getConfig,none,false,false,false
src/rules/newline_between_methods.ts.NewlineBetweenMethods::getConfig_instantiated_src/rules/newline_between_methods.ts.NewlineBetweenMethods,none,false,false,false
src/rules/newline_between_methods.ts.NewlineBetweenMethods::getConfig_value,none,false,false,false
src/rules/newline_between_methods.ts.NewlineBetweenMethods::getMessage,none,false,true,false
src/rules/newline_between_methods.ts.NewlineBetweenMethods::getMetadata,any,true,false,false
src/rules/newline_between_methods.ts.NewlineBetweenMethods::isConfigurationValid,none,false,true,false
src/rules/newline_between_methods.ts.NewlineBetweenMethods::runParsed,none,false,true,false
src/rules/newline_between_methods.ts.NewlineBetweenMethods::runParsed_instantiated_src/rules/newline_between_methods.ts.NewlineBetweenMethods,none,false,true,false
src/rules/newline_between_methods.ts.NewlineBetweenMethods::setConfig,none,false,true,false
src/rules/newline_between_methods.ts.NewlineBetweenMethods::setConfig_instantiated_src/rules/newline_between_methods.ts.NewlineBetweenMethods,none,false,true,false
src/rules/newline_between_methods.ts.NewlineBetweenMethodsConf::constructor,own_fields,true,false,false
src/rules/newline_between_methods.ts.module::class_constructor,any,true,false,true
src/rules/no_aliases.ts.NoAliases::constructor,own_fields,true,false,false
src/rules/no_aliases.ts.NoAliases::getConfig,none,false,false,false
src/rules/no_aliases.ts.NoAliases::getConfig_instantiated_src/rules/no_aliases.ts.NoAliases,none,false,false,false
src/rules/no_aliases.ts.NoAliases::getConfig_value,none,false,false,false
src/rules/no_aliases.ts.NoAliases::getMetadata,any,true,false,false
src/rules/no_aliases.ts.NoAliases::runParsed,none,false,true,false
src/rules/no_aliases.ts.NoAliases::runParsed_instantiated_src/rules/no_aliases.ts.NoAliases,none,false,true,false
src/rules/no_aliases.ts.NoAliases::setConfig,none,false,true,false
src/rules/no_aliases.ts.NoAliases::setConfig_instantiated_src/rules/no_aliases.ts.NoAliases,none,false,true,false
src/rules/no_aliases.ts.NoAliases::skipAlias,none,false,true,false
src/rules/no_aliases.ts.NoAliasesConf::constructor,own_fields,true,false,false
src/rules/no_chained_assignment.ts.NoChainedAssignment::buildFix,none,false,true,false
src/rules/no_chained_assignment.ts.NoChainedAssignment::constructor,own_fields,true,false,false
src/rules/no_chained_assignment.ts.NoChainedAssignment::getConfig,none,false,false,false
src/rules/no_chained_assignment.ts.NoChainedAssignment::getConfig_instantiated_src/rules/no_chained_assignment.ts.NoChainedAssignment,none,false,false,false
src/rules/no_chained_assignment.ts.NoChainedAssignment::getConfig_value,none,false,false,false
src/rules/no_chained_assignment.ts.NoChainedAssignment::getMetadata,any,true,false,false
src/rules/no_chained_assignment.ts.NoChainedAssignment::runParsed,none,false,true,false
src/rules/no_chained_assignment.ts.NoChainedAssignment::runParsed_instantiated_src/rules/no_chained_assignment.ts.NoChainedAssignment,none,false,true,false
src/rules/no_chained_assignment.ts.NoChainedAssignment::setConfig,none,false,true,false
src/rules/no_chained_assignment.ts.NoChainedAssignment::setConfig_instantiated_src/rules/no_chained_assignment.ts.NoChainedAssignment,none,false,true,false
src/rules/no_chained_assignment.ts.NoChainedAssignmentConf::constructor,own_fields,true,false,false
src/rules/no_comments_between_methods.ts.NoCommentsBetweenMethods::constructor,own_fields,true,false,false
src/rules/no_comments_between_methods.ts.NoCommentsBetweenMethods::getConfig,none,false,false,false
src/rules/no_comments_between_methods.ts.NoCommentsBetweenMethods::getConfig_instantiated_src/rules/no_comments_between_methods.ts.NoCommentsBetweenMethods,none,false,false,false
src/rules/no_comments_between_methods.ts.NoCommentsBetweenMethods::getConfig_value,none,false,false,false
src/rules/no_comments_between_methods.ts.NoCommentsBetweenMethods::getMetadata,any,true,false,false
src/rules/no_comments_between_methods.ts.NoCommentsBetweenMethods::runParsed,none,false,true,false
src/rules/no_comments_between_methods.ts.NoCommentsBetweenMethods::runParsed_instantiated_src/rules/no_comments_between_methods.ts.NoCommentsBetweenMethods,none,false,true,false
src/rules/no_comments_between_methods.ts.NoCommentsBetweenMethods::setConfig,none,false,true,false
src/rules/no_comments_between_methods.ts.NoCommentsBetweenMethods::setConfig_instantiated_src/rules/no_comments_between_methods.ts.NoCommentsBetweenMethods,none,false,true,false
src/rules/no_comments_between_methods.ts.NoCommentsBetweenMethodsConf::constructor,own_fields,true,false,false
src/rules/no_dynamic_stuff.ts.NoDynamicStuff::check,none,false,true,false
src/rules/no_dynamic_stuff.ts.NoDynamicStuff::constructor,own_fields,true,false,false
src/rules/no_dynamic_stuff.ts.NoDynamicStuff::dynamicAssignComponent,none,false,true,false
src/rules/no_dynamic_stuff.ts.NoDynamicStuff::dynamicMethodSource,none,false,true,false
src/rules/no_dynamic_stuff.ts.NoDynamicStuff::getConfig,none,false,false,false
src/rules/no_dynamic_stuff.ts.NoDynamicStuff::getConfig_instantiated_src/rules/no_dynamic_stuff.ts.NoDynamicStuff,none,false,false,false
src/rules/no_dynamic_stuff.ts.NoDynamicStuff::getConfig_value,none,false,false,false
src/rules/no_dynamic_stuff.ts.NoDynamicStuff::getMetadata,any,true,false,false
src/rules/no_dynamic_stuff.ts.NoDynamicStuff::hasDynamic,none,false,true,false
src/rules/no_dynamic_stuff.ts.NoDynamicStuff::isLiteral,none,false,true,false
src/rules/no_dynamic_stuff.ts.NoDynamicStuff::notLiteral,none,false,true,false
src/rules/no_dynamic_stuff.ts.NoDynamicStuff::runParsed,none,false,true,false
src/rules/no_dynamic_stuff.ts.NoDynamicStuff::runParsed_instantiated_src/rules/no_dynamic_stuff.ts.NoDynamicStuff,none,false,true,false
src/rules/no_dynamic_stuff.ts.NoDynamicStuff::setConfig,none,false,true,false
src/rules/no_dynamic_stuff.ts.NoDynamicStuff::setConfig_instantiated_src/rules/no_dynamic_stuff.ts.NoDynamicStuff,none,false,true,false
src/rules/no_dynamic_stuff.ts.NoDynamicStuffConf::constructor,own_fields,true,false,false
src/rules/no_exclamation_escape.ts.NoExclamationEscape::constructor,own_fields,true,false,false
src/rules/no_exclamation_escape.ts.NoExclamationEscape::getConfig,none,false,false,false
src/rules/no_exclamation_escape.ts.NoExclamationEscape::getConfig_instantiated_src/rules/no_exclamation_escape.ts.NoExclamationEscape,none,false,false,false
src/rules/no_exclamation_escape.ts.NoExclamationEscape::getConfig_value,none,false,false,false
src/rules/no_exclamation_escape.ts.NoExclamationEscape::getMetadata,any,true,false,false
src/rules/no_exclamation_escape.ts.NoExclamationEscape::runParsed,none,false,true,false
src/rules/no_exclamation_escape.ts.NoExclamationEscape::runParsed_instantiated_src/rules/no_exclamation_escape.ts.NoExclamationEscape,none,false,true,false
src/rules/no_exclamation_escape.ts.NoExclamationEscape::setConfig,none,false,true,false
src/rules/no_exclamation_escape.ts.NoExclamationEscape::setConfig_instantiated_src/rules/no_exclamation_escape.ts.NoExclamationEscape,none,false,true,false
src/rules/no_exclamation_escape.ts.NoExclamationEscapeConf::constructor,own_fields,true,false,false
src/rules/no_external_form_calls.ts.NoExternalFormCalls::constructor,own_fields,true,false,false
src/rules/no_external_form_calls.ts.NoExternalFormCalls::getConfig,none,false,false,false
src/rules/no_external_form_calls.ts.NoExternalFormCalls::getConfig_instantiated_src/rules/no_external_form_calls.ts.NoExternalFormCalls,none,false,false,false
src/rules/no_external_form_calls.ts.NoExternalFormCalls::getConfig_value,none,false,false,false
src/rules/no_external_form_calls.ts.NoExternalFormCalls::getMetadata,any,true,false,false
src/rules/no_external_form_calls.ts.NoExternalFormCalls::runParsed,none,false,true,false
src/rules/no_external_form_calls.ts.NoExternalFormCalls::runParsed_instantiated_src/rules/no_external_form_calls.ts.NoExternalFormCalls,none,false,true,false
src/rules/no_external_form_calls.ts.NoExternalFormCalls::setConfig,none,false,true,false
src/rules/no_external_form_calls.ts.NoExternalFormCalls::setConfig_instantiated_src/rules/no_external_form_calls.ts.NoExternalFormCalls,none,false,true,false
src/rules/no_external_form_calls.ts.NoExternalFormCallsConf::constructor,own_fields,true,false,false
src/rules/no_inline_in_optional_branches.ts.NoInlineInOptionalBranches::constructor,own_fields,true,false,false
src/rules/no_inline_in_optional_branches.ts.NoInlineInOptionalBranches::getConfig,none,false,false,false
src/rules/no_inline_in_optional_branches.ts.NoInlineInOptionalBranches::getConfig_instantiated_src/rules/no_inline_in_optional_branches.ts.NoInlineInOptionalBranches,none,false,false,false
src/rules/no_inline_in_optional_branches.ts.NoInlineInOptionalBranches::getConfig_value,none,false,false,false
src/rules/no_inline_in_optional_branches.ts.NoInlineInOptionalBranches::getMetadata,any,true,false,false
src/rules/no_inline_in_optional_branches.ts.NoInlineInOptionalBranches::runParsed,none,false,true,false
src/rules/no_inline_in_optional_branches.ts.NoInlineInOptionalBranches::runParsed_instantiated_src/rules/no_inline_in_optional_branches.ts.NoInlineInOptionalBranches,none,false,true,false
src/rules/no_inline_in_optional_branches.ts.NoInlineInOptionalBranches::setConfig,none,false,true,false
src/rules/no_inline_in_optional_branches.ts.NoInlineInOptionalBranches::setConfig_instantiated_src/rules/no_inline_in_optional_branches.ts.NoInlineInOptionalBranches,none,false,true,false
src/rules/no_inline_in_optional_branches.ts.NoInlineInOptionalBranchesConf::constructor,own_fields,true,false,false
src/rules/no_macros.ts.NoMacros::constructor,own_fields,true,false,false
src/rules/no_macros.ts.NoMacros::getConfig,none,false,false,false
src/rules/no_macros.ts.NoMacros::getConfig_instantiated_src/rules/no_macros.ts.NoMacros,none,false,false,false
src/rules/no_macros.ts.NoMacros::getConfig_value,none,false,false,false
src/rules/no_macros.ts.NoMacros::getMetadata,any,true,false,false
src/rules/no_macros.ts.NoMacros::runParsed,none,false,true,false
src/rules/no_macros.ts.NoMacros::runParsed_instantiated_src/rules/no_macros.ts.NoMacros,none,false,true,false
src/rules/no_macros.ts.NoMacros::setConfig,none,false,true,false
src/rules/no_macros.ts.NoMacros::setConfig_instantiated_src/rules/no_macros.ts.NoMacros,none,false,true,false
src/rules/no_macros.ts.NoMacrosConf::constructor,own_fields,true,false,false
src/rules/no_mandt_in_database_operations.ts.NoMandtInDatabaseOperations::constructor,own_fields,true,false,false
src/rules/no_mandt_in_database_operations.ts.NoMandtInDatabaseOperations::findExplicitClient,none,false,true,false
src/rules/no_mandt_in_database_operations.ts.NoMandtInDatabaseOperations::findMandtInCondition,none,false,true,false
src/rules/no_mandt_in_database_operations.ts.NoMandtInDatabaseOperations::getConfig,none,false,false,false
src/rules/no_mandt_in_database_operations.ts.NoMandtInDatabaseOperations::getConfig_instantiated_src/rules/no_mandt_in_database_operations.ts.NoMandtInDatabaseOperations,none,false,false,false
src/rules/no_mandt_in_database_operations.ts.NoMandtInDatabaseOperations::getConfig_value,none,false,false,false
src/rules/no_mandt_in_database_operations.ts.NoMandtInDatabaseOperations::getMetadata,any,true,false,false
src/rules/no_mandt_in_database_operations.ts.NoMandtInDatabaseOperations::isDatabaseOperation,none,false,true,false
src/rules/no_mandt_in_database_operations.ts.NoMandtInDatabaseOperations::runParsed,none,false,true,false
src/rules/no_mandt_in_database_operations.ts.NoMandtInDatabaseOperations::runParsed_instantiated_src/rules/no_mandt_in_database_operations.ts.NoMandtInDatabaseOperations,none,false,true,false
src/rules/no_mandt_in_database_operations.ts.NoMandtInDatabaseOperations::setConfig,none,false,true,false
src/rules/no_mandt_in_database_operations.ts.NoMandtInDatabaseOperations::setConfig_instantiated_src/rules/no_mandt_in_database_operations.ts.NoMandtInDatabaseOperations,none,false,true,false
src/rules/no_mandt_in_database_operations.ts.NoMandtInDatabaseOperationsConf::constructor,own_fields,true,false,false
src/rules/no_prefixes.ts.NoPrefixes::checkConstants,none,false,true,false
src/rules/no_prefixes.ts.NoPrefixes::checkData,none,false,true,false
src/rules/no_prefixes.ts.NoPrefixes::checkFieldSymbols,none,false,true,false
src/rules/no_prefixes.ts.NoPrefixes::checkMethodParameters,none,false,true,false
src/rules/no_prefixes.ts.NoPrefixes::checkStatics,none,false,true,false
src/rules/no_prefixes.ts.NoPrefixes::checkTypes,none,false,true,false
src/rules/no_prefixes.ts.NoPrefixes::constructor,own_fields,true,false,false
src/rules/no_prefixes.ts.NoPrefixes::getConfig,none,false,false,false
src/rules/no_prefixes.ts.NoPrefixes::getConfig_instantiated_src/rules/no_prefixes.ts.NoPrefixes,none,false,false,false
src/rules/no_prefixes.ts.NoPrefixes::getConfig_value,none,false,false,false
src/rules/no_prefixes.ts.NoPrefixes::getMetadata,any,true,false,false
src/rules/no_prefixes.ts.NoPrefixes::runParsed,none,false,true,false
src/rules/no_prefixes.ts.NoPrefixes::runParsed_instantiated_src/rules/no_prefixes.ts.NoPrefixes,none,false,true,false
src/rules/no_prefixes.ts.NoPrefixes::setConfig,none,false,true,false
src/rules/no_prefixes.ts.NoPrefixes::setConfig_instantiated_src/rules/no_prefixes.ts.NoPrefixes,none,false,true,false
src/rules/no_prefixes.ts.NoPrefixesConf::constructor,own_fields,true,false,false
src/rules/no_prefixes.ts.module::class_constructor,any,false,false,false
src/rules/no_public_attributes.ts.NoPublicAttributes::constructor,own_fields,true,false,false
src/rules/no_public_attributes.ts.NoPublicAttributes::findAllIssues,none,false,true,false
src/rules/no_public_attributes.ts.NoPublicAttributes::getAllPublicAttributes,none,false,true,false
src/rules/no_public_attributes.ts.NoPublicAttributes::getAllPublicClassAttributes,none,false,true,false
src/rules/no_public_attributes.ts.NoPublicAttributes::getAllPublicInterfaceAttributes,none,false,true,false
src/rules/no_public_attributes.ts.NoPublicAttributes::getConfig,none,false,false,false
src/rules/no_public_attributes.ts.NoPublicAttributes::getConfig_instantiated_src/rules/no_public_attributes.ts.NoPublicAttributes,none,false,false,false
src/rules/no_public_attributes.ts.NoPublicAttributes::getConfig_value,none,false,false,false
src/rules/no_public_attributes.ts.NoPublicAttributes::getDescription,none,false,true,false
src/rules/no_public_attributes.ts.NoPublicAttributes::getMetadata,any,true,false,false
src/rules/no_public_attributes.ts.NoPublicAttributes::runParsed,none,false,true,false
src/rules/no_public_attributes.ts.NoPublicAttributes::setConfig,none,false,true,false
src/rules/no_public_attributes.ts.NoPublicAttributes::setConfig_instantiated_src/rules/no_public_attributes.ts.NoPublicAttributes,none,false,true,false
src/rules/no_public_attributes.ts.NoPublicAttributesConf::constructor,own_fields,true,false,false
src/rules/no_yoda_conditions.ts.NoYodaConditions::constructor,own_fields,true,false,false
src/rules/no_yoda_conditions.ts.NoYodaConditions::getConfig,none,false,false,false
src/rules/no_yoda_conditions.ts.NoYodaConditions::getConfig_instantiated_src/rules/no_yoda_conditions.ts.NoYodaConditions,none,false,false,false
src/rules/no_yoda_conditions.ts.NoYodaConditions::getConfig_value,none,false,false,false
src/rules/no_yoda_conditions.ts.NoYodaConditions::getMetadata,any,true,false,false
src/rules/no_yoda_conditions.ts.NoYodaConditions::isConstant,none,false,true,false
src/rules/no_yoda_conditions.ts.NoYodaConditions::isFieldChain,none,false,true,false
src/rules/no_yoda_conditions.ts.NoYodaConditions::runParsed,none,false,true,false
src/rules/no_yoda_conditions.ts.NoYodaConditions::runParsed_instantiated_src/rules/no_yoda_conditions.ts.NoYodaConditions,none,false,true,false
src/rules/no_yoda_conditions.ts.NoYodaConditions::setConfig,none,false,true,false
src/rules/no_yoda_conditions.ts.NoYodaConditions::setConfig_instantiated_src/rules/no_yoda_conditions.ts.NoYodaConditions,none,false,true,false
src/rules/no_yoda_conditions.ts.NoYodaConditions::withoutSpaces,none,false,true,false
src/rules/no_yoda_conditions.ts.NoYodaConditionsConf::constructor,own_fields,true,false,false
src/rules/nrob_consistency.ts.NROBConsistency::constructor,own_fields,true,false,false
src/rules/nrob_consistency.ts.NROBConsistency::getConfig,none,false,false,false
src/rules/nrob_consistency.ts.NROBConsistency::getConfig_instantiated_src/rules/nrob_consistency.ts.NROBConsistency,none,false,false,false
src/rules/nrob_consistency.ts.NROBConsistency::getConfig_value,none,false,false,false
src/rules/nrob_consistency.ts.NROBConsistency::getMetadata,any,true,false,false
src/rules/nrob_consistency.ts.NROBConsistency::initialize,none,false,true,false
src/rules/nrob_consistency.ts.NROBConsistency::initialize_instantiated_src/rules/nrob_consistency.ts.NROBConsistency,none,false,true,false
src/rules/nrob_consistency.ts.NROBConsistency::run,none,false,true,false
src/rules/nrob_consistency.ts.NROBConsistency::setConfig,none,false,true,false
src/rules/nrob_consistency.ts.NROBConsistency::setConfig_instantiated_src/rules/nrob_consistency.ts.NROBConsistency,none,false,true,false
src/rules/nrob_consistency.ts.NROBConsistencyConf::constructor,own_fields,true,false,false
src/rules/object_naming.ts.ObjectNaming::constructor,own_fields,true,false,false
src/rules/object_naming.ts.ObjectNaming::getConfig,none,false,false,false
src/rules/object_naming.ts.ObjectNaming::getConfig_instantiated_src/rules/object_naming.ts.ObjectNaming,none,false,false,false
src/rules/object_naming.ts.ObjectNaming::getConfig_value,none,false,false,false
src/rules/object_naming.ts.ObjectNaming::getDescription,none,false,true,false
src/rules/object_naming.ts.ObjectNaming::getMetadata,any,true,false,false
src/rules/object_naming.ts.ObjectNaming::initialize,none,false,true,false
src/rules/object_naming.ts.ObjectNaming::initialize_instantiated_src/rules/object_naming.ts.ObjectNaming,none,false,true,false
src/rules/object_naming.ts.ObjectNaming::run,none,false,true,false
src/rules/object_naming.ts.ObjectNaming::setConfig,none,false,true,false
src/rules/object_naming.ts.ObjectNaming::setConfig_instantiated_src/rules/object_naming.ts.ObjectNaming,none,false,true,false
src/rules/object_naming.ts.ObjectNamingConf::constructor,own_fields,true,false,false
src/rules/obsolete_statement.ts.ObsoleteStatement::constructor,own_fields,true,false,false
src/rules/obsolete_statement.ts.ObsoleteStatement::getConfig,none,false,false,false
src/rules/obsolete_statement.ts.ObsoleteStatement::getConfig_instantiated_src/rules/obsolete_statement.ts.ObsoleteStatement,none,false,false,false
src/rules/obsolete_statement.ts.ObsoleteStatement::getConfig_value,none,false,false,false
src/rules/obsolete_statement.ts.ObsoleteStatement::getFix,none,false,true,false
src/rules/obsolete_statement.ts.ObsoleteStatement::getMetadata,any,true,false,false
src/rules/obsolete_statement.ts.ObsoleteStatement::runParsed,none,false,true,false
src/rules/obsolete_statement.ts.ObsoleteStatement::runParsed_instantiated_src/rules/obsolete_statement.ts.ObsoleteStatement,none,false,true,false
src/rules/obsolete_statement.ts.ObsoleteStatement::setConfig,none,false,true,false
src/rules/obsolete_statement.ts.ObsoleteStatement::setConfig_instantiated_src/rules/obsolete_statement.ts.ObsoleteStatement,none,false,true,false
src/rules/obsolete_statement.ts.ObsoleteStatementConf::constructor,own_fields,true,false,false
src/rules/omit_parameter_name.ts.OmitParameterName::constructor,own_fields,true,false,false
src/rules/omit_parameter_name.ts.OmitParameterName::findMethodReference,none,false,true,false
src/rules/omit_parameter_name.ts.OmitParameterName::getConfig,none,false,false,false
src/rules/omit_parameter_name.ts.OmitParameterName::getConfig_instantiated_src/rules/omit_parameter_name.ts.OmitParameterName,none,false,false,false
src/rules/omit_parameter_name.ts.OmitParameterName::getConfig_value,none,false,false,false
src/rules/omit_parameter_name.ts.OmitParameterName::getMetadata,any,true,false,false
src/rules/omit_parameter_name.ts.OmitParameterName::initialize,none,false,true,false
src/rules/omit_parameter_name.ts.OmitParameterName::initialize_instantiated_src/rules/omit_parameter_name.ts.OmitParameterName,none,false,true,false
src/rules/omit_parameter_name.ts.OmitParameterName::run,none,false,true,false
src/rules/omit_parameter_name.ts.OmitParameterName::setConfig,none,false,true,false
src/rules/omit_parameter_name.ts.OmitParameterName::setConfig_instantiated_src/rules/omit_parameter_name.ts.OmitParameterName,none,false,true,false
src/rules/omit_parameter_name.ts.OmitParameterNameConf::constructor,own_fields,true,false,false
src/rules/omit_preceding_zeros.ts.OmitPrecedingZeros::constructor,own_fields,true,false,false
src/rules/omit_preceding_zeros.ts.OmitPrecedingZeros::getConfig,none,false,false,false
src/rules/omit_preceding_zeros.ts.OmitPrecedingZeros::getConfig_instantiated_src/rules/omit_preceding_zeros.ts.OmitPrecedingZeros,none,false,false,false
src/rules/omit_preceding_zeros.ts.OmitPrecedingZeros::getConfig_value,none,false,false,false
src/rules/omit_preceding_zeros.ts.OmitPrecedingZeros::getMetadata,any,true,false,false
src/rules/omit_preceding_zeros.ts.OmitPrecedingZeros::runParsed,none,false,true,false
src/rules/omit_preceding_zeros.ts.OmitPrecedingZeros::runParsed_instantiated_src/rules/omit_preceding_zeros.ts.OmitPrecedingZeros,none,false,true,false
src/rules/omit_preceding_zeros.ts.OmitPrecedingZeros::setConfig,none,false,true,false
src/rules/omit_preceding_zeros.ts.OmitPrecedingZeros::setConfig_instantiated_src/rules/omit_preceding_zeros.ts.OmitPrecedingZeros,none,false,true,false
src/rules/omit_preceding_zeros.ts.OmitPrecedingZerosConf::constructor,own_fields,true,false,false
src/rules/omit_receiving.ts.OmitReceiving::constructor,own_fields,true,false,false
src/rules/omit_receiving.ts.OmitReceiving::getConfig,none,false,false,false
src/rules/omit_receiving.ts.OmitReceiving::getConfig_instantiated_src/rules/omit_receiving.ts.OmitReceiving,none,false,false,false
src/rules/omit_receiving.ts.OmitReceiving::getConfig_value,none,false,false,false
src/rules/omit_receiving.ts.OmitReceiving::getMetadata,any,true,false,false
src/rules/omit_receiving.ts.OmitReceiving::runParsed,none,false,true,false
src/rules/omit_receiving.ts.OmitReceiving::runParsed_instantiated_src/rules/omit_receiving.ts.OmitReceiving,none,false,true,false
src/rules/omit_receiving.ts.OmitReceiving::setConfig,none,false,true,false
src/rules/omit_receiving.ts.OmitReceiving::setConfig_instantiated_src/rules/omit_receiving.ts.OmitReceiving,none,false,true,false
src/rules/omit_receiving.ts.OmitReceivingConf::constructor,own_fields,true,false,false
src/rules/parser_702_chaining.ts.Parser702Chaining::constructor,own_fields,true,false,false
src/rules/parser_702_chaining.ts.Parser702Chaining::ensureSourceHasNoProceduralKeywords,none,false,true,false
src/rules/parser_702_chaining.ts.Parser702Chaining::getConfig,none,false,false,false
src/rules/parser_702_chaining.ts.Parser702Chaining::getConfig_instantiated_src/rules/parser_702_chaining.ts.Parser702Chaining,none,false,false,false
src/rules/parser_702_chaining.ts.Parser702Chaining::getConfig_value,none,false,false,false
src/rules/parser_702_chaining.ts.Parser702Chaining::getMetadata,any,true,false,false
src/rules/parser_702_chaining.ts.Parser702Chaining::pushIssue,none,false,true,false
src/rules/parser_702_chaining.ts.Parser702Chaining::runParsed,none,false,true,false
src/rules/parser_702_chaining.ts.Parser702Chaining::runParsed_instantiated_src/rules/parser_702_chaining.ts.Parser702Chaining,none,false,true,false
src/rules/parser_702_chaining.ts.Parser702Chaining::setConfig,none,false,true,false
src/rules/parser_702_chaining.ts.Parser702Chaining::setConfig_instantiated_src/rules/parser_702_chaining.ts.Parser702Chaining,none,false,true,false
src/rules/parser_702_chaining.ts.Parser702ChainingConf::constructor,own_fields,true,false,false
src/rules/parser_bad_exceptions.ts.ParserBadExceptions::constructor,own_fields,true,false,false
src/rules/parser_bad_exceptions.ts.ParserBadExceptions::containsMixedExceptionSyntax,none,false,true,false
src/rules/parser_bad_exceptions.ts.ParserBadExceptions::findExceptionTokens,none,false,true,false
src/rules/parser_bad_exceptions.ts.ParserBadExceptions::getConfig,none,false,false,false
src/rules/parser_bad_exceptions.ts.ParserBadExceptions::getConfig_instantiated_src/rules/parser_bad_exceptions.ts.ParserBadExceptions,none,false,false,false
src/rules/parser_bad_exceptions.ts.ParserBadExceptions::getConfig_value,none,false,false,false
src/rules/parser_bad_exceptions.ts.ParserBadExceptions::getMetadata,any,true,false,false
src/rules/parser_bad_exceptions.ts.ParserBadExceptions::runParsed,none,false,true,false
src/rules/parser_bad_exceptions.ts.ParserBadExceptions::runParsed_instantiated_src/rules/parser_bad_exceptions.ts.ParserBadExceptions,none,false,true,false
src/rules/parser_bad_exceptions.ts.ParserBadExceptions::setConfig,none,false,true,false
src/rules/parser_bad_exceptions.ts.ParserBadExceptions::setConfig_instantiated_src/rules/parser_bad_exceptions.ts.ParserBadExceptions,none,false,true,false
src/rules/parser_bad_exceptions.ts.ParserBadExceptionsConf::constructor,own_fields,true,false,false
src/rules/parser_error.ts.ParserError::constructor,own_fields,true,false,false
src/rules/parser_error.ts.ParserError::getConfig,none,false,false,false
src/rules/parser_error.ts.ParserError::getConfig_instantiated_src/rules/parser_error.ts.ParserError,none,false,false,false
src/rules/parser_error.ts.ParserError::getConfig_value,none,false,false,false
src/rules/parser_error.ts.ParserError::getMetadata,any,true,false,false
src/rules/parser_error.ts.ParserError::initialize,own_fields,false,false,false
src/rules/parser_error.ts.ParserError::initialize_instantiated_src/rules/parser_error.ts.ParserError,own_fields,false,false,false
src/rules/parser_error.ts.ParserError::run,any,true,true,true
src/rules/parser_error.ts.ParserError::setConfig,none,false,true,false
src/rules/parser_error.ts.ParserError::setConfig_instantiated_src/rules/parser_error.ts.ParserError,none,false,true,false
src/rules/parser_error.ts.ParserErrorConf::constructor,own_fields,true,false,false
src/rules/parser_missing_space.ts.ParserMissingSpace::checkComponentCond,none,false,true,false
src/rules/parser_missing_space.ts.ParserMissingSpace::checkComponentCondSub,none,false,true,false
src/rules/parser_missing_space.ts.ParserMissingSpace::checkCond,none,false,true,false
src/rules/parser_missing_space.ts.ParserMissingSpace::checkCondSub,none,false,true,false
src/rules/parser_missing_space.ts.ParserMissingSpace::checkMethodCallParam,none,false,true,false
src/rules/parser_missing_space.ts.ParserMissingSpace::checkNewObject,none,false,true,false
src/rules/parser_missing_space.ts.ParserMissingSpace::checkSQLCond,none,false,true,false
src/rules/parser_missing_space.ts.ParserMissingSpace::checkSource,none,false,true,false
src/rules/parser_missing_space.ts.ParserMissingSpace::checkValueBodyLine,none,false,true,false
src/rules/parser_missing_space.ts.ParserMissingSpace::constructor,own_fields,true,false,false
src/rules/parser_missing_space.ts.ParserMissingSpace::getConfig,none,false,false,false
src/rules/parser_missing_space.ts.ParserMissingSpace::getConfig_instantiated_src/rules/parser_missing_space.ts.ParserMissingSpace,none,false,false,false
src/rules/parser_missing_space.ts.ParserMissingSpace::getConfig_value,none,false,false,false
src/rules/parser_missing_space.ts.ParserMissingSpace::getMetadata,any,true,false,false
src/rules/parser_missing_space.ts.ParserMissingSpace::missingSpace,none,false,true,false
src/rules/parser_missing_space.ts.ParserMissingSpace::runParsed,none,false,true,false
src/rules/parser_missing_space.ts.ParserMissingSpace::runParsed_instantiated_src/rules/parser_missing_space.ts.ParserMissingSpace,none,false,true,false
src/rules/parser_missing_space.ts.ParserMissingSpace::setConfig,none,false,true,false
src/rules/parser_missing_space.ts.ParserMissingSpace::setConfig_instantiated_src/rules/parser_missing_space.ts.ParserMissingSpace,none,false,true,false
src/rules/parser_missing_space.ts.ParserMissingSpaceConf::constructor,own_fields,true,false,false
src/rules/pragma_style.ts.PragmaStyle::constructor,own_fields,true,false,false
src/rules/pragma_style.ts.PragmaStyle::getConfig,none,false,false,false
src/rules/pragma_style.ts.PragmaStyle::getConfig_instantiated_src/rules/pragma_style.ts.PragmaStyle,none,false,false,false
src/rules/pragma_style.ts.PragmaStyle::getConfig_value,none,false,false,false
src/rules/pragma_style.ts.PragmaStyle::getMetadata,any,true,false,false
src/rules/pragma_style.ts.PragmaStyle::runParsed,none,false,true,false
src/rules/pragma_style.ts.PragmaStyle::runParsed_instantiated_src/rules/pragma_style.ts.PragmaStyle,none,false,true,false
src/rules/pragma_style.ts.PragmaStyle::setConfig,none,false,true,false
src/rules/pragma_style.ts.PragmaStyle::setConfig_instantiated_src/rules/pragma_style.ts.PragmaStyle,none,false,true,false
src/rules/pragma_style.ts.PragmaStyleConf::constructor,own_fields,true,false,false
src/rules/prefer_abap_bool.ts.PreferAbapBool::constructor,own_fields,true,false,false
src/rules/prefer_abap_bool.ts.PreferAbapBool::getConfig,none,false,false,false
src/rules/prefer_abap_bool.ts.PreferAbapBool::getConfig_instantiated_src/rules/prefer_abap_bool.ts.PreferAbapBool,none,false,false,false
src/rules/prefer_abap_bool.ts.PreferAbapBool::getConfig_value,none,false,false,false
src/rules/prefer_abap_bool.ts.PreferAbapBool::getMetadata,any,true,false,false
src/rules/prefer_abap_bool.ts.PreferAbapBool::runParsed,none,false,true,false
src/rules/prefer_abap_bool.ts.PreferAbapBool::runParsed_instantiated_src/rules/prefer_abap_bool.ts.PreferAbapBool,none,false,true,false
src/rules/prefer_abap_bool.ts.PreferAbapBool::setConfig,none,false,true,false
src/rules/prefer_abap_bool.ts.PreferAbapBool::setConfig_instantiated_src/rules/prefer_abap_bool.ts.PreferAbapBool,none,false,true,false
src/rules/prefer_abap_bool.ts.PreferAbapBoolConf::constructor,own_fields,true,false,false
src/rules/prefer_abap_bool.ts.module::class_constructor,any,true,false,true
src/rules/prefer_corresponding.ts.PreferCorresponding::constructor,own_fields,true,false,false
src/rules/prefer_corresponding.ts.PreferCorresponding::getConfig,none,false,false,false
src/rules/prefer_corresponding.ts.PreferCorresponding::getConfig_instantiated_src/rules/prefer_corresponding.ts.PreferCorresponding,none,false,false,false
src/rules/prefer_corresponding.ts.PreferCorresponding::getConfig_value,none,false,false,false
src/rules/prefer_corresponding.ts.PreferCorresponding::getMetadata,any,true,false,false
src/rules/prefer_corresponding.ts.PreferCorresponding::runParsed,none,false,true,false
src/rules/prefer_corresponding.ts.PreferCorresponding::runParsed_instantiated_src/rules/prefer_corresponding.ts.PreferCorresponding,none,false,true,false
src/rules/prefer_corresponding.ts.PreferCorresponding::setConfig,none,false,true,false
src/rules/prefer_corresponding.ts.PreferCorresponding::setConfig_instantiated_src/rules/prefer_corresponding.ts.PreferCorresponding,none,false,true,false
src/rules/prefer_corresponding.ts.PreferCorrespondingConf::constructor,own_fields,true,false,false
src/rules/prefer_inline.ts.IVariableReference::constructor,own_fields,false,false,false
src/rules/prefer_inline.ts.PreferInline::analyzeScope,none,false,true,false
src/rules/prefer_inline.ts.PreferInline::constructor,own_fields,true,false,false
src/rules/prefer_inline.ts.PreferInline::findNextToken,none,false,true,false
src/rules/prefer_inline.ts.PreferInline::findScopeCandidates,none,false,true,false
src/rules/prefer_inline.ts.PreferInline::firstUseIsWrite,none,false,true,false
src/rules/prefer_inline.ts.PreferInline::getConfig,none,false,false,false
src/rules/prefer_inline.ts.PreferInline::getConfig_instantiated_src/rules/prefer_inline.ts.PreferInline,none,false,false,false
src/rules/prefer_inline.ts.PreferInline::getConfig_value,none,false,false,false
src/rules/prefer_inline.ts.PreferInline::getMetadata,any,true,false,false
src/rules/prefer_inline.ts.PreferInline::initialize,none,false,true,false
src/rules/prefer_inline.ts.PreferInline::initialize_instantiated_src/rules/prefer_inline.ts.PreferInline,none,false,true,false
src/rules/prefer_inline.ts.PreferInline::isLocalDefinition,none,false,true,false
src/rules/prefer_inline.ts.PreferInline::run,none,false,true,false
src/rules/prefer_inline.ts.PreferInline::setConfig,none,false,true,false
src/rules/prefer_inline.ts.PreferInline::setConfig_instantiated_src/rules/prefer_inline.ts.PreferInline,none,false,true,false
src/rules/prefer_inline.ts.PreferInline::statementHasGenericRead,none,false,true,false
src/rules/prefer_inline.ts.PreferInlineConf::constructor,own_fields,true,false,false
src/rules/prefer_insert_into_table.ts.PreferInsertIntoTable::buildFix,none,false,true,false
src/rules/prefer_insert_into_table.ts.PreferInsertIntoTable::constructor,own_fields,true,false,false
src/rules/prefer_insert_into_table.ts.PreferInsertIntoTable::getConfig,none,false,false,false
src/rules/prefer_insert_into_table.ts.PreferInsertIntoTable::getConfig_instantiated_src/rules/prefer_insert_into_table.ts.PreferInsertIntoTable,none,false,false,false
src/rules/prefer_insert_into_table.ts.PreferInsertIntoTable::getConfig_value,none,false,false,false
src/rules/prefer_insert_into_table.ts.PreferInsertIntoTable::getMetadata,any,true,false,false
src/rules/prefer_insert_into_table.ts.PreferInsertIntoTable::runParsed,none,false,true,false
src/rules/prefer_insert_into_table.ts.PreferInsertIntoTable::runParsed_instantiated_src/rules/prefer_insert_into_table.ts.PreferInsertIntoTable,none,false,true,false
src/rules/prefer_insert_into_table.ts.PreferInsertIntoTable::setConfig,none,false,true,false
src/rules/prefer_insert_into_table.ts.PreferInsertIntoTable::setConfig_instantiated_src/rules/prefer_insert_into_table.ts.PreferInsertIntoTable,none,false,true,false
src/rules/prefer_insert_into_table.ts.PreferInsertIntoTableConf::constructor,own_fields,true,false,false
src/rules/prefer_is_not.ts.PreferIsNot::constructor,own_fields,true,false,false
src/rules/prefer_is_not.ts.PreferIsNot::getConfig,none,false,false,false
src/rules/prefer_is_not.ts.PreferIsNot::getConfig_instantiated_src/rules/prefer_is_not.ts.PreferIsNot,none,false,false,false
src/rules/prefer_is_not.ts.PreferIsNot::getConfig_value,none,false,false,false
src/rules/prefer_is_not.ts.PreferIsNot::getFix,none,false,true,false
src/rules/prefer_is_not.ts.PreferIsNot::getMetadata,any,true,false,false
src/rules/prefer_is_not.ts.PreferIsNot::runParsed,none,false,true,false
src/rules/prefer_is_not.ts.PreferIsNot::runParsed_instantiated_src/rules/prefer_is_not.ts.PreferIsNot,none,false,true,false
src/rules/prefer_is_not.ts.PreferIsNot::setConfig,none,false,true,false
src/rules/prefer_is_not.ts.PreferIsNot::setConfig_instantiated_src/rules/prefer_is_not.ts.PreferIsNot,none,false,true,false
src/rules/prefer_is_not.ts.PreferIsNotConf::constructor,own_fields,true,false,false
src/rules/prefer_pragmas.ts.PreferPragmas::constructor,any,true,false,false
src/rules/prefer_pragmas.ts.PreferPragmas::getConfig,none,false,false,false
src/rules/prefer_pragmas.ts.PreferPragmas::getConfig_instantiated_src/rules/prefer_pragmas.ts.PreferPragmas,none,false,false,false
src/rules/prefer_pragmas.ts.PreferPragmas::getConfig_value,none,false,false,false
src/rules/prefer_pragmas.ts.PreferPragmas::getMetadata,any,true,false,false
src/rules/prefer_pragmas.ts.PreferPragmas::runParsed,none,false,true,false
src/rules/prefer_pragmas.ts.PreferPragmas::runParsed_instantiated_src/rules/prefer_pragmas.ts.PreferPragmas,none,false,true,false
src/rules/prefer_pragmas.ts.PreferPragmas::setConfig,none,false,true,false
src/rules/prefer_pragmas.ts.PreferPragmas::setConfig_instantiated_src/rules/prefer_pragmas.ts.PreferPragmas,none,false,true,false
src/rules/prefer_pragmas.ts.PreferPragmasConf::constructor,any,true,false,false
src/rules/prefer_raise_exception_new.ts.PreferRaiseExceptionNew::constructor,own_fields,true,false,false
src/rules/prefer_raise_exception_new.ts.PreferRaiseExceptionNew::getConfig,none,false,false,false
src/rules/prefer_raise_exception_new.ts.PreferRaiseExceptionNew::getConfig_instantiated_src/rules/prefer_raise_exception_new.ts.PreferRaiseExceptionNew,none,false,false,false
src/rules/prefer_raise_exception_new.ts.PreferRaiseExceptionNew::getConfig_value,none,false,false,false
src/rules/prefer_raise_exception_new.ts.PreferRaiseExceptionNew::getFix,none,false,true,false
src/rules/prefer_raise_exception_new.ts.PreferRaiseExceptionNew::getMetadata,any,true,false,false
src/rules/prefer_raise_exception_new.ts.PreferRaiseExceptionNew::runParsed,none,false,true,false
src/rules/prefer_raise_exception_new.ts.PreferRaiseExceptionNew::runParsed_instantiated_src/rules/prefer_raise_exception_new.ts.PreferRaiseExceptionNew,none,false,true,false
src/rules/prefer_raise_exception_new.ts.PreferRaiseExceptionNew::setConfig,none,false,true,false
src/rules/prefer_raise_exception_new.ts.PreferRaiseExceptionNew::setConfig_instantiated_src/rules/prefer_raise_exception_new.ts.PreferRaiseExceptionNew,none,false,true,false
src/rules/prefer_raise_exception_new.ts.PreferRaiseExceptionNewConf::constructor,own_fields,true,false,false
src/rules/prefer_returning_to_exporting.ts.PreferReturningToExporting::constructor,own_fields,true,false,false
src/rules/prefer_returning_to_exporting.ts.PreferReturningToExporting::getConfig,none,false,false,false
src/rules/prefer_returning_to_exporting.ts.PreferReturningToExporting::getConfig_instantiated_src/rules/prefer_returning_to_exporting.ts.PreferReturningToExporting,none,false,false,false
src/rules/prefer_returning_to_exporting.ts.PreferReturningToExporting::getConfig_value,none,false,false,false
src/rules/prefer_returning_to_exporting.ts.PreferReturningToExporting::getMetadata,any,true,false,false
src/rules/prefer_returning_to_exporting.ts.PreferReturningToExporting::runParsed,none,false,true,false
src/rules/prefer_returning_to_exporting.ts.PreferReturningToExporting::runParsed_instantiated_src/rules/prefer_returning_to_exporting.ts.PreferReturningToExporting,none,false,true,false
src/rules/prefer_returning_to_exporting.ts.PreferReturningToExporting::setConfig,none,false,true,false
src/rules/prefer_returning_to_exporting.ts.PreferReturningToExporting::setConfig_instantiated_src/rules/prefer_returning_to_exporting.ts.PreferReturningToExporting,none,false,true,false
src/rules/prefer_returning_to_exporting.ts.PreferReturningToExportingConf::constructor,own_fields,true,false,false
src/rules/prefer_xsdbool.ts.PreferXsdbool::constructor,own_fields,true,false,false
src/rules/prefer_xsdbool.ts.PreferXsdbool::getConfig,none,false,false,false
src/rules/prefer_xsdbool.ts.PreferXsdbool::getConfig_instantiated_src/rules/prefer_xsdbool.ts.PreferXsdbool,none,false,false,false
src/rules/prefer_xsdbool.ts.PreferXsdbool::getConfig_value,none,false,false,false
src/rules/prefer_xsdbool.ts.PreferXsdbool::getMetadata,any,true,false,false
src/rules/prefer_xsdbool.ts.PreferXsdbool::runParsed,none,false,true,false
src/rules/prefer_xsdbool.ts.PreferXsdbool::runParsed_instantiated_src/rules/prefer_xsdbool.ts.PreferXsdbool,none,false,true,false
src/rules/prefer_xsdbool.ts.PreferXsdbool::setConfig,none,false,true,false
src/rules/prefer_xsdbool.ts.PreferXsdbool::setConfig_instantiated_src/rules/prefer_xsdbool.ts.PreferXsdbool,none,false,true,false
src/rules/prefer_xsdbool.ts.PreferXsdboolConf::constructor,own_fields,true,false,false
src/rules/preferred_compare_operator.ts.PreferredCompareOperator::buildMapping,none,false,true,false
src/rules/preferred_compare_operator.ts.PreferredCompareOperator::constructor,any,true,false,false
src/rules/preferred_compare_operator.ts.PreferredCompareOperator::createIssue,none,false,true,false
src/rules/preferred_compare_operator.ts.PreferredCompareOperator::getConfig,none,false,false,false
src/rules/preferred_compare_operator.ts.PreferredCompareOperator::getConfig_instantiated_src/rules/preferred_compare_operator.ts.PreferredCompareOperator,none,false,false,false
src/rules/preferred_compare_operator.ts.PreferredCompareOperator::getConfig_value,none,false,false,false
src/rules/preferred_compare_operator.ts.PreferredCompareOperator::getDescription,none,false,true,false
src/rules/preferred_compare_operator.ts.PreferredCompareOperator::getMetadata,any,true,false,false
src/rules/preferred_compare_operator.ts.PreferredCompareOperator::runParsed,none,false,true,false
src/rules/preferred_compare_operator.ts.PreferredCompareOperator::runParsed_instantiated_src/rules/preferred_compare_operator.ts.PreferredCompareOperator,none,false,true,false
src/rules/preferred_compare_operator.ts.PreferredCompareOperator::setConfig,none,false,true,false
src/rules/preferred_compare_operator.ts.PreferredCompareOperator::setConfig_instantiated_src/rules/preferred_compare_operator.ts.PreferredCompareOperator,none,false,true,false
src/rules/preferred_compare_operator.ts.PreferredCompareOperatorConf::constructor,any,true,false,false
src/rules/prefix_is_current_class.ts.PrefixIsCurrentClass::buildShadowedNames,none,false,true,false
src/rules/prefix_is_current_class.ts.PrefixIsCurrentClass::checkClasses,none,false,true,false
src/rules/prefix_is_current_class.ts.PrefixIsCurrentClass::checkInterfaces,none,false,true,false
src/rules/prefix_is_current_class.ts.PrefixIsCurrentClass::constructor,own_fields,true,false,false
src/rules/prefix_is_current_class.ts.PrefixIsCurrentClass::findStaticReferences,none,false,true,false
src/rules/prefix_is_current_class.ts.PrefixIsCurrentClass::getConfig,none,false,false,false
src/rules/prefix_is_current_class.ts.PrefixIsCurrentClass::getConfig_instantiated_src/rules/prefix_is_current_class.ts.PrefixIsCurrentClass,none,false,false,false
src/rules/prefix_is_current_class.ts.PrefixIsCurrentClass::getConfig_value,none,false,false,false
src/rules/prefix_is_current_class.ts.PrefixIsCurrentClass::getMetadata,any,true,false,false
src/rules/prefix_is_current_class.ts.PrefixIsCurrentClass::runParsed,none,false,true,false
src/rules/prefix_is_current_class.ts.PrefixIsCurrentClass::runParsed_instantiated_src/rules/prefix_is_current_class.ts.PrefixIsCurrentClass,none,false,true,false
src/rules/prefix_is_current_class.ts.PrefixIsCurrentClass::setConfig,none,false,true,false
src/rules/prefix_is_current_class.ts.PrefixIsCurrentClass::setConfig_instantiated_src/rules/prefix_is_current_class.ts.PrefixIsCurrentClass,none,false,true,false
src/rules/prefix_is_current_class.ts.PrefixIsCurrentClassConf::constructor,own_fields,true,false,false
src/rules/reduce_procedural_code.ts.ReduceProceduralCode::constructor,own_fields,true,false,false
src/rules/reduce_procedural_code.ts.ReduceProceduralCode::getConfig,none,false,false,false
src/rules/reduce_procedural_code.ts.ReduceProceduralCode::getConfig_instantiated_src/rules/reduce_procedural_code.ts.ReduceProceduralCode,none,false,false,false
src/rules/reduce_procedural_code.ts.ReduceProceduralCode::getConfig_value,none,false,false,false
src/rules/reduce_procedural_code.ts.ReduceProceduralCode::getMetadata,any,true,false,false
src/rules/reduce_procedural_code.ts.ReduceProceduralCode::runParsed,none,false,true,false
src/rules/reduce_procedural_code.ts.ReduceProceduralCode::runParsed_instantiated_src/rules/reduce_procedural_code.ts.ReduceProceduralCode,none,false,true,false
src/rules/reduce_procedural_code.ts.ReduceProceduralCode::setConfig,none,false,true,false
src/rules/reduce_procedural_code.ts.ReduceProceduralCode::setConfig_instantiated_src/rules/reduce_procedural_code.ts.ReduceProceduralCode,none,false,true,false
src/rules/reduce_procedural_code.ts.ReduceProceduralCodeConf::constructor,own_fields,true,false,false
src/rules/reduce_string_templates.ts.ReduceStringTemplates::constructor,own_fields,true,false,false
src/rules/reduce_string_templates.ts.ReduceStringTemplates::getConfig,none,false,false,false
src/rules/reduce_string_templates.ts.ReduceStringTemplates::getConfig_instantiated_src/rules/reduce_string_templates.ts.ReduceStringTemplates,none,false,false,false
src/rules/reduce_string_templates.ts.ReduceStringTemplates::getConfig_value,none,false,false,false
src/rules/reduce_string_templates.ts.ReduceStringTemplates::getMetadata,any,true,false,false
src/rules/reduce_string_templates.ts.ReduceStringTemplates::runParsed,none,false,true,false
src/rules/reduce_string_templates.ts.ReduceStringTemplates::runParsed_instantiated_src/rules/reduce_string_templates.ts.ReduceStringTemplates,none,false,true,false
src/rules/reduce_string_templates.ts.ReduceStringTemplates::setConfig,none,false,true,false
src/rules/reduce_string_templates.ts.ReduceStringTemplates::setConfig_instantiated_src/rules/reduce_string_templates.ts.ReduceStringTemplates,none,false,true,false
src/rules/reduce_string_templates.ts.ReduceStringTemplatesConf::constructor,own_fields,true,false,false
src/rules/redundant_conversion.ts.RedundantConversion::arithmeticUsesSameTargetType,none,false,true,false
src/rules/redundant_conversion.ts.RedundantConversion::constructor,own_fields,true,false,false
src/rules/redundant_conversion.ts.RedundantConversion::fieldChainType,none,false,true,false
src/rules/redundant_conversion.ts.RedundantConversion::getConfig,none,false,false,false
src/rules/redundant_conversion.ts.RedundantConversion::getConfig_instantiated_src/rules/redundant_conversion.ts.RedundantConversion,none,false,false,false
src/rules/redundant_conversion.ts.RedundantConversion::getConfig_value,none,false,false,false
src/rules/redundant_conversion.ts.RedundantConversion::getMetadata,any,true,false,false
src/rules/redundant_conversion.ts.RedundantConversion::infer,none,false,true,false
src/rules/redundant_conversion.ts.RedundantConversion::initialize,none,false,true,false
src/rules/redundant_conversion.ts.RedundantConversion::initialize_instantiated_src/rules/redundant_conversion.ts.RedundantConversion,none,false,true,false
src/rules/redundant_conversion.ts.RedundantConversion::run,none,false,true,false
src/rules/redundant_conversion.ts.RedundantConversion::sameType,none,false,true,false
src/rules/redundant_conversion.ts.RedundantConversion::setConfig,none,false,true,false
src/rules/redundant_conversion.ts.RedundantConversion::setConfig_instantiated_src/rules/redundant_conversion.ts.RedundantConversion,none,false,true,false
src/rules/redundant_conversion.ts.RedundantConversion::sourceType,none,false,true,false
src/rules/redundant_conversion.ts.RedundantConversionConf::constructor,own_fields,true,false,false
src/rules/release_idoc.ts.ReleaseIdoc::constructor,own_fields,true,false,false
src/rules/release_idoc.ts.ReleaseIdoc::getConfig,none,false,false,false
src/rules/release_idoc.ts.ReleaseIdoc::getConfig_instantiated_src/rules/release_idoc.ts.ReleaseIdoc,none,false,false,false
src/rules/release_idoc.ts.ReleaseIdoc::getConfig_value,none,false,false,false
src/rules/release_idoc.ts.ReleaseIdoc::getMessage,none,false,true,false
src/rules/release_idoc.ts.ReleaseIdoc::getMetadata,none,true,false,false
src/rules/release_idoc.ts.ReleaseIdoc::initialize,none,false,true,false
src/rules/release_idoc.ts.ReleaseIdoc::initialize_instantiated_src/rules/release_idoc.ts.ReleaseIdoc,none,false,true,false
src/rules/release_idoc.ts.ReleaseIdoc::run,none,false,true,false
src/rules/release_idoc.ts.ReleaseIdoc::setConfig,none,false,true,false
src/rules/release_idoc.ts.ReleaseIdoc::setConfig_instantiated_src/rules/release_idoc.ts.ReleaseIdoc,none,false,true,false
src/rules/release_idoc.ts.ReleaseIdocConf::constructor,own_fields,true,false,false
src/rules/remove_descriptions.ts.RemoveDescriptions::checkClass,none,false,true,false
src/rules/remove_descriptions.ts.RemoveDescriptions::checkInterface,none,false,true,false
src/rules/remove_descriptions.ts.RemoveDescriptions::checkXML,none,false,true,false
src/rules/remove_descriptions.ts.RemoveDescriptions::constructor,own_fields,true,false,false
src/rules/remove_descriptions.ts.RemoveDescriptions::getConfig,none,false,false,false
src/rules/remove_descriptions.ts.RemoveDescriptions::getConfig_instantiated_src/rules/remove_descriptions.ts.RemoveDescriptions,none,false,false,false
src/rules/remove_descriptions.ts.RemoveDescriptions::getConfig_value,none,false,false,false
src/rules/remove_descriptions.ts.RemoveDescriptions::getMetadata,none,true,false,false
src/rules/remove_descriptions.ts.RemoveDescriptions::initialize,none,false,true,false
src/rules/remove_descriptions.ts.RemoveDescriptions::initialize_instantiated_src/rules/remove_descriptions.ts.RemoveDescriptions,none,false,true,false
src/rules/remove_descriptions.ts.RemoveDescriptions::run,none,false,true,false
src/rules/remove_descriptions.ts.RemoveDescriptions::setConfig,none,false,true,false
src/rules/remove_descriptions.ts.RemoveDescriptions::setConfig_instantiated_src/rules/remove_descriptions.ts.RemoveDescriptions,none,false,true,false
src/rules/remove_descriptions.ts.RemoveDescriptionsConf::constructor,own_fields,true,false,false
src/rules/rfc_error_handling.ts.RFCErrorHandling::constructor,own_fields,true,false,false
src/rules/rfc_error_handling.ts.RFCErrorHandling::getConfig,none,false,false,false
src/rules/rfc_error_handling.ts.RFCErrorHandling::getConfig_instantiated_src/rules/rfc_error_handling.ts.RFCErrorHandling,none,false,false,false
src/rules/rfc_error_handling.ts.RFCErrorHandling::getConfig_value,none,false,false,false
src/rules/rfc_error_handling.ts.RFCErrorHandling::getMessage,none,false,true,false
src/rules/rfc_error_handling.ts.RFCErrorHandling::getMetadata,any,true,false,false
src/rules/rfc_error_handling.ts.RFCErrorHandling::runParsed,none,false,true,false
src/rules/rfc_error_handling.ts.RFCErrorHandling::runParsed_instantiated_src/rules/rfc_error_handling.ts.RFCErrorHandling,none,false,true,false
src/rules/rfc_error_handling.ts.RFCErrorHandling::setConfig,none,false,true,false
src/rules/rfc_error_handling.ts.RFCErrorHandling::setConfig_instantiated_src/rules/rfc_error_handling.ts.RFCErrorHandling,none,false,true,false
src/rules/rfc_error_handling.ts.RFCErrorHandlingConf::constructor,own_fields,true,false,false
src/rules/select_add_order_by.ts.SelectAddOrderBy::constructor,own_fields,true,false,false
src/rules/select_add_order_by.ts.SelectAddOrderBy::getConfig,none,false,false,false
src/rules/select_add_order_by.ts.SelectAddOrderBy::getConfig_instantiated_src/rules/select_add_order_by.ts.SelectAddOrderBy,none,false,false,false
src/rules/select_add_order_by.ts.SelectAddOrderBy::getConfig_value,none,false,false,false
src/rules/select_add_order_by.ts.SelectAddOrderBy::getMetadata,any,true,false,false
src/rules/select_add_order_by.ts.SelectAddOrderBy::initialize,none,false,true,false
src/rules/select_add_order_by.ts.SelectAddOrderBy::initialize_instantiated_src/rules/select_add_order_by.ts.SelectAddOrderBy,none,false,true,false
src/rules/select_add_order_by.ts.SelectAddOrderBy::isTargetSortedOrHashed,none,false,true,false
src/rules/select_add_order_by.ts.SelectAddOrderBy::run,none,false,true,false
src/rules/select_add_order_by.ts.SelectAddOrderBy::setConfig,none,false,true,false
src/rules/select_add_order_by.ts.SelectAddOrderBy::setConfig_instantiated_src/rules/select_add_order_by.ts.SelectAddOrderBy,none,false,true,false
src/rules/select_add_order_by.ts.SelectAddOrderByConf::constructor,own_fields,true,false,false
src/rules/select_performance.ts.SelectPerformance::constructor,own_fields,true,false,false
src/rules/select_performance.ts.SelectPerformance::findNumberOfColumns,none,false,true,false
src/rules/select_performance.ts.SelectPerformance::getConfig,none,false,false,false
src/rules/select_performance.ts.SelectPerformance::getConfig_instantiated_src/rules/select_performance.ts.SelectPerformance,none,false,false,false
src/rules/select_performance.ts.SelectPerformance::getConfig_value,none,false,false,false
src/rules/select_performance.ts.SelectPerformance::getMetadata,any,true,false,false
src/rules/select_performance.ts.SelectPerformance::initialize,none,false,true,false
src/rules/select_performance.ts.SelectPerformance::initialize_instantiated_src/rules/select_performance.ts.SelectPerformance,none,false,true,false
src/rules/select_performance.ts.SelectPerformance::run,none,false,true,false
src/rules/select_performance.ts.SelectPerformance::setConfig,none,false,true,false
src/rules/select_performance.ts.SelectPerformance::setConfig_instantiated_src/rules/select_performance.ts.SelectPerformance,none,false,true,false
src/rules/select_performance.ts.SelectPerformanceConf::constructor,own_fields,true,false,false
src/rules/select_performance.ts.module::class_constructor,any,false,false,false
src/rules/select_single_full_key.ts.SelectSingleFullKey::buildFix,none,false,true,false
src/rules/select_single_full_key.ts.SelectSingleFullKey::constructor,own_fields,true,false,false
src/rules/select_single_full_key.ts.SelectSingleFullKey::findReference,none,false,true,false
src/rules/select_single_full_key.ts.SelectSingleFullKey::getConfig,own_fields,true,false,false
src/rules/select_single_full_key.ts.SelectSingleFullKey::getConfig_instantiated_src/rules/select_single_full_key.ts.SelectSingleFullKey,own_fields,true,false,false
src/rules/select_single_full_key.ts.SelectSingleFullKey::getConfig_value,own_fields,true,false,false
src/rules/select_single_full_key.ts.SelectSingleFullKey::getMetadata,any,true,false,false
src/rules/select_single_full_key.ts.SelectSingleFullKey::initialize,none,false,true,false
src/rules/select_single_full_key.ts.SelectSingleFullKey::initialize_instantiated_src/rules/select_single_full_key.ts.SelectSingleFullKey,none,false,true,false
src/rules/select_single_full_key.ts.SelectSingleFullKey::run,none,false,true,false
src/rules/select_single_full_key.ts.SelectSingleFullKey::setConfig,none,false,true,false
src/rules/select_single_full_key.ts.SelectSingleFullKey::setConfig_instantiated_src/rules/select_single_full_key.ts.SelectSingleFullKey,none,false,true,false
src/rules/select_single_full_key.ts.SelectSingleFullKeyConf::constructor,own_fields,true,false,false
src/rules/selection_screen_naming.ts.SelectionScreenNaming::constructor,own_fields,true,false,false
src/rules/selection_screen_naming.ts.SelectionScreenNaming::getConfig,none,false,false,false
src/rules/selection_screen_naming.ts.SelectionScreenNaming::getConfig_instantiated_src/rules/selection_screen_naming.ts.SelectionScreenNaming,none,false,false,false
src/rules/selection_screen_naming.ts.SelectionScreenNaming::getConfig_value,none,false,false,false
src/rules/selection_screen_naming.ts.SelectionScreenNaming::getDescription,none,false,true,false
src/rules/selection_screen_naming.ts.SelectionScreenNaming::getFieldForStatementNode,none,false,true,false
src/rules/selection_screen_naming.ts.SelectionScreenNaming::getMetadata,any,true,false,false
src/rules/selection_screen_naming.ts.SelectionScreenNaming::getPatternForStatement,none,false,true,false
src/rules/selection_screen_naming.ts.SelectionScreenNaming::runParsed,none,false,true,false
src/rules/selection_screen_naming.ts.SelectionScreenNaming::runParsed_instantiated_src/rules/selection_screen_naming.ts.SelectionScreenNaming,none,false,true,false
src/rules/selection_screen_naming.ts.SelectionScreenNaming::setConfig,none,false,true,false
src/rules/selection_screen_naming.ts.SelectionScreenNaming::setConfig_instantiated_src/rules/selection_screen_naming.ts.SelectionScreenNaming,none,false,true,false
src/rules/selection_screen_naming.ts.SelectionScreenNamingConf::constructor,own_fields,true,false,false
src/rules/selection_screen_texts_missing.ts.SelectionScreenTextsMissing::checkFile,none,false,true,false
src/rules/selection_screen_texts_missing.ts.SelectionScreenTextsMissing::constructor,own_fields,true,false,false
src/rules/selection_screen_texts_missing.ts.SelectionScreenTextsMissing::getConfig,none,false,false,false
src/rules/selection_screen_texts_missing.ts.SelectionScreenTextsMissing::getConfig_instantiated_src/rules/selection_screen_texts_missing.ts.SelectionScreenTextsMissing,none,false,false,false
src/rules/selection_screen_texts_missing.ts.SelectionScreenTextsMissing::getConfig_value,none,false,false,false
src/rules/selection_screen_texts_missing.ts.SelectionScreenTextsMissing::getMetadata,none,true,false,false
src/rules/selection_screen_texts_missing.ts.SelectionScreenTextsMissing::initialize,none,false,true,false
src/rules/selection_screen_texts_missing.ts.SelectionScreenTextsMissing::initialize_instantiated_src/rules/selection_screen_texts_missing.ts.SelectionScreenTextsMissing,none,false,true,false
src/rules/selection_screen_texts_missing.ts.SelectionScreenTextsMissing::run,none,false,true,false
src/rules/selection_screen_texts_missing.ts.SelectionScreenTextsMissing::setConfig,none,false,true,false
src/rules/selection_screen_texts_missing.ts.SelectionScreenTextsMissing::setConfig_instantiated_src/rules/selection_screen_texts_missing.ts.SelectionScreenTextsMissing,none,false,true,false
src/rules/selection_screen_texts_missing.ts.SelectionScreenTextsMissingConf::constructor,own_fields,true,false,false
src/rules/sequential_blank.ts.SequentialBlank::constructor,own_fields,true,false,false
src/rules/sequential_blank.ts.SequentialBlank::getConfig,none,false,false,false
src/rules/sequential_blank.ts.SequentialBlank::getConfig_instantiated_src/rules/sequential_blank.ts.SequentialBlank,none,false,false,false
src/rules/sequential_blank.ts.SequentialBlank::getConfig_value,none,false,false,false
src/rules/sequential_blank.ts.SequentialBlank::getMessage,none,false,true,false
src/rules/sequential_blank.ts.SequentialBlank::getMetadata,any,true,false,false
src/rules/sequential_blank.ts.SequentialBlank::isBlankOrWhitespace,none,true,true,false
src/rules/sequential_blank.ts.SequentialBlank::runParsed,none,false,true,false
src/rules/sequential_blank.ts.SequentialBlank::runParsed_instantiated_src/rules/sequential_blank.ts.SequentialBlank,none,false,true,false
src/rules/sequential_blank.ts.SequentialBlank::setConfig,none,false,true,false
src/rules/sequential_blank.ts.SequentialBlank::setConfig_instantiated_src/rules/sequential_blank.ts.SequentialBlank,none,false,true,false
src/rules/sequential_blank.ts.SequentialBlankConf::constructor,own_fields,true,false,false
src/rules/short_case.ts.ShortCase::constructor,own_fields,true,false,false
src/rules/short_case.ts.ShortCase::getConfig,none,false,false,false
src/rules/short_case.ts.ShortCase::getConfig_instantiated_src/rules/short_case.ts.ShortCase,none,false,false,false
src/rules/short_case.ts.ShortCase::getConfig_value,none,false,false,false
src/rules/short_case.ts.ShortCase::getMessage,none,false,true,false
src/rules/short_case.ts.ShortCase::getMetadata,any,true,false,false
src/rules/short_case.ts.ShortCase::runParsed,none,false,true,false
src/rules/short_case.ts.ShortCase::runParsed_instantiated_src/rules/short_case.ts.ShortCase,none,false,true,false
src/rules/short_case.ts.ShortCase::setConfig,none,false,true,false
src/rules/short_case.ts.ShortCase::setConfig_instantiated_src/rules/short_case.ts.ShortCase,none,false,true,false
src/rules/short_case.ts.ShortCaseConf::constructor,own_fields,true,false,false
src/rules/sicf_consistency.ts.SICFConsistency::constructor,own_fields,true,false,false
src/rules/sicf_consistency.ts.SICFConsistency::findImplementing,none,false,true,false
src/rules/sicf_consistency.ts.SICFConsistency::getConfig,none,false,false,false
src/rules/sicf_consistency.ts.SICFConsistency::getConfig_instantiated_src/rules/sicf_consistency.ts.SICFConsistency,none,false,false,false
src/rules/sicf_consistency.ts.SICFConsistency::getConfig_value,none,false,false,false
src/rules/sicf_consistency.ts.SICFConsistency::getMetadata,none,true,false,false
src/rules/sicf_consistency.ts.SICFConsistency::initialize,none,false,true,false
src/rules/sicf_consistency.ts.SICFConsistency::initialize_instantiated_src/rules/sicf_consistency.ts.SICFConsistency,none,false,true,false
src/rules/sicf_consistency.ts.SICFConsistency::run,none,false,true,false
src/rules/sicf_consistency.ts.SICFConsistency::setConfig,none,false,true,false
src/rules/sicf_consistency.ts.SICFConsistency::setConfig_instantiated_src/rules/sicf_consistency.ts.SICFConsistency,none,false,true,false
src/rules/sicf_consistency.ts.SICFConsistencyConf::constructor,own_fields,true,false,false
src/rules/slow_parameter_passing.ts.SlowParameterPassing::constructor,own_fields,true,false,false
src/rules/slow_parameter_passing.ts.SlowParameterPassing::getConfig,none,false,false,false
src/rules/slow_parameter_passing.ts.SlowParameterPassing::getConfig_instantiated_src/rules/slow_parameter_passing.ts.SlowParameterPassing,none,false,false,false
src/rules/slow_parameter_passing.ts.SlowParameterPassing::getConfig_value,none,false,false,false
src/rules/slow_parameter_passing.ts.SlowParameterPassing::getMetadata,any,true,false,false
src/rules/slow_parameter_passing.ts.SlowParameterPassing::initialize,none,false,true,false
src/rules/slow_parameter_passing.ts.SlowParameterPassing::listMethodNodes,none,false,true,false
src/rules/slow_parameter_passing.ts.SlowParameterPassing::listWritePositions,none,false,true,false
src/rules/slow_parameter_passing.ts.SlowParameterPassing::run,none,false,true,false
src/rules/slow_parameter_passing.ts.SlowParameterPassing::setConfig,none,false,true,false
src/rules/slow_parameter_passing.ts.SlowParameterPassing::setConfig_instantiated_src/rules/slow_parameter_passing.ts.SlowParameterPassing,none,false,true,false
src/rules/slow_parameter_passing.ts.SlowParameterPassingConf::constructor,own_fields,true,false,false
src/rules/smim_consistency.ts.SMIMConsistency::base,none,false,true,false
src/rules/smim_consistency.ts.SMIMConsistency::constructor,own_fields,true,false,false
src/rules/smim_consistency.ts.SMIMConsistency::findFolder,none,false,true,false
src/rules/smim_consistency.ts.SMIMConsistency::getConfig,none,false,false,false
src/rules/smim_consistency.ts.SMIMConsistency::getConfig_instantiated_src/rules/smim_consistency.ts.SMIMConsistency,none,false,false,false
src/rules/smim_consistency.ts.SMIMConsistency::getConfig_value,none,false,false,false
src/rules/smim_consistency.ts.SMIMConsistency::getMetadata,none,true,false,false
src/rules/smim_consistency.ts.SMIMConsistency::initialize,none,false,true,false
src/rules/smim_consistency.ts.SMIMConsistency::initialize_instantiated_src/rules/smim_consistency.ts.SMIMConsistency,none,false,true,false
src/rules/smim_consistency.ts.SMIMConsistency::run,none,false,true,false
src/rules/smim_consistency.ts.SMIMConsistency::setConfig,none,false,true,false
src/rules/smim_consistency.ts.SMIMConsistency::setConfig_instantiated_src/rules/smim_consistency.ts.SMIMConsistency,none,false,true,false
src/rules/smim_consistency.ts.SMIMConsistencyConf::constructor,own_fields,true,false,false
src/rules/space_before_colon.ts.SpaceBeforeColon::constructor,own_fields,true,false,false
src/rules/space_before_colon.ts.SpaceBeforeColon::getConfig,none,false,false,false
src/rules/space_before_colon.ts.SpaceBeforeColon::getConfig_instantiated_src/rules/space_before_colon.ts.SpaceBeforeColon,none,false,false,false
src/rules/space_before_colon.ts.SpaceBeforeColon::getConfig_value,none,false,false,false
src/rules/space_before_colon.ts.SpaceBeforeColon::getMessage,none,false,true,false
src/rules/space_before_colon.ts.SpaceBeforeColon::getMetadata,any,true,false,false
src/rules/space_before_colon.ts.SpaceBeforeColon::runParsed,none,false,true,false
src/rules/space_before_colon.ts.SpaceBeforeColon::runParsed_instantiated_src/rules/space_before_colon.ts.SpaceBeforeColon,none,false,true,false
src/rules/space_before_colon.ts.SpaceBeforeColon::setConfig,none,false,true,false
src/rules/space_before_colon.ts.SpaceBeforeColon::setConfig_instantiated_src/rules/space_before_colon.ts.SpaceBeforeColon,none,false,true,false
src/rules/space_before_colon.ts.SpaceBeforeColonConf::constructor,own_fields,true,false,false
src/rules/space_before_dot.ts.SpaceBeforeDot::constructor,own_fields,true,false,false
src/rules/space_before_dot.ts.SpaceBeforeDot::getConfig,none,false,false,false
src/rules/space_before_dot.ts.SpaceBeforeDot::getConfig_instantiated_src/rules/space_before_dot.ts.SpaceBeforeDot,none,false,false,false
src/rules/space_before_dot.ts.SpaceBeforeDot::getConfig_value,none,false,false,false
src/rules/space_before_dot.ts.SpaceBeforeDot::getMessage,none,false,true,false
src/rules/space_before_dot.ts.SpaceBeforeDot::getMetadata,any,true,false,false
src/rules/space_before_dot.ts.SpaceBeforeDot::runParsed,none,false,true,false
src/rules/space_before_dot.ts.SpaceBeforeDot::runParsed_instantiated_src/rules/space_before_dot.ts.SpaceBeforeDot,none,false,true,false
src/rules/space_before_dot.ts.SpaceBeforeDot::setConfig,none,false,true,false
src/rules/space_before_dot.ts.SpaceBeforeDot::setConfig_instantiated_src/rules/space_before_dot.ts.SpaceBeforeDot,none,false,true,false
src/rules/space_before_dot.ts.SpaceBeforeDotConf::constructor,own_fields,true,false,false
src/rules/sql_escape_host_variables.ts.SQLEscapeHostVariables::constructor,own_fields,true,false,false
src/rules/sql_escape_host_variables.ts.SQLEscapeHostVariables::getConfig,none,false,false,false
src/rules/sql_escape_host_variables.ts.SQLEscapeHostVariables::getConfig_instantiated_src/rules/sql_escape_host_variables.ts.SQLEscapeHostVariables,none,false,false,false
src/rules/sql_escape_host_variables.ts.SQLEscapeHostVariables::getConfig_value,none,false,false,false
src/rules/sql_escape_host_variables.ts.SQLEscapeHostVariables::getMetadata,any,true,false,false
src/rules/sql_escape_host_variables.ts.SQLEscapeHostVariables::runParsed,none,false,true,false
src/rules/sql_escape_host_variables.ts.SQLEscapeHostVariables::setConfig,none,false,true,false
src/rules/sql_escape_host_variables.ts.SQLEscapeHostVariables::setConfig_instantiated_src/rules/sql_escape_host_variables.ts.SQLEscapeHostVariables,none,false,true,false
src/rules/sql_escape_host_variables.ts.SQLEscapeHostVariablesConf::constructor,own_fields,true,false,false
src/rules/sql_value_conversion.ts.SQLValueConversion::constructor,own_fields,true,false,false
src/rules/sql_value_conversion.ts.SQLValueConversion::getConfig,none,false,false,false
src/rules/sql_value_conversion.ts.SQLValueConversion::getConfig_instantiated_src/rules/sql_value_conversion.ts.SQLValueConversion,none,false,false,false
src/rules/sql_value_conversion.ts.SQLValueConversion::getConfig_value,none,false,false,false
src/rules/sql_value_conversion.ts.SQLValueConversion::getMetadata,none,true,false,false
src/rules/sql_value_conversion.ts.SQLValueConversion::initialize,none,false,true,false
src/rules/sql_value_conversion.ts.SQLValueConversion::run,none,false,true,false
src/rules/sql_value_conversion.ts.SQLValueConversion::setConfig,none,false,true,false
src/rules/sql_value_conversion.ts.SQLValueConversion::setConfig_instantiated_src/rules/sql_value_conversion.ts.SQLValueConversion,none,false,true,false
src/rules/sql_value_conversion.ts.SQLValueConversion::traverse,none,false,true,false
src/rules/sql_value_conversion.ts.SQLValueConversionConf::constructor,own_fields,true,false,false
src/rules/start_at_tab.ts.StartAtTab::constructor,own_fields,true,false,false
src/rules/start_at_tab.ts.StartAtTab::getConfig,none,false,false,false
src/rules/start_at_tab.ts.StartAtTab::getConfig_instantiated_src/rules/start_at_tab.ts.StartAtTab,none,false,false,false
src/rules/start_at_tab.ts.StartAtTab::getConfig_value,none,false,false,false
src/rules/start_at_tab.ts.StartAtTab::getMessage,none,false,true,false
src/rules/start_at_tab.ts.StartAtTab::getMetadata,any,true,false,false
src/rules/start_at_tab.ts.StartAtTab::runParsed,none,false,true,false
src/rules/start_at_tab.ts.StartAtTab::runParsed_instantiated_src/rules/start_at_tab.ts.StartAtTab,none,false,true,false
src/rules/start_at_tab.ts.StartAtTab::setConfig,none,false,true,false
src/rules/start_at_tab.ts.StartAtTab::setConfig_instantiated_src/rules/start_at_tab.ts.StartAtTab,none,false,true,false
src/rules/start_at_tab.ts.StartAtTabConf::constructor,own_fields,true,false,false
src/rules/static_call_via_instance.ts.StaticCallViaInstance::constructor,own_fields,true,false,false
src/rules/static_call_via_instance.ts.StaticCallViaInstance::getConfig,none,false,false,false
src/rules/static_call_via_instance.ts.StaticCallViaInstance::getConfig_instantiated_src/rules/static_call_via_instance.ts.StaticCallViaInstance,none,false,false,false
src/rules/static_call_via_instance.ts.StaticCallViaInstance::getConfig_value,none,false,false,false
src/rules/static_call_via_instance.ts.StaticCallViaInstance::getMetadata,any,true,false,false
src/rules/static_call_via_instance.ts.StaticCallViaInstance::listMethodCalls,none,false,true,false
src/rules/static_call_via_instance.ts.StaticCallViaInstance::runParsed,none,false,true,false
src/rules/static_call_via_instance.ts.StaticCallViaInstance::setConfig,none,false,true,false
src/rules/static_call_via_instance.ts.StaticCallViaInstance::setConfig_instantiated_src/rules/static_call_via_instance.ts.StaticCallViaInstance,none,false,true,false
src/rules/static_call_via_instance.ts.StaticCallViaInstanceConf::constructor,own_fields,true,false,false
src/rules/strict_sql.ts.StrictSQL::constructor,own_fields,true,false,false
src/rules/strict_sql.ts.StrictSQL::getConfig,none,false,false,false
src/rules/strict_sql.ts.StrictSQL::getConfig_instantiated_src/rules/strict_sql.ts.StrictSQL,none,false,false,false
src/rules/strict_sql.ts.StrictSQL::getConfig_value,none,false,false,false
src/rules/strict_sql.ts.StrictSQL::getMetadata,any,true,false,false
src/rules/strict_sql.ts.StrictSQL::runParsed,none,false,true,false
src/rules/strict_sql.ts.StrictSQL::setConfig,none,false,true,false
src/rules/strict_sql.ts.StrictSQL::setConfig_instantiated_src/rules/strict_sql.ts.StrictSQL,none,false,true,false
src/rules/strict_sql.ts.StrictSQLConf::constructor,own_fields,true,false,false
src/rules/superclass_final.ts.SuperclassFinal::constructor,own_fields,true,false,false
src/rules/superclass_final.ts.SuperclassFinal::findInRelatedProgramIncludes,any,true,true,true
src/rules/superclass_final.ts.SuperclassFinal::getConfig,none,false,false,false
src/rules/superclass_final.ts.SuperclassFinal::getConfig_instantiated_src/rules/superclass_final.ts.SuperclassFinal,none,false,false,false
src/rules/superclass_final.ts.SuperclassFinal::getConfig_value,none,false,false,false
src/rules/superclass_final.ts.SuperclassFinal::getMessage,none,false,false,false
src/rules/superclass_final.ts.SuperclassFinal::getMetadata,any,true,false,false
src/rules/superclass_final.ts.SuperclassFinal::runParsed,any,true,true,true
src/rules/superclass_final.ts.SuperclassFinal::setConfig,none,false,true,false
src/rules/superclass_final.ts.SuperclassFinal::setConfig_instantiated_src/rules/superclass_final.ts.SuperclassFinal,none,false,true,false
src/rules/superclass_final.ts.SuperclassFinalConf::constructor,own_fields,true,false,false
src/rules/superfluous_value.ts.SuperfluousValue::constructor,own_fields,true,false,false
src/rules/superfluous_value.ts.SuperfluousValue::getConfig,none,false,false,false
src/rules/superfluous_value.ts.SuperfluousValue::getConfig_instantiated_src/rules/superfluous_value.ts.SuperfluousValue,none,false,false,false
src/rules/superfluous_value.ts.SuperfluousValue::getConfig_value,none,false,false,false
src/rules/superfluous_value.ts.SuperfluousValue::getMetadata,any,true,false,false
src/rules/superfluous_value.ts.SuperfluousValue::runParsed,none,false,true,false
src/rules/superfluous_value.ts.SuperfluousValue::runParsed_instantiated_src/rules/superfluous_value.ts.SuperfluousValue,none,false,true,false
src/rules/superfluous_value.ts.SuperfluousValue::setConfig,none,false,true,false
src/rules/superfluous_value.ts.SuperfluousValue::setConfig_instantiated_src/rules/superfluous_value.ts.SuperfluousValue,none,false,true,false
src/rules/superfluous_value.ts.SuperfluousValueConf::constructor,own_fields,true,false,false
src/rules/sy_modification.ts.SyModification::constructor,own_fields,true,false,false
src/rules/sy_modification.ts.SyModification::getConfig,none,false,false,false
src/rules/sy_modification.ts.SyModification::getConfig_instantiated_src/rules/sy_modification.ts.SyModification,none,false,false,false
src/rules/sy_modification.ts.SyModification::getConfig_value,none,false,false,false
src/rules/sy_modification.ts.SyModification::getMetadata,any,true,false,false
src/rules/sy_modification.ts.SyModification::runParsed,none,false,true,false
src/rules/sy_modification.ts.SyModification::setConfig,none,false,true,false
src/rules/sy_modification.ts.SyModification::setConfig_instantiated_src/rules/sy_modification.ts.SyModification,none,false,true,false
src/rules/sy_modification.ts.SyModificationConf::constructor,own_fields,true,false,false
src/rules/sy_read_restriction.ts.SyReadRestriction::constructor,own_fields,true,false,false
src/rules/sy_read_restriction.ts.SyReadRestriction::getConfig,none,false,false,false
src/rules/sy_read_restriction.ts.SyReadRestriction::getConfig_instantiated_src/rules/sy_read_restriction.ts.SyReadRestriction,none,false,false,false
src/rules/sy_read_restriction.ts.SyReadRestriction::getConfig_value,none,false,false,false
src/rules/sy_read_restriction.ts.SyReadRestriction::getMetadata,any,true,false,false
src/rules/sy_read_restriction.ts.SyReadRestriction::runParsed,none,false,true,false
src/rules/sy_read_restriction.ts.SyReadRestriction::runParsed_instantiated_src/rules/sy_read_restriction.ts.SyReadRestriction,none,false,true,false
src/rules/sy_read_restriction.ts.SyReadRestriction::setConfig,none,false,true,false
src/rules/sy_read_restriction.ts.SyReadRestriction::setConfig_instantiated_src/rules/sy_read_restriction.ts.SyReadRestriction,none,false,true,false
src/rules/sy_read_restriction.ts.SyReadRestrictionConf::constructor,own_fields,true,false,false
src/rules/sy_read_restriction.ts.module::class_constructor,any,true,false,true
src/rules/tabl_enhancement_category.ts.TABLEnhancementCategory::constructor,own_fields,true,false,false
src/rules/tabl_enhancement_category.ts.TABLEnhancementCategory::getConfig,none,false,false,false
src/rules/tabl_enhancement_category.ts.TABLEnhancementCategory::getConfig_instantiated_src/rules/tabl_enhancement_category.ts.TABLEnhancementCategory,none,false,false,false
src/rules/tabl_enhancement_category.ts.TABLEnhancementCategory::getConfig_value,none,false,false,false
src/rules/tabl_enhancement_category.ts.TABLEnhancementCategory::getDescription,none,false,true,false
src/rules/tabl_enhancement_category.ts.TABLEnhancementCategory::getMetadata,none,true,false,false
src/rules/tabl_enhancement_category.ts.TABLEnhancementCategory::initialize,none,false,true,false
src/rules/tabl_enhancement_category.ts.TABLEnhancementCategory::initialize_instantiated_src/rules/tabl_enhancement_category.ts.TABLEnhancementCategory,none,false,true,false
src/rules/tabl_enhancement_category.ts.TABLEnhancementCategory::run,none,false,true,false
src/rules/tabl_enhancement_category.ts.TABLEnhancementCategory::setConfig,none,false,true,false
src/rules/tabl_enhancement_category.ts.TABLEnhancementCategory::setConfig_instantiated_src/rules/tabl_enhancement_category.ts.TABLEnhancementCategory,none,false,true,false
src/rules/tabl_enhancement_category.ts.TABLEnhancementCategoryConf::constructor,own_fields,true,false,false
src/rules/tables_declared_locally.ts.TablesDeclaredLocally::constructor,own_fields,true,false,false
src/rules/tables_declared_locally.ts.TablesDeclaredLocally::getConfig,none,false,false,false
src/rules/tables_declared_locally.ts.TablesDeclaredLocally::getConfig_instantiated_src/rules/tables_declared_locally.ts.TablesDeclaredLocally,none,false,false,false
src/rules/tables_declared_locally.ts.TablesDeclaredLocally::getConfig_value,none,false,false,false
src/rules/tables_declared_locally.ts.TablesDeclaredLocally::getMetadata,any,true,false,false
src/rules/tables_declared_locally.ts.TablesDeclaredLocally::runParsed,none,false,true,false
src/rules/tables_declared_locally.ts.TablesDeclaredLocally::runParsed_instantiated_src/rules/tables_declared_locally.ts.TablesDeclaredLocally,none,false,true,false
src/rules/tables_declared_locally.ts.TablesDeclaredLocally::setConfig,none,false,true,false
src/rules/tables_declared_locally.ts.TablesDeclaredLocally::setConfig_instantiated_src/rules/tables_declared_locally.ts.TablesDeclaredLocally,none,false,true,false
src/rules/tables_declared_locally.ts.TablesDeclaredLocallyConf::constructor,own_fields,true,false,false
src/rules/try_without_catch.ts.TryWithoutCatch::constructor,own_fields,true,false,false
src/rules/try_without_catch.ts.TryWithoutCatch::getConfig,none,false,false,false
src/rules/try_without_catch.ts.TryWithoutCatch::getConfig_instantiated_src/rules/try_without_catch.ts.TryWithoutCatch,none,false,false,false
src/rules/try_without_catch.ts.TryWithoutCatch::getConfig_value,none,false,false,false
src/rules/try_without_catch.ts.TryWithoutCatch::getMessage,none,false,true,false
src/rules/try_without_catch.ts.TryWithoutCatch::getMetadata,any,true,false,false
src/rules/try_without_catch.ts.TryWithoutCatch::runParsed,none,false,true,false
src/rules/try_without_catch.ts.TryWithoutCatch::runParsed_instantiated_src/rules/try_without_catch.ts.TryWithoutCatch,none,false,true,false
src/rules/try_without_catch.ts.TryWithoutCatch::setConfig,none,false,true,false
src/rules/try_without_catch.ts.TryWithoutCatch::setConfig_instantiated_src/rules/try_without_catch.ts.TryWithoutCatch,none,false,true,false
src/rules/try_without_catch.ts.TryWithoutCatchConf::constructor,own_fields,true,false,false
src/rules/type_form_parameters.ts.TypeFormParameters::constructor,own_fields,true,false,false
src/rules/type_form_parameters.ts.TypeFormParameters::getConfig,none,false,false,false
src/rules/type_form_parameters.ts.TypeFormParameters::getConfig_instantiated_src/rules/type_form_parameters.ts.TypeFormParameters,none,false,false,false
src/rules/type_form_parameters.ts.TypeFormParameters::getConfig_value,none,false,false,false
src/rules/type_form_parameters.ts.TypeFormParameters::getDescription,none,false,true,false
src/rules/type_form_parameters.ts.TypeFormParameters::getMetadata,any,true,false,false
src/rules/type_form_parameters.ts.TypeFormParameters::runParsed,none,false,true,false
src/rules/type_form_parameters.ts.TypeFormParameters::setConfig,none,false,true,false
src/rules/type_form_parameters.ts.TypeFormParameters::setConfig_instantiated_src/rules/type_form_parameters.ts.TypeFormParameters,none,false,true,false
src/rules/type_form_parameters.ts.TypeFormParametersConf::constructor,own_fields,true,false,false
src/rules/types_naming.ts.TypesNaming::constructor,own_fields,true,false,false
src/rules/types_naming.ts.TypesNaming::getConfig,none,false,false,false
src/rules/types_naming.ts.TypesNaming::getConfig_instantiated_src/rules/types_naming.ts.TypesNaming,none,false,false,false
src/rules/types_naming.ts.TypesNaming::getConfig_value,none,false,false,false
src/rules/types_naming.ts.TypesNaming::getMetadata,any,true,false,false
src/rules/types_naming.ts.TypesNaming::runParsed,none,false,true,false
src/rules/types_naming.ts.TypesNaming::setConfig,none,false,true,false
src/rules/types_naming.ts.TypesNaming::setConfig_instantiated_src/rules/types_naming.ts.TypesNaming,none,false,true,false
src/rules/types_naming.ts.TypesNamingConf::constructor,own_fields,true,false,false
src/rules/uncaught_exception.ts.UncaughtException::addFromTryStructure,none,false,true,false
src/rules/uncaught_exception.ts.UncaughtException::check,none,false,true,false
src/rules/uncaught_exception.ts.UncaughtException::checkForMethodCalls,none,false,true,false
src/rules/uncaught_exception.ts.UncaughtException::constructor,own_fields,true,false,false
src/rules/uncaught_exception.ts.UncaughtException::findConstructor,none,false,true,false
src/rules/uncaught_exception.ts.UncaughtException::findGlobalExceptions,none,false,true,false
src/rules/uncaught_exception.ts.UncaughtException::findLocalExceptions,none,false,true,false
src/rules/uncaught_exception.ts.UncaughtException::getConfig,none,false,false,false
src/rules/uncaught_exception.ts.UncaughtException::getConfig_instantiated_src/rules/uncaught_exception.ts.UncaughtException,none,false,false,false
src/rules/uncaught_exception.ts.UncaughtException::getConfig_value,none,false,false,false
src/rules/uncaught_exception.ts.UncaughtException::getMetadata,any,true,false,false
src/rules/uncaught_exception.ts.UncaughtException::initialize,none,false,true,false
src/rules/uncaught_exception.ts.UncaughtException::initialize_instantiated_src/rules/uncaught_exception.ts.UncaughtException,none,false,true,false
src/rules/uncaught_exception.ts.UncaughtException::isSinked,none,false,true,false
src/rules/uncaught_exception.ts.UncaughtException::runParsed,none,false,true,false
src/rules/uncaught_exception.ts.UncaughtException::setConfig,none,false,true,false
src/rules/uncaught_exception.ts.UncaughtException::setConfig_instantiated_src/rules/uncaught_exception.ts.UncaughtException,none,false,true,false
src/rules/uncaught_exception.ts.UncaughtException::setSinkedFromMethod,none,false,true,false
src/rules/uncaught_exception.ts.UncaughtException::traverse,none,false,true,false
src/rules/uncaught_exception.ts.UncaughtExceptionConf::constructor,own_fields,true,false,false
src/rules/unknown_types.ts.UnknownTypes::checkParameters,any,true,true,true
src/rules/unknown_types.ts.UnknownTypes::constructor,own_fields,true,false,false
src/rules/unknown_types.ts.UnknownTypes::containsUnknown,none,false,true,true
src/rules/unknown_types.ts.UnknownTypes::getConfig,none,false,false,false
src/rules/unknown_types.ts.UnknownTypes::getConfig_instantiated_src/rules/unknown_types.ts.UnknownTypes,none,false,false,false
src/rules/unknown_types.ts.UnknownTypes::getConfig_value,none,false,false,false
src/rules/unknown_types.ts.UnknownTypes::getMetadata,any,true,false,false
src/rules/unknown_types.ts.UnknownTypes::initialize,own_fields,false,false,false
src/rules/unknown_types.ts.UnknownTypes::initialize_instantiated_src/rules/unknown_types.ts.UnknownTypes,own_fields,false,false,false
src/rules/unknown_types.ts.UnknownTypes::removeDuplicates,any,true,true,true
src/rules/unknown_types.ts.UnknownTypes::run,any,true,true,true
src/rules/unknown_types.ts.UnknownTypes::setConfig,none,false,true,false
src/rules/unknown_types.ts.UnknownTypes::setConfig_instantiated_src/rules/unknown_types.ts.UnknownTypes,none,false,true,false
src/rules/unknown_types.ts.UnknownTypes::traverse,any,true,true,true
src/rules/unknown_types.ts.UnknownTypesConf::constructor,own_fields,true,false,false
src/rules/unnecessary_chaining.ts.UnnecessaryChaining::constructor,own_fields,true,false,false
src/rules/unnecessary_chaining.ts.UnnecessaryChaining::getConfig,none,false,false,false
src/rules/unnecessary_chaining.ts.UnnecessaryChaining::getConfig_instantiated_src/rules/unnecessary_chaining.ts.UnnecessaryChaining,none,false,false,false
src/rules/unnecessary_chaining.ts.UnnecessaryChaining::getConfig_value,none,false,false,false
src/rules/unnecessary_chaining.ts.UnnecessaryChaining::getMetadata,any,true,false,false
src/rules/unnecessary_chaining.ts.UnnecessaryChaining::runParsed,none,false,true,false
src/rules/unnecessary_chaining.ts.UnnecessaryChaining::setConfig,none,false,true,false
src/rules/unnecessary_chaining.ts.UnnecessaryChaining::setConfig_instantiated_src/rules/unnecessary_chaining.ts.UnnecessaryChaining,none,false,true,false
src/rules/unnecessary_chaining.ts.UnnecessaryChainingConf::constructor,own_fields,true,false,false
src/rules/unnecessary_pragma.ts.UnnecessaryPragma::checkNeeded,none,false,true,false
src/rules/unnecessary_pragma.ts.UnnecessaryPragma::checkSubrc,none,false,true,false
src/rules/unnecessary_pragma.ts.UnnecessaryPragma::checkText,none,false,true,false
src/rules/unnecessary_pragma.ts.UnnecessaryPragma::constructor,own_fields,true,false,false
src/rules/unnecessary_pragma.ts.UnnecessaryPragma::containsNoHandler,none,false,true,false
src/rules/unnecessary_pragma.ts.UnnecessaryPragma::getConfig,none,false,false,false
src/rules/unnecessary_pragma.ts.UnnecessaryPragma::getConfig_instantiated_src/rules/unnecessary_pragma.ts.UnnecessaryPragma,none,false,false,false
src/rules/unnecessary_pragma.ts.UnnecessaryPragma::getConfig_value,none,false,false,false
src/rules/unnecessary_pragma.ts.UnnecessaryPragma::getMetadata,any,true,false,false
src/rules/unnecessary_pragma.ts.UnnecessaryPragma::runParsed,none,false,true,false
src/rules/unnecessary_pragma.ts.UnnecessaryPragma::runParsed_instantiated_src/rules/unnecessary_pragma.ts.UnnecessaryPragma,none,false,true,false
src/rules/unnecessary_pragma.ts.UnnecessaryPragma::setConfig,none,false,true,false
src/rules/unnecessary_pragma.ts.UnnecessaryPragma::setConfig_instantiated_src/rules/unnecessary_pragma.ts.UnnecessaryPragma,none,false,true,false
src/rules/unnecessary_pragma.ts.UnnecessaryPragmaConf::constructor,own_fields,true,false,false
src/rules/unnecessary_return.ts.UnnecessaryReturn::constructor,own_fields,true,false,false
src/rules/unnecessary_return.ts.UnnecessaryReturn::getConfig,none,false,false,false
src/rules/unnecessary_return.ts.UnnecessaryReturn::getConfig_instantiated_src/rules/unnecessary_return.ts.UnnecessaryReturn,none,false,false,false
src/rules/unnecessary_return.ts.UnnecessaryReturn::getConfig_value,none,false,false,false
src/rules/unnecessary_return.ts.UnnecessaryReturn::getMetadata,any,true,false,false
src/rules/unnecessary_return.ts.UnnecessaryReturn::runParsed,none,false,true,false
src/rules/unnecessary_return.ts.UnnecessaryReturn::runParsed_instantiated_src/rules/unnecessary_return.ts.UnnecessaryReturn,none,false,true,false
src/rules/unnecessary_return.ts.UnnecessaryReturn::setConfig,none,false,true,false
src/rules/unnecessary_return.ts.UnnecessaryReturn::setConfig_instantiated_src/rules/unnecessary_return.ts.UnnecessaryReturn,none,false,true,false
src/rules/unnecessary_return.ts.UnnecessaryReturnConf::constructor,own_fields,true,false,false
src/rules/unreachable_code.ts.UnreachableCode::constructor,own_fields,true,false,false
src/rules/unreachable_code.ts.UnreachableCode::getConfig,none,false,false,false
src/rules/unreachable_code.ts.UnreachableCode::getConfig_instantiated_src/rules/unreachable_code.ts.UnreachableCode,none,false,false,false
src/rules/unreachable_code.ts.UnreachableCode::getConfig_value,none,false,false,false
src/rules/unreachable_code.ts.UnreachableCode::getMessage,none,false,true,false
src/rules/unreachable_code.ts.UnreachableCode::getMetadata,any,true,false,false
src/rules/unreachable_code.ts.UnreachableCode::isExit,none,false,true,false
src/rules/unreachable_code.ts.UnreachableCode::isStructure,none,false,true,false
src/rules/unreachable_code.ts.UnreachableCode::runParsed,none,false,true,false
src/rules/unreachable_code.ts.UnreachableCode::runParsed_instantiated_src/rules/unreachable_code.ts.UnreachableCode,none,false,true,false
src/rules/unreachable_code.ts.UnreachableCode::setConfig,none,false,true,false
src/rules/unreachable_code.ts.UnreachableCode::setConfig_instantiated_src/rules/unreachable_code.ts.UnreachableCode,none,false,true,false
src/rules/unreachable_code.ts.UnreachableCodeConf::constructor,own_fields,true,false,false
src/rules/unsecure_fae.ts.UnsecureFAE::constructor,own_fields,true,false,false
src/rules/unsecure_fae.ts.UnsecureFAE::getConfig,none,false,false,false
src/rules/unsecure_fae.ts.UnsecureFAE::getConfig_instantiated_src/rules/unsecure_fae.ts.UnsecureFAE,none,false,false,false
src/rules/unsecure_fae.ts.UnsecureFAE::getConfig_value,none,false,false,false
src/rules/unsecure_fae.ts.UnsecureFAE::getMetadata,any,true,false,false
src/rules/unsecure_fae.ts.UnsecureFAE::initialize,none,false,true,false
src/rules/unsecure_fae.ts.UnsecureFAE::initialize_instantiated_src/rules/unsecure_fae.ts.UnsecureFAE,none,false,true,false
src/rules/unsecure_fae.ts.UnsecureFAE::run,none,false,true,false
src/rules/unsecure_fae.ts.UnsecureFAE::setConfig,none,false,true,false
src/rules/unsecure_fae.ts.UnsecureFAE::setConfig_instantiated_src/rules/unsecure_fae.ts.UnsecureFAE,none,false,true,false
src/rules/unsecure_fae.ts.UnsecureFAEConf::constructor,own_fields,true,false,false
src/rules/unused_ddic.ts.UnusedDDIC::check,none,false,true,false
src/rules/unused_ddic.ts.UnusedDDIC::constructor,own_fields,true,false,false
src/rules/unused_ddic.ts.UnusedDDIC::getConfig,none,false,false,false
src/rules/unused_ddic.ts.UnusedDDIC::getConfig_instantiated_src/rules/unused_ddic.ts.UnusedDDIC,none,false,false,false
src/rules/unused_ddic.ts.UnusedDDIC::getConfig_value,none,false,false,false
src/rules/unused_ddic.ts.UnusedDDIC::getMetadata,none,true,false,false
src/rules/unused_ddic.ts.UnusedDDIC::initialize,none,false,true,false
src/rules/unused_ddic.ts.UnusedDDIC::initialize_instantiated_src/rules/unused_ddic.ts.UnusedDDIC,none,false,true,false
src/rules/unused_ddic.ts.UnusedDDIC::run,none,false,true,false
src/rules/unused_ddic.ts.UnusedDDIC::setConfig,none,false,true,false
src/rules/unused_ddic.ts.UnusedDDIC::setConfig_instantiated_src/rules/unused_ddic.ts.UnusedDDIC,none,false,true,false
src/rules/unused_ddic.ts.UnusedDDICConf::constructor,own_fields,true,false,false
src/rules/unused_macros.ts.UnusedMacros::constructor,own_fields,true,false,false
src/rules/unused_macros.ts.UnusedMacros::getConfig,none,false,false,false
src/rules/unused_macros.ts.UnusedMacros::getConfig_instantiated_src/rules/unused_macros.ts.UnusedMacros,none,false,false,false
src/rules/unused_macros.ts.UnusedMacros::getConfig_value,none,false,false,false
src/rules/unused_macros.ts.UnusedMacros::getMetadata,any,true,false,false
src/rules/unused_macros.ts.UnusedMacros::initialize,none,false,true,false
src/rules/unused_macros.ts.UnusedMacros::initialize_instantiated_src/rules/unused_macros.ts.UnusedMacros,none,false,true,false
src/rules/unused_macros.ts.UnusedMacros::run,none,false,true,false
src/rules/unused_macros.ts.UnusedMacros::setConfig,none,false,true,false
src/rules/unused_macros.ts.UnusedMacros::setConfig_instantiated_src/rules/unused_macros.ts.UnusedMacros,none,false,true,false
src/rules/unused_macros.ts.UnusedMacrosConf::constructor,own_fields,true,false,false
src/rules/unused_methods.ts.UnusedMethods::checkNode,none,false,true,false
src/rules/unused_methods.ts.UnusedMethods::constructor,own_fields,true,false,false
src/rules/unused_methods.ts.UnusedMethods::findMethodImplementation,none,false,true,false
src/rules/unused_methods.ts.UnusedMethods::getConfig,none,false,false,false
src/rules/unused_methods.ts.UnusedMethods::getConfig_instantiated_src/rules/unused_methods.ts.UnusedMethods,none,false,false,false
src/rules/unused_methods.ts.UnusedMethods::getConfig_value,none,false,false,false
src/rules/unused_methods.ts.UnusedMethods::getMetadata,any,true,false,false
src/rules/unused_methods.ts.UnusedMethods::hasSubClass,none,false,true,false
src/rules/unused_methods.ts.UnusedMethods::initialize,none,false,true,false
src/rules/unused_methods.ts.UnusedMethods::initialize_instantiated_src/rules/unused_methods.ts.UnusedMethods,none,false,true,false
src/rules/unused_methods.ts.UnusedMethods::run,none,false,true,false
src/rules/unused_methods.ts.UnusedMethods::searchGlobalSubclasses,none,false,true,false
src/rules/unused_methods.ts.UnusedMethods::setConfig,none,false,true,false
src/rules/unused_methods.ts.UnusedMethods::setConfig_instantiated_src/rules/unused_methods.ts.UnusedMethods,none,false,true,false
src/rules/unused_methods.ts.UnusedMethods::suppressedbyPseudo,none,false,true,false
src/rules/unused_methods.ts.UnusedMethods::traverse,none,false,true,false
src/rules/unused_methods.ts.UnusedMethodsConf::constructor,own_fields,true,false,false
src/rules/unused_methods.ts.WorkArea::constructor,own_fields,true,false,false
src/rules/unused_methods.ts.WorkArea::containsProteted,none,false,true,false
src/rules/unused_methods.ts.WorkArea::get,none,false,true,false
src/rules/unused_methods.ts.WorkArea::getLength,none,false,true,false
src/rules/unused_methods.ts.WorkArea::push,none,false,true,false
src/rules/unused_methods.ts.WorkArea::removeIfExists,none,false,true,false
src/rules/unused_types.ts.UnusedTypes::buildFix,none,false,true,false
src/rules/unused_types.ts.UnusedTypes::checkNode,none,false,true,false
src/rules/unused_types.ts.UnusedTypes::constructor,own_fields,true,false,false
src/rules/unused_types.ts.UnusedTypes::getConfig,none,false,false,false
src/rules/unused_types.ts.UnusedTypes::getConfig_instantiated_src/rules/unused_types.ts.UnusedTypes,none,false,false,false
src/rules/unused_types.ts.UnusedTypes::getConfig_value,none,false,false,false
src/rules/unused_types.ts.UnusedTypes::getMetadata,any,true,false,false
src/rules/unused_types.ts.UnusedTypes::initialize,none,false,true,false
src/rules/unused_types.ts.UnusedTypes::initialize_instantiated_src/rules/unused_types.ts.UnusedTypes,none,false,true,false
src/rules/unused_types.ts.UnusedTypes::run,none,false,true,false
src/rules/unused_types.ts.UnusedTypes::setConfig,none,false,true,false
src/rules/unused_types.ts.UnusedTypes::setConfig_instantiated_src/rules/unused_types.ts.UnusedTypes,none,false,true,false
src/rules/unused_types.ts.UnusedTypes::suppressedbyPseudo,none,false,true,false
src/rules/unused_types.ts.UnusedTypes::traverse,none,false,true,false
src/rules/unused_types.ts.UnusedTypesConf::constructor,own_fields,true,false,false
src/rules/unused_types.ts.WorkArea::constructor,none,false,true,false
src/rules/unused_types.ts.WorkArea::count,none,false,true,false
src/rules/unused_types.ts.WorkArea::get,none,false,true,false
src/rules/unused_types.ts.WorkArea::push,none,false,true,false
src/rules/unused_types.ts.WorkArea::removeIfExists,none,false,true,false
src/rules/unused_variables.ts.UnusedVariables::buildFix,none,false,true,false
src/rules/unused_variables.ts.UnusedVariables::buildIssues,none,false,true,false
src/rules/unused_variables.ts.UnusedVariables::buildWorkarea,none,false,true,false
src/rules/unused_variables.ts.UnusedVariables::constructor,own_fields,true,false,false
src/rules/unused_variables.ts.UnusedVariables::findFile,none,false,true,false
src/rules/unused_variables.ts.UnusedVariables::findUses,none,false,true,false
src/rules/unused_variables.ts.UnusedVariables::getConfig,none,false,false,false
src/rules/unused_variables.ts.UnusedVariables::getConfig_instantiated_src/rules/unused_variables.ts.UnusedVariables,none,false,false,false
src/rules/unused_variables.ts.UnusedVariables::getConfig_value,none,false,false,false
src/rules/unused_variables.ts.UnusedVariables::getMetadata,any,true,false,false
src/rules/unused_variables.ts.UnusedVariables::initialize,none,false,true,false
src/rules/unused_variables.ts.UnusedVariables::initialize_instantiated_src/rules/unused_variables.ts.UnusedVariables,none,false,true,false
src/rules/unused_variables.ts.UnusedVariables::run,none,false,true,false
src/rules/unused_variables.ts.UnusedVariables::setConfig,none,false,true,false
src/rules/unused_variables.ts.UnusedVariables::setConfig_instantiated_src/rules/unused_variables.ts.UnusedVariables,none,false,true,false
src/rules/unused_variables.ts.UnusedVariables::suppressedbyPseudo,none,false,true,false
src/rules/unused_variables.ts.UnusedVariablesConf::constructor,own_fields,true,false,false
src/rules/unused_variables.ts.WorkArea::buildKey,none,false,true,false
src/rules/unused_variables.ts.WorkArea::constructor,none,false,true,false
src/rules/unused_variables.ts.WorkArea::count,none,false,true,false
src/rules/unused_variables.ts.WorkArea::get,none,false,true,false
src/rules/unused_variables.ts.WorkArea::push,none,false,true,false
src/rules/unused_variables.ts.WorkArea::removeIfExists,none,false,true,false
src/rules/use_bool_expression.ts.UseBoolExpression::constructor,own_fields,true,false,false
src/rules/use_bool_expression.ts.UseBoolExpression::getConfig,none,false,false,false
src/rules/use_bool_expression.ts.UseBoolExpression::getConfig_instantiated_src/rules/use_bool_expression.ts.UseBoolExpression,none,false,false,false
src/rules/use_bool_expression.ts.UseBoolExpression::getConfig_value,none,false,false,false
src/rules/use_bool_expression.ts.UseBoolExpression::getMetadata,any,true,false,false
src/rules/use_bool_expression.ts.UseBoolExpression::runParsed,none,false,true,false
src/rules/use_bool_expression.ts.UseBoolExpression::runParsed_instantiated_src/rules/use_bool_expression.ts.UseBoolExpression,none,false,true,false
src/rules/use_bool_expression.ts.UseBoolExpression::setConfig,none,false,true,false
src/rules/use_bool_expression.ts.UseBoolExpression::setConfig_instantiated_src/rules/use_bool_expression.ts.UseBoolExpression,none,false,true,false
src/rules/use_bool_expression.ts.UseBoolExpressionConf::constructor,own_fields,true,false,false
src/rules/use_class_based_exceptions.ts.UseClassBasedExceptions::constructor,own_fields,true,false,false
src/rules/use_class_based_exceptions.ts.UseClassBasedExceptions::getConfig,none,false,false,false
src/rules/use_class_based_exceptions.ts.UseClassBasedExceptions::getConfig_instantiated_src/rules/use_class_based_exceptions.ts.UseClassBasedExceptions,none,false,false,false
src/rules/use_class_based_exceptions.ts.UseClassBasedExceptions::getConfig_value,none,false,false,false
src/rules/use_class_based_exceptions.ts.UseClassBasedExceptions::getMessage,none,false,true,false
src/rules/use_class_based_exceptions.ts.UseClassBasedExceptions::getMetadata,any,true,false,false
src/rules/use_class_based_exceptions.ts.UseClassBasedExceptions::runParsed,none,false,true,false
src/rules/use_class_based_exceptions.ts.UseClassBasedExceptions::runParsed_instantiated_src/rules/use_class_based_exceptions.ts.UseClassBasedExceptions,none,false,true,false
src/rules/use_class_based_exceptions.ts.UseClassBasedExceptions::setConfig,none,false,true,false
src/rules/use_class_based_exceptions.ts.UseClassBasedExceptions::setConfig_instantiated_src/rules/use_class_based_exceptions.ts.UseClassBasedExceptions,none,false,true,false
src/rules/use_class_based_exceptions.ts.UseClassBasedExceptionsConf::constructor,own_fields,true,false,false
src/rules/use_line_exists.ts.UseLineExists::checksSubrc,none,false,true,false
src/rules/use_line_exists.ts.UseLineExists::constructor,own_fields,true,false,false
src/rules/use_line_exists.ts.UseLineExists::getConfig,none,false,false,false
src/rules/use_line_exists.ts.UseLineExists::getConfig_instantiated_src/rules/use_line_exists.ts.UseLineExists,none,false,false,false
src/rules/use_line_exists.ts.UseLineExists::getConfig_value,none,false,false,false
src/rules/use_line_exists.ts.UseLineExists::getMetadata,any,true,false,false
src/rules/use_line_exists.ts.UseLineExists::runParsed,none,false,true,false
src/rules/use_line_exists.ts.UseLineExists::setConfig,none,false,true,false
src/rules/use_line_exists.ts.UseLineExists::setConfig_instantiated_src/rules/use_line_exists.ts.UseLineExists,none,false,true,false
src/rules/use_line_exists.ts.UseLineExists::usesTabix,none,false,true,false
src/rules/use_line_exists.ts.UseLineExistsConf::constructor,own_fields,true,false,false
src/rules/use_new.ts.UseNew::buildFix,none,false,true,false
src/rules/use_new.ts.UseNew::constructor,own_fields,true,false,false
src/rules/use_new.ts.UseNew::getConfig,none,false,false,false
src/rules/use_new.ts.UseNew::getConfig_instantiated_src/rules/use_new.ts.UseNew,none,false,false,false
src/rules/use_new.ts.UseNew::getConfig_value,none,false,false,false
src/rules/use_new.ts.UseNew::getMessage,none,false,true,false
src/rules/use_new.ts.UseNew::getMetadata,any,true,false,false
src/rules/use_new.ts.UseNew::runParsed,none,false,true,false
src/rules/use_new.ts.UseNew::setConfig,none,false,true,false
src/rules/use_new.ts.UseNew::setConfig_instantiated_src/rules/use_new.ts.UseNew,none,false,true,false
src/rules/use_new.ts.UseNewConf::constructor,own_fields,true,false,false
src/rules/when_others_last.ts.WhenOthersLast::constructor,own_fields,true,false,false
src/rules/when_others_last.ts.WhenOthersLast::getConfig,none,false,false,false
src/rules/when_others_last.ts.WhenOthersLast::getConfig_instantiated_src/rules/when_others_last.ts.WhenOthersLast,none,false,false,false
src/rules/when_others_last.ts.WhenOthersLast::getConfig_value,none,false,false,false
src/rules/when_others_last.ts.WhenOthersLast::getMessage,none,false,true,false
src/rules/when_others_last.ts.WhenOthersLast::getMetadata,any,true,false,false
src/rules/when_others_last.ts.WhenOthersLast::runParsed,none,false,true,false
src/rules/when_others_last.ts.WhenOthersLast::runParsed_instantiated_src/rules/when_others_last.ts.WhenOthersLast,none,false,true,false
src/rules/when_others_last.ts.WhenOthersLast::setConfig,none,false,true,false
src/rules/when_others_last.ts.WhenOthersLast::setConfig_instantiated_src/rules/when_others_last.ts.WhenOthersLast,none,false,true,false
src/rules/when_others_last.ts.WhenOthersLastConf::constructor,own_fields,true,false,false
src/rules/whitespace_end.ts.WhitespaceEnd::constructor,own_fields,true,false,false
src/rules/whitespace_end.ts.WhitespaceEnd::getConfig,none,false,false,false
src/rules/whitespace_end.ts.WhitespaceEnd::getConfig_instantiated_src/rules/whitespace_end.ts.WhitespaceEnd,none,false,false,false
src/rules/whitespace_end.ts.WhitespaceEnd::getConfig_value,none,false,false,false
src/rules/whitespace_end.ts.WhitespaceEnd::getMessage,none,false,true,false
src/rules/whitespace_end.ts.WhitespaceEnd::getMetadata,any,true,false,false
src/rules/whitespace_end.ts.WhitespaceEnd::initialize,none,false,true,false
src/rules/whitespace_end.ts.WhitespaceEnd::initialize_instantiated_src/rules/whitespace_end.ts.WhitespaceEnd,none,false,true,false
src/rules/whitespace_end.ts.WhitespaceEnd::run,none,false,true,false
src/rules/whitespace_end.ts.WhitespaceEnd::setConfig,none,false,true,false
src/rules/whitespace_end.ts.WhitespaceEnd::setConfig_instantiated_src/rules/whitespace_end.ts.WhitespaceEnd,none,false,true,false
src/rules/whitespace_end.ts.WhitespaceEndConf::constructor,own_fields,true,false,false
src/rules/wrong_abapdoc_position.ts.WrongAbapdocPosition::check,none,false,true,false
src/rules/wrong_abapdoc_position.ts.WrongAbapdocPosition::constructor,own_fields,true,false,false
src/rules/wrong_abapdoc_position.ts.WrongAbapdocPosition::getConfig,none,false,false,false
src/rules/wrong_abapdoc_position.ts.WrongAbapdocPosition::getConfig_instantiated_src/rules/wrong_abapdoc_position.ts.WrongAbapdocPosition,none,false,false,false
src/rules/wrong_abapdoc_position.ts.WrongAbapdocPosition::getConfig_value,none,false,false,false
src/rules/wrong_abapdoc_position.ts.WrongAbapdocPosition::getMetadata,any,true,false,false
src/rules/wrong_abapdoc_position.ts.WrongAbapdocPosition::isAbapdoc,none,false,true,false
src/rules/wrong_abapdoc_position.ts.WrongAbapdocPosition::runParsed,none,false,true,false
src/rules/wrong_abapdoc_position.ts.WrongAbapdocPosition::runParsed_instantiated_src/rules/wrong_abapdoc_position.ts.WrongAbapdocPosition,none,false,true,false
src/rules/wrong_abapdoc_position.ts.WrongAbapdocPosition::setConfig,none,false,true,false
src/rules/wrong_abapdoc_position.ts.WrongAbapdocPosition::setConfig_instantiated_src/rules/wrong_abapdoc_position.ts.WrongAbapdocPosition,none,false,true,false
src/rules/wrong_abapdoc_position.ts.WrongAbapdocPositionConf::constructor,own_fields,true,false,false
src/rules/xml_bom.ts.XMLBOM::constructor,own_fields,true,false,false
src/rules/xml_bom.ts.XMLBOM::createIssue,none,false,true,false
src/rules/xml_bom.ts.XMLBOM::getConfig,none,false,false,false
src/rules/xml_bom.ts.XMLBOM::getConfig_instantiated_src/rules/xml_bom.ts.XMLBOM,none,false,false,false
src/rules/xml_bom.ts.XMLBOM::getConfig_value,none,false,false,false
src/rules/xml_bom.ts.XMLBOM::getMetadata,any,true,false,false
src/rules/xml_bom.ts.XMLBOM::initialize,none,false,true,false
src/rules/xml_bom.ts.XMLBOM::initialize_instantiated_src/rules/xml_bom.ts.XMLBOM,none,false,true,false
src/rules/xml_bom.ts.XMLBOM::run,none,false,true,false
src/rules/xml_bom.ts.XMLBOM::setConfig,none,false,true,false
src/rules/xml_bom.ts.XMLBOM::setConfig_instantiated_src/rules/xml_bom.ts.XMLBOM,none,false,true,false
src/rules/xml_bom.ts.XMLBOMConf::constructor,own_fields,true,false,false
src/rules/xml_consistency.ts.XMLConsistency::checkRequiredField,none,false,true,false
src/rules/xml_consistency.ts.XMLConsistency::checkTextLength,none,false,true,false
src/rules/xml_consistency.ts.XMLConsistency::constructor,own_fields,true,false,false
src/rules/xml_consistency.ts.XMLConsistency::getConfig,none,false,false,false
src/rules/xml_consistency.ts.XMLConsistency::getConfig_instantiated_src/rules/xml_consistency.ts.XMLConsistency,none,false,false,false
src/rules/xml_consistency.ts.XMLConsistency::getConfig_value,none,false,false,false
src/rules/xml_consistency.ts.XMLConsistency::getMetadata,any,true,false,false
src/rules/xml_consistency.ts.XMLConsistency::initialize,none,false,true,false
src/rules/xml_consistency.ts.XMLConsistency::initialize_instantiated_src/rules/xml_consistency.ts.XMLConsistency,none,false,true,false
src/rules/xml_consistency.ts.XMLConsistency::run,none,false,true,false
src/rules/xml_consistency.ts.XMLConsistency::runClass,none,false,true,false
src/rules/xml_consistency.ts.XMLConsistency::runDataElement,none,false,true,false
src/rules/xml_consistency.ts.XMLConsistency::runDomain,none,false,true,false
src/rules/xml_consistency.ts.XMLConsistency::runInterface,none,false,true,false
src/rules/xml_consistency.ts.XMLConsistency::runLockObject,none,false,true,false
src/rules/xml_consistency.ts.XMLConsistency::runMessageClass,none,false,true,false
src/rules/xml_consistency.ts.XMLConsistency::runTable,none,false,true,false
src/rules/xml_consistency.ts.XMLConsistency::runTextPool,none,false,true,false
src/rules/xml_consistency.ts.XMLConsistency::runTransaction,none,false,true,false
src/rules/xml_consistency.ts.XMLConsistency::setConfig,none,false,true,false
src/rules/xml_consistency.ts.XMLConsistency::setConfig_instantiated_src/rules/xml_consistency.ts.XMLConsistency,none,false,true,false
src/rules/xml_consistency.ts.XMLConsistencyConf::constructor,own_fields,true,false,false
src/rules_runner.ts.RulesRunner::constructor,own_fields,true,false,false
src/rules_runner.ts.RulesRunner::excludeIssues,any,true,true,true
src/rules_runner.ts.RulesRunner::objectsToCheck,any,true,true,true
src/rules_runner.ts.RulesRunner::runRules,any,true,true,true
src/rules_runner.ts.SyntaxPerformance::constructor,own_fields,true,false,false
src/rules_runner.ts.SyntaxPerformance::output,none,false,true,false
src/rules_runner.ts.SyntaxPerformance::push,none,false,true,false
src/severity.ts.module::class_constructor,any,true,false,true
src/skip_logic.ts.SkipLogic::constructor,own_fields,false,false,false
src/skip_logic.ts.SkipLogic::isGeneratedBOPFInterface,none,false,true,false
src/skip_logic.ts.SkipLogic::isGeneratedFunctionGroup,none,false,true,false
src/skip_logic.ts.SkipLogic::isGeneratedGatewayClass,none,true,true,true
src/skip_logic.ts.SkipLogic::isGeneratedPersistentClass,any,true,true,true
src/skip_logic.ts.SkipLogic::isGeneratedProxyClass,none,false,true,false
src/skip_logic.ts.SkipLogic::isGeneratedProxyInterface,none,false,true,false
src/skip_logic.ts.SkipLogic::skip,any,true,true,true
src/stuff.ts.module::class_constructor,any,true,false,true
src/utils/cyclomatic_complexity_stats.ts.CyclomaticComplexityStats::run,any,true,true,true
src/utils/cyclomatic_complexity_stats.ts.ICyclomaticComplexityResult::constructor,own_fields,false,false,false
src/utils/excludeHelper.ts.ExcludeHelper::isExcluded,none,false,true,true
src/utils/form_length_stats.ts.FormLengthStats::findName,none,true,true,true
src/utils/form_length_stats.ts.FormLengthStats::run,any,true,true,true
src/utils/function_length_stats.ts.FunctionLengthStats::findName,none,true,true,true
src/utils/function_length_stats.ts.FunctionLengthStats::run,any,true,true,true
src/utils/include_graph.ts.Graph::addEdge,none,false,true,false
src/utils/include_graph.ts.Graph::addVertex,any,true,false,false
src/utils/include_graph.ts.Graph::constructor,own_fields,true,false,false
src/utils/include_graph.ts.Graph::findTop,any,true,true,true
src/utils/include_graph.ts.Graph::findVertexByFilename,none,true,false,false
src/utils/include_graph.ts.Graph::findVertexViaIncludename,none,true,false,false
src/utils/include_graph.ts.IVertex::constructor,own_fields,false,false,false
src/utils/include_graph.ts.IncludeGraph::addVertices,any,true,true,true
src/utils/include_graph.ts.IncludeGraph::build,any,true,true,true
src/utils/include_graph.ts.IncludeGraph::constructor,any,true,true,true
src/utils/include_graph.ts.IncludeGraph::getIssuesFile,none,false,true,false
src/utils/include_graph.ts.IncludeGraph::listMainForInclude,any,true,true,true
src/utils/include_graph.ts.IncludeGraph::listMainForInclude_instantiated_src/utils/include_graph.ts.IncludeGraph,any,true,true,true
src/utils/include_graph.ts.module::class_constructor,any,true,false,true
src/utils/include_graph.ts.module::getABAPObjects,any,true,true,true
src/utils/method_length_stats.ts.IMethodLengthResult::constructor,own_fields,false,false,false
src/utils/method_length_stats.ts.MethodLengthStats::findName,none,true,true,true
src/utils/method_length_stats.ts.MethodLengthStats::run,any,true,true,true
src/utils/name_validator.ts.NameValidator::violatesRule,none,true,true,true
src/version.ts.ABAPRelease::constructor,own_fields,false,false,false
src/version.ts.VersionNew::constructor,own_fields,false,false,false
src/version.ts.module::class_constructor,any,true,true,true
src/version.ts.module::releaseAtLeast,any,true,true,true
src/version.ts.module::versionToABAPRelease,any,true,true,true
src/virtual_position.ts.VirtualPosition::constructor,own_fields,false,false,false
src/virtual_position.ts.VirtualPosition::equals,none,false,true,false
src/virtual_position.ts.VirtualPosition::isAfter,none,false,true,false
src/xml_utils.ts.module::class_constructor,none,false,false,false
src/xml_utils.ts.module::unescape,none,true,true,false
src/xml_utils.ts.module::xmlToArray,any,true,true,false
tuple.408d9cd5531220a3ae4bc31c92db8a2374827c900bff69d29bcea2d17390024a.d5098447d3cf3f655a1afa6c221255b51706ad6b77ef497f5909150a0b962224.473287f8298dba7163a897908958f7c0eae733e25d2e027992ea2edc9bed2fa8.d5098447d3cf3f655a1afa6c221255b51706ad6b77ef497f5909150a0b962224.473287f8298dba7163a897908958f7c0eae733e25d2e027992ea2edc9bed2fa8::constructor,own_fields,false,false,false
tuple.473287f8298dba7163a897908958f7c0eae733e25d2e027992ea2edc9bed2fa8.007bdab40af7807fdcc3dce12b8447397c10ce34736afce85499665c0432bef0::constructor,own_fields,false,false,false
tuple.473287f8298dba7163a897908958f7c0eae733e25d2e027992ea2edc9bed2fa8.0efb41a0bd8b3870d1f98635ed9b2c4b70c07a75a432838f6c05b0aeb5476089::constructor,own_fields,false,false,false
tuple.473287f8298dba7163a897908958f7c0eae733e25d2e027992ea2edc9bed2fa8.12886f9d00055adf24c40579e22d31b2b45f2023f892954ffd5567beb60825f8.8f9108e347ad289a33aa5df99962abce4e6d371906c6508e3a0fcfd0983f8809::constructor,own_fields,false,false,false
tuple.473287f8298dba7163a897908958f7c0eae733e25d2e027992ea2edc9bed2fa8.4687b243c13069c862028ceda769e00de605bdbc1445465638838918564107df::constructor,own_fields,false,false,false
tuple.473287f8298dba7163a897908958f7c0eae733e25d2e027992ea2edc9bed2fa8.8f9108e347ad289a33aa5df99962abce4e6d371906c6508e3a0fcfd0983f8809.98b7639e585fae5238ff43662490d7623581819bd94f3e3d769d74b4152b48ee::constructor,own_fields,false,false,false
tuple.473287f8298dba7163a897908958f7c0eae733e25d2e027992ea2edc9bed2fa8.8f9108e347ad289a33aa5df99962abce4e6d371906c6508e3a0fcfd0983f8809::constructor,own_fields,false,false,false
tuple.473287f8298dba7163a897908958f7c0eae733e25d2e027992ea2edc9bed2fa8.9392c2913985a8d9dece285370a034dbfd0b9818f6378b05362544daf2088e35::constructor,own_fields,false,false,false
tuple.473287f8298dba7163a897908958f7c0eae733e25d2e027992ea2edc9bed2fa8.c51ad2715f4a421ca754ef556a8d119619a895ed27b8854ba65d9dbc1b4aac6a::constructor,own_fields,false,false,false
tuple.473287f8298dba7163a897908958f7c0eae733e25d2e027992ea2edc9bed2fa8.eb99986e1e9ff4ad3266e9d2022e533b76524ac2455960609bbda51d658c05fe::constructor,own_fields,false,false,false
tuple.473287f8298dba7163a897908958f7c0eae733e25d2e027992ea2edc9bed2fa8.f844f4765f19287233212fb9778d862f83d636e3a125668df80db342fc975c11::constructor,own_fields,false,false,false
tuple.b9186eb6a5a9c2807a69ae227136a989fe3c4994c28164490ee76ba0fa171b0b.b9186eb6a5a9c2807a69ae227136a989fe3c4994c28164490ee76ba0fa171b0b.b9186eb6a5a9c2807a69ae227136a989fe3c4994c28164490ee76ba0fa171b0b.4f8b0db0982451f378b8b67d7227fee6bb6f40377a37ed3a8a557afc0cd3c165.b9186eb6a5a9c2807a69ae227136a989fe3c4994c28164490ee76ba0fa171b0b.b9186eb6a5a9c2807a69ae227136a989fe3c4994c28164490ee76ba0fa171b0b.b9186eb6a5a9c2807a69ae227136a989fe3c4994c28164490ee76ba0fa171b0b.b9186eb6a5a9c2807a69ae227136a989fe3c4994c28164490ee76ba0fa171b0b.b9186eb6a5a9c2807a69ae227136a989fe3c4994c28164490ee76ba0fa171b0b.b9186eb6a5a9c2807a69ae227136a989fe3c4994c28164490ee76ba0fa171b0b.b9186eb6a5a9c2807a69ae227136a989fe3c4994c28164490ee76ba0fa171b0b.b9186eb6a5a9c2807a69ae227136a989fe3c4994c28164490ee76ba0fa171b0b.b9186eb6a5a9c2807a69ae227136a989fe3c4994c28164490ee76ba0fa171b0b.8e04e638b0ecc26179320ba0e5eebbcae08db0a3adcc209d40824ec8b26a0cc5.8e04e638b0ecc26179320ba0e5eebbcae08db0a3adcc209d40824ec8b26a0cc5.8e04e638b0ecc26179320ba0e5eebbcae08db0a3adcc209d40824ec8b26a0cc5.8e04e638b0ecc26179320ba0e5eebbcae08db0a3adcc209d40824ec8b26a0cc5.8e04e638b0ecc26179320ba0e5eebbcae08db0a3adcc209d40824ec8b26a0cc5.8e04e638b0ecc26179320ba0e5eebbcae08db0a3adcc209d40824ec8b26a0cc5.8e04e638b0ecc26179320ba0e5eebbcae08db0a3adcc209d40824ec8b26a0cc5.94f842b583325e87847f4fa7f2af94dee5f250267cbf50fb64089907532c051a.94f842b583325e87847f4fa7f2af94dee5f250267cbf50fb64089907532c051a.94f842b583325e87847f4fa7f2af94dee5f250267cbf50fb64089907532c051a.94f842b583325e87847f4fa7f2af94dee5f250267cbf50fb64089907532c051a.94f842b583325e87847f4fa7f2af94dee5f250267cbf50fb64089907532c051a.94f842b583325e87847f4fa7f2af94dee5f250267cbf50fb64089907532c051a.94f842b583325e87847f4fa7f2af94dee5f250267cbf50fb64089907532c051a.94f842b583325e87847f4fa7f2af94dee5f250267cbf50fb64089907532c051a.94f842b583325e87847f4fa7f2af94dee5f250267cbf50fb64089907532c051a.94f842b583325e87847f4fa7f2af94dee5f250267cbf50fb64089907532c051a.94f842b583325e87847f4fa7f2af94dee5f250267cbf50fb64089907532c051a.94f842b583325e87847f4fa7f2af94dee5f250267cbf50fb64089907532c051a.94f842b583325e87847f4fa7f2af94dee5f250267cbf50fb64089907532c051a.94f842b583325e87847f4fa7f2af94dee5f250267cbf50fb64089907532c051a.94f842b583325e87847f4fa7f2af94dee5f250267cbf50fb64089907532c051a.94f842b583325e87847f4fa7f2af94dee5f250267cbf50fb64089907532c051a.94f842b583325e87847f4fa7f2af94dee5f250267cbf50fb64089907532c051a.94f842b583325e87847f4fa7f2af94dee5f250267cbf50fb64089907532c051a.94f842b583325e87847f4fa7f2af94dee5f250267cbf50fb64089907532c051a.94f842b583325e87847f4fa7f2af94dee5f250267cbf50fb64089907532c051a.94f842b583325e87847f4fa7f2af94dee5f250267cbf50fb64089907532c051a.94f842b583325e87847f4fa7f2af94dee5f250267cbf50fb64089907532c051a.94f842b583325e87847f4fa7f2af94dee5f250267cbf50fb64089907532c051a.94f842b583325e87847f4fa7f2af94dee5f250267cbf50fb64089907532c051a.94f842b583325e87847f4fa7f2af94dee5f250267cbf50fb64089907532c051a.94f842b583325e87847f4fa7f2af94dee5f250267cbf50fb64089907532c051a.94f842b583325e87847f4fa7f2af94dee5f250267cbf50fb64089907532c051a.94f842b583325e87847f4fa7f2af94dee5f250267cbf50fb64089907532c051a.94f842b583325e87847f4fa7f2af94dee5f250267cbf50fb64089907532c051a.94f842b583325e87847f4fa7f2af94dee5f250267cbf50fb64089907532c051a.94f842b583325e87847f4fa7f2af94dee5f250267cbf50fb64089907532c051a.94f842b583325e87847f4fa7f2af94dee5f250267cbf50fb64089907532c051a.94f842b583325e87847f4fa7f2af94dee5f250267cbf50fb64089907532c051a.94f842b583325e87847f4fa7f2af94dee5f250267cbf50fb64089907532c051a.94f842b583325e87847f4fa7f2af94dee5f250267cbf50fb64089907532c051a.22a915353864045a5f6ab4b4c6028daf596b6e9129528877bf3b4093dad1df73.22a915353864045a5f6ab4b4c6028daf596b6e9129528877bf3b4093dad1df73.59d461997628a01ed20ed9a722e36c6d462435260498c377d7aa75389cb5f855::constructor,own_fields,false,false,false
