class,caller,stage,site,source,loop_depth,hot_stage
builtin.Error,src/abap/2_statements/combi.ts.Alternative::constructor,statements/combi.Alternative,src/abap/2_statements/combi.ts.Alternative::constructor/body/s0/body/s0/x,src/abap/2_statements/combi.ts:882:13,0,true
builtin.Error,src/abap/2_statements/combi.ts.AlternativePriority::constructor,statements/combi.AlternativePriority,src/abap/2_statements/combi.ts.AlternativePriority::constructor/body/s0/body/s0/x,src/abap/2_statements/combi.ts:953:13,0,true
builtin.Error,src/abap/2_statements/combi.ts.Permutation::constructor,statements/combi.Permutation,src/abap/2_statements/combi.ts.Permutation::constructor/body/s0/body/s0/x,src/abap/2_statements/combi.ts:760:13,0,true
builtin.Error,src/abap/2_statements/combi.ts.Sequence::constructor,statements/combi.Sequence,src/abap/2_statements/combi.ts.Sequence::constructor/body/s0/body/s0/x,src/abap/2_statements/combi.ts:591:13,0,true
builtin.Error,src/abap/2_statements/statement_parser.ts.StatementMap::constructor,statements,src/abap/2_statements/statement_parser.ts.StatementMap::constructor/body/s1/body/s1/body/s0/x,src/abap/2_statements/statement_parser.ts:33:15,1,true
builtin.Error,src/abap/3_structures/structures/_combi.ts.Alternative::constructor,structures,src/abap/3_structures/structures/_combi.ts.Alternative::constructor/body/s0/body/s0/x,src/abap/3_structures/structures/_combi.ts:74:13,0,true
builtin.Error,src/abap/3_structures/structures/_combi.ts.Sequence::constructor,structures,src/abap/3_structures/structures/_combi.ts.Sequence::constructor/body/s0/body/s0/x,src/abap/3_structures/structures/_combi.ts:13:13,0,true
builtin.Error,src/abap/4_file_information/abap_file_information_parser.ts.ABAPFileInformationParser::parseInterfaces,other,src/abap/4_file_information/abap_file_information_parser.ts.ABAPFileInformationParser::parseInterfaces/body/s1/body/s1/body/s0/x,src/abap/4_file_information/abap_file_information_parser.ts:84:15,1,false
builtin.Error,src/abap/5_syntax/_current_scope.ts.CurrentScope::addClassDefinition,syntax,src/abap/5_syntax/_current_scope.ts.CurrentScope::addClassDefinition/body/s2/body/s0/x,src/abap/5_syntax/_current_scope.ts:138:13,0,false
builtin.Error,src/abap/5_syntax/_current_scope.ts.CurrentScope::addExtraLikeTypeNamed,syntax,src/abap/5_syntax/_current_scope.ts.CurrentScope::addExtraLikeTypeNamed/body/s3/body/s0/x,src/abap/5_syntax/_current_scope.ts:127:13,0,false
builtin.Error,src/abap/5_syntax/_current_scope.ts.CurrentScope::addInterfaceDefinition,syntax,src/abap/5_syntax/_current_scope.ts.CurrentScope::addInterfaceDefinition/body/s2/body/s0/x,src/abap/5_syntax/_current_scope.ts:172:13,0,false
builtin.Error,src/abap/5_syntax/_current_scope.ts.CurrentScope::addNamedIdentifier,syntax,src/abap/5_syntax/_current_scope.ts.CurrentScope::addNamedIdentifier/body/s2/body/s0/x,src/abap/5_syntax/_current_scope.ts:184:13,0,false
builtin.Error,src/abap/5_syntax/_current_scope.ts.CurrentScope::addNamedIdentifier,syntax,src/abap/5_syntax/_current_scope.ts.CurrentScope::addNamedIdentifier/body/s2/else/body/s0/x,src/abap/5_syntax/_current_scope.ts:186:13,0,false
builtin.Error,src/abap/5_syntax/_current_scope.ts.CurrentScope::addTypeNamed,syntax,src/abap/5_syntax/_current_scope.ts.CurrentScope::addTypeNamed/body/s3/body/s0/x,src/abap/5_syntax/_current_scope.ts:104:13,0,false
builtin.Error,src/abap/5_syntax/_current_scope.ts.CurrentScope::addTypeNamed,syntax,src/abap/5_syntax/_current_scope.ts.CurrentScope::addTypeNamed/body/s3/else/body/s0/x,src/abap/5_syntax/_current_scope.ts:106:13,0,false
builtin.Error,src/abap/5_syntax/_current_scope.ts.CurrentScope::getName,syntax,src/abap/5_syntax/_current_scope.ts.CurrentScope::getName/body/s0/body/s0/x,src/abap/5_syntax/_current_scope.ts:531:13,0,false
builtin.Error,src/abap/5_syntax/_current_scope.ts.CurrentScope::getType,syntax,src/abap/5_syntax/_current_scope.ts.CurrentScope::getType/body/s0/body/s0/x,src/abap/5_syntax/_current_scope.ts:538:13,0,false
builtin.Error,src/abap/5_syntax/_current_scope.ts.CurrentScope::pop,syntax,src/abap/5_syntax/_current_scope.ts.CurrentScope::pop/body/s1/body/s0/x,src/abap/5_syntax/_current_scope.ts:644:13,0,false
builtin.Error,src/abap/5_syntax/_object_oriented.ts.ObjectOriented::findClassName,syntax,src/abap/5_syntax/_object_oriented.ts.ObjectOriented::findClassName/body/s0/body/s0/x,src/abap/5_syntax/_object_oriented.ts:138:13,0,false
builtin.Error,src/abap/5_syntax/_object_oriented.ts.ObjectOriented::findClassName,syntax,src/abap/5_syntax/_object_oriented.ts.ObjectOriented::findClassName/body/s2/body/s0/x,src/abap/5_syntax/_object_oriented.ts:142:13,0,false
builtin.Error,src/abap/5_syntax/_object_oriented.ts.ObjectOriented::findSuperDefinition,syntax,src/abap/5_syntax/_object_oriented.ts.ObjectOriented::findSuperDefinition/body/s1/body/s0/x,src/abap/5_syntax/_object_oriented.ts:439:13,0,false
builtin.Error,src/abap/5_syntax/basic_types.ts.BasicTypes::findLength,syntax,src/abap/5_syntax/basic_types.ts.BasicTypes::findLength/body/s11/x,src/abap/5_syntax/basic_types.ts:1084:11,0,false
builtin.Error,src/abap/5_syntax/basic_types.ts.BasicTypes::findLength,syntax,src/abap/5_syntax/basic_types.ts.BasicTypes::findLength/body/s2/body/s0/x,src/abap/5_syntax/basic_types.ts:1048:13,0,false
builtin.Error,src/abap/5_syntax/basic_types.ts.BasicTypes::findValue,syntax,src/abap/5_syntax/basic_types.ts.BasicTypes::findValue/body/s1/body/s0/x,src/abap/5_syntax/basic_types.ts:994:13,0,false
builtin.Error,src/abap/5_syntax/basic_types.ts.BasicTypes::findValue,syntax,src/abap/5_syntax/basic_types.ts.BasicTypes::findValue/body/s7/x,src/abap/5_syntax/basic_types.ts:1032:11,0,false
builtin.Error,src/abap/5_syntax/basic_types.ts.BasicTypes::parseType,syntax,src/abap/5_syntax/basic_types.ts.BasicTypes::parseType/body/s10/body/s1/body/s0/x,src/abap/5_syntax/basic_types.ts:658:15,0,false
builtin.Error,src/abap/5_syntax/basic_types.ts.BasicTypes::parseType,syntax,src/abap/5_syntax/basic_types.ts.BasicTypes::parseType/body/s9/else/else/else/else/else/else/else/body/s2/else/body/s0/else/body/s0/x,src/abap/5_syntax/basic_types.ts:630:17,0,false
builtin.Error,src/abap/5_syntax/basic_types.ts.BasicTypes::resolveConstantValue,syntax,src/abap/5_syntax/basic_types.ts.BasicTypes::resolveConstantValue/body/s0/body/s0/x,src/abap/5_syntax/basic_types.ts:883:13,0,false
builtin.Error,src/abap/5_syntax/basic_types.ts.BasicTypes::resolveConstantValue,syntax,src/abap/5_syntax/basic_types.ts.BasicTypes::resolveConstantValue/body/s4/else/else/body/s1/body/s0/else/body/s0/x,src/abap/5_syntax/basic_types.ts:918:17,0,false
builtin.Error,src/abap/5_syntax/basic_types.ts.BasicTypes::resolveConstantValue,syntax,src/abap/5_syntax/basic_types.ts.BasicTypes::resolveConstantValue/body/s4/else/else/body/s7/x,src/abap/5_syntax/basic_types.ts:944:13,0,false
builtin.Error,src/abap/5_syntax/basic_types.ts.BasicTypes::resolveConstantValue,syntax,src/abap/5_syntax/basic_types.ts.BasicTypes::resolveConstantValue/body/s4/else/else/else/s0/x,src/abap/5_syntax/basic_types.ts:947:13,0,false
builtin.Error,src/abap/5_syntax/basic_types.ts.BasicTypes::resolveLikeName,syntax,src/abap/5_syntax/basic_types.ts.BasicTypes::resolveLikeName/body/s1/s6/body/s0/x,src/abap/5_syntax/basic_types.ts:124:13,0,false
builtin.Error,src/abap/5_syntax/expressions/field_chain.ts.FieldChain::runSyntax,syntax,src/abap/5_syntax/expressions/field_chain.ts.FieldChain::runSyntax/body/s1/s5/s1/body/s0/s2/else/else/else/body/s1/body/s0/x,src/abap/5_syntax/expressions/field_chain.ts:106:17,1,false
builtin.Error,src/abap/5_syntax/expressions/new_object.ts.NewObject::runSyntax,syntax,src/abap/5_syntax/expressions/new_object.ts.NewObject::runSyntax/body/s3/body/s0/x,src/abap/5_syntax/expressions/new_object.ts:24:13,0,false
builtin.Error,src/abap/nodes/expression_node.ts.ExpressionNode::getFirstToken,other,src/abap/nodes/expression_node.ts.ExpressionNode::getFirstToken/body/s1/x,src/abap/nodes/expression_node.ts:43:11,0,false
builtin.Error,src/abap/nodes/expression_node.ts.ExpressionNode::getLastToken,other,src/abap/nodes/expression_node.ts.ExpressionNode::getLastToken/body/s2/x,src/abap/nodes/expression_node.ts:152:11,0,false
builtin.Error,src/abap/nodes/statement_node.ts.StatementNode::getFirstToken,other,src/abap/nodes/statement_node.ts.StatementNode::getFirstToken/body/s1/x,src/abap/nodes/statement_node.ts:168:11,0,false
builtin.Error,src/abap/nodes/statement_node.ts.StatementNode::getLastToken,other,src/abap/nodes/statement_node.ts.StatementNode::getLastToken/body/s2/x,src/abap/nodes/statement_node.ts:178:11,0,false
builtin.Error,src/abap/nodes/statement_node.ts.StatementNode::setChildren_instantiated_src/abap/nodes/statement_node.ts.StatementNode,other,src/abap/nodes/statement_node.ts.StatementNode::setChildren_instantiated_src/abap/nodes/statement_node.ts.StatementNode/body/s0/body/s0/x,src/abap/nodes/statement_node.ts:46:13,0,false
builtin.Error,src/abap/nodes/structure_node.ts.StructureNode::getFirstToken,other,src/abap/nodes/structure_node.ts.StructureNode::getFirstToken/body/s2/x,src/abap/nodes/structure_node.ts:118:11,0,false
builtin.Error,src/abap/nodes/structure_node.ts.StructureNode::getLastToken,other,src/abap/nodes/structure_node.ts.StructureNode::getLastToken/body/s2/x,src/abap/nodes/structure_node.ts:128:11,0,false
builtin.Error,src/abap/types/basic/character_type.ts.CharacterType::constructor,other,src/abap/types/basic/character_type.ts.CharacterType::constructor/body/s1/body/s0/x,src/abap/types/basic/character_type.ts:9:13,0,false
builtin.Error,src/abap/types/basic/floating_point_type.ts.FloatingPointType::constructor,other,src/abap/types/basic/floating_point_type.ts.FloatingPointType::constructor/body/s1/body/s0/x,src/abap/types/basic/floating_point_type.ts:11:13,0,false
builtin.Error,src/abap/types/basic/hex_type.ts.HexType::constructor,other,src/abap/types/basic/hex_type.ts.HexType::constructor/body/s1/body/s0/x,src/abap/types/basic/hex_type.ts:9:13,0,false
builtin.Error,src/abap/types/basic/numeric_type.ts.NumericType::constructor,other,src/abap/types/basic/numeric_type.ts.NumericType::constructor/body/s1/body/s0/x,src/abap/types/basic/numeric_type.ts:9:13,0,false
builtin.Error,src/abap/types/basic/packed_type.ts.PackedType::constructor,other,src/abap/types/basic/packed_type.ts.PackedType::constructor/body/s1/body/s0/x,src/abap/types/basic/packed_type.ts:10:13,0,false
builtin.Error,src/abap/types/basic/packed_type.ts.PackedType::constructor,other,src/abap/types/basic/packed_type.ts.PackedType::constructor/body/s1/else/body/s0/x,src/abap/types/basic/packed_type.ts:12:13,0,false
builtin.Error,src/abap/types/basic/structure_type.ts.StructureType::constructor,other,src/abap/types/basic/structure_type.ts.StructureType::constructor/body/s1/body/s0/x,src/abap/types/basic/structure_type.ts:21:13,0,false
builtin.Error,src/abap/types/basic/structure_type.ts.StructureType::constructor,other,src/abap/types/basic/structure_type.ts.StructureType::constructor/body/s3/body/s1/body/s0/x,src/abap/types/basic/structure_type.ts:28:15,1,false
builtin.Error,src/abap/types/basic/table_type.ts.TableType::constructor,other,src/abap/types/basic/table_type.ts.TableType::constructor/body/s3/body/s0/x,src/abap/types/basic/table_type.ts:43:13,0,false
builtin.Error,src/abap/types/class_attributes.ts.Attributes::parse,other,src/abap/types/class_attributes.ts.Attributes::parse/body/s4/x,src/abap/types/class_attributes.ts:161:11,0,false
builtin.Error,src/abap/types/class_attributes.ts.Attributes::parseAlias,other,src/abap/types/class_attributes.ts.Attributes::parseAlias/body/s4/body/s2/else/else/s0/x,src/abap/types/class_attributes.ts:279:15,0,false
builtin.Error,src/abap/types/class_attributes.ts.Attributes::parseAttribute,other,src/abap/types/class_attributes.ts.Attributes::parseAttribute/body/s2/else/else/s0/x,src/abap/types/class_attributes.ts:323:13,0,false
builtin.Error,src/abap/types/class_attributes.ts.Attributes::parseAttribute,other,src/abap/types/class_attributes.ts.Attributes::parseAttribute/body/s3/body/s0/x,src/abap/types/class_attributes.ts:327:13,0,false
builtin.Error,src/abap/types/class_definition.ts.ClassDefinition::constructor,other,src/abap/types/class_definition.ts.ClassDefinition::constructor/body/s0/body/s0/x,src/abap/types/class_definition.ts:41:13,0,false
builtin.Error,src/abap/types/class_definition.ts.ClassDefinition::parse,other,src/abap/types/class_definition.ts.ClassDefinition::parse/body/s0/body/s2/body/s0/x,src/abap/types/class_definition.ts:314:15,1,false
builtin.Error,src/abap/types/class_implementation.ts.ClassImplementation::constructor,other,src/abap/types/class_implementation.ts.ClassImplementation::constructor/body/s0/body/s0/x,src/abap/types/class_implementation.ts:14:13,0,false
builtin.Error,src/abap/types/event_definition.ts.EventDefinition::constructor,other,src/abap/types/event_definition.ts.EventDefinition::constructor/body/s0/body/s0/x,src/abap/types/event_definition.ts:18:13,0,false
builtin.Error,src/abap/types/event_definition.ts.EventDefinition::constructor,other,src/abap/types/event_definition.ts.EventDefinition::constructor/body/s2/body/s0/x,src/abap/types/event_definition.ts:22:13,0,false
builtin.Error,src/abap/types/interface_definition.ts.InterfaceDefinition::checkInterfacesExists,other,src/abap/types/interface_definition.ts.InterfaceDefinition::checkInterfacesExists/body/s0/body/s2/body/s2/else/else/s0/x,src/abap/types/interface_definition.ts:112:17,1,false
builtin.Error,src/abap/types/interface_definition.ts.InterfaceDefinition::constructor,other,src/abap/types/interface_definition.ts.InterfaceDefinition::constructor/body/s0/body/s0/x,src/abap/types/interface_definition.ts:33:13,0,false
builtin.Error,src/abap/types/method_definition.ts.MethodDefinition::constructor,other,src/abap/types/method_definition.ts.MethodDefinition::constructor/body/s0/body/s0/x,src/abap/types/method_definition.ts:28:13,0,false
builtin.Error,src/abap/types/method_definition.ts.MethodDefinition::constructor,other,src/abap/types/method_definition.ts.MethodDefinition::constructor/body/s2/body/s0/x,src/abap/types/method_definition.ts:33:13,0,false
builtin.Error,src/abap/types/method_definitions.ts.MethodDefinitions::parse,other,src/abap/types/method_definitions.ts.MethodDefinitions::parse/body/s3/body/s0/x,src/abap/types/method_definitions.ts:49:13,0,false
builtin.Error,src/abap/types/method_implementation.ts.MethodImplementation::constructor,other,src/abap/types/method_implementation.ts.MethodImplementation::constructor/body/s0/body/s0/x,src/abap/types/method_implementation.ts:10:13,0,false
builtin.Error,src/abap/types/method_implementation.ts.MethodImplementation::constructor,other,src/abap/types/method_implementation.ts.MethodImplementation::constructor/body/s2/body/s0/x,src/abap/types/method_implementation.ts:14:13,0,false
builtin.Error,src/abap/types/method_parameters.ts.MethodParameters::checkDuplicateNames,other,src/abap/types/method_parameters.ts.MethodParameters::checkDuplicateNames/body/s1/body/s1/body/s0/x,src/abap/types/method_parameters.ts:218:15,1,false
builtin.Error,src/abap/types/method_parameters.ts.MethodParameters::constructor,other,src/abap/types/method_parameters.ts.MethodParameters::constructor/body/s0/body/s0/x,src/abap/types/method_parameters.ts:35:13,0,false
builtin.Error,src/edit_helper.ts.EditHelper::firstAfterColon,other,src/edit_helper.ts.EditHelper::firstAfterColon/body/s2/x,src/edit_helper.ts:188:11,0,false
builtin.Error,src/issue.ts.Issue::constructor,other,src/issue.ts.Issue::constructor/body/s2/body/s0/x,src/issue.ts:148:13,0,false
builtin.Error,src/issue.ts.Issue::constructor,other,src/issue.ts.Issue::constructor/body/s2/else/body/s0/x,src/issue.ts:150:13,0,false
builtin.Error,src/registry.ts.Registry::checkDuplicateFilename,other,src/registry.ts.Registry::checkDuplicateFilename/body/s2/body/s0/body/s0/x,src/registry.ts:264:15,1,false
builtin.Error,src/registry.ts.Registry::find,other,src/registry.ts.Registry::find/body/s3/x,src/registry.ts:464:11,0,false
builtin.Error,src/registry.ts.Registry::removeObject,other,src/registry.ts.Registry::removeObject/body/s1/body/s0/x,src/registry.ts:439:13,0,false
builtin.Error,src/utils/form_length_stats.ts.FormLengthStats::findName,other,src/utils/form_length_stats.ts.FormLengthStats::findName/body/s2/else/s0/x,src/utils/form_length_stats.ts:54:13,0,false
builtin.Error,src/utils/function_length_stats.ts.FunctionLengthStats::findName,other,src/utils/function_length_stats.ts.FunctionLengthStats::findName/body/s1/else/s0/x,src/utils/function_length_stats.ts:53:13,0,false
builtin.Error,src/utils/include_graph.ts.IncludeGraph::build,other,src/utils/include_graph.ts.IncludeGraph::build/body/s1/body/s0/body/s1/body/s0/body/s1/body/s0/x,src/utils/include_graph.ts:152:21,3,false
builtin.Error,src/utils/method_length_stats.ts.MethodLengthStats::findName,other,src/utils/method_length_stats.ts.MethodLengthStats::findName/body/s2/else/s0/x,src/utils/method_length_stats.ts:66:13,0,false
builtin.Error,src/version.ts.module::versionToABAPRelease,other,src/version.ts.module::versionToABAPRelease/body/s0/s1/body/s0/x,src/version.ts:214:36,0,false
shape.1349f3595317f64ed80ed692f1b3f40aeac7457cf750e87b74fd43117396fde9,src/abap/2_statements/statement_parser.ts.StatementParser::removePragma,statements,src/abap/2_statements/statement_parser.ts.StatementParser::removePragma/body/s2/body/s0/x,src/abap/2_statements/statement_parser.ts:272:14,0,true
shape.1349f3595317f64ed80ed692f1b3f40aeac7457cf750e87b74fd43117396fde9,src/abap/2_statements/statement_parser.ts.StatementParser::removePragma,statements,src/abap/2_statements/statement_parser.ts.StatementParser::removePragma/body/s6/x,src/abap/2_statements/statement_parser.ts:286:12,0,true
shape.7e8c4203d26cc50517941a28b5cbce37cdb0fb6abdee06ebaa72071cab7d32db,src/abap/2_statements/statement_parser.ts.StatementMap::constructor,statements,src/abap/2_statements/statement_parser.ts.StatementMap::constructor/body/s1/body/s2/body/s0/body/s0/x/arg0,src/abap/2_statements/statement_parser.ts:37:32,2,true
shape.7e8c4203d26cc50517941a28b5cbce37cdb0fb6abdee06ebaa72071cab7d32db,src/abap/2_statements/statement_parser.ts.StatementMap::constructor,statements,src/abap/2_statements/statement_parser.ts.StatementMap::constructor/body/s1/body/s2/body/s0/else/s0/x/arg1/seq/s1/x/arg0,src/abap/2_statements/statement_parser.ts:39:30,2,true
src/_imacro_references.ts.IFilenameAndToken,src/abap/2_statements/expand_macros.ts.ExpandMacros::find,statements,src/abap/2_statements/expand_macros.ts.ExpandMacros::find/body/s1/s5/s1/body/s0/s2/else/else/body/s0/body/s1/x/1/seq/s0/body/s0/x/arg0,src/abap/2_statements/expand_macros.ts:120:42,1,true
src/_imacro_references.ts.IFilenameAndToken,src/abap/2_statements/expand_macros.ts.ExpandMacros::handleMacros,statements,src/abap/2_statements/expand_macros.ts.ExpandMacros::handleMacros/body/s1/s3/body/s1/body/s1/body/s1/body/s0/x/1/seq/s0/body/s0/x/arg0,src/abap/2_statements/expand_macros.ts:146:43,1,true
src/_imacro_references.ts.IFilenameAndToken,src/msag_references.ts.MSAGReferences::addUsing,other,src/msag_references.ts.MSAGReferences::addUsing/body/s5/x/arg0,src/msag_references.ts:29:53,0,false
src/abap/1_lexer/tokens/association_name.ts.AssociationName,src/abap/1_lexer/lexer.ts.Lexer::add,lexer,src/abap/1_lexer/lexer.ts.Lexer::add/body/s1/body/s12/body/s4/body/s0/y,src/abap/1_lexer/lexer.ts:225:17,0,true
src/abap/1_lexer/tokens/at.ts.At,src/abap/1_lexer/lexer.ts.Lexer::add,lexer,src/abap/1_lexer/lexer.ts.Lexer::add/body/s1/body/s11/else/else/else/else/body/s0/else/else/else/else/else/else/else/body/s0/else/else/else/s0/y,src/abap/1_lexer/lexer.ts:192:19,0,true
src/abap/1_lexer/tokens/atw.ts.AtW,src/abap/1_lexer/lexer.ts.Lexer::add,lexer,src/abap/1_lexer/lexer.ts.Lexer::add/body/s1/body/s11/else/else/else/else/body/s0/else/else/else/else/else/else/else/body/s0/else/else/body/s0/y,src/abap/1_lexer/lexer.ts:190:19,0,true
src/abap/1_lexer/tokens/bracket_left.ts.BracketLeft,src/abap/1_lexer/lexer.ts.Lexer::add,lexer,src/abap/1_lexer/lexer.ts.Lexer::add/body/s1/body/s11/else/else/else/else/body/s0/else/body/s0/else/else/else/s0/y,src/abap/1_lexer/lexer.ts:132:19,0,true
src/abap/1_lexer/tokens/bracket_leftw.ts.BracketLeftW,src/abap/1_lexer/lexer.ts.Lexer::add,lexer,src/abap/1_lexer/lexer.ts.Lexer::add/body/s1/body/s11/else/else/else/else/body/s0/else/body/s0/else/else/body/s0/y,src/abap/1_lexer/lexer.ts:130:19,0,true
src/abap/1_lexer/tokens/bracket_right.ts.BracketRight,src/abap/1_lexer/lexer.ts.Lexer::add,lexer,src/abap/1_lexer/lexer.ts.Lexer::add/body/s1/body/s11/else/else/else/else/body/s0/else/else/else/body/s0/else/else/else/s0/y,src/abap/1_lexer/lexer.ts:152:19,0,true
src/abap/1_lexer/tokens/bracket_rightw.ts.BracketRightW,src/abap/1_lexer/lexer.ts.Lexer::add,lexer,src/abap/1_lexer/lexer.ts.Lexer::add/body/s1/body/s11/else/else/else/else/body/s0/else/else/else/body/s0/else/else/body/s0/y,src/abap/1_lexer/lexer.ts:150:19,0,true
src/abap/1_lexer/tokens/comment.ts.Comment,src/abap/1_lexer/lexer.ts.Lexer::add,lexer,src/abap/1_lexer/lexer.ts.Lexer::add/body/s1/body/s11/body/s0/y,src/abap/1_lexer/lexer.ts:102:15,0,true
src/abap/1_lexer/tokens/dash.ts.Dash,src/abap/1_lexer/lexer.ts.Lexer::add,lexer,src/abap/1_lexer/lexer.ts.Lexer::add/body/s1/body/s11/else/else/else/else/body/s0/else/else/else/else/else/body/s0/else/else/else/s0/y,src/abap/1_lexer/lexer.ts:172:19,0,true
src/abap/1_lexer/tokens/dashw.ts.DashW,src/abap/1_lexer/lexer.ts.Lexer::add,lexer,src/abap/1_lexer/lexer.ts.Lexer::add/body/s1/body/s11/else/else/else/else/body/s0/else/else/else/else/else/body/s0/else/else/body/s0/y,src/abap/1_lexer/lexer.ts:170:19,0,true
src/abap/1_lexer/tokens/identifier.ts.Identifier,src/abap/1_lexer/lexer.ts.Lexer::add,lexer,src/abap/1_lexer/lexer.ts.Lexer::add/body/s1/body/s11/else/else/body/s2/else/else/else/else/s0/y,src/abap/1_lexer/lexer.ts:117:17,0,true
src/abap/1_lexer/tokens/identifier.ts.Identifier,src/abap/1_lexer/lexer.ts.Lexer::add,lexer,src/abap/1_lexer/lexer.ts.Lexer::add/body/s1/body/s13/body/s0/y,src/abap/1_lexer/lexer.ts:230:15,0,true
src/abap/1_lexer/tokens/identifier.ts.Identifier,src/abap/4_file_information/abap_file_information_parser.ts.ABAPFileInformationParser::parseForms,other,src/abap/4_file_information/abap_file_information_parser.ts.ABAPFileInformationParser::parseForms/body/s1/body/s2/x,src/abap/4_file_information/abap_file_information_parser.ts:68:25,1,false
src/abap/1_lexer/tokens/identifier.ts.Identifier,src/abap/5_syntax/_builtin.ts.BuiltIn::buildConstant,syntax,src/abap/5_syntax/_builtin.ts.BuiltIn::buildConstant/body/s0/x,src/abap/5_syntax/_builtin.ts:1353:16,0,false
src/abap/1_lexer/tokens/identifier.ts.Identifier,src/abap/5_syntax/_builtin.ts.BuiltIn::buildDefinition,syntax,src/abap/5_syntax/_builtin.ts.BuiltIn::buildDefinition/body/s1/x,src/abap/5_syntax/_builtin.ts:1045:19,0,false
src/abap/1_lexer/tokens/identifier.ts.Identifier,src/abap/5_syntax/_builtin.ts.BuiltIn::buildSY,syntax,src/abap/5_syntax/_builtin.ts.BuiltIn::buildSY/body/s173/x,src/abap/5_syntax/_builtin.ts:1337:17,0,false
src/abap/1_lexer/tokens/identifier.ts.Identifier,src/abap/5_syntax/_builtin.ts.BuiltIn::buildSY,syntax,src/abap/5_syntax/_builtin.ts.BuiltIn::buildSY/body/s175/x,src/abap/5_syntax/_builtin.ts:1340:17,0,false
src/abap/1_lexer/tokens/identifier.ts.Identifier,src/abap/5_syntax/_builtin.ts.BuiltIn::buildSY,syntax,src/abap/5_syntax/_builtin.ts.BuiltIn::buildSY/body/s177/x,src/abap/5_syntax/_builtin.ts:1344:17,0,false
src/abap/1_lexer/tokens/identifier.ts.Identifier,src/abap/5_syntax/_builtin.ts.BuiltIn::buildSY,syntax,src/abap/5_syntax/_builtin.ts.BuiltIn::buildSY/body/s179/x,src/abap/5_syntax/_builtin.ts:1346:17,0,false
src/abap/1_lexer/tokens/identifier.ts.Identifier,src/abap/5_syntax/_builtin.ts.BuiltIn::buildVariable,syntax,src/abap/5_syntax/_builtin.ts.BuiltIn::buildVariable/body/s0/x,src/abap/5_syntax/_builtin.ts:1156:16,0,false
src/abap/1_lexer/tokens/identifier.ts.Identifier,src/abap/5_syntax/_builtin.ts.BuiltIn::get,syntax,src/abap/5_syntax/_builtin.ts.BuiltIn::get/body/s4/body/s2/body/s0/x,src/abap/5_syntax/_builtin.ts:1144:20,1,false
src/abap/1_lexer/tokens/identifier.ts.Identifier,src/abap/5_syntax/_builtin.ts.BuiltIn::getTypes,syntax,src/abap/5_syntax/_builtin.ts.BuiltIn::getTypes/body/s0/body/s1/s0/x,src/abap/5_syntax/_builtin.ts:1083:20,0,false
src/abap/1_lexer/tokens/identifier.ts.Identifier,src/abap/5_syntax/_builtin.ts.BuiltIn::getTypes,syntax,src/abap/5_syntax/_builtin.ts.BuiltIn::getTypes/body/s0/body/s2/s0/x,src/abap/5_syntax/_builtin.ts:1088:20,0,false
src/abap/1_lexer/tokens/identifier.ts.Identifier,src/abap/5_syntax/_builtin.ts.BuiltInMethod::getImporting,syntax,src/abap/5_syntax/_builtin.ts.BuiltInMethod::getImporting/body/s1/s1/body/s0/body/s0/x,src/abap/5_syntax/_builtin.ts:61:18,1,false
src/abap/1_lexer/tokens/identifier.ts.Identifier,src/abap/5_syntax/_builtin.ts.BuiltInMethod::getImporting,syntax,src/abap/5_syntax/_builtin.ts.BuiltInMethod::getImporting/body/s2/s1/body/s0/body/s0/x,src/abap/5_syntax/_builtin.ts:65:18,1,false
src/abap/1_lexer/tokens/identifier.ts.Identifier,src/abap/5_syntax/_builtin.ts.BuiltInMethod::getRequiredParameters,syntax,src/abap/5_syntax/_builtin.ts.BuiltInMethod::getRequiredParameters/body/s1/s1/body/s0/body/s0/x,src/abap/5_syntax/_builtin.ts:36:18,1,false
src/abap/1_lexer/tokens/identifier.ts.Identifier,src/abap/5_syntax/_builtin.ts.BuiltInMethod::getReturning,syntax,src/abap/5_syntax/_builtin.ts.BuiltInMethod::getReturning/body/s0/x,src/abap/5_syntax/_builtin.ts:95:16,0,false
src/abap/1_lexer/tokens/identifier.ts.Identifier,src/abap/5_syntax/basic_types.ts.BasicTypes::simpleType,syntax,src/abap/5_syntax/basic_types.ts.BasicTypes::simpleType/body/s4/body/s0/y,src/abap/5_syntax/basic_types.ts:314:14,0,false
src/abap/1_lexer/tokens/identifier.ts.Identifier,src/abap/5_syntax/expressions/form_param.ts.FormParam::runSyntax,syntax,src/abap/5_syntax/expressions/form_param.ts.FormParam::runSyntax/body/s3/body/s0/y,src/abap/5_syntax/expressions/form_param.ts:19:19,0,false
src/abap/1_lexer/tokens/identifier.ts.Identifier,src/abap/5_syntax/statements/class_implementation.ts.ClassImplementation::runSyntax,syntax,src/abap/5_syntax/statements/class_implementation.ts.ClassImplementation::runSyntax/body/s8/body/s0/x/arg0/1/arg0,src/abap/5_syntax/statements/class_implementation.ts:36:53,0,false
src/abap/1_lexer/tokens/identifier.ts.Identifier,src/abap/5_syntax/statements/class_implementation.ts.ClassImplementation::runSyntax,syntax,src/abap/5_syntax/statements/class_implementation.ts.ClassImplementation::runSyntax/body/s8/else/s0/x/arg0/1/arg0,src/abap/5_syntax/statements/class_implementation.ts:39:53,0,false
src/abap/1_lexer/tokens/identifier.ts.Identifier,src/abap/5_syntax/statements/class_implementation.ts.ClassImplementation::runSyntax,syntax,src/abap/5_syntax/statements/class_implementation.ts.ClassImplementation::runSyntax/body/s9/x/arg0/1/arg0,src/abap/5_syntax/statements/class_implementation.ts:41:51,0,false
src/abap/1_lexer/tokens/identifier.ts.Identifier,src/abap/5_syntax/statements/parameter.ts.Parameter::runSyntax,syntax,src/abap/5_syntax/statements/parameter.ts.Parameter::runSyntax/body/s12/x,src/abap/5_syntax/statements/parameter.ts:56:24,0,false
src/abap/1_lexer/tokens/identifier.ts.Identifier,src/abap/5_syntax/statements/parameter.ts.Parameter::runSyntax,syntax,src/abap/5_syntax/statements/parameter.ts.Parameter::runSyntax/body/s3/body/s1/y,src/abap/5_syntax/statements/parameter.ts:21:19,0,false
src/abap/1_lexer/tokens/identifier.ts.Identifier,src/abap/5_syntax/statements/update_database.ts.UpdateDatabase::runSyntax,syntax,src/abap/5_syntax/statements/update_database.ts.UpdateDatabase::runSyntax/body/s4/body/s1/body/s1/body/s0/x,src/abap/5_syntax/statements/update_database.ts:37:30,1,false
src/abap/1_lexer/tokens/identifier.ts.Identifier,src/abap/5_syntax/structures/data.ts.Data::runSyntax,syntax,src/abap/5_syntax/structures/data.ts.Data::runSyntax/body/s5/body/s0/y,src/abap/5_syntax/structures/data.ts:32:14,0,false
src/abap/1_lexer/tokens/identifier.ts.Identifier,src/abap/types/form_definition.ts.FormDefinition::constructor,other,src/abap/types/form_definition.ts.FormDefinition::constructor/body/s4/x,src/abap/types/form_definition.ts:26:23,0,false
src/abap/1_lexer/tokens/identifier.ts.Identifier,src/abap/types/method_parameters.ts.MethodParameters::workaroundRAP,other,src/abap/types/method_parameters.ts.MethodParameters::workaroundRAP/body/s3/body/s2/body/s1/x/arg0/arg0,src/abap/types/method_parameters.ts:256:49,0,false
src/abap/1_lexer/tokens/identifier.ts.Identifier,src/abap/types/method_parameters.ts.MethodParameters::workaroundRAP,other,src/abap/types/method_parameters.ts.MethodParameters::workaroundRAP/body/s3/body/s2/body/s2/x/arg0/arg0,src/abap/types/method_parameters.ts:257:49,0,false
src/abap/1_lexer/tokens/identifier.ts.Identifier,src/abap/types/method_parameters.ts.MethodParameters::workaroundRAP,other,src/abap/types/method_parameters.ts.MethodParameters::workaroundRAP/body/s3/body/s2/else/body/s1/x/arg0/arg0,src/abap/types/method_parameters.ts:270:49,0,false
src/abap/1_lexer/tokens/identifier.ts.Identifier,src/abap/types/method_parameters.ts.MethodParameters::workaroundRAP,other,src/abap/types/method_parameters.ts.MethodParameters::workaroundRAP/body/s3/body/s2/else/body/s2/x/arg0/arg0,src/abap/types/method_parameters.ts:271:49,0,false
src/abap/1_lexer/tokens/identifier.ts.Identifier,src/abap/types/method_parameters.ts.MethodParameters::workaroundRAP,other,src/abap/types/method_parameters.ts.MethodParameters::workaroundRAP/body/s3/body/s2/else/body/s3/x/arg0/arg0,src/abap/types/method_parameters.ts:272:49,0,false
src/abap/1_lexer/tokens/instance_arrow.ts.InstanceArrow,src/abap/1_lexer/lexer.ts.Lexer::add,lexer,src/abap/1_lexer/lexer.ts.Lexer::add/body/s1/body/s11/else/else/else/else/else/body/s0/body/s0/else/else/else/s0/y,src/abap/1_lexer/lexer.ts:204:19,0,true
src/abap/1_lexer/tokens/instance_arroww.ts.InstanceArrowW,src/abap/1_lexer/lexer.ts.Lexer::add,lexer,src/abap/1_lexer/lexer.ts.Lexer::add/body/s1/body/s11/else/else/else/else/else/body/s0/body/s0/else/else/body/s0/y,src/abap/1_lexer/lexer.ts:202:19,0,true
src/abap/1_lexer/tokens/paren_left.ts.ParenLeft,src/abap/1_lexer/lexer.ts.Lexer::add,lexer,src/abap/1_lexer/lexer.ts.Lexer::add/body/s1/body/s11/else/else/else/else/body/s0/else/else/body/s0/else/else/else/s0/y,src/abap/1_lexer/lexer.ts:142:19,0,true
src/abap/1_lexer/tokens/paren_leftw.ts.ParenLeftW,src/abap/1_lexer/lexer.ts.Lexer::add,lexer,src/abap/1_lexer/lexer.ts.Lexer::add/body/s1/body/s11/else/else/else/else/body/s0/else/else/body/s0/else/else/body/s0/y,src/abap/1_lexer/lexer.ts:140:19,0,true
src/abap/1_lexer/tokens/paren_right.ts.ParenRight,src/abap/1_lexer/lexer.ts.Lexer::add,lexer,src/abap/1_lexer/lexer.ts.Lexer::add/body/s1/body/s11/else/else/else/else/body/s0/else/else/else/else/body/s0/else/else/else/s0/y,src/abap/1_lexer/lexer.ts:162:19,0,true
src/abap/1_lexer/tokens/paren_rightw.ts.ParenRightW,src/abap/1_lexer/lexer.ts.Lexer::add,lexer,src/abap/1_lexer/lexer.ts.Lexer::add/body/s1/body/s11/else/else/else/else/body/s0/else/else/else/else/body/s0/else/else/body/s0/y,src/abap/1_lexer/lexer.ts:160:19,0,true
src/abap/1_lexer/tokens/plus.ts.Plus,src/abap/1_lexer/lexer.ts.Lexer::add,lexer,src/abap/1_lexer/lexer.ts.Lexer::add/body/s1/body/s11/else/else/else/else/body/s0/else/else/else/else/else/else/body/s0/else/else/else/s0/y,src/abap/1_lexer/lexer.ts:182:19,0,true
src/abap/1_lexer/tokens/plusw.ts.PlusW,src/abap/1_lexer/lexer.ts.Lexer::add,lexer,src/abap/1_lexer/lexer.ts.Lexer::add/body/s1/body/s11/else/else/else/else/body/s0/else/else/else/else/else/else/body/s0/else/else/body/s0/y,src/abap/1_lexer/lexer.ts:180:19,0,true
src/abap/1_lexer/tokens/pragma.ts.Pragma,src/abap/1_lexer/lexer.ts.Lexer::add,lexer,src/abap/1_lexer/lexer.ts.Lexer::add/body/s1/body/s11/else/else/else/body/s0/y,src/abap/1_lexer/lexer.ts:120:15,0,true
src/abap/1_lexer/tokens/punctuation.ts.Punctuation,src/abap/1_lexer/lexer.ts.Lexer::add,lexer,src/abap/1_lexer/lexer.ts.Lexer::add/body/s1/body/s11/else/else/else/else/body/s0/body/s0/y,src/abap/1_lexer/lexer.ts:123:17,0,true
src/abap/1_lexer/tokens/static_arrow.ts.StaticArrow,src/abap/1_lexer/lexer.ts.Lexer::add,lexer,src/abap/1_lexer/lexer.ts.Lexer::add/body/s1/body/s11/else/else/else/else/else/body/s0/else/body/s0/else/else/else/s0/y,src/abap/1_lexer/lexer.ts:214:19,0,true
src/abap/1_lexer/tokens/static_arroww.ts.StaticArrowW,src/abap/1_lexer/lexer.ts.Lexer::add,lexer,src/abap/1_lexer/lexer.ts.Lexer::add/body/s1/body/s11/else/else/else/else/else/body/s0/else/body/s0/else/else/body/s0/y,src/abap/1_lexer/lexer.ts:212:19,0,true
src/abap/1_lexer/tokens/string.ts.StringToken,src/abap/1_lexer/lexer.ts.Lexer::add,lexer,src/abap/1_lexer/lexer.ts.Lexer::add/body/s1/body/s11/else/body/s0/y,src/abap/1_lexer/lexer.ts:104:15,0,true
src/abap/1_lexer/tokens/string_template.ts.StringTemplate,src/abap/1_lexer/lexer.ts.Lexer::add,lexer,src/abap/1_lexer/lexer.ts.Lexer::add/body/s1/body/s11/else/else/body/s2/body/s0/y,src/abap/1_lexer/lexer.ts:109:17,0,true
src/abap/1_lexer/tokens/string_template_begin.ts.StringTemplateBegin,src/abap/1_lexer/lexer.ts.Lexer::add,lexer,src/abap/1_lexer/lexer.ts.Lexer::add/body/s1/body/s11/else/else/body/s2/else/body/s0/y,src/abap/1_lexer/lexer.ts:111:17,0,true
src/abap/1_lexer/tokens/string_template_end.ts.StringTemplateEnd,src/abap/1_lexer/lexer.ts.Lexer::add,lexer,src/abap/1_lexer/lexer.ts.Lexer::add/body/s1/body/s11/else/else/body/s2/else/else/body/s0/y,src/abap/1_lexer/lexer.ts:113:17,0,true
src/abap/1_lexer/tokens/string_template_middle.ts.StringTemplateMiddle,src/abap/1_lexer/lexer.ts.Lexer::add,lexer,src/abap/1_lexer/lexer.ts.Lexer::add/body/s1/body/s11/else/else/body/s2/else/else/else/body/s0/y,src/abap/1_lexer/lexer.ts:115:17,0,true
src/abap/1_lexer/tokens/wat.ts.WAt,src/abap/1_lexer/lexer.ts.Lexer::add,lexer,src/abap/1_lexer/lexer.ts.Lexer::add/body/s1/body/s11/else/else/else/else/body/s0/else/else/else/else/else/else/else/body/s0/else/body/s0/y,src/abap/1_lexer/lexer.ts:188:19,0,true
src/abap/1_lexer/tokens/watw.ts.WAtW,src/abap/1_lexer/lexer.ts.Lexer::add,lexer,src/abap/1_lexer/lexer.ts.Lexer::add/body/s1/body/s11/else/else/else/else/body/s0/else/else/else/else/else/else/else/body/s0/body/s0/y,src/abap/1_lexer/lexer.ts:186:19,0,true
src/abap/1_lexer/tokens/wbracket_left.ts.WBracketLeft,src/abap/1_lexer/lexer.ts.Lexer::add,lexer,src/abap/1_lexer/lexer.ts.Lexer::add/body/s1/body/s11/else/else/else/else/body/s0/else/body/s0/else/body/s0/y,src/abap/1_lexer/lexer.ts:128:19,0,true
src/abap/1_lexer/tokens/wbracket_leftw.ts.WBracketLeftW,src/abap/1_lexer/lexer.ts.Lexer::add,lexer,src/abap/1_lexer/lexer.ts.Lexer::add/body/s1/body/s11/else/else/else/else/body/s0/else/body/s0/body/s0/y,src/abap/1_lexer/lexer.ts:126:19,0,true
src/abap/1_lexer/tokens/wbracket_right.ts.WBracketRight,src/abap/1_lexer/lexer.ts.Lexer::add,lexer,src/abap/1_lexer/lexer.ts.Lexer::add/body/s1/body/s11/else/else/else/else/body/s0/else/else/else/body/s0/else/body/s0/y,src/abap/1_lexer/lexer.ts:148:19,0,true
src/abap/1_lexer/tokens/wbracket_rightw.ts.WBracketRightW,src/abap/1_lexer/lexer.ts.Lexer::add,lexer,src/abap/1_lexer/lexer.ts.Lexer::add/body/s1/body/s11/else/else/else/else/body/s0/else/else/else/body/s0/body/s0/y,src/abap/1_lexer/lexer.ts:146:19,0,true
src/abap/1_lexer/tokens/wdash.ts.WDash,src/abap/1_lexer/lexer.ts.Lexer::add,lexer,src/abap/1_lexer/lexer.ts.Lexer::add/body/s1/body/s11/else/else/else/else/body/s0/else/else/else/else/else/body/s0/else/body/s0/y,src/abap/1_lexer/lexer.ts:168:19,0,true
src/abap/1_lexer/tokens/wdashw.ts.WDashW,src/abap/1_lexer/lexer.ts.Lexer::add,lexer,src/abap/1_lexer/lexer.ts.Lexer::add/body/s1/body/s11/else/else/else/else/body/s0/else/else/else/else/else/body/s0/body/s0/y,src/abap/1_lexer/lexer.ts:166:19,0,true
src/abap/1_lexer/tokens/winstance_arrow.ts.WInstanceArrow,src/abap/1_lexer/lexer.ts.Lexer::add,lexer,src/abap/1_lexer/lexer.ts.Lexer::add/body/s1/body/s11/else/else/else/else/else/body/s0/body/s0/else/body/s0/y,src/abap/1_lexer/lexer.ts:200:19,0,true
src/abap/1_lexer/tokens/winstance_arroww.ts.WInstanceArrowW,src/abap/1_lexer/lexer.ts.Lexer::add,lexer,src/abap/1_lexer/lexer.ts.Lexer::add/body/s1/body/s11/else/else/else/else/else/body/s0/body/s0/body/s0/y,src/abap/1_lexer/lexer.ts:198:19,0,true
src/abap/1_lexer/tokens/wparen_left.ts.WParenLeft,src/abap/1_lexer/lexer.ts.Lexer::add,lexer,src/abap/1_lexer/lexer.ts.Lexer::add/body/s1/body/s11/else/else/else/else/body/s0/else/else/body/s0/else/body/s0/y,src/abap/1_lexer/lexer.ts:138:19,0,true
src/abap/1_lexer/tokens/wparen_leftw.ts.WParenLeftW,src/abap/1_lexer/lexer.ts.Lexer::add,lexer,src/abap/1_lexer/lexer.ts.Lexer::add/body/s1/body/s11/else/else/else/else/body/s0/else/else/body/s0/body/s0/y,src/abap/1_lexer/lexer.ts:136:19,0,true
src/abap/1_lexer/tokens/wparen_right.ts.WParenRight,src/abap/1_lexer/lexer.ts.Lexer::add,lexer,src/abap/1_lexer/lexer.ts.Lexer::add/body/s1/body/s11/else/else/else/else/body/s0/else/else/else/else/body/s0/else/body/s0/y,src/abap/1_lexer/lexer.ts:158:19,0,true
src/abap/1_lexer/tokens/wparen_rightw.ts.WParenRightW,src/abap/1_lexer/lexer.ts.Lexer::add,lexer,src/abap/1_lexer/lexer.ts.Lexer::add/body/s1/body/s11/else/else/else/else/body/s0/else/else/else/else/body/s0/body/s0/y,src/abap/1_lexer/lexer.ts:156:19,0,true
src/abap/1_lexer/tokens/wplus.ts.WPlus,src/abap/1_lexer/lexer.ts.Lexer::add,lexer,src/abap/1_lexer/lexer.ts.Lexer::add/body/s1/body/s11/else/else/else/else/body/s0/else/else/else/else/else/else/body/s0/else/body/s0/y,src/abap/1_lexer/lexer.ts:178:19,0,true
src/abap/1_lexer/tokens/wplusw.ts.WPlusW,src/abap/1_lexer/lexer.ts.Lexer::add,lexer,src/abap/1_lexer/lexer.ts.Lexer::add/body/s1/body/s11/else/else/else/else/body/s0/else/else/else/else/else/else/body/s0/body/s0/y,src/abap/1_lexer/lexer.ts:176:19,0,true
src/abap/1_lexer/tokens/wstatic_arrow.ts.WStaticArrow,src/abap/1_lexer/lexer.ts.Lexer::add,lexer,src/abap/1_lexer/lexer.ts.Lexer::add/body/s1/body/s11/else/else/else/else/else/body/s0/else/body/s0/else/body/s0/y,src/abap/1_lexer/lexer.ts:210:19,0,true
src/abap/1_lexer/tokens/wstatic_arroww.ts.WStaticArrowW,src/abap/1_lexer/lexer.ts.Lexer::add,lexer,src/abap/1_lexer/lexer.ts.Lexer::add/body/s1/body/s11/else/else/else/else/else/body/s0/else/body/s0/body/s0/y,src/abap/1_lexer/lexer.ts:208:19,0,true
src/abap/2_statements/combi.ts.Alternative,src/abap/2_statements/combi.ts.module::alt,statements/combi.module,src/abap/2_statements/combi.ts.module::alt/body/s0/s2/x,src/abap/2_statements/combi.ts:1152:10,0,true
src/abap/2_statements/combi.ts.AlternativePriority,src/abap/2_statements/combi.ts.module::altPrio,statements/combi.module,src/abap/2_statements/combi.ts.module::altPrio/body/s0/s2/x,src/abap/2_statements/combi.ts:1157:10,0,true
src/abap/2_statements/combi.ts.FailCombinator,src/abap/2_statements/combi.ts.module::failCombinator,statements/combi.module,src/abap/2_statements/combi.ts.module::failCombinator/body/s0/s0/x,src/abap/2_statements/combi.ts:1199:10,0,true
src/abap/2_statements/combi.ts.IVerOptions,src/abap/2_statements/combi.ts.module::ver,statements/combi.module,src/abap/2_statements/combi.ts.module::ver/body/s0/body/s0/y,src/abap/2_statements/combi.ts:1189:100,0,true
src/abap/2_statements/combi.ts.IVerOptions,src/abap/2_statements/expressions/_derived_types.ts.module::commonDerivedTypes,statements,src/abap/2_statements/expressions/_derived_types.ts.module::commonDerivedTypes/body/s0/s1/x/seq/s1/x/arg0/arg2/1,src/abap/2_statements/expressions/_derived_types.ts:11:51,0,true
src/abap/2_statements/combi.ts.IVerOptions,src/abap/2_statements/expressions/_derived_types.ts.module::commonDerivedTypes,statements,src/abap/2_statements/expressions/_derived_types.ts.module::commonDerivedTypes/body/s0/s1/x/seq/s10/x/arg0/arg2/1,src/abap/2_statements/expressions/_derived_types.ts:21:55,0,true
src/abap/2_statements/combi.ts.IVerOptions,src/abap/2_statements/expressions/_derived_types.ts.module::commonDerivedTypes,statements,src/abap/2_statements/expressions/_derived_types.ts.module::commonDerivedTypes/body/s0/s1/x/seq/s11/x/arg0/arg2/1,src/abap/2_statements/expressions/_derived_types.ts:22:55,0,true
src/abap/2_statements/combi.ts.IVerOptions,src/abap/2_statements/expressions/_derived_types.ts.module::commonDerivedTypes,statements,src/abap/2_statements/expressions/_derived_types.ts.module::commonDerivedTypes/body/s0/s1/x/seq/s12/x/arg0/arg2/1,src/abap/2_statements/expressions/_derived_types.ts:24:53,0,true
src/abap/2_statements/combi.ts.IVerOptions,src/abap/2_statements/expressions/_derived_types.ts.module::commonDerivedTypes,statements,src/abap/2_statements/expressions/_derived_types.ts.module::commonDerivedTypes/body/s0/s1/x/seq/s13/x/arg0/arg2/1,src/abap/2_statements/expressions/_derived_types.ts:26:66,0,true
src/abap/2_statements/combi.ts.IVerOptions,src/abap/2_statements/expressions/_derived_types.ts.module::commonDerivedTypes,statements,src/abap/2_statements/expressions/_derived_types.ts.module::commonDerivedTypes/body/s0/s1/x/seq/s14/x/arg0/arg2/1,src/abap/2_statements/expressions/_derived_types.ts:27:70,0,true
src/abap/2_statements/combi.ts.IVerOptions,src/abap/2_statements/expressions/_derived_types.ts.module::commonDerivedTypes,statements,src/abap/2_statements/expressions/_derived_types.ts.module::commonDerivedTypes/body/s0/s1/x/seq/s15/x/arg0/arg2/1,src/abap/2_statements/expressions/_derived_types.ts:28:69,0,true
src/abap/2_statements/combi.ts.IVerOptions,src/abap/2_statements/expressions/_derived_types.ts.module::commonDerivedTypes,statements,src/abap/2_statements/expressions/_derived_types.ts.module::commonDerivedTypes/body/s0/s1/x/seq/s16/x/arg0/arg2/1,src/abap/2_statements/expressions/_derived_types.ts:29:61,0,true
src/abap/2_statements/combi.ts.IVerOptions,src/abap/2_statements/expressions/_derived_types.ts.module::commonDerivedTypes,statements,src/abap/2_statements/expressions/_derived_types.ts.module::commonDerivedTypes/body/s0/s1/x/seq/s17/x/arg0/arg2/1,src/abap/2_statements/expressions/_derived_types.ts:30:65,0,true
src/abap/2_statements/combi.ts.IVerOptions,src/abap/2_statements/expressions/_derived_types.ts.module::commonDerivedTypes,statements,src/abap/2_statements/expressions/_derived_types.ts.module::commonDerivedTypes/body/s0/s1/x/seq/s18/x/arg0/arg2/1,src/abap/2_statements/expressions/_derived_types.ts:31:64,0,true
src/abap/2_statements/combi.ts.IVerOptions,src/abap/2_statements/expressions/_derived_types.ts.module::commonDerivedTypes,statements,src/abap/2_statements/expressions/_derived_types.ts.module::commonDerivedTypes/body/s0/s1/x/seq/s19/x/arg0/arg2/1,src/abap/2_statements/expressions/_derived_types.ts:33:60,0,true
src/abap/2_statements/combi.ts.IVerOptions,src/abap/2_statements/expressions/_derived_types.ts.module::commonDerivedTypes,statements,src/abap/2_statements/expressions/_derived_types.ts.module::commonDerivedTypes/body/s0/s1/x/seq/s2/x/arg0/arg2/1,src/abap/2_statements/expressions/_derived_types.ts:12:51,0,true
src/abap/2_statements/combi.ts.IVerOptions,src/abap/2_statements/expressions/_derived_types.ts.module::commonDerivedTypes,statements,src/abap/2_statements/expressions/_derived_types.ts.module::commonDerivedTypes/body/s0/s1/x/seq/s20/x/arg0/arg2/1,src/abap/2_statements/expressions/_derived_types.ts:34:57,0,true
src/abap/2_statements/combi.ts.IVerOptions,src/abap/2_statements/expressions/_derived_types.ts.module::commonDerivedTypes,statements,src/abap/2_statements/expressions/_derived_types.ts.module::commonDerivedTypes/body/s0/s1/x/seq/s21/x/arg0/arg2/1,src/abap/2_statements/expressions/_derived_types.ts:35:55,0,true
src/abap/2_statements/combi.ts.IVerOptions,src/abap/2_statements/expressions/_derived_types.ts.module::commonDerivedTypes,statements,src/abap/2_statements/expressions/_derived_types.ts.module::commonDerivedTypes/body/s0/s1/x/seq/s22/x/arg0/arg2/1,src/abap/2_statements/expressions/_derived_types.ts:36:52,0,true
src/abap/2_statements/combi.ts.IVerOptions,src/abap/2_statements/expressions/_derived_types.ts.module::commonDerivedTypes,statements,src/abap/2_statements/expressions/_derived_types.ts.module::commonDerivedTypes/body/s0/s1/x/seq/s23/x/arg0/arg2/1,src/abap/2_statements/expressions/_derived_types.ts:38:55,0,true
src/abap/2_statements/combi.ts.IVerOptions,src/abap/2_statements/expressions/_derived_types.ts.module::commonDerivedTypes,statements,src/abap/2_statements/expressions/_derived_types.ts.module::commonDerivedTypes/body/s0/s1/x/seq/s26/x/arg0/arg2/1,src/abap/2_statements/expressions/_derived_types.ts:42:52,0,true
src/abap/2_statements/combi.ts.IVerOptions,src/abap/2_statements/expressions/_derived_types.ts.module::commonDerivedTypes,statements,src/abap/2_statements/expressions/_derived_types.ts.module::commonDerivedTypes/body/s0/s1/x/seq/s3/x/arg0/arg2/1,src/abap/2_statements/expressions/_derived_types.ts:13:53,0,true
src/abap/2_statements/combi.ts.IVerOptions,src/abap/2_statements/expressions/_derived_types.ts.module::commonDerivedTypes,statements,src/abap/2_statements/expressions/_derived_types.ts.module::commonDerivedTypes/body/s0/s1/x/seq/s30/x/arg0/arg2/1,src/abap/2_statements/expressions/_derived_types.ts:47:44,0,true
src/abap/2_statements/combi.ts.IVerOptions,src/abap/2_statements/expressions/_derived_types.ts.module::commonDerivedTypes,statements,src/abap/2_statements/expressions/_derived_types.ts.module::commonDerivedTypes/body/s0/s1/x/seq/s31/x/arg0/arg2/1,src/abap/2_statements/expressions/_derived_types.ts:48:46,0,true
src/abap/2_statements/combi.ts.IVerOptions,src/abap/2_statements/expressions/_derived_types.ts.module::commonDerivedTypes,statements,src/abap/2_statements/expressions/_derived_types.ts.module::commonDerivedTypes/body/s0/s1/x/seq/s32/x/arg0/arg2/1,src/abap/2_statements/expressions/_derived_types.ts:49:53,0,true
src/abap/2_statements/combi.ts.IVerOptions,src/abap/2_statements/expressions/_derived_types.ts.module::commonDerivedTypes,statements,src/abap/2_statements/expressions/_derived_types.ts.module::commonDerivedTypes/body/s0/s1/x/seq/s33/x/arg0/arg2/1,src/abap/2_statements/expressions/_derived_types.ts:50:50,0,true
src/abap/2_statements/combi.ts.IVerOptions,src/abap/2_statements/expressions/_derived_types.ts.module::commonDerivedTypes,statements,src/abap/2_statements/expressions/_derived_types.ts.module::commonDerivedTypes/body/s0/s1/x/seq/s34/x/arg0/arg2/1,src/abap/2_statements/expressions/_derived_types.ts:51:46,0,true
src/abap/2_statements/combi.ts.IVerOptions,src/abap/2_statements/expressions/_derived_types.ts.module::commonDerivedTypes,statements,src/abap/2_statements/expressions/_derived_types.ts.module::commonDerivedTypes/body/s0/s1/x/seq/s4/x/arg0/arg2/1,src/abap/2_statements/expressions/_derived_types.ts:14:52,0,true
src/abap/2_statements/combi.ts.IVerOptions,src/abap/2_statements/expressions/_derived_types.ts.module::commonDerivedTypes,statements,src/abap/2_statements/expressions/_derived_types.ts.module::commonDerivedTypes/body/s0/s1/x/seq/s5/x/arg0/arg2/1,src/abap/2_statements/expressions/_derived_types.ts:15:52,0,true
src/abap/2_statements/combi.ts.IVerOptions,src/abap/2_statements/expressions/_derived_types.ts.module::commonDerivedTypes,statements,src/abap/2_statements/expressions/_derived_types.ts.module::commonDerivedTypes/body/s0/s1/x/seq/s6/x/arg0/arg2/1,src/abap/2_statements/expressions/_derived_types.ts:16:54,0,true
src/abap/2_statements/combi.ts.IVerOptions,src/abap/2_statements/expressions/_derived_types.ts.module::commonDerivedTypes,statements,src/abap/2_statements/expressions/_derived_types.ts.module::commonDerivedTypes/body/s0/s1/x/seq/s7/x/arg0/arg2/1,src/abap/2_statements/expressions/_derived_types.ts:17:46,0,true
src/abap/2_statements/combi.ts.IVerOptions,src/abap/2_statements/expressions/_derived_types.ts.module::commonDerivedTypes,statements,src/abap/2_statements/expressions/_derived_types.ts.module::commonDerivedTypes/body/s0/s1/x/seq/s8/x/arg0/arg2/1,src/abap/2_statements/expressions/_derived_types.ts:18:46,0,true
src/abap/2_statements/combi.ts.IVerOptions,src/abap/2_statements/expressions/_derived_types.ts.module::commonDerivedTypes,statements,src/abap/2_statements/expressions/_derived_types.ts.module::commonDerivedTypes/body/s0/s1/x/seq/s9/x/arg0/arg2/1,src/abap/2_statements/expressions/_derived_types.ts:19:48,0,true
src/abap/2_statements/combi.ts.IVerOptions,src/abap/2_statements/expressions/_select_core.ts.module::buildSelectCore,statements,src/abap/2_statements/expressions/_select_core.ts.module::buildSelectCore/body/s2/s2/x/arg2/1,src/abap/2_statements/expressions/_select_core.ts:50:50,0,true
src/abap/2_statements/combi.ts.IVerOptions,src/abap/2_statements/expressions/_select_core.ts.module::buildSelectSingleCore,statements,src/abap/2_statements/expressions/_select_core.ts.module::buildSelectSingleCore/body/s1/s1/x/arg2/1,src/abap/2_statements/expressions/_select_core.ts:15:50,0,true
src/abap/2_statements/combi.ts.IVerOptions,src/abap/2_statements/expressions/assign_source.ts.AssignSource::getRunnable,statements,src/abap/2_statements/expressions/assign_source.ts.AssignSource::getRunnable/body/s0/x/seq/s1/x/0/seq/s1/x/0/arg2/1,src/abap/2_statements/expressions/assign_source.ts:13:76,0,true
src/abap/2_statements/combi.ts.IVerOptions,src/abap/2_statements/expressions/cast.ts.Cast::getRunnable,statements,src/abap/2_statements/expressions/cast.ts.Cast::getRunnable/body/s2/x/arg2/1,src/abap/2_statements/expressions/cast.ts:14:40,0,true
src/abap/2_statements/combi.ts.IVerOptions,src/abap/2_statements/expressions/compare.ts.Compare::getRunnable,statements,src/abap/2_statements/expressions/compare.ts.Compare::getRunnable/body/s3/x/seq/s3/x/arg0/0/seq/s3/x/arg0/0/arg2/1,src/abap/2_statements/expressions/compare.ts:22:79,0,true
src/abap/2_statements/combi.ts.IVerOptions,src/abap/2_statements/expressions/compare.ts.Compare::getRunnable,statements,src/abap/2_statements/expressions/compare.ts.Compare::getRunnable/body/s5/x/arg2/1,src/abap/2_statements/expressions/compare.ts:30:62,0,true
src/abap/2_statements/combi.ts.IVerOptions,src/abap/2_statements/expressions/component_compare_simple.ts.ComponentCompareSimple::getRunnable,statements,src/abap/2_statements/expressions/component_compare_simple.ts.ComponentCompareSimple::getRunnable/body/s0/x/seq/s0/x/0/arg2/1,src/abap/2_statements/expressions/component_compare_simple.ts:9:58,0,true
src/abap/2_statements/combi.ts.IVerOptions,src/abap/2_statements/expressions/find_type.ts.FindType::getRunnable,statements,src/abap/2_statements/expressions/find_type.ts.FindType::getRunnable/body/s0/x/arg0/0/seq/s3/x/arg0/0/arg2/1,src/abap/2_statements/expressions/find_type.ts:7:68,0,true
src/abap/2_statements/combi.ts.IVerOptions,src/abap/2_statements/expressions/function_exporting_parameter.ts.FunctionExportingParameter::getRunnable,statements,src/abap/2_statements/expressions/function_exporting_parameter.ts.FunctionExportingParameter::getRunnable/body/s0/x/seq/s0/x/0/arg2/1,src/abap/2_statements/expressions/function_exporting_parameter.ts:11:53,0,true
src/abap/2_statements/combi.ts.IVerOptions,src/abap/2_statements/expressions/inlinedata.ts.InlineData::getRunnable,statements,src/abap/2_statements/expressions/inlinedata.ts.InlineData::getRunnable/body/s4/x/seq/s0/x/0/arg2/1,src/abap/2_statements/expressions/inlinedata.ts:14:48,0,true
src/abap/2_statements/combi.ts.IVerOptions,src/abap/2_statements/expressions/inlinedata.ts.InlineData::getRunnable,statements,src/abap/2_statements/expressions/inlinedata.ts.InlineData::getRunnable/body/s4/x/seq/s1/x/0/arg2/1,src/abap/2_statements/expressions/inlinedata.ts:14:99,0,true
src/abap/2_statements/combi.ts.IVerOptions,src/abap/2_statements/expressions/inlinefs.ts.InlineFS::getRunnable,statements,src/abap/2_statements/expressions/inlinefs.ts.InlineFS::getRunnable/body/s3/x/arg2/1,src/abap/2_statements/expressions/inlinefs.ts:13:38,0,true
src/abap/2_statements/combi.ts.IVerOptions,src/abap/2_statements/expressions/loop_source.ts.LoopSource::getRunnable,statements,src/abap/2_statements/expressions/loop_source.ts.LoopSource::getRunnable/body/s0/x/seq/s1/x/0/arg2/1,src/abap/2_statements/expressions/loop_source.ts:9:61,0,true
src/abap/2_statements/combi.ts.IVerOptions,src/abap/2_statements/expressions/message_source_source.ts.MessageSourceSource::getRunnable,statements,src/abap/2_statements/expressions/message_source_source.ts.MessageSourceSource::getRunnable/body/s0/x/seq/s0/x/0/arg2/1,src/abap/2_statements/expressions/message_source_source.ts:8:46,0,true
src/abap/2_statements/combi.ts.IVerOptions,src/abap/2_statements/expressions/new_object.ts.NewObject::getRunnable,statements,src/abap/2_statements/expressions/new_object.ts.NewObject::getRunnable/body/s3/x/arg2/1,src/abap/2_statements/expressions/new_object.ts:20:40,0,true
src/abap/2_statements/combi.ts.IVerOptions,src/abap/2_statements/expressions/select.ts.Select::getRunnable,statements,src/abap/2_statements/expressions/select.ts.Select::getRunnable/body/s2/x/arg2/1,src/abap/2_statements/expressions/select.ts:17:61,0,true
src/abap/2_statements/combi.ts.IVerOptions,src/abap/2_statements/expressions/source.ts.Source::getRunnable,statements,src/abap/2_statements/expressions/source.ts.Source::getRunnable/body/s10/x/seq/s0/x/0/seq/s0/x/0/arg2/1,src/abap/2_statements/expressions/source.ts:37:67,0,true
src/abap/2_statements/combi.ts.IVerOptions,src/abap/2_statements/expressions/source.ts.Source::getRunnable,statements,src/abap/2_statements/expressions/source.ts.Source::getRunnable/body/s10/x/seq/s0/x/0/seq/s1/x/0/arg2/1,src/abap/2_statements/expressions/source.ts:38:73,0,true
src/abap/2_statements/combi.ts.IVerOptions,src/abap/2_statements/expressions/source.ts.Source::getRunnable,statements,src/abap/2_statements/expressions/source.ts.Source::getRunnable/body/s13/x/arg2/1,src/abap/2_statements/expressions/source.ts:59:61,0,true
src/abap/2_statements/combi.ts.IVerOptions,src/abap/2_statements/expressions/source.ts.Source::getRunnable,statements,src/abap/2_statements/expressions/source.ts.Source::getRunnable/body/s14/x/arg2/1,src/abap/2_statements/expressions/source.ts:66:61,0,true
src/abap/2_statements/combi.ts.IVerOptions,src/abap/2_statements/expressions/source.ts.Source::getRunnable,statements,src/abap/2_statements/expressions/source.ts.Source::getRunnable/body/s15/x/arg2/1,src/abap/2_statements/expressions/source.ts:73:61,0,true
src/abap/2_statements/combi.ts.IVerOptions,src/abap/2_statements/expressions/source.ts.Source::getRunnable,statements,src/abap/2_statements/expressions/source.ts.Source::getRunnable/body/s16/x/arg2/1,src/abap/2_statements/expressions/source.ts:80:62,0,true
src/abap/2_statements/combi.ts.IVerOptions,src/abap/2_statements/expressions/source.ts.Source::getRunnable,statements,src/abap/2_statements/expressions/source.ts.Source::getRunnable/body/s17/x/arg2/1,src/abap/2_statements/expressions/source.ts:87:61,0,true
src/abap/2_statements/combi.ts.IVerOptions,src/abap/2_statements/expressions/source.ts.Source::getRunnable,statements,src/abap/2_statements/expressions/source.ts.Source::getRunnable/body/s18/x/arg2/1,src/abap/2_statements/expressions/source.ts:94:53,0,true
src/abap/2_statements/combi.ts.IVerOptions,src/abap/2_statements/expressions/source.ts.Source::getRunnable,statements,src/abap/2_statements/expressions/source.ts.Source::getRunnable/body/s19/x/arg2/1,src/abap/2_statements/expressions/source.ts:101:62,0,true
src/abap/2_statements/combi.ts.IVerOptions,src/abap/2_statements/expressions/source.ts.Source::getRunnable,statements,src/abap/2_statements/expressions/source.ts.Source::getRunnable/body/s20/x/arg2/1,src/abap/2_statements/expressions/source.ts:108:37,0,true
src/abap/2_statements/combi.ts.IVerOptions,src/abap/2_statements/expressions/source.ts.Source::getRunnable,statements,src/abap/2_statements/expressions/source.ts.Source::getRunnable/body/s21/x/arg2/1,src/abap/2_statements/expressions/source.ts:116:45,0,true
src/abap/2_statements/combi.ts.IVerOptions,src/abap/2_statements/expressions/sql_case.ts.SQLCase::getRunnable,statements,src/abap/2_statements/expressions/sql_case.ts.SQLCase::getRunnable/body/s8/x/arg2/1,src/abap/2_statements/expressions/sql_case.ts:28:120,0,true
src/abap/2_statements/combi.ts.IVerOptions,src/abap/2_statements/expressions/sql_compare.ts.SQLCompare::getRunnable,statements,src/abap/2_statements/expressions/sql_compare.ts.SQLCompare::getRunnable/body/s0/x/arg2/1,src/abap/2_statements/expressions/sql_compare.ts:12:56,0,true
src/abap/2_statements/combi.ts.IVerOptions,src/abap/2_statements/expressions/sql_compare.ts.SQLCompare::getRunnable,statements,src/abap/2_statements/expressions/sql_compare.ts.SQLCompare::getRunnable/body/s10/x/arg2/1,src/abap/2_statements/expressions/sql_compare.ts:29:84,0,true
src/abap/2_statements/combi.ts.IVerOptions,src/abap/2_statements/expressions/sql_compare.ts.SQLCompare::getRunnable,statements,src/abap/2_statements/expressions/sql_compare.ts.SQLCompare::getRunnable/body/s2/x/arg2/1,src/abap/2_statements/expressions/sql_compare.ts:14:74,0,true
src/abap/2_statements/combi.ts.IVerOptions,src/abap/2_statements/expressions/sql_compare.ts.SQLCompare::getRunnable,statements,src/abap/2_statements/expressions/sql_compare.ts.SQLCompare::getRunnable/body/s8/x/arg2/1,src/abap/2_statements/expressions/sql_compare.ts:26:95,0,true
src/abap/2_statements/combi.ts.IVerOptions,src/abap/2_statements/expressions/sql_field.ts.SQLField::getRunnable,statements,src/abap/2_statements/expressions/sql_field.ts.SQLField::getRunnable/body/s1/x/arg2/1,src/abap/2_statements/expressions/sql_field.ts:13:92,0,true
src/abap/2_statements/combi.ts.IVerOptions,src/abap/2_statements/expressions/sql_field_list.ts.SQLFieldList::getRunnable,statements,src/abap/2_statements/expressions/sql_field_list.ts.SQLFieldList::getRunnable/body/s2/x/arg2/1,src/abap/2_statements/expressions/sql_field_list.ts:11:95,0,true
src/abap/2_statements/combi.ts.IVerOptions,src/abap/2_statements/expressions/sql_from_source.ts.SQLFromSource::getRunnable,statements,src/abap/2_statements/expressions/sql_from_source.ts.SQLFromSource::getRunnable/body/s0/x/arg2/1,src/abap/2_statements/expressions/sql_from_source.ts:14:62,0,true
src/abap/2_statements/combi.ts.IVerOptions,src/abap/2_statements/expressions/sql_function.ts.SQLFunction::fn_fn,statements,src/abap/2_statements/expressions/sql_function.ts.SQLFunction::fn_fn/body/s1/body/s0/x/arg2/1,src/abap/2_statements/expressions/sql_function.ts:373:73,0,true
src/abap/2_statements/combi.ts.IVerOptions,src/abap/2_statements/expressions/sql_function.ts.SQLFunction::fn_fn,statements,src/abap/2_statements/expressions/sql_function.ts.SQLFunction::fn_fn/body/s1/else/body/s0/x/arg2/1,src/abap/2_statements/expressions/sql_function.ts:376:20,0,true
src/abap/2_statements/combi.ts.IVerOptions,src/abap/2_statements/expressions/sql_function.ts.SQLFunction::fn_fn,statements,src/abap/2_statements/expressions/sql_function.ts.SQLFunction::fn_fn/body/s1/else/else/s2/x/arg2/1,src/abap/2_statements/expressions/sql_function.ts:383:20,0,true
src/abap/2_statements/combi.ts.IVerOptions,src/abap/2_statements/expressions/sql_function.ts.SQLFunction::fn_namedFn,statements,src/abap/2_statements/expressions/sql_function.ts.SQLFunction::fn_namedFn/body/s4/x/arg2/1,src/abap/2_statements/expressions/sql_function.ts:401:77,0,true
src/abap/2_statements/combi.ts.IVerOptions,src/abap/2_statements/expressions/sql_function.ts.SQLFunction::getRunnable,statements,src/abap/2_statements/expressions/sql_function.ts.SQLFunction::getRunnable/body/s3/x/arg2/1,src/abap/2_statements/expressions/sql_function.ts:389:22,0,true
src/abap/2_statements/combi.ts.IVerOptions,src/abap/2_statements/expressions/sql_group_by.ts.SQLGroupBy::getRunnable,statements,src/abap/2_statements/expressions/sql_group_by.ts.SQLGroupBy::getRunnable/body/s1/x/arg2/1,src/abap/2_statements/expressions/sql_group_by.ts:13:50,0,true
src/abap/2_statements/combi.ts.IVerOptions,src/abap/2_statements/expressions/sql_group_by.ts.SQLGroupBy::getRunnable,statements,src/abap/2_statements/expressions/sql_group_by.ts.SQLGroupBy::getRunnable/body/s2/x/arg2/1,src/abap/2_statements/expressions/sql_group_by.ts:16:26,0,true
src/abap/2_statements/combi.ts.IVerOptions,src/abap/2_statements/expressions/sql_in.ts.SQLIn::getRunnable,statements,src/abap/2_statements/expressions/sql_in.ts.SQLIn::getRunnable/body/s2/x/seq/s1/x/0/seq/s0/x/0/arg2/1,src/abap/2_statements/expressions/sql_in.ts:14:75,0,true
src/abap/2_statements/combi.ts.IVerOptions,src/abap/2_statements/expressions/sql_in.ts.SQLIn::getRunnable,statements,src/abap/2_statements/expressions/sql_in.ts.SQLIn::getRunnable/body/s4/x/arg2/1,src/abap/2_statements/expressions/sql_in.ts:17:53,0,true
src/abap/2_statements/combi.ts.IVerOptions,src/abap/2_statements/expressions/sql_into_list.ts.SQLIntoList::getRunnable,statements,src/abap/2_statements/expressions/sql_into_list.ts.SQLIntoList::getRunnable/body/s0/x/seq/s0/x/0/seq/s1/x/0/arg2/1,src/abap/2_statements/expressions/sql_into_list.ts:10:91,0,true
src/abap/2_statements/combi.ts.IVerOptions,src/abap/2_statements/expressions/sql_join.ts.SQLJoin::getRunnable,statements,src/abap/2_statements/expressions/sql_join.ts.SQLJoin::getRunnable/body/s3/x/arg2/1,src/abap/2_statements/expressions/sql_join.ts:15:90,0,true
src/abap/2_statements/combi.ts.IVerOptions,src/abap/2_statements/expressions/sql_set_op_group.ts.SQLSetOpGroup::getRunnable,statements,src/abap/2_statements/expressions/sql_set_op_group.ts.SQLSetOpGroup::getRunnable/body/s1/x/seq/s1/x/0/arg0/0/seq/s0/x/0/arg2/1,src/abap/2_statements/expressions/sql_set_op_group.ts:10:82,0,true
src/abap/2_statements/combi.ts.IVerOptions,src/abap/2_statements/expressions/sql_set_op_group.ts.SQLSetOpGroup::getRunnable,statements,src/abap/2_statements/expressions/sql_set_op_group.ts.SQLSetOpGroup::getRunnable/body/s2/x/arg2/1,src/abap/2_statements/expressions/sql_set_op_group.ts:12:52,0,true
src/abap/2_statements/combi.ts.IVerOptions,src/abap/2_statements/expressions/sql_source.ts.SQLSource::getRunnable,statements,src/abap/2_statements/expressions/sql_source.ts.SQLSource::getRunnable/body/s1/x/arg2/1,src/abap/2_statements/expressions/sql_source.ts:11:84,0,true
src/abap/2_statements/combi.ts.IVerOptions,src/abap/2_statements/expressions/sql_source_simple.ts.SQLSourceSimple::getRunnable,statements,src/abap/2_statements/expressions/sql_source_simple.ts.SQLSourceSimple::getRunnable/body/s1/x/arg2/1,src/abap/2_statements/expressions/sql_source_simple.ts:12:80,0,true
src/abap/2_statements/combi.ts.IVerOptions,src/abap/2_statements/expressions/sql_target.ts.SQLTarget::getRunnable,statements,src/abap/2_statements/expressions/sql_target.ts.SQLTarget::getRunnable/body/s1/x/arg2/1,src/abap/2_statements/expressions/sql_target.ts:10:87,0,true
src/abap/2_statements/combi.ts.IVerOptions,src/abap/2_statements/expressions/string_template_formatting.ts.StringTemplateFormatting::getRunnable,statements,src/abap/2_statements/expressions/string_template_formatting.ts.StringTemplateFormatting::getRunnable/body/s17/x/arg2/1,src/abap/2_statements/expressions/string_template_formatting.ts:44:71,0,true
src/abap/2_statements/combi.ts.IVerOptions,src/abap/2_statements/expressions/table_expression.ts.TableExpression::getRunnable,statements,src/abap/2_statements/expressions/table_expression.ts.TableExpression::getRunnable/body/s4/x/arg2/1,src/abap/2_statements/expressions/table_expression.ts:15:39,0,true
src/abap/2_statements/combi.ts.IVerOptions,src/abap/2_statements/expressions/type_param.ts.TypeParam::getRunnable,statements,src/abap/2_statements/expressions/type_param.ts.TypeParam::getRunnable/body/s6/x/arg1/0/seq/s3/x/arg0/0/seq/s1/x/arg0/arg2/1,src/abap/2_statements/expressions/type_param.ts:25:76,0,true
src/abap/2_statements/combi.ts.IVerOptions,src/abap/2_statements/expressions/type_param.ts.TypeParam::getRunnable,statements,src/abap/2_statements/expressions/type_param.ts.TypeParam::getRunnable/body/s6/x/arg1/0/seq/s3/x/arg0/0/seq/s2/x/arg0/arg2/1,src/abap/2_statements/expressions/type_param.ts:26:72,0,true
src/abap/2_statements/combi.ts.IVerOptions,src/abap/2_statements/expressions/type_param.ts.TypeParam::getRunnable,statements,src/abap/2_statements/expressions/type_param.ts.TypeParam::getRunnable/body/s6/x/arg1/0/seq/s3/x/arg0/0/seq/s3/x/arg0/arg2/1,src/abap/2_statements/expressions/type_param.ts:27:68,0,true
src/abap/2_statements/combi.ts.IVerOptions,src/abap/2_statements/expressions/type_param.ts.TypeParam::getRunnable,statements,src/abap/2_statements/expressions/type_param.ts.TypeParam::getRunnable/body/s6/x/arg2/1,src/abap/2_statements/expressions/type_param.ts:29:26,0,true
src/abap/2_statements/combi.ts.IVerOptions,src/abap/2_statements/expressions/type_structure.ts.TypeStructure::getRunnable,statements,src/abap/2_statements/expressions/type_structure.ts.TypeStructure::getRunnable/body/s1/x/seq/s1/x/arg0/arg2/1,src/abap/2_statements/expressions/type_structure.ts:12:58,0,true
src/abap/2_statements/combi.ts.IVerOptions,src/abap/2_statements/expressions/type_structure.ts.TypeStructure::getRunnable,statements,src/abap/2_statements/expressions/type_structure.ts.TypeStructure::getRunnable/body/s1/x/seq/s11/x/arg0/arg2/1,src/abap/2_statements/expressions/type_structure.ts:26:60,0,true
src/abap/2_statements/combi.ts.IVerOptions,src/abap/2_statements/expressions/type_structure.ts.TypeStructure::getRunnable,statements,src/abap/2_statements/expressions/type_structure.ts.TypeStructure::getRunnable/body/s1/x/seq/s2/x/arg0/arg2/1,src/abap/2_statements/expressions/type_structure.ts:13:56,0,true
src/abap/2_statements/combi.ts.IVerOptions,src/abap/2_statements/expressions/type_structure.ts.TypeStructure::getRunnable,statements,src/abap/2_statements/expressions/type_structure.ts.TypeStructure::getRunnable/body/s1/x/seq/s4/x/arg0/arg2/1,src/abap/2_statements/expressions/type_structure.ts:17:70,0,true
src/abap/2_statements/combi.ts.IVerOptions,src/abap/2_statements/expressions/type_structure.ts.TypeStructure::getRunnable,statements,src/abap/2_statements/expressions/type_structure.ts.TypeStructure::getRunnable/body/s1/x/seq/s5/x/arg0/arg2/1,src/abap/2_statements/expressions/type_structure.ts:18:69,0,true
src/abap/2_statements/combi.ts.IVerOptions,src/abap/2_statements/expressions/type_structure.ts.TypeStructure::getRunnable,statements,src/abap/2_statements/expressions/type_structure.ts.TypeStructure::getRunnable/body/s1/x/seq/s6/x/arg0/arg2/1,src/abap/2_statements/expressions/type_structure.ts:19:65,0,true
src/abap/2_statements/combi.ts.IVerOptions,src/abap/2_statements/expressions/type_structure.ts.TypeStructure::getRunnable,statements,src/abap/2_statements/expressions/type_structure.ts.TypeStructure::getRunnable/body/s1/x/seq/s7/x/arg0/arg2/1,src/abap/2_statements/expressions/type_structure.ts:20:64,0,true
src/abap/2_statements/combi.ts.IVerOptions,src/abap/2_statements/expressions/type_structure.ts.TypeStructure::getRunnable,statements,src/abap/2_statements/expressions/type_structure.ts.TypeStructure::getRunnable/body/s1/x/seq/s8/x/arg0/arg2/1,src/abap/2_statements/expressions/type_structure.ts:22:63,0,true
src/abap/2_statements/combi.ts.IVerOptions,src/abap/2_statements/expressions/type_structure.ts.TypeStructure::getRunnable,statements,src/abap/2_statements/expressions/type_structure.ts.TypeStructure::getRunnable/body/s1/x/seq/s9/x/arg0/arg2/1,src/abap/2_statements/expressions/type_structure.ts:23:58,0,true
src/abap/2_statements/combi.ts.IVerOptions,src/abap/2_statements/expressions/type_structure.ts.TypeStructure::getRunnable,statements,src/abap/2_statements/expressions/type_structure.ts.TypeStructure::getRunnable/body/s2/x/arg2/1,src/abap/2_statements/expressions/type_structure.ts:34:77,0,true
src/abap/2_statements/combi.ts.IVerOptions,src/abap/2_statements/expressions/type_structure.ts.TypeStructure::getRunnable,statements,src/abap/2_statements/expressions/type_structure.ts.TypeStructure::getRunnable/body/s3/x/arg2/1,src/abap/2_statements/expressions/type_structure.ts:46:9,0,true
src/abap/2_statements/combi.ts.IVerOptions,src/abap/2_statements/expressions/type_structure.ts.TypeStructure::getRunnable,statements,src/abap/2_statements/expressions/type_structure.ts.TypeStructure::getRunnable/body/s4/x/arg2/1,src/abap/2_statements/expressions/type_structure.ts:48:105,0,true
src/abap/2_statements/combi.ts.IVerOptions,src/abap/2_statements/expressions/type_table.ts.TypeTable::getRunnable,statements,src/abap/2_statements/expressions/type_table.ts.TypeTable::getRunnable/body/s10/x/seq/s1/x/arg0/arg2/1,src/abap/2_statements/expressions/type_table.ts:41:55,0,true
src/abap/2_statements/combi.ts.IVerOptions,src/abap/2_statements/expressions/type_table.ts.TypeTable::getRunnable,statements,src/abap/2_statements/expressions/type_table.ts.TypeTable::getRunnable/body/s10/x/seq/s2/x/arg0/arg2/1,src/abap/2_statements/expressions/type_table.ts:42:51,0,true
src/abap/2_statements/combi.ts.IVerOptions,src/abap/2_statements/expressions/type_table.ts.TypeTable::getRunnable,statements,src/abap/2_statements/expressions/type_table.ts.TypeTable::getRunnable/body/s10/x/seq/s3/x/arg0/arg2/1,src/abap/2_statements/expressions/type_table.ts:43:47,0,true
src/abap/2_statements/combi.ts.IVerOptions,src/abap/2_statements/expressions/type_table.ts.TypeTable::getRunnable,statements,src/abap/2_statements/expressions/type_table.ts.TypeTable::getRunnable/body/s11/x/arg2/1,src/abap/2_statements/expressions/type_table.ts:47:25,0,true
src/abap/2_statements/combi.ts.IVerOptions,src/abap/2_statements/expressions/type_table_key.ts.TypeTableKey::getRunnable,statements,src/abap/2_statements/expressions/type_table_key.ts.TypeTableKey::getRunnable/body/s2/x/arg2/1,src/abap/2_statements/expressions/type_table_key.ts:11:57,0,true
src/abap/2_statements/combi.ts.IVerOptions,src/abap/2_statements/statements/append.ts.Append::getMatcher,statements,src/abap/2_statements/statements/append.ts.Append::getMatcher/body/s6/x/seq/s1/x/0/arg2/1,src/abap/2_statements/statements/append.ts:18:66,0,true
src/abap/2_statements/combi.ts.IVerOptions,src/abap/2_statements/statements/call_transaction.ts.CallTransaction::getMatcher,statements,src/abap/2_statements/statements/call_transaction.ts.CallTransaction::getMatcher/body/s2/x/arg2/1,src/abap/2_statements/statements/call_transaction.ts:14:92,0,true
src/abap/2_statements/combi.ts.IVerOptions,src/abap/2_statements/statements/case_type.ts.CaseType::getMatcher,statements,src/abap/2_statements/statements/case_type.ts.CaseType::getMatcher/body/s0/x/arg2/1,src/abap/2_statements/statements/case_type.ts:10:59,0,true
src/abap/2_statements/combi.ts.IVerOptions,src/abap/2_statements/statements/class_definition.ts.ClassDefinition::getMatcher,statements,src/abap/2_statements/statements/class_definition.ts.ClassDefinition::getMatcher/body/s5/x/seq/s10/x/arg0/0/arg2/1,src/abap/2_statements/statements/class_definition.ts:27:88,0,true
src/abap/2_statements/combi.ts.IVerOptions,src/abap/2_statements/statements/commit_entities.ts.CommitEntities::getMatcher,statements,src/abap/2_statements/statements/commit_entities.ts.CommitEntities::getMatcher/body/s4/x/arg1/0/arg2/1,src/abap/2_statements/statements/commit_entities.ts:21:69,0,true
src/abap/2_statements/combi.ts.IVerOptions,src/abap/2_statements/statements/convert.ts.Convert::getMatcher,statements,src/abap/2_statements/statements/convert.ts.Convert::getMatcher/body/s14/x/arg2/1,src/abap/2_statements/statements/convert.ts:34:96,0,true
src/abap/2_statements/combi.ts.IVerOptions,src/abap/2_statements/statements/create_data.ts.CreateData::getMatcher,statements,src/abap/2_statements/statements/create_data.ts.CreateData::getMatcher/body/s8/x/arg2/1,src/abap/2_statements/statements/create_data.ts:37:57,0,true
src/abap/2_statements/combi.ts.IVerOptions,src/abap/2_statements/statements/end_test_seam.ts.EndTestSeam::getMatcher,statements,src/abap/2_statements/statements/end_test_seam.ts.EndTestSeam::getMatcher/body/s0/x/arg2/1,src/abap/2_statements/statements/end_test_seam.ts:9:52,0,true
src/abap/2_statements/combi.ts.IVerOptions,src/abap/2_statements/statements/get_permissions.ts.GetPermissions::getMatcher,statements,src/abap/2_statements/statements/get_permissions.ts.GetPermissions::getMatcher/body/s3/x/arg2/1,src/abap/2_statements/statements/get_permissions.ts:21:33,0,true
src/abap/2_statements/combi.ts.IVerOptions,src/abap/2_statements/statements/insert_internal.ts.InsertInternal::getMatcher,statements,src/abap/2_statements/statements/insert_internal.ts.InsertInternal::getMatcher/body/s12/x/seq/s1/x/0/arg2/1,src/abap/2_statements/statements/insert_internal.ts:30:66,0,true
src/abap/2_statements/combi.ts.IVerOptions,src/abap/2_statements/statements/interface_def.ts.InterfaceDef::getMatcher,statements,src/abap/2_statements/statements/interface_def.ts.InterfaceDef::getMatcher/body/s2/x/seq/s5/x/arg0/0/arg2/1,src/abap/2_statements/statements/interface_def.ts:18:72,0,true
src/abap/2_statements/combi.ts.IVerOptions,src/abap/2_statements/statements/loop.ts.Loop::getMatcher,statements,src/abap/2_statements/statements/loop.ts.Loop::getMatcher/body/s1/x/arg2/1,src/abap/2_statements/statements/loop.ts:13:71,0,true
src/abap/2_statements/combi.ts.IVerOptions,src/abap/2_statements/statements/loop.ts.Loop::getMatcher,statements,src/abap/2_statements/statements/loop.ts.Loop::getMatcher/body/s7/x/seq/s1/x/0/arg0/0/arg2/1,src/abap/2_statements/statements/loop.ts:26:55,0,true
src/abap/2_statements/combi.ts.IVerOptions,src/abap/2_statements/statements/method_def.ts.MethodDef::getMatcher,statements,src/abap/2_statements/statements/method_def.ts.MethodDef::getMatcher/body/s0/x/arg2/1,src/abap/2_statements/statements/method_def.ts:13:82,0,true
src/abap/2_statements/combi.ts.IVerOptions,src/abap/2_statements/statements/modify_entities.ts.ModifyEntities::getMatcher,statements,src/abap/2_statements/statements/modify_entities.ts.ModifyEntities::getMatcher/body/s22/x/arg2/1,src/abap/2_statements/statements/modify_entities.ts:59:82,0,true
src/abap/2_statements/combi.ts.IVerOptions,src/abap/2_statements/statements/move.ts.Move::getMatcher,statements,src/abap/2_statements/statements/move.ts.Move::getMatcher/body/s2/x/arg2/1,src/abap/2_statements/statements/move.ts:25:40,0,true
src/abap/2_statements/combi.ts.IVerOptions,src/abap/2_statements/statements/move_corresponding.ts.MoveCorresponding::getMatcher,statements,src/abap/2_statements/statements/move_corresponding.ts.MoveCorresponding::getMatcher/body/s0/x/arg2/1,src/abap/2_statements/statements/move_corresponding.ts:10:67,0,true
src/abap/2_statements/combi.ts.IVerOptions,src/abap/2_statements/statements/move_corresponding.ts.MoveCorresponding::getMatcher,statements,src/abap/2_statements/statements/move_corresponding.ts.MoveCorresponding::getMatcher/body/s1/x/arg2/1,src/abap/2_statements/statements/move_corresponding.ts:11:72,0,true
src/abap/2_statements/combi.ts.IVerOptions,src/abap/2_statements/statements/raise.ts.Raise::getMatcher,statements,src/abap/2_statements/statements/raise.ts.Raise::getMatcher/body/s3/x/seq/s3/x/arg0/0/arg0/0/seq/s0/x/0/arg2/1,src/abap/2_statements/statements/raise.ts:24:67,0,true
src/abap/2_statements/combi.ts.IVerOptions,src/abap/2_statements/statements/raise.ts.Raise::getMatcher,statements,src/abap/2_statements/statements/raise.ts.Raise::getMatcher/body/s5/x/seq/s1/x/0/seq/s1/x/0/arg2/1,src/abap/2_statements/statements/raise.ts:30:62,0,true
src/abap/2_statements/combi.ts.IVerOptions,src/abap/2_statements/statements/read_entities.ts.ReadEntities::getMatcher,statements,src/abap/2_statements/statements/read_entities.ts.ReadEntities::getMatcher/body/s14/x/arg2/1,src/abap/2_statements/statements/read_entities.ts:37:59,0,true
src/abap/2_statements/combi.ts.IVerOptions,src/abap/2_statements/statements/read_table.ts.ReadTable::getMatcher,statements,src/abap/2_statements/statements/read_table.ts.ReadTable::getMatcher/body/s9/x/seq/s1/x/0/seq/s1/x/0/arg2/1,src/abap/2_statements/statements/read_table.ts:35:65,0,true
src/abap/2_statements/combi.ts.IVerOptions,src/abap/2_statements/statements/return.ts.Return::getMatcher,statements,src/abap/2_statements/statements/return.ts.Return::getMatcher/body/s0/x/seq/s1/x/0/arg0/0/arg2/1,src/abap/2_statements/statements/return.ts:10:65,0,true
src/abap/2_statements/combi.ts.IVerOptions,src/abap/2_statements/statements/rollback_entities.ts.RollbackEntities::getMatcher,statements,src/abap/2_statements/statements/rollback_entities.ts.RollbackEntities::getMatcher/body/s1/x/arg1/0/arg2/1,src/abap/2_statements/statements/rollback_entities.ts:10:69,0,true
src/abap/2_statements/combi.ts.IVerOptions,src/abap/2_statements/statements/test_seam.ts.TestSeam::getMatcher,statements,src/abap/2_statements/statements/test_seam.ts.TestSeam::getMatcher/body/s0/x/arg1/0/arg2/1,src/abap/2_statements/statements/test_seam.ts:10:98,0,true
src/abap/2_statements/combi.ts.IVerOptions,src/abap/2_statements/statements/type_enum.ts.TypeEnum::getMatcher,statements,src/abap/2_statements/statements/type_enum.ts.TypeEnum::getMatcher/body/s0/x/arg2/1,src/abap/2_statements/statements/type_enum.ts:12:77,0,true
src/abap/2_statements/combi.ts.IVerOptions,src/abap/2_statements/statements/type_enum_begin.ts.TypeEnumBegin::getMatcher,statements,src/abap/2_statements/statements/type_enum_begin.ts.TypeEnumBegin::getMatcher/body/s3/x/arg2/1,src/abap/2_statements/statements/type_enum_begin.ts:16:65,0,true
src/abap/2_statements/combi.ts.IVerOptions,src/abap/2_statements/statements/type_enum_end.ts.TypeEnumEnd::getMatcher,statements,src/abap/2_statements/statements/type_enum_end.ts.TypeEnumEnd::getMatcher/body/s1/x/arg2/1,src/abap/2_statements/statements/type_enum_end.ts:12:104,0,true
src/abap/2_statements/combi.ts.IVerOptions,src/abap/2_statements/statements/wait.ts.Wait::getMatcher,statements,src/abap/2_statements/statements/wait.ts.Wait::getMatcher/body/s2/x/arg2/1,src/abap/2_statements/statements/wait.ts:14:53,0,true
src/abap/2_statements/combi.ts.IVerOptions,src/abap/2_statements/statements/when_type.ts.WhenType::getMatcher,statements,src/abap/2_statements/statements/when_type.ts.WhenType::getMatcher/body/s2/x/arg2/1,src/abap/2_statements/statements/when_type.ts:14:54,0,true
src/abap/2_statements/combi.ts.LangVers,src/abap/2_statements/combi.ts.module::verLang,statements/combi.module,src/abap/2_statements/combi.ts.module::verLang/body/s0/s0/x,src/abap/2_statements/combi.ts:1193:10,0,true
src/abap/2_statements/combi.ts.LangVersNot,src/abap/2_statements/combi.ts.module::verNotLang,statements/combi.module,src/abap/2_statements/combi.ts.module::verNotLang/body/s0/s0/x,src/abap/2_statements/combi.ts:1196:10,0,true
src/abap/2_statements/combi.ts.Optional,src/abap/2_statements/combi.ts.module::opt,statements/combi.module,src/abap/2_statements/combi.ts.module::opt/body/s0/s0/x,src/abap/2_statements/combi.ts:1160:10,0,true
src/abap/2_statements/combi.ts.OptionalPriority,src/abap/2_statements/combi.ts.module::optPrio,statements/combi.module,src/abap/2_statements/combi.ts.module::optPrio/body/s0/s0/x,src/abap/2_statements/combi.ts:1163:10,0,true
src/abap/2_statements/combi.ts.Permutation,src/abap/2_statements/combi.ts.Permutation::run,statements/combi.Permutation,src/abap/2_statements/combi.ts.Permutation::run/body/s2/s1/body/s0/s1/body/s3/else/s0/x/seq/s0/x/0,src/abap/2_statements/combi.ts:792:26,1,true
src/abap/2_statements/combi.ts.Permutation,src/abap/2_statements/combi.ts.module::per,statements/combi.module,src/abap/2_statements/combi.ts.module::per/body/s0/s2/x,src/abap/2_statements/combi.ts:1168:10,0,true
src/abap/2_statements/combi.ts.Plus,src/abap/2_statements/combi.ts.module::plus,statements/combi.module,src/abap/2_statements/combi.ts.module::plus/body/s0/s0/x,src/abap/2_statements/combi.ts:1177:10,0,true
src/abap/2_statements/combi.ts.PlusPriority,src/abap/2_statements/combi.ts.module::plusPrio,statements/combi.module,src/abap/2_statements/combi.ts.module::plusPrio/body/s0/s0/x,src/abap/2_statements/combi.ts:1180:10,0,true
src/abap/2_statements/combi.ts.Regex,src/abap/2_statements/combi.ts.module::regex,statements/combi.module,src/abap/2_statements/combi.ts.module::regex/body/s0/s0/x,src/abap/2_statements/combi.ts:1114:10,0,true
src/abap/2_statements/combi.ts.Sequence,src/abap/2_statements/combi.ts.Plus::constructor,statements/combi.Plus,src/abap/2_statements/combi.ts.Plus::constructor/body/s1/y,src/abap/2_statements/combi.ts:523:16,0,true
src/abap/2_statements/combi.ts.Sequence,src/abap/2_statements/combi.ts.PlusPriority::constructor,statements/combi.PlusPriority,src/abap/2_statements/combi.ts.PlusPriority::constructor/body/s1/y,src/abap/2_statements/combi.ts:558:16,0,true
src/abap/2_statements/combi.ts.Sequence,src/abap/2_statements/combi.ts.WordSequence::constructor,statements/combi.WordSequence,src/abap/2_statements/combi.ts.WordSequence::constructor/body/s5/y,src/abap/2_statements/combi.ts:671:16,0,true
src/abap/2_statements/combi.ts.Sequence,src/abap/2_statements/combi.ts.module::seq,statements/combi.module,src/abap/2_statements/combi.ts.module::seq/body/s0/s2/x,src/abap/2_statements/combi.ts:1147:10,0,true
src/abap/2_statements/combi.ts.Star,src/abap/2_statements/combi.ts.Plus::constructor,statements/combi.Plus,src/abap/2_statements/combi.ts.Plus::constructor/body/s1/y/arg0/seq/s2/x/arg0,src/abap/2_statements/combi.ts:523:40,0,true
src/abap/2_statements/combi.ts.Star,src/abap/2_statements/combi.ts.module::star,statements/combi.module,src/abap/2_statements/combi.ts.module::star/body/s0/s0/x,src/abap/2_statements/combi.ts:1171:10,0,true
src/abap/2_statements/combi.ts.StarPriority,src/abap/2_statements/combi.ts.PlusPriority::constructor,statements/combi.PlusPriority,src/abap/2_statements/combi.ts.PlusPriority::constructor/body/s1/y/arg0/seq/s2/x/arg0,src/abap/2_statements/combi.ts:558:40,0,true
src/abap/2_statements/combi.ts.StarPriority,src/abap/2_statements/combi.ts.module::starPrio,statements/combi.module,src/abap/2_statements/combi.ts.module::starPrio/body/s0/s0/x,src/abap/2_statements/combi.ts:1174:10,0,true
src/abap/2_statements/combi.ts.StopBefore1,src/abap/2_statements/combi.ts.module::stopBefore1,statements/combi.module,src/abap/2_statements/combi.ts.module::stopBefore1/body/s0/s0/x,src/abap/2_statements/combi.ts:1260:10,0,true
src/abap/2_statements/combi.ts.StopBefore2,src/abap/2_statements/combi.ts.module::stopBefore,statements/combi.module,src/abap/2_statements/combi.ts.module::stopBefore/body/s0/s0/x,src/abap/2_statements/combi.ts:1237:10,0,true
src/abap/2_statements/combi.ts.Token,src/abap/2_statements/combi.ts.module::tok,statements/combi.module,src/abap/2_statements/combi.ts.module::tok/body/s0/s0/x,src/abap/2_statements/combi.ts:1118:10,0,true
src/abap/2_statements/combi.ts.Vers,src/abap/2_statements/combi.ts.module::ver,statements/combi.module,src/abap/2_statements/combi.ts.module::ver/body/s1/s0/x,src/abap/2_statements/combi.ts:1190:10,0,true
src/abap/2_statements/combi.ts.Word,src/abap/2_statements/combi.ts.WordSequence::constructor,statements/combi.WordSequence,src/abap/2_statements/combi.ts.WordSequence::constructor/body/s4/body/s0/x/arg0,src/abap/2_statements/combi.ts:669:23,1,true
src/abap/2_statements/combi.ts.Word,src/abap/2_statements/combi.ts.module::str,statements/combi.module,src/abap/2_statements/combi.ts.module::str/body/s0/s0/else/s0/x,src/abap/2_statements/combi.ts:1109:12,0,true
src/abap/2_statements/combi.ts.WordSequence,src/abap/2_statements/combi.ts.module::str,statements/combi.module,src/abap/2_statements/combi.ts.module::str/body/s0/s0/body/s0/x,src/abap/2_statements/combi.ts:1107:12,0,true
src/abap/2_statements/expressions/sql_function.ts.SQLNamedParam,src/abap/2_statements/expressions/sql_function.ts.module::class_constructor,statements,src/abap/2_statements/expressions/sql_function.ts.module::class_constructor/body/s2/y/seq/s1/x/arg0/arg2/seq/s1/x/arg0,src/abap/2_statements/expressions/sql_function.ts:108:5,0,true
src/abap/2_statements/expressions/sql_function.ts.SQLNamedParam,src/abap/2_statements/expressions/sql_function.ts.module::class_constructor,statements,src/abap/2_statements/expressions/sql_function.ts.module::class_constructor/body/s2/y/seq/s1/x/arg0/arg2/seq/s2/x/arg0,src/abap/2_statements/expressions/sql_function.ts:109:5,0,true
src/abap/2_statements/expressions/sql_function.ts.SQLNamedParam,src/abap/2_statements/expressions/sql_function.ts.module::class_constructor,statements,src/abap/2_statements/expressions/sql_function.ts.module::class_constructor/body/s2/y/seq/s1/x/arg0/arg2/seq/s3/x/arg0,src/abap/2_statements/expressions/sql_function.ts:110:5,0,true
src/abap/2_statements/expressions/sql_function.ts.SQLNamedParam,src/abap/2_statements/expressions/sql_function.ts.module::class_constructor,statements,src/abap/2_statements/expressions/sql_function.ts.module::class_constructor/body/s2/y/seq/s10/x/arg0/arg2/seq/s1/x/arg0,src/abap/2_statements/expressions/sql_function.ts:157:5,0,true
src/abap/2_statements/expressions/sql_function.ts.SQLNamedParam,src/abap/2_statements/expressions/sql_function.ts.module::class_constructor,statements,src/abap/2_statements/expressions/sql_function.ts.module::class_constructor/body/s2/y/seq/s10/x/arg0/arg2/seq/s2/x/arg0,src/abap/2_statements/expressions/sql_function.ts:158:5,0,true
src/abap/2_statements/expressions/sql_function.ts.SQLNamedParam,src/abap/2_statements/expressions/sql_function.ts.module::class_constructor,statements,src/abap/2_statements/expressions/sql_function.ts.module::class_constructor/body/s2/y/seq/s11/x/arg0/arg2/seq/s1/x/arg0,src/abap/2_statements/expressions/sql_function.ts:161:5,0,true
src/abap/2_statements/expressions/sql_function.ts.SQLNamedParam,src/abap/2_statements/expressions/sql_function.ts.module::class_constructor,statements,src/abap/2_statements/expressions/sql_function.ts.module::class_constructor/body/s2/y/seq/s11/x/arg0/arg2/seq/s2/x/arg0,src/abap/2_statements/expressions/sql_function.ts:162:5,0,true
src/abap/2_statements/expressions/sql_function.ts.SQLNamedParam,src/abap/2_statements/expressions/sql_function.ts.module::class_constructor,statements,src/abap/2_statements/expressions/sql_function.ts.module::class_constructor/body/s2/y/seq/s11/x/arg0/arg2/seq/s3/x/arg0,src/abap/2_statements/expressions/sql_function.ts:163:5,0,true
src/abap/2_statements/expressions/sql_function.ts.SQLNamedParam,src/abap/2_statements/expressions/sql_function.ts.module::class_constructor,statements,src/abap/2_statements/expressions/sql_function.ts.module::class_constructor/body/s2/y/seq/s12/x/arg0/arg2/seq/s1/x/arg0,src/abap/2_statements/expressions/sql_function.ts:166:5,0,true
src/abap/2_statements/expressions/sql_function.ts.SQLNamedParam,src/abap/2_statements/expressions/sql_function.ts.module::class_constructor,statements,src/abap/2_statements/expressions/sql_function.ts.module::class_constructor/body/s2/y/seq/s12/x/arg0/arg2/seq/s2/x/arg0,src/abap/2_statements/expressions/sql_function.ts:167:5,0,true
src/abap/2_statements/expressions/sql_function.ts.SQLNamedParam,src/abap/2_statements/expressions/sql_function.ts.module::class_constructor,statements,src/abap/2_statements/expressions/sql_function.ts.module::class_constructor/body/s2/y/seq/s13/x/arg0/arg2/seq/s1/x/arg0,src/abap/2_statements/expressions/sql_function.ts:170:5,0,true
src/abap/2_statements/expressions/sql_function.ts.SQLNamedParam,src/abap/2_statements/expressions/sql_function.ts.module::class_constructor,statements,src/abap/2_statements/expressions/sql_function.ts.module::class_constructor/body/s2/y/seq/s13/x/arg0/arg2/seq/s2/x/arg0,src/abap/2_statements/expressions/sql_function.ts:171:5,0,true
src/abap/2_statements/expressions/sql_function.ts.SQLNamedParam,src/abap/2_statements/expressions/sql_function.ts.module::class_constructor,statements,src/abap/2_statements/expressions/sql_function.ts.module::class_constructor/body/s2/y/seq/s14/x/arg0/arg2/seq/s1/x/arg0,src/abap/2_statements/expressions/sql_function.ts:174:5,0,true
src/abap/2_statements/expressions/sql_function.ts.SQLNamedParam,src/abap/2_statements/expressions/sql_function.ts.module::class_constructor,statements,src/abap/2_statements/expressions/sql_function.ts.module::class_constructor/body/s2/y/seq/s14/x/arg0/arg2/seq/s2/x/arg0,src/abap/2_statements/expressions/sql_function.ts:175:5,0,true
src/abap/2_statements/expressions/sql_function.ts.SQLNamedParam,src/abap/2_statements/expressions/sql_function.ts.module::class_constructor,statements,src/abap/2_statements/expressions/sql_function.ts.module::class_constructor/body/s2/y/seq/s15/x/arg0/arg2/seq/s1/x/arg0,src/abap/2_statements/expressions/sql_function.ts:178:5,0,true
src/abap/2_statements/expressions/sql_function.ts.SQLNamedParam,src/abap/2_statements/expressions/sql_function.ts.module::class_constructor,statements,src/abap/2_statements/expressions/sql_function.ts.module::class_constructor/body/s2/y/seq/s15/x/arg0/arg2/seq/s10/x/arg0,src/abap/2_statements/expressions/sql_function.ts:187:5,0,true
src/abap/2_statements/expressions/sql_function.ts.SQLNamedParam,src/abap/2_statements/expressions/sql_function.ts.module::class_constructor,statements,src/abap/2_statements/expressions/sql_function.ts.module::class_constructor/body/s2/y/seq/s15/x/arg0/arg2/seq/s2/x/arg0,src/abap/2_statements/expressions/sql_function.ts:179:5,0,true
src/abap/2_statements/expressions/sql_function.ts.SQLNamedParam,src/abap/2_statements/expressions/sql_function.ts.module::class_constructor,statements,src/abap/2_statements/expressions/sql_function.ts.module::class_constructor/body/s2/y/seq/s15/x/arg0/arg2/seq/s3/x/arg0,src/abap/2_statements/expressions/sql_function.ts:180:5,0,true
src/abap/2_statements/expressions/sql_function.ts.SQLNamedParam,src/abap/2_statements/expressions/sql_function.ts.module::class_constructor,statements,src/abap/2_statements/expressions/sql_function.ts.module::class_constructor/body/s2/y/seq/s15/x/arg0/arg2/seq/s4/x/arg0,src/abap/2_statements/expressions/sql_function.ts:181:5,0,true
src/abap/2_statements/expressions/sql_function.ts.SQLNamedParam,src/abap/2_statements/expressions/sql_function.ts.module::class_constructor,statements,src/abap/2_statements/expressions/sql_function.ts.module::class_constructor/body/s2/y/seq/s15/x/arg0/arg2/seq/s5/x/arg0,src/abap/2_statements/expressions/sql_function.ts:182:5,0,true
src/abap/2_statements/expressions/sql_function.ts.SQLNamedParam,src/abap/2_statements/expressions/sql_function.ts.module::class_constructor,statements,src/abap/2_statements/expressions/sql_function.ts.module::class_constructor/body/s2/y/seq/s15/x/arg0/arg2/seq/s6/x/arg0,src/abap/2_statements/expressions/sql_function.ts:183:5,0,true
src/abap/2_statements/expressions/sql_function.ts.SQLNamedParam,src/abap/2_statements/expressions/sql_function.ts.module::class_constructor,statements,src/abap/2_statements/expressions/sql_function.ts.module::class_constructor/body/s2/y/seq/s15/x/arg0/arg2/seq/s7/x/arg0,src/abap/2_statements/expressions/sql_function.ts:184:5,0,true
src/abap/2_statements/expressions/sql_function.ts.SQLNamedParam,src/abap/2_statements/expressions/sql_function.ts.module::class_constructor,statements,src/abap/2_statements/expressions/sql_function.ts.module::class_constructor/body/s2/y/seq/s15/x/arg0/arg2/seq/s8/x/arg0,src/abap/2_statements/expressions/sql_function.ts:185:5,0,true
src/abap/2_statements/expressions/sql_function.ts.SQLNamedParam,src/abap/2_statements/expressions/sql_function.ts.module::class_constructor,statements,src/abap/2_statements/expressions/sql_function.ts.module::class_constructor/body/s2/y/seq/s15/x/arg0/arg2/seq/s9/x/arg0,src/abap/2_statements/expressions/sql_function.ts:186:5,0,true
src/abap/2_statements/expressions/sql_function.ts.SQLNamedParam,src/abap/2_statements/expressions/sql_function.ts.module::class_constructor,statements,src/abap/2_statements/expressions/sql_function.ts.module::class_constructor/body/s2/y/seq/s16/x/arg0/arg2/seq/s1/x/arg0,src/abap/2_statements/expressions/sql_function.ts:190:5,0,true
src/abap/2_statements/expressions/sql_function.ts.SQLNamedParam,src/abap/2_statements/expressions/sql_function.ts.module::class_constructor,statements,src/abap/2_statements/expressions/sql_function.ts.module::class_constructor/body/s2/y/seq/s16/x/arg0/arg2/seq/s2/x/arg0,src/abap/2_statements/expressions/sql_function.ts:191:5,0,true
src/abap/2_statements/expressions/sql_function.ts.SQLNamedParam,src/abap/2_statements/expressions/sql_function.ts.module::class_constructor,statements,src/abap/2_statements/expressions/sql_function.ts.module::class_constructor/body/s2/y/seq/s16/x/arg0/arg2/seq/s3/x/arg0,src/abap/2_statements/expressions/sql_function.ts:192:5,0,true
src/abap/2_statements/expressions/sql_function.ts.SQLNamedParam,src/abap/2_statements/expressions/sql_function.ts.module::class_constructor,statements,src/abap/2_statements/expressions/sql_function.ts.module::class_constructor/body/s2/y/seq/s16/x/arg0/arg2/seq/s4/x/arg0,src/abap/2_statements/expressions/sql_function.ts:193:5,0,true
src/abap/2_statements/expressions/sql_function.ts.SQLNamedParam,src/abap/2_statements/expressions/sql_function.ts.module::class_constructor,statements,src/abap/2_statements/expressions/sql_function.ts.module::class_constructor/body/s2/y/seq/s16/x/arg0/arg2/seq/s5/x/arg0,src/abap/2_statements/expressions/sql_function.ts:194:5,0,true
src/abap/2_statements/expressions/sql_function.ts.SQLNamedParam,src/abap/2_statements/expressions/sql_function.ts.module::class_constructor,statements,src/abap/2_statements/expressions/sql_function.ts.module::class_constructor/body/s2/y/seq/s17/x/arg0/arg2/seq/s1/x/arg0,src/abap/2_statements/expressions/sql_function.ts:197:5,0,true
src/abap/2_statements/expressions/sql_function.ts.SQLNamedParam,src/abap/2_statements/expressions/sql_function.ts.module::class_constructor,statements,src/abap/2_statements/expressions/sql_function.ts.module::class_constructor/body/s2/y/seq/s17/x/arg0/arg2/seq/s2/x/arg0,src/abap/2_statements/expressions/sql_function.ts:198:5,0,true
src/abap/2_statements/expressions/sql_function.ts.SQLNamedParam,src/abap/2_statements/expressions/sql_function.ts.module::class_constructor,statements,src/abap/2_statements/expressions/sql_function.ts.module::class_constructor/body/s2/y/seq/s18/x/arg0/arg2/seq/s1/x/arg0,src/abap/2_statements/expressions/sql_function.ts:201:5,0,true
src/abap/2_statements/expressions/sql_function.ts.SQLNamedParam,src/abap/2_statements/expressions/sql_function.ts.module::class_constructor,statements,src/abap/2_statements/expressions/sql_function.ts.module::class_constructor/body/s2/y/seq/s19/x/arg0/arg2/seq/s1/x/arg0,src/abap/2_statements/expressions/sql_function.ts:204:5,0,true
src/abap/2_statements/expressions/sql_function.ts.SQLNamedParam,src/abap/2_statements/expressions/sql_function.ts.module::class_constructor,statements,src/abap/2_statements/expressions/sql_function.ts.module::class_constructor/body/s2/y/seq/s19/x/arg0/arg2/seq/s2/x/arg0,src/abap/2_statements/expressions/sql_function.ts:205:5,0,true
src/abap/2_statements/expressions/sql_function.ts.SQLNamedParam,src/abap/2_statements/expressions/sql_function.ts.module::class_constructor,statements,src/abap/2_statements/expressions/sql_function.ts.module::class_constructor/body/s2/y/seq/s2/x/arg0/arg2/seq/s1/x/arg0,src/abap/2_statements/expressions/sql_function.ts:113:5,0,true
src/abap/2_statements/expressions/sql_function.ts.SQLNamedParam,src/abap/2_statements/expressions/sql_function.ts.module::class_constructor,statements,src/abap/2_statements/expressions/sql_function.ts.module::class_constructor/body/s2/y/seq/s2/x/arg0/arg2/seq/s2/x/arg0,src/abap/2_statements/expressions/sql_function.ts:114:5,0,true
src/abap/2_statements/expressions/sql_function.ts.SQLNamedParam,src/abap/2_statements/expressions/sql_function.ts.module::class_constructor,statements,src/abap/2_statements/expressions/sql_function.ts.module::class_constructor/body/s2/y/seq/s3/x/arg0/arg2/seq/s1/x/arg0,src/abap/2_statements/expressions/sql_function.ts:117:5,0,true
src/abap/2_statements/expressions/sql_function.ts.SQLNamedParam,src/abap/2_statements/expressions/sql_function.ts.module::class_constructor,statements,src/abap/2_statements/expressions/sql_function.ts.module::class_constructor/body/s2/y/seq/s3/x/arg0/arg2/seq/s2/x/arg0,src/abap/2_statements/expressions/sql_function.ts:118:5,0,true
src/abap/2_statements/expressions/sql_function.ts.SQLNamedParam,src/abap/2_statements/expressions/sql_function.ts.module::class_constructor,statements,src/abap/2_statements/expressions/sql_function.ts.module::class_constructor/body/s2/y/seq/s3/x/arg0/arg2/seq/s3/x/arg0,src/abap/2_statements/expressions/sql_function.ts:119:5,0,true
src/abap/2_statements/expressions/sql_function.ts.SQLNamedParam,src/abap/2_statements/expressions/sql_function.ts.module::class_constructor,statements,src/abap/2_statements/expressions/sql_function.ts.module::class_constructor/body/s2/y/seq/s3/x/arg0/arg2/seq/s4/x/arg0,src/abap/2_statements/expressions/sql_function.ts:120:5,0,true
src/abap/2_statements/expressions/sql_function.ts.SQLNamedParam,src/abap/2_statements/expressions/sql_function.ts.module::class_constructor,statements,src/abap/2_statements/expressions/sql_function.ts.module::class_constructor/body/s2/y/seq/s3/x/arg0/arg2/seq/s5/x/arg0,src/abap/2_statements/expressions/sql_function.ts:121:5,0,true
src/abap/2_statements/expressions/sql_function.ts.SQLNamedParam,src/abap/2_statements/expressions/sql_function.ts.module::class_constructor,statements,src/abap/2_statements/expressions/sql_function.ts.module::class_constructor/body/s2/y/seq/s4/x/arg0/arg2/seq/s1/x/arg0,src/abap/2_statements/expressions/sql_function.ts:124:5,0,true
src/abap/2_statements/expressions/sql_function.ts.SQLNamedParam,src/abap/2_statements/expressions/sql_function.ts.module::class_constructor,statements,src/abap/2_statements/expressions/sql_function.ts.module::class_constructor/body/s2/y/seq/s4/x/arg0/arg2/seq/s2/x/arg0,src/abap/2_statements/expressions/sql_function.ts:125:5,0,true
src/abap/2_statements/expressions/sql_function.ts.SQLNamedParam,src/abap/2_statements/expressions/sql_function.ts.module::class_constructor,statements,src/abap/2_statements/expressions/sql_function.ts.module::class_constructor/body/s2/y/seq/s4/x/arg0/arg2/seq/s3/x/arg0,src/abap/2_statements/expressions/sql_function.ts:126:5,0,true
src/abap/2_statements/expressions/sql_function.ts.SQLNamedParam,src/abap/2_statements/expressions/sql_function.ts.module::class_constructor,statements,src/abap/2_statements/expressions/sql_function.ts.module::class_constructor/body/s2/y/seq/s5/x/arg0/arg2/seq/s1/x/arg0,src/abap/2_statements/expressions/sql_function.ts:129:5,0,true
src/abap/2_statements/expressions/sql_function.ts.SQLNamedParam,src/abap/2_statements/expressions/sql_function.ts.module::class_constructor,statements,src/abap/2_statements/expressions/sql_function.ts.module::class_constructor/body/s2/y/seq/s5/x/arg0/arg2/seq/s2/x/arg0,src/abap/2_statements/expressions/sql_function.ts:130:5,0,true
src/abap/2_statements/expressions/sql_function.ts.SQLNamedParam,src/abap/2_statements/expressions/sql_function.ts.module::class_constructor,statements,src/abap/2_statements/expressions/sql_function.ts.module::class_constructor/body/s2/y/seq/s5/x/arg0/arg2/seq/s3/x/arg0,src/abap/2_statements/expressions/sql_function.ts:131:5,0,true
src/abap/2_statements/expressions/sql_function.ts.SQLNamedParam,src/abap/2_statements/expressions/sql_function.ts.module::class_constructor,statements,src/abap/2_statements/expressions/sql_function.ts.module::class_constructor/body/s2/y/seq/s6/x/arg0/arg2/seq/s1/x/arg0,src/abap/2_statements/expressions/sql_function.ts:134:5,0,true
src/abap/2_statements/expressions/sql_function.ts.SQLNamedParam,src/abap/2_statements/expressions/sql_function.ts.module::class_constructor,statements,src/abap/2_statements/expressions/sql_function.ts.module::class_constructor/body/s2/y/seq/s6/x/arg0/arg2/seq/s2/x/arg0,src/abap/2_statements/expressions/sql_function.ts:135:5,0,true
src/abap/2_statements/expressions/sql_function.ts.SQLNamedParam,src/abap/2_statements/expressions/sql_function.ts.module::class_constructor,statements,src/abap/2_statements/expressions/sql_function.ts.module::class_constructor/body/s2/y/seq/s6/x/arg0/arg2/seq/s3/x/arg0,src/abap/2_statements/expressions/sql_function.ts:136:5,0,true
src/abap/2_statements/expressions/sql_function.ts.SQLNamedParam,src/abap/2_statements/expressions/sql_function.ts.module::class_constructor,statements,src/abap/2_statements/expressions/sql_function.ts.module::class_constructor/body/s2/y/seq/s6/x/arg0/arg2/seq/s4/x/arg0,src/abap/2_statements/expressions/sql_function.ts:137:5,0,true
src/abap/2_statements/expressions/sql_function.ts.SQLNamedParam,src/abap/2_statements/expressions/sql_function.ts.module::class_constructor,statements,src/abap/2_statements/expressions/sql_function.ts.module::class_constructor/body/s2/y/seq/s7/x/arg0/arg2/seq/s1/x/arg0,src/abap/2_statements/expressions/sql_function.ts:140:5,0,true
src/abap/2_statements/expressions/sql_function.ts.SQLNamedParam,src/abap/2_statements/expressions/sql_function.ts.module::class_constructor,statements,src/abap/2_statements/expressions/sql_function.ts.module::class_constructor/body/s2/y/seq/s7/x/arg0/arg2/seq/s2/x/arg0,src/abap/2_statements/expressions/sql_function.ts:141:5,0,true
src/abap/2_statements/expressions/sql_function.ts.SQLNamedParam,src/abap/2_statements/expressions/sql_function.ts.module::class_constructor,statements,src/abap/2_statements/expressions/sql_function.ts.module::class_constructor/body/s2/y/seq/s7/x/arg0/arg2/seq/s3/x/arg0,src/abap/2_statements/expressions/sql_function.ts:142:5,0,true
src/abap/2_statements/expressions/sql_function.ts.SQLNamedParam,src/abap/2_statements/expressions/sql_function.ts.module::class_constructor,statements,src/abap/2_statements/expressions/sql_function.ts.module::class_constructor/body/s2/y/seq/s7/x/arg0/arg2/seq/s4/x/arg0,src/abap/2_statements/expressions/sql_function.ts:143:5,0,true
src/abap/2_statements/expressions/sql_function.ts.SQLNamedParam,src/abap/2_statements/expressions/sql_function.ts.module::class_constructor,statements,src/abap/2_statements/expressions/sql_function.ts.module::class_constructor/body/s2/y/seq/s8/x/arg0/arg2/seq/s1/x/arg0,src/abap/2_statements/expressions/sql_function.ts:146:5,0,true
src/abap/2_statements/expressions/sql_function.ts.SQLNamedParam,src/abap/2_statements/expressions/sql_function.ts.module::class_constructor,statements,src/abap/2_statements/expressions/sql_function.ts.module::class_constructor/body/s2/y/seq/s8/x/arg0/arg2/seq/s2/x/arg0,src/abap/2_statements/expressions/sql_function.ts:147:5,0,true
src/abap/2_statements/expressions/sql_function.ts.SQLNamedParam,src/abap/2_statements/expressions/sql_function.ts.module::class_constructor,statements,src/abap/2_statements/expressions/sql_function.ts.module::class_constructor/body/s2/y/seq/s8/x/arg0/arg2/seq/s3/x/arg0,src/abap/2_statements/expressions/sql_function.ts:148:5,0,true
src/abap/2_statements/expressions/sql_function.ts.SQLNamedParam,src/abap/2_statements/expressions/sql_function.ts.module::class_constructor,statements,src/abap/2_statements/expressions/sql_function.ts.module::class_constructor/body/s2/y/seq/s8/x/arg0/arg2/seq/s4/x/arg0,src/abap/2_statements/expressions/sql_function.ts:149:5,0,true
src/abap/2_statements/expressions/sql_function.ts.SQLNamedParam,src/abap/2_statements/expressions/sql_function.ts.module::class_constructor,statements,src/abap/2_statements/expressions/sql_function.ts.module::class_constructor/body/s2/y/seq/s9/x/arg0/arg2/seq/s1/x/arg0,src/abap/2_statements/expressions/sql_function.ts:152:5,0,true
src/abap/2_statements/expressions/sql_function.ts.SQLNamedParam,src/abap/2_statements/expressions/sql_function.ts.module::class_constructor,statements,src/abap/2_statements/expressions/sql_function.ts.module::class_constructor/body/s2/y/seq/s9/x/arg0/arg2/seq/s2/x/arg0,src/abap/2_statements/expressions/sql_function.ts:153:5,0,true
src/abap/2_statements/expressions/sql_function.ts.SQLNamedParam,src/abap/2_statements/expressions/sql_function.ts.module::class_constructor,statements,src/abap/2_statements/expressions/sql_function.ts.module::class_constructor/body/s2/y/seq/s9/x/arg0/arg2/seq/s3/x/arg0,src/abap/2_statements/expressions/sql_function.ts:154:5,0,true
src/abap/2_statements/expressions/sql_join_source.ts.SQLJoinSource,src/abap/2_statements/expressions/sql_join.ts.SQLJoin::getRunnable,statements,src/abap/2_statements/expressions/sql_join.ts.SQLJoin::getRunnable/body/s2/x/seq/s3/x/arg0/0,src/abap/2_statements/expressions/sql_join.ts:13:41,0,true
src/abap/2_statements/expressions/sql_join_source.ts.SQLJoinSource,src/abap/2_statements/expressions/sql_join.ts.SQLJoin::getRunnable,statements,src/abap/2_statements/expressions/sql_join.ts.SQLJoin::getRunnable/body/s3/x/arg1/0/seq/s3/x/arg0/0,src/abap/2_statements/expressions/sql_join.ts:15:68,0,true
src/abap/2_statements/expressions/sql_join_source.ts.SQLJoinSource,src/abap/2_statements/expressions/sql_join_source.ts.SQLJoinSource::getRunnable,statements,src/abap/2_statements/expressions/sql_join_source.ts.SQLJoinSource::getRunnable/body/s0/x/seq/s1/x/0/seq/s0/x/0,src/abap/2_statements/expressions/sql_join_source.ts:11:15,0,true
src/abap/2_statements/expressions/sql_path_segment.ts.SQLPathSegment,src/abap/2_statements/expressions/sql_path_for_column.ts.SQLPathForColumn::getRunnable,statements,src/abap/2_statements/expressions/sql_path_for_column.ts.SQLPathForColumn::getRunnable/body/s1/x/seq/s1/x/0/arg0/0,src/abap/2_statements/expressions/sql_path_for_column.ts:12:46,0,true
src/abap/2_statements/expressions/sql_path_segment.ts.SQLPathSegment,src/abap/2_statements/expressions/sql_path_for_column.ts.SQLPathForColumn::getRunnable,statements,src/abap/2_statements/expressions/sql_path_for_column.ts.SQLPathForColumn::getRunnable/body/s2/x/seq/s0/x/0/arg0/0,src/abap/2_statements/expressions/sql_path_for_column.ts:13:33,0,true
src/abap/2_statements/expressions/sql_path_segment.ts.SQLPathSegment,src/abap/2_statements/expressions/sql_path_for_entity.ts.SQLPathForEntity::getRunnable,statements,src/abap/2_statements/expressions/sql_path_for_entity.ts.SQLPathForEntity::getRunnable/body/s1/x/arg1/0/seq/s1/x/0/arg0/0,src/abap/2_statements/expressions/sql_path_for_entity.ts:11:60,0,true
src/abap/2_statements/result.ts.Result,src/abap/2_statements/combi.ts.Combi::run,statements/combi.Combi,src/abap/2_statements/combi.ts.Combi::run/body/s1/s2/x,src/abap/2_statements/combi.ts:1064:19,0,true
src/abap/2_statements/result.ts.Result,src/abap/2_statements/result.ts.Result::fromChain,statements,src/abap/2_statements/result.ts.Result::fromChain/body/s0/x,src/abap/2_statements/result.ts:29:17,0,true
src/abap/2_statements/statements/_statement.ts.Empty,src/abap/2_statements/statement_parser.ts.StatementParser::categorizeStatement,statements,src/abap/2_statements/statement_parser.ts.StatementParser::categorizeStatement/body/s4/body/s1/y/0/arg0,src/abap/2_statements/statement_parser.ts:245:37,0,true
src/abap/2_statements/statements/_statement.ts.Empty,src/abap/2_statements/statement_parser.ts.StatementParser::categorizeStatement,statements,src/abap/2_statements/statement_parser.ts.StatementParser::categorizeStatement/body/s4/else/body/s0/else/else/body/s0/y/0/arg0,src/abap/2_statements/statement_parser.ts:254:39,0,true
src/abap/2_statements/statements/_statement.ts.Empty,src/abap/2_statements/statement_parser.ts.StatementParser::match,statements,src/abap/2_statements/statement_parser.ts.StatementParser::match/body/s4/body/s0/x/0/arg0,src/abap/2_statements/statement_parser.ts:293:32,0,true
src/abap/2_statements/statements/_statement.ts.Unknown,src/abap/2_statements/statement_parser.ts.StatementParser::lazyUnknown,statements,src/abap/2_statements/statement_parser.ts.StatementParser::lazyUnknown/body/s1/body/s0/body/s1/body/s0/body/s2/s1/x/arg0/0/arg0,src/abap/2_statements/statement_parser.ts:165:66,2,true
src/abap/2_statements/statements/_statement.ts.Unknown,src/abap/2_statements/statement_parser.ts.StatementParser::lazyUnknown,statements,src/abap/2_statements/statement_parser.ts.StatementParser::lazyUnknown/body/s1/body/s0/body/s1/body/s0/body/s2/s2/body/s0/x/arg0/0/arg0,src/abap/2_statements/statement_parser.ts:167:45,2,true
src/abap/2_statements/statements/_statement.ts.Unknown,src/abap/2_statements/statement_parser.ts.WorkArea::addUnknown,statements,src/abap/2_statements/statement_parser.ts.WorkArea::addUnknown/body/s0/x/arg0,src/abap/2_statements/statement_parser.ts:71:34,0,true
src/abap/3_structures/structure_result.ts.IStructureResult,src/abap/3_structures/structure_parser.ts.StructureParser::runFile,structures,src/abap/3_structures/structure_parser.ts.StructureParser::runFile/body/s3/body/s1/x,src/abap/3_structures/structure_parser.ts:56:14,0,true
src/abap/3_structures/structure_result.ts.IStructureResult,src/abap/3_structures/structure_parser.ts.StructureParser::runFile,structures,src/abap/3_structures/structure_parser.ts.StructureParser::runFile/body/s4/body/s3/x,src/abap/3_structures/structure_parser.ts:62:14,0,true
src/abap/3_structures/structure_result.ts.IStructureResult,src/abap/3_structures/structure_parser.ts.StructureParser::runFile,structures,src/abap/3_structures/structure_parser.ts.StructureParser::runFile/body/s5/x,src/abap/3_structures/structure_parser.ts:65:12,0,true
src/abap/3_structures/structures/_match.ts.IMatch,src/abap/3_structures/structures/_combi.ts.Alternative::run,structures,src/abap/3_structures/structures/_combi.ts.Alternative::run/body/s3/body/s0/x,src/abap/3_structures/structures/_combi.ts:114:14,0,true
src/abap/3_structures/structures/_match.ts.IMatch,src/abap/3_structures/structures/_combi.ts.Alternative::run,structures,src/abap/3_structures/structures/_combi.ts.Alternative::run/body/s7/body/s0/x,src/abap/3_structures/structures/_combi.ts:147:14,0,true
src/abap/3_structures/structures/_match.ts.IMatch,src/abap/3_structures/structures/_combi.ts.Alternative::run,structures,src/abap/3_structures/structures/_combi.ts.Alternative::run/body/s7/else/s0/x,src/abap/3_structures/structures/_combi.ts:155:14,0,true
src/abap/3_structures/structures/_match.ts.IMatch,src/abap/3_structures/structures/_combi.ts.Sequence::run,structures,src/abap/3_structures/structures/_combi.ts.Sequence::run/body/s2/body/s1/body/s0/x,src/abap/3_structures/structures/_combi.ts:37:16,1,true
src/abap/3_structures/structures/_match.ts.IMatch,src/abap/3_structures/structures/_combi.ts.Sequence::run,structures,src/abap/3_structures/structures/_combi.ts.Sequence::run/body/s3/x,src/abap/3_structures/structures/_combi.ts:56:12,0,true
src/abap/3_structures/structures/_match.ts.IMatch,src/abap/3_structures/structures/_combi.ts.Star::run,structures,src/abap/3_structures/structures/_combi.ts.Star::run/body/s2/body/s0/body/s0/x,src/abap/3_structures/structures/_combi.ts:212:16,1,true
src/abap/3_structures/structures/_match.ts.IMatch,src/abap/3_structures/structures/_combi.ts.Star::run,structures,src/abap/3_structures/structures/_combi.ts.Star::run/body/s2/body/s2/body/s0/body/s0/x,src/abap/3_structures/structures/_combi.ts:225:18,1,true
src/abap/3_structures/structures/_match.ts.IMatch,src/abap/3_structures/structures/_combi.ts.Star::run,structures,src/abap/3_structures/structures/_combi.ts.Star::run/body/s2/body/s2/body/s0/else/s0/x,src/abap/3_structures/structures/_combi.ts:233:18,1,true
src/abap/3_structures/structures/_match.ts.IMatch,src/abap/3_structures/structures/_combi.ts.SubStatement::run,structures,src/abap/3_structures/structures/_combi.ts.SubStatement::run/body/s0/body/s0/x,src/abap/3_structures/structures/_combi.ts:331:14,0,true
src/abap/3_structures/structures/_match.ts.IMatch,src/abap/3_structures/structures/_combi.ts.SubStatement::run,structures,src/abap/3_structures/structures/_combi.ts.SubStatement::run/body/s0/else/body/s1/x,src/abap/3_structures/structures/_combi.ts:340:14,0,true
src/abap/3_structures/structures/_match.ts.IMatch,src/abap/3_structures/structures/_combi.ts.SubStatement::run,structures,src/abap/3_structures/structures/_combi.ts.SubStatement::run/body/s0/else/else/s0/x,src/abap/3_structures/structures/_combi.ts:348:14,0,true
src/abap/4_file_information/_identifier.ts.Identifier,src/abap/4_file_information/abap_file_information_parser.ts.ABAPFileInformationParser::parseAliases,other,src/abap/4_file_information/abap_file_information_parser.ts.ABAPFileInformationParser::parseAliases/body/s2/body/s2/x/arg0/arg1,src/abap/4_file_information/abap_file_information_parser.ts:241:21,1,false
src/abap/4_file_information/_identifier.ts.Identifier,src/abap/4_file_information/abap_file_information_parser.ts.ABAPFileInformationParser::parseAttributes,other,src/abap/4_file_information/abap_file_information_parser.ts.ABAPFileInformationParser::parseAttributes/body/s4/body/s1/x/arg0/arg1,src/abap/4_file_information/abap_file_information_parser.ts:292:21,1,false
src/abap/4_file_information/_identifier.ts.Identifier,src/abap/4_file_information/abap_file_information_parser.ts.ABAPFileInformationParser::parseAttributes,other,src/abap/4_file_information/abap_file_information_parser.ts.ABAPFileInformationParser::parseAttributes/body/s5/body/s1/x/arg0/arg1,src/abap/4_file_information/abap_file_information_parser.ts:302:21,1,false
src/abap/4_file_information/_identifier.ts.Identifier,src/abap/4_file_information/abap_file_information_parser.ts.ABAPFileInformationParser::parseAttributes,other,src/abap/4_file_information/abap_file_information_parser.ts.ABAPFileInformationParser::parseAttributes/body/s6/body/s1/x/arg0/arg1,src/abap/4_file_information/abap_file_information_parser.ts:312:21,1,false
src/abap/4_file_information/_identifier.ts.Identifier,src/abap/4_file_information/abap_file_information_parser.ts.ABAPFileInformationParser::parseClassImplementations,other,src/abap/4_file_information/abap_file_information_parser.ts.ABAPFileInformationParser::parseClassImplementations/body/s1/body/s1/body/s1/body/s0/x/arg0,src/abap/4_file_information/abap_file_information_parser.ts:46:24,2,false
src/abap/4_file_information/_identifier.ts.Identifier,src/abap/4_file_information/abap_file_information_parser.ts.ABAPFileInformationParser::parseClassImplementations,other,src/abap/4_file_information/abap_file_information_parser.ts.ABAPFileInformationParser::parseClassImplementations/body/s1/body/s3/x/arg0/arg1,src/abap/4_file_information/abap_file_information_parser.ts:53:21,1,false
src/abap/4_file_information/_identifier.ts.Identifier,src/abap/4_file_information/abap_file_information_parser.ts.ABAPFileInformationParser::parseClasses,other,src/abap/4_file_information/abap_file_information_parser.ts.ABAPFileInformationParser::parseClasses/body/s1/body/s21/x/arg0/arg1,src/abap/4_file_information/abap_file_information_parser.ts:156:21,1,false
src/abap/4_file_information/_identifier.ts.Identifier,src/abap/4_file_information/abap_file_information_parser.ts.ABAPFileInformationParser::parseConstants,other,src/abap/4_file_information/abap_file_information_parser.ts.ABAPFileInformationParser::parseConstants/body/s2/body/s4/x/arg0/arg0,src/abap/4_file_information/abap_file_information_parser.ts:269:21,1,false
src/abap/4_file_information/_identifier.ts.Identifier,src/abap/4_file_information/abap_file_information_parser.ts.ABAPFileInformationParser::parseForms,other,src/abap/4_file_information/abap_file_information_parser.ts.ABAPFileInformationParser::parseForms/body/s1/body/s3/x/arg0/arg1,src/abap/4_file_information/abap_file_information_parser.ts:71:21,1,false
src/abap/4_file_information/_identifier.ts.Identifier,src/abap/4_file_information/abap_file_information_parser.ts.ABAPFileInformationParser::parseInterfaces,other,src/abap/4_file_information/abap_file_information_parser.ts.ABAPFileInformationParser::parseInterfaces/body/s1/body/s8/x/arg0/arg1,src/abap/4_file_information/abap_file_information_parser.ts:95:21,1,false
src/abap/4_file_information/_identifier.ts.Identifier,src/abap/4_file_information/abap_file_information_parser.ts.ABAPFileInformationParser::parseMethodDefinition,other,src/abap/4_file_information/abap_file_information_parser.ts.ABAPFileInformationParser::parseMethodDefinition/body/s2/body/s4/x/arg0/arg1,src/abap/4_file_information/abap_file_information_parser.ts:339:21,1,false
src/abap/4_file_information/_identifier.ts.Identifier,src/abap/4_file_information/abap_file_information_parser.ts.ABAPFileInformationParser::parseMethodParameters,other,src/abap/4_file_information/abap_file_information_parser.ts.ABAPFileInformationParser::parseMethodParameters/body/s2/body/s0/body/s1/body/s0/x/arg0/arg1,src/abap/4_file_information/abap_file_information_parser.ts:366:25,1,false
src/abap/4_file_information/_identifier.ts.Identifier,src/abap/4_file_information/abap_file_information_parser.ts.ABAPFileInformationParser::parseMethodParameters,other,src/abap/4_file_information/abap_file_information_parser.ts.ABAPFileInformationParser::parseMethodParameters/body/s4/body/s0/body/s1/body/s0/x/arg0/arg1,src/abap/4_file_information/abap_file_information_parser.ts:380:25,1,false
src/abap/4_file_information/_identifier.ts.Identifier,src/abap/4_file_information/abap_file_information_parser.ts.ABAPFileInformationParser::parseMethodParameters,other,src/abap/4_file_information/abap_file_information_parser.ts.ABAPFileInformationParser::parseMethodParameters/body/s6/body/s0/body/s1/body/s0/x/arg0/arg1,src/abap/4_file_information/abap_file_information_parser.ts:394:25,1,false
src/abap/4_file_information/_identifier.ts.Identifier,src/abap/4_file_information/abap_file_information_parser.ts.ABAPFileInformationParser::parseMethodParameters,other,src/abap/4_file_information/abap_file_information_parser.ts.ABAPFileInformationParser::parseMethodParameters/body/s8/body/s1/body/s0/x/arg0/arg1,src/abap/4_file_information/abap_file_information_parser.ts:407:23,0,false
src/abap/4_file_information/_identifier.ts.Identifier,src/abap/5_syntax/_current_scope.ts.CurrentScope::addReference,syntax,src/abap/5_syntax/_current_scope.ts.CurrentScope::addReference/body/s1/x,src/abap/5_syntax/_current_scope.ts:247:22,0,false
src/abap/4_file_information/_identifier.ts.Identifier,src/abap/5_syntax/spaghetti_scope.ts.SpaghettiScopeNode::findDeferred,syntax,src/abap/5_syntax/spaghetti_scope.ts.SpaghettiScopeNode::findDeferred/body/s1/body/s1/body/s0/x/1/arg0/1,src/abap/5_syntax/spaghetti_scope.ts:86:15,1,false
src/abap/nodes/expression_node.ts.ExpressionNode,src/abap/2_statements/combi.ts.Expression::run,statements/combi.Expression,src/abap/2_statements/combi.ts.Expression::run/body/s2/body/s1/body/s1/body/s0/x,src/abap/2_statements/combi.ts:715:22,2,true
src/abap/nodes/statement_node.ts.StatementNode,src/abap/2_statements/_select_reclassify.ts.module::reclassifySelect,statements,src/abap/2_statements/_select_reclassify.ts.module::reclassifySelect/body/s0/s1/body/s1/body/s0/x/0,src/abap/2_statements/_select_reclassify.ts:114:14,0,true
src/abap/nodes/statement_node.ts.StatementNode,src/abap/2_statements/_select_reclassify.ts.module::reclassifySelect,statements,src/abap/2_statements/_select_reclassify.ts.module::reclassifySelect/body/s0/s1/body/s1/else/body/s0/x/0,src/abap/2_statements/_select_reclassify.ts:116:14,0,true
src/abap/nodes/statement_node.ts.StatementNode,src/abap/2_statements/_select_reclassify.ts.module::reclassifySelect,statements,src/abap/2_statements/_select_reclassify.ts.module::reclassifySelect/body/s0/s1/else/body/s1/body/s0/x/0,src/abap/2_statements/_select_reclassify.ts:121:14,0,true
src/abap/nodes/statement_node.ts.StatementNode,src/abap/2_statements/_select_reclassify.ts.module::reclassifySelect,statements,src/abap/2_statements/_select_reclassify.ts.module::reclassifySelect/body/s0/s1/else/body/s1/else/body/s0/x/0,src/abap/2_statements/_select_reclassify.ts:123:14,0,true
src/abap/nodes/statement_node.ts.StatementNode,src/abap/2_statements/expand_macros.ts.ExpandMacros::find,statements,src/abap/2_statements/expand_macros.ts.ExpandMacros::find/body/s1/s5/s1/body/s0/s2/else/else/body/s0/else/body/s0/y/0,src/abap/2_statements/expand_macros.ts:124:27,1,true
src/abap/nodes/statement_node.ts.StatementNode,src/abap/2_statements/expand_macros.ts.ExpandMacros::handleMacros,statements,src/abap/2_statements/expand_macros.ts.ExpandMacros::handleMacros/body/s1/s3/body/s1/body/s1/body/s2/x/arg0/0,src/abap/2_statements/expand_macros.ts:152:23,1,true
src/abap/nodes/statement_node.ts.StatementNode,src/abap/2_statements/expand_macros.ts.ExpandMacros::handleMacros,statements,src/abap/2_statements/expand_macros.ts.ExpandMacros::handleMacros/body/s1/s3/body/s1/body/s1/body/s3/else/s0/x,src/abap/2_statements/expand_macros.ts:165:26,1,true
src/abap/nodes/statement_node.ts.StatementNode,src/abap/2_statements/statement_parser.ts.StatementParser::categorizeStatement,statements,src/abap/2_statements/statement_parser.ts.StatementParser::categorizeStatement/body/s4/body/s1/y/0,src/abap/2_statements/statement_parser.ts:245:19,0,true
src/abap/nodes/statement_node.ts.StatementNode,src/abap/2_statements/statement_parser.ts.StatementParser::categorizeStatement,statements,src/abap/2_statements/statement_parser.ts.StatementParser::categorizeStatement/body/s4/else/body/s0/else/else/body/s0/y/0,src/abap/2_statements/statement_parser.ts:254:21,0,true
src/abap/nodes/statement_node.ts.StatementNode,src/abap/2_statements/statement_parser.ts.StatementParser::lazyUnknown,statements,src/abap/2_statements/statement_parser.ts.StatementParser::lazyUnknown/body/s1/body/s0/body/s1/body/s0/body/s2/s1/x/arg0/0,src/abap/2_statements/statement_parser.ts:165:48,2,true
src/abap/nodes/statement_node.ts.StatementNode,src/abap/2_statements/statement_parser.ts.StatementParser::lazyUnknown,statements,src/abap/2_statements/statement_parser.ts.StatementParser::lazyUnknown/body/s1/body/s0/body/s1/body/s0/body/s2/s2/body/s0/x/arg0/0,src/abap/2_statements/statement_parser.ts:167:27,2,true
src/abap/nodes/statement_node.ts.StatementNode,src/abap/2_statements/statement_parser.ts.StatementParser::match,statements,src/abap/2_statements/statement_parser.ts.StatementParser::match/body/s4/body/s0/x/0,src/abap/2_statements/statement_parser.ts:293:14,0,true
src/abap/nodes/statement_node.ts.StatementNode,src/abap/2_statements/statement_parser.ts.StatementParser::match,statements,src/abap/2_statements/statement_parser.ts.StatementParser::match/body/s5/body/s1/body/s2/x/0,src/abap/2_statements/statement_parser.ts:301:25,1,true
src/abap/nodes/statement_node.ts.StatementNode,src/abap/2_statements/statement_parser.ts.StatementParser::match,statements,src/abap/2_statements/statement_parser.ts.StatementParser::match/body/s6/body/s1/body/s2/x/0,src/abap/2_statements/statement_parser.ts:311:25,1,true
src/abap/nodes/statement_node.ts.StatementNode,src/abap/2_statements/statement_parser.ts.StatementParser::nativeSQL,statements,src/abap/2_statements/statement_parser.ts.StatementParser::nativeSQL/body/s1/s1/body/s0/s2/else/body/s0/else/s0/y/0,src/abap/2_statements/statement_parser.ts:210:30,1,true
src/abap/nodes/statement_node.ts.StatementNode,src/abap/2_statements/statement_parser.ts.StatementParser::nativeSQL,statements,src/abap/2_statements/statement_parser.ts.StatementParser::nativeSQL/body/s1/s1/body/s0/s2/else/body/s0/else/s1/body/s3/y/0,src/abap/2_statements/statement_parser.ts:216:32,1,true
src/abap/nodes/statement_node.ts.StatementNode,src/abap/2_statements/statement_parser.ts.StatementParser::nativeSQL,statements,src/abap/2_statements/statement_parser.ts.StatementParser::nativeSQL/body/s1/s1/body/s0/s2/else/body/s0/else/s1/body/s4/x/0,src/abap/2_statements/statement_parser.ts:217:26,1,true
src/abap/nodes/statement_node.ts.StatementNode,src/abap/2_statements/statement_parser.ts.StatementParser::process,statements,src/abap/2_statements/statement_parser.ts.StatementParser::process/body/s4/body/s0/body/s0/x/arg0/0,src/abap/2_statements/statement_parser.ts:333:28,1,true
src/abap/nodes/statement_node.ts.StatementNode,src/abap/2_statements/statement_parser.ts.WorkArea::addUnknown,statements,src/abap/2_statements/statement_parser.ts.WorkArea::addUnknown/body/s0/x,src/abap/2_statements/statement_parser.ts:71:16,0,true
src/abap/nodes/token_node.ts.TokenNode,src/abap/2_statements/combi.ts.Token::run,statements/combi.Token,src/abap/2_statements/combi.ts.Token::run/body/s1/body/s0/body/s0/x/arg0/arg0,src/abap/2_statements/combi.ts:121:33,1,true
src/abap/nodes/token_node.ts.TokenNode,src/abap/2_statements/combi.ts.Word::run,statements/combi.Word,src/abap/2_statements/combi.ts.Word::run/body/s1/body/s0/body/s0/x/arg0/arg0,src/abap/2_statements/combi.ts:78:33,1,true
src/abap/nodes/token_node.ts.TokenNode,src/abap/2_statements/statement_parser.ts.StatementParser::match,statements,src/abap/2_statements/statement_parser.ts.StatementParser::match/body/s5/body/s1/body/s1/x/arg0,src/abap/2_statements/statement_parser.ts:300:20,1,true
src/abap/nodes/token_node.ts.TokenNode,src/abap/2_statements/statement_parser.ts.StatementParser::match,statements,src/abap/2_statements/statement_parser.ts.StatementParser::match/body/s6/body/s1/body/s1/x/arg0,src/abap/2_statements/statement_parser.ts:310:20,1,true
src/abap/nodes/token_node.ts.TokenNode,src/abap/2_statements/statement_parser.ts.StatementParser::tokensToNodes,statements,src/abap/2_statements/statement_parser.ts.StatementParser::tokensToNodes/body/s1/body/s0/x/arg0,src/abap/2_statements/statement_parser.ts:139:16,1,true
src/abap/nodes/token_node.ts.TokenNode,src/abap/2_statements/statement_parser.ts.WorkArea::tokensToNodes,statements,src/abap/2_statements/statement_parser.ts.WorkArea::tokensToNodes/body/s1/body/s0/x/arg0,src/abap/2_statements/statement_parser.ts:84:16,1,true
src/abap/nodes/token_node.ts.TokenNode,src/abap/2_statements/statement_parser.ts.WorkArea::tokensToNodes,statements,src/abap/2_statements/statement_parser.ts.WorkArea::tokensToNodes/body/s2/body/s0/x/arg0,src/abap/2_statements/statement_parser.ts:87:16,1,true
src/position.ts.Position,src/abap/1_lexer/lexer.ts.Lexer::add,lexer,src/abap/1_lexer/lexer.ts.Lexer::add/body/s1/body/s8/x,src/abap/1_lexer/lexer.ts:95:17,0,true
src/position.ts.Position,src/abap/1_lexer/tokens/abstract_token.ts.AbstractToken::getEnd,lexer,src/abap/1_lexer/tokens/abstract_token.ts.AbstractToken::getEnd/body/s0/x,src/abap/1_lexer/tokens/abstract_token.ts:40:12,0,true
src/position.ts.Position,src/abap/3_structures/structure_parser.ts.StructureParser::runFile,structures,src/abap/3_structures/structure_parser.ts.StructureParser::runFile/body/s3/body/s0/x/arg1,src/abap/3_structures/structure_parser.ts:55:44,0,true
src/position.ts.Position,src/abap/5_syntax/_builtin.ts.BuiltIn::buildConstant,syntax,src/abap/5_syntax/_builtin.ts.BuiltIn::buildConstant/body/s0/x/arg0,src/abap/5_syntax/_builtin.ts:1353:36,0,false
src/position.ts.Position,src/abap/5_syntax/_builtin.ts.BuiltIn::buildDefinition,syntax,src/abap/5_syntax/_builtin.ts.BuiltIn::buildDefinition/body/s1/x/arg0,src/abap/5_syntax/_builtin.ts:1045:39,0,false
src/position.ts.Position,src/abap/5_syntax/_builtin.ts.BuiltIn::buildSY,syntax,src/abap/5_syntax/_builtin.ts.BuiltIn::buildSY/body/s173/x/arg0,src/abap/5_syntax/_builtin.ts:1337:37,0,false
src/position.ts.Position,src/abap/5_syntax/_builtin.ts.BuiltIn::buildSY,syntax,src/abap/5_syntax/_builtin.ts.BuiltIn::buildSY/body/s175/x/arg0,src/abap/5_syntax/_builtin.ts:1340:37,0,false
src/position.ts.Position,src/abap/5_syntax/_builtin.ts.BuiltIn::buildSY,syntax,src/abap/5_syntax/_builtin.ts.BuiltIn::buildSY/body/s177/x/arg0,src/abap/5_syntax/_builtin.ts:1344:37,0,false
src/position.ts.Position,src/abap/5_syntax/_builtin.ts.BuiltIn::buildSY,syntax,src/abap/5_syntax/_builtin.ts.BuiltIn::buildSY/body/s179/x/arg0,src/abap/5_syntax/_builtin.ts:1346:37,0,false
src/position.ts.Position,src/abap/5_syntax/_builtin.ts.BuiltIn::buildVariable,syntax,src/abap/5_syntax/_builtin.ts.BuiltIn::buildVariable/body/s0/x/arg0,src/abap/5_syntax/_builtin.ts:1156:36,0,false
src/position.ts.Position,src/abap/5_syntax/_builtin.ts.BuiltIn::get,syntax,src/abap/5_syntax/_builtin.ts.BuiltIn::get/body/s4/body/s2/body/s0/x/arg0,src/abap/5_syntax/_builtin.ts:1144:40,1,false
src/position.ts.Position,src/abap/5_syntax/_builtin.ts.BuiltIn::getTypes,syntax,src/abap/5_syntax/_builtin.ts.BuiltIn::getTypes/body/s0/body/s1/s0/x/arg0,src/abap/5_syntax/_builtin.ts:1083:40,0,false
src/position.ts.Position,src/abap/5_syntax/_builtin.ts.BuiltIn::getTypes,syntax,src/abap/5_syntax/_builtin.ts.BuiltIn::getTypes/body/s0/body/s2/s0/x/arg0,src/abap/5_syntax/_builtin.ts:1088:40,0,false
src/position.ts.Position,src/abap/5_syntax/_builtin.ts.BuiltInMethod::getImporting,syntax,src/abap/5_syntax/_builtin.ts.BuiltInMethod::getImporting/body/s1/s1/body/s0/body/s0/x/arg0,src/abap/5_syntax/_builtin.ts:61:38,1,false
src/position.ts.Position,src/abap/5_syntax/_builtin.ts.BuiltInMethod::getImporting,syntax,src/abap/5_syntax/_builtin.ts.BuiltInMethod::getImporting/body/s2/s1/body/s0/body/s0/x/arg0,src/abap/5_syntax/_builtin.ts:65:38,1,false
src/position.ts.Position,src/abap/5_syntax/_builtin.ts.BuiltInMethod::getRequiredParameters,syntax,src/abap/5_syntax/_builtin.ts.BuiltInMethod::getRequiredParameters/body/s1/s1/body/s0/body/s0/x/arg0,src/abap/5_syntax/_builtin.ts:36:38,1,false
src/position.ts.Position,src/abap/5_syntax/_builtin.ts.BuiltInMethod::getReturning,syntax,src/abap/5_syntax/_builtin.ts.BuiltInMethod::getReturning/body/s0/x/arg0,src/abap/5_syntax/_builtin.ts:95:36,0,false
src/position.ts.Position,src/abap/5_syntax/_current_scope.ts.CurrentScope::buildDefault,syntax,src/abap/5_syntax/_current_scope.ts.CurrentScope::buildDefault/body/s1/x/arg2,src/abap/5_syntax/_current_scope.ts:38:50,0,false
src/position.ts.Position,src/abap/5_syntax/_current_scope.ts.CurrentScope::buildDefault,syntax,src/abap/5_syntax/_current_scope.ts.CurrentScope::buildDefault/body/s5/x/arg2,src/abap/5_syntax/_current_scope.ts:46:36,0,false
src/position.ts.Position,src/abap/5_syntax/statements/class_implementation.ts.ClassImplementation::runSyntax,syntax,src/abap/5_syntax/statements/class_implementation.ts.ClassImplementation::runSyntax/body/s8/body/s0/x/arg0/1/arg0/arg0,src/abap/5_syntax/statements/class_implementation.ts:36:68,0,false
src/position.ts.Position,src/abap/5_syntax/statements/class_implementation.ts.ClassImplementation::runSyntax,syntax,src/abap/5_syntax/statements/class_implementation.ts.ClassImplementation::runSyntax/body/s8/else/s0/x/arg0/1/arg0/arg0,src/abap/5_syntax/statements/class_implementation.ts:39:68,0,false
src/position.ts.Position,src/abap/5_syntax/statements/class_implementation.ts.ClassImplementation::runSyntax,syntax,src/abap/5_syntax/statements/class_implementation.ts.ClassImplementation::runSyntax/body/s9/x/arg0/1/arg0/arg0,src/abap/5_syntax/statements/class_implementation.ts:41:66,0,false
src/position.ts.Position,src/abap/5_syntax/syntax.ts.SyntaxLogic::run,syntax,src/abap/5_syntax/syntax.ts.SyntaxLogic::run/body/s11/s0/body/s0/s0/x/arg0,src/abap/5_syntax/syntax.ts:367:40,1,false
src/position.ts.Position,src/abap/5_syntax/syntax.ts.SyntaxLogic::run,syntax,src/abap/5_syntax/syntax.ts.SyntaxLogic::run/body/s7/body/s0/x/arg1/arg0,src/abap/5_syntax/syntax.ts:355:53,0,false
src/position.ts.Position,src/abap/5_syntax/syntax.ts.SyntaxLogic::traverseObject,syntax,src/abap/5_syntax/syntax.ts.SyntaxLogic::traverseObject/body/s1/body/s2/body/s2/x/arg2,src/abap/5_syntax/syntax.ts:397:55,0,false
src/position.ts.Position,src/abap/5_syntax/syntax.ts.SyntaxLogic::traverseObject,syntax,src/abap/5_syntax/syntax.ts.SyntaxLogic::traverseObject/body/s1/else/body/s1/body/s0/x/arg2,src/abap/5_syntax/syntax.ts:406:68,0,false
src/position.ts.Position,src/issue.ts.Issue::atPosition,other,src/issue.ts.Issue::atPosition/body/s1/x,src/issue.ts:56:17,0,false
src/position.ts.Position,src/issue.ts.Issue::atRow,other,src/issue.ts.Issue::atRow/body/s0/x,src/issue.ts:36:19,0,false
src/position.ts.Position,src/issue.ts.Issue::atRow,other,src/issue.ts.Issue::atRow/body/s1/x,src/issue.ts:37:17,0,false
src/position.ts.Position,src/issue.ts.Issue::atRowRange,other,src/issue.ts.Issue::atRowRange/body/s0/x,src/issue.ts:71:19,0,false
src/position.ts.Position,src/issue.ts.Issue::atRowRange,other,src/issue.ts.Issue::atRowRange/body/s1/x,src/issue.ts:72:17,0,false
src/virtual_position.ts.VirtualPosition,src/abap/1_lexer/lexer.ts.Lexer::add,lexer,src/abap/1_lexer/lexer.ts.Lexer::add/body/s1/body/s9/body/s0/y,src/abap/1_lexer/lexer.ts:97:15,0,true
tuple.473287f8298dba7163a897908958f7c0eae733e25d2e027992ea2edc9bed2fa8.12886f9d00055adf24c40579e22d31b2b45f2023f892954ffd5567beb60825f8.8f9108e347ad289a33aa5df99962abce4e6d371906c6508e3a0fcfd0983f8809,src/abap/2_statements/expressions/sql_function.ts.module::class_constructor,statements,src/abap/2_statements/expressions/sql_function.ts.module::class_constructor/body/s1/y/seq/s1/x/arg0,src/abap/2_statements/expressions/sql_function.ts:21:3,0,true
tuple.473287f8298dba7163a897908958f7c0eae733e25d2e027992ea2edc9bed2fa8.12886f9d00055adf24c40579e22d31b2b45f2023f892954ffd5567beb60825f8.8f9108e347ad289a33aa5df99962abce4e6d371906c6508e3a0fcfd0983f8809,src/abap/2_statements/expressions/sql_function.ts.module::class_constructor,statements,src/abap/2_statements/expressions/sql_function.ts.module::class_constructor/body/s1/y/seq/s10/x/arg0,src/abap/2_statements/expressions/sql_function.ts:30:3,0,true
tuple.473287f8298dba7163a897908958f7c0eae733e25d2e027992ea2edc9bed2fa8.12886f9d00055adf24c40579e22d31b2b45f2023f892954ffd5567beb60825f8.8f9108e347ad289a33aa5df99962abce4e6d371906c6508e3a0fcfd0983f8809,src/abap/2_statements/expressions/sql_function.ts.module::class_constructor,statements,src/abap/2_statements/expressions/sql_function.ts.module::class_constructor/body/s1/y/seq/s11/x/arg0,src/abap/2_statements/expressions/sql_function.ts:31:3,0,true
tuple.473287f8298dba7163a897908958f7c0eae733e25d2e027992ea2edc9bed2fa8.12886f9d00055adf24c40579e22d31b2b45f2023f892954ffd5567beb60825f8.8f9108e347ad289a33aa5df99962abce4e6d371906c6508e3a0fcfd0983f8809,src/abap/2_statements/expressions/sql_function.ts.module::class_constructor,statements,src/abap/2_statements/expressions/sql_function.ts.module::class_constructor/body/s1/y/seq/s12/x/arg0,src/abap/2_statements/expressions/sql_function.ts:32:3,0,true
tuple.473287f8298dba7163a897908958f7c0eae733e25d2e027992ea2edc9bed2fa8.12886f9d00055adf24c40579e22d31b2b45f2023f892954ffd5567beb60825f8.8f9108e347ad289a33aa5df99962abce4e6d371906c6508e3a0fcfd0983f8809,src/abap/2_statements/expressions/sql_function.ts.module::class_constructor,statements,src/abap/2_statements/expressions/sql_function.ts.module::class_constructor/body/s1/y/seq/s13/x/arg0,src/abap/2_statements/expressions/sql_function.ts:33:3,0,true
tuple.473287f8298dba7163a897908958f7c0eae733e25d2e027992ea2edc9bed2fa8.12886f9d00055adf24c40579e22d31b2b45f2023f892954ffd5567beb60825f8.8f9108e347ad289a33aa5df99962abce4e6d371906c6508e3a0fcfd0983f8809,src/abap/2_statements/expressions/sql_function.ts.module::class_constructor,statements,src/abap/2_statements/expressions/sql_function.ts.module::class_constructor/body/s1/y/seq/s14/x/arg0,src/abap/2_statements/expressions/sql_function.ts:34:3,0,true
tuple.473287f8298dba7163a897908958f7c0eae733e25d2e027992ea2edc9bed2fa8.12886f9d00055adf24c40579e22d31b2b45f2023f892954ffd5567beb60825f8.8f9108e347ad289a33aa5df99962abce4e6d371906c6508e3a0fcfd0983f8809,src/abap/2_statements/expressions/sql_function.ts.module::class_constructor,statements,src/abap/2_statements/expressions/sql_function.ts.module::class_constructor/body/s1/y/seq/s15/x/arg0,src/abap/2_statements/expressions/sql_function.ts:35:3,0,true
tuple.473287f8298dba7163a897908958f7c0eae733e25d2e027992ea2edc9bed2fa8.12886f9d00055adf24c40579e22d31b2b45f2023f892954ffd5567beb60825f8.8f9108e347ad289a33aa5df99962abce4e6d371906c6508e3a0fcfd0983f8809,src/abap/2_statements/expressions/sql_function.ts.module::class_constructor,statements,src/abap/2_statements/expressions/sql_function.ts.module::class_constructor/body/s1/y/seq/s16/x/arg0,src/abap/2_statements/expressions/sql_function.ts:36:3,0,true
tuple.473287f8298dba7163a897908958f7c0eae733e25d2e027992ea2edc9bed2fa8.12886f9d00055adf24c40579e22d31b2b45f2023f892954ffd5567beb60825f8.8f9108e347ad289a33aa5df99962abce4e6d371906c6508e3a0fcfd0983f8809,src/abap/2_statements/expressions/sql_function.ts.module::class_constructor,statements,src/abap/2_statements/expressions/sql_function.ts.module::class_constructor/body/s1/y/seq/s17/x/arg0,src/abap/2_statements/expressions/sql_function.ts:37:3,0,true
tuple.473287f8298dba7163a897908958f7c0eae733e25d2e027992ea2edc9bed2fa8.12886f9d00055adf24c40579e22d31b2b45f2023f892954ffd5567beb60825f8.8f9108e347ad289a33aa5df99962abce4e6d371906c6508e3a0fcfd0983f8809,src/abap/2_statements/expressions/sql_function.ts.module::class_constructor,statements,src/abap/2_statements/expressions/sql_function.ts.module::class_constructor/body/s1/y/seq/s18/x/arg0,src/abap/2_statements/expressions/sql_function.ts:38:3,0,true
tuple.473287f8298dba7163a897908958f7c0eae733e25d2e027992ea2edc9bed2fa8.12886f9d00055adf24c40579e22d31b2b45f2023f892954ffd5567beb60825f8.8f9108e347ad289a33aa5df99962abce4e6d371906c6508e3a0fcfd0983f8809,src/abap/2_statements/expressions/sql_function.ts.module::class_constructor,statements,src/abap/2_statements/expressions/sql_function.ts.module::class_constructor/body/s1/y/seq/s19/x/arg0,src/abap/2_statements/expressions/sql_function.ts:39:3,0,true
tuple.473287f8298dba7163a897908958f7c0eae733e25d2e027992ea2edc9bed2fa8.12886f9d00055adf24c40579e22d31b2b45f2023f892954ffd5567beb60825f8.8f9108e347ad289a33aa5df99962abce4e6d371906c6508e3a0fcfd0983f8809,src/abap/2_statements/expressions/sql_function.ts.module::class_constructor,statements,src/abap/2_statements/expressions/sql_function.ts.module::class_constructor/body/s1/y/seq/s2/x/arg0,src/abap/2_statements/expressions/sql_function.ts:22:3,0,true
tuple.473287f8298dba7163a897908958f7c0eae733e25d2e027992ea2edc9bed2fa8.12886f9d00055adf24c40579e22d31b2b45f2023f892954ffd5567beb60825f8.8f9108e347ad289a33aa5df99962abce4e6d371906c6508e3a0fcfd0983f8809,src/abap/2_statements/expressions/sql_function.ts.module::class_constructor,statements,src/abap/2_statements/expressions/sql_function.ts.module::class_constructor/body/s1/y/seq/s20/x/arg0,src/abap/2_statements/expressions/sql_function.ts:40:3,0,true
tuple.473287f8298dba7163a897908958f7c0eae733e25d2e027992ea2edc9bed2fa8.12886f9d00055adf24c40579e22d31b2b45f2023f892954ffd5567beb60825f8.8f9108e347ad289a33aa5df99962abce4e6d371906c6508e3a0fcfd0983f8809,src/abap/2_statements/expressions/sql_function.ts.module::class_constructor,statements,src/abap/2_statements/expressions/sql_function.ts.module::class_constructor/body/s1/y/seq/s21/x/arg0,src/abap/2_statements/expressions/sql_function.ts:41:3,0,true
tuple.473287f8298dba7163a897908958f7c0eae733e25d2e027992ea2edc9bed2fa8.12886f9d00055adf24c40579e22d31b2b45f2023f892954ffd5567beb60825f8.8f9108e347ad289a33aa5df99962abce4e6d371906c6508e3a0fcfd0983f8809,src/abap/2_statements/expressions/sql_function.ts.module::class_constructor,statements,src/abap/2_statements/expressions/sql_function.ts.module::class_constructor/body/s1/y/seq/s22/x/arg0,src/abap/2_statements/expressions/sql_function.ts:42:3,0,true
tuple.473287f8298dba7163a897908958f7c0eae733e25d2e027992ea2edc9bed2fa8.12886f9d00055adf24c40579e22d31b2b45f2023f892954ffd5567beb60825f8.8f9108e347ad289a33aa5df99962abce4e6d371906c6508e3a0fcfd0983f8809,src/abap/2_statements/expressions/sql_function.ts.module::class_constructor,statements,src/abap/2_statements/expressions/sql_function.ts.module::class_constructor/body/s1/y/seq/s23/x/arg0,src/abap/2_statements/expressions/sql_function.ts:43:3,0,true
tuple.473287f8298dba7163a897908958f7c0eae733e25d2e027992ea2edc9bed2fa8.12886f9d00055adf24c40579e22d31b2b45f2023f892954ffd5567beb60825f8.8f9108e347ad289a33aa5df99962abce4e6d371906c6508e3a0fcfd0983f8809,src/abap/2_statements/expressions/sql_function.ts.module::class_constructor,statements,src/abap/2_statements/expressions/sql_function.ts.module::class_constructor/body/s1/y/seq/s24/x/arg0,src/abap/2_statements/expressions/sql_function.ts:44:3,0,true
tuple.473287f8298dba7163a897908958f7c0eae733e25d2e027992ea2edc9bed2fa8.12886f9d00055adf24c40579e22d31b2b45f2023f892954ffd5567beb60825f8.8f9108e347ad289a33aa5df99962abce4e6d371906c6508e3a0fcfd0983f8809,src/abap/2_statements/expressions/sql_function.ts.module::class_constructor,statements,src/abap/2_statements/expressions/sql_function.ts.module::class_constructor/body/s1/y/seq/s25/x/arg0,src/abap/2_statements/expressions/sql_function.ts:45:3,0,true
tuple.473287f8298dba7163a897908958f7c0eae733e25d2e027992ea2edc9bed2fa8.12886f9d00055adf24c40579e22d31b2b45f2023f892954ffd5567beb60825f8.8f9108e347ad289a33aa5df99962abce4e6d371906c6508e3a0fcfd0983f8809,src/abap/2_statements/expressions/sql_function.ts.module::class_constructor,statements,src/abap/2_statements/expressions/sql_function.ts.module::class_constructor/body/s1/y/seq/s26/x/arg0,src/abap/2_statements/expressions/sql_function.ts:46:3,0,true
tuple.473287f8298dba7163a897908958f7c0eae733e25d2e027992ea2edc9bed2fa8.12886f9d00055adf24c40579e22d31b2b45f2023f892954ffd5567beb60825f8.8f9108e347ad289a33aa5df99962abce4e6d371906c6508e3a0fcfd0983f8809,src/abap/2_statements/expressions/sql_function.ts.module::class_constructor,statements,src/abap/2_statements/expressions/sql_function.ts.module::class_constructor/body/s1/y/seq/s27/x/arg0,src/abap/2_statements/expressions/sql_function.ts:47:3,0,true
tuple.473287f8298dba7163a897908958f7c0eae733e25d2e027992ea2edc9bed2fa8.12886f9d00055adf24c40579e22d31b2b45f2023f892954ffd5567beb60825f8.8f9108e347ad289a33aa5df99962abce4e6d371906c6508e3a0fcfd0983f8809,src/abap/2_statements/expressions/sql_function.ts.module::class_constructor,statements,src/abap/2_statements/expressions/sql_function.ts.module::class_constructor/body/s1/y/seq/s28/x/arg0,src/abap/2_statements/expressions/sql_function.ts:48:3,0,true
tuple.473287f8298dba7163a897908958f7c0eae733e25d2e027992ea2edc9bed2fa8.12886f9d00055adf24c40579e22d31b2b45f2023f892954ffd5567beb60825f8.8f9108e347ad289a33aa5df99962abce4e6d371906c6508e3a0fcfd0983f8809,src/abap/2_statements/expressions/sql_function.ts.module::class_constructor,statements,src/abap/2_statements/expressions/sql_function.ts.module::class_constructor/body/s1/y/seq/s29/x/arg0,src/abap/2_statements/expressions/sql_function.ts:49:3,0,true
tuple.473287f8298dba7163a897908958f7c0eae733e25d2e027992ea2edc9bed2fa8.12886f9d00055adf24c40579e22d31b2b45f2023f892954ffd5567beb60825f8.8f9108e347ad289a33aa5df99962abce4e6d371906c6508e3a0fcfd0983f8809,src/abap/2_statements/expressions/sql_function.ts.module::class_constructor,statements,src/abap/2_statements/expressions/sql_function.ts.module::class_constructor/body/s1/y/seq/s3/x/arg0,src/abap/2_statements/expressions/sql_function.ts:23:3,0,true
tuple.473287f8298dba7163a897908958f7c0eae733e25d2e027992ea2edc9bed2fa8.12886f9d00055adf24c40579e22d31b2b45f2023f892954ffd5567beb60825f8.8f9108e347ad289a33aa5df99962abce4e6d371906c6508e3a0fcfd0983f8809,src/abap/2_statements/expressions/sql_function.ts.module::class_constructor,statements,src/abap/2_statements/expressions/sql_function.ts.module::class_constructor/body/s1/y/seq/s30/x/arg0,src/abap/2_statements/expressions/sql_function.ts:50:3,0,true
tuple.473287f8298dba7163a897908958f7c0eae733e25d2e027992ea2edc9bed2fa8.12886f9d00055adf24c40579e22d31b2b45f2023f892954ffd5567beb60825f8.8f9108e347ad289a33aa5df99962abce4e6d371906c6508e3a0fcfd0983f8809,src/abap/2_statements/expressions/sql_function.ts.module::class_constructor,statements,src/abap/2_statements/expressions/sql_function.ts.module::class_constructor/body/s1/y/seq/s31/x/arg0,src/abap/2_statements/expressions/sql_function.ts:51:3,0,true
tuple.473287f8298dba7163a897908958f7c0eae733e25d2e027992ea2edc9bed2fa8.12886f9d00055adf24c40579e22d31b2b45f2023f892954ffd5567beb60825f8.8f9108e347ad289a33aa5df99962abce4e6d371906c6508e3a0fcfd0983f8809,src/abap/2_statements/expressions/sql_function.ts.module::class_constructor,statements,src/abap/2_statements/expressions/sql_function.ts.module::class_constructor/body/s1/y/seq/s32/x/arg0,src/abap/2_statements/expressions/sql_function.ts:52:3,0,true
tuple.473287f8298dba7163a897908958f7c0eae733e25d2e027992ea2edc9bed2fa8.12886f9d00055adf24c40579e22d31b2b45f2023f892954ffd5567beb60825f8.8f9108e347ad289a33aa5df99962abce4e6d371906c6508e3a0fcfd0983f8809,src/abap/2_statements/expressions/sql_function.ts.module::class_constructor,statements,src/abap/2_statements/expressions/sql_function.ts.module::class_constructor/body/s1/y/seq/s33/x/arg0,src/abap/2_statements/expressions/sql_function.ts:53:3,0,true
tuple.473287f8298dba7163a897908958f7c0eae733e25d2e027992ea2edc9bed2fa8.12886f9d00055adf24c40579e22d31b2b45f2023f892954ffd5567beb60825f8.8f9108e347ad289a33aa5df99962abce4e6d371906c6508e3a0fcfd0983f8809,src/abap/2_statements/expressions/sql_function.ts.module::class_constructor,statements,src/abap/2_statements/expressions/sql_function.ts.module::class_constructor/body/s1/y/seq/s34/x/arg0,src/abap/2_statements/expressions/sql_function.ts:54:3,0,true
tuple.473287f8298dba7163a897908958f7c0eae733e25d2e027992ea2edc9bed2fa8.12886f9d00055adf24c40579e22d31b2b45f2023f892954ffd5567beb60825f8.8f9108e347ad289a33aa5df99962abce4e6d371906c6508e3a0fcfd0983f8809,src/abap/2_statements/expressions/sql_function.ts.module::class_constructor,statements,src/abap/2_statements/expressions/sql_function.ts.module::class_constructor/body/s1/y/seq/s35/x/arg0,src/abap/2_statements/expressions/sql_function.ts:55:3,0,true
tuple.473287f8298dba7163a897908958f7c0eae733e25d2e027992ea2edc9bed2fa8.12886f9d00055adf24c40579e22d31b2b45f2023f892954ffd5567beb60825f8.8f9108e347ad289a33aa5df99962abce4e6d371906c6508e3a0fcfd0983f8809,src/abap/2_statements/expressions/sql_function.ts.module::class_constructor,statements,src/abap/2_statements/expressions/sql_function.ts.module::class_constructor/body/s1/y/seq/s36/x/arg0,src/abap/2_statements/expressions/sql_function.ts:56:3,0,true
tuple.473287f8298dba7163a897908958f7c0eae733e25d2e027992ea2edc9bed2fa8.12886f9d00055adf24c40579e22d31b2b45f2023f892954ffd5567beb60825f8.8f9108e347ad289a33aa5df99962abce4e6d371906c6508e3a0fcfd0983f8809,src/abap/2_statements/expressions/sql_function.ts.module::class_constructor,statements,src/abap/2_statements/expressions/sql_function.ts.module::class_constructor/body/s1/y/seq/s37/x/arg0,src/abap/2_statements/expressions/sql_function.ts:57:3,0,true
tuple.473287f8298dba7163a897908958f7c0eae733e25d2e027992ea2edc9bed2fa8.12886f9d00055adf24c40579e22d31b2b45f2023f892954ffd5567beb60825f8.8f9108e347ad289a33aa5df99962abce4e6d371906c6508e3a0fcfd0983f8809,src/abap/2_statements/expressions/sql_function.ts.module::class_constructor,statements,src/abap/2_statements/expressions/sql_function.ts.module::class_constructor/body/s1/y/seq/s38/x/arg0,src/abap/2_statements/expressions/sql_function.ts:58:3,0,true
tuple.473287f8298dba7163a897908958f7c0eae733e25d2e027992ea2edc9bed2fa8.12886f9d00055adf24c40579e22d31b2b45f2023f892954ffd5567beb60825f8.8f9108e347ad289a33aa5df99962abce4e6d371906c6508e3a0fcfd0983f8809,src/abap/2_statements/expressions/sql_function.ts.module::class_constructor,statements,src/abap/2_statements/expressions/sql_function.ts.module::class_constructor/body/s1/y/seq/s39/x/arg0,src/abap/2_statements/expressions/sql_function.ts:59:3,0,true
tuple.473287f8298dba7163a897908958f7c0eae733e25d2e027992ea2edc9bed2fa8.12886f9d00055adf24c40579e22d31b2b45f2023f892954ffd5567beb60825f8.8f9108e347ad289a33aa5df99962abce4e6d371906c6508e3a0fcfd0983f8809,src/abap/2_statements/expressions/sql_function.ts.module::class_constructor,statements,src/abap/2_statements/expressions/sql_function.ts.module::class_constructor/body/s1/y/seq/s4/x/arg0,src/abap/2_statements/expressions/sql_function.ts:24:3,0,true
tuple.473287f8298dba7163a897908958f7c0eae733e25d2e027992ea2edc9bed2fa8.12886f9d00055adf24c40579e22d31b2b45f2023f892954ffd5567beb60825f8.8f9108e347ad289a33aa5df99962abce4e6d371906c6508e3a0fcfd0983f8809,src/abap/2_statements/expressions/sql_function.ts.module::class_constructor,statements,src/abap/2_statements/expressions/sql_function.ts.module::class_constructor/body/s1/y/seq/s40/x/arg0,src/abap/2_statements/expressions/sql_function.ts:60:3,0,true
tuple.473287f8298dba7163a897908958f7c0eae733e25d2e027992ea2edc9bed2fa8.12886f9d00055adf24c40579e22d31b2b45f2023f892954ffd5567beb60825f8.8f9108e347ad289a33aa5df99962abce4e6d371906c6508e3a0fcfd0983f8809,src/abap/2_statements/expressions/sql_function.ts.module::class_constructor,statements,src/abap/2_statements/expressions/sql_function.ts.module::class_constructor/body/s1/y/seq/s41/x/arg0,src/abap/2_statements/expressions/sql_function.ts:61:3,0,true
tuple.473287f8298dba7163a897908958f7c0eae733e25d2e027992ea2edc9bed2fa8.12886f9d00055adf24c40579e22d31b2b45f2023f892954ffd5567beb60825f8.8f9108e347ad289a33aa5df99962abce4e6d371906c6508e3a0fcfd0983f8809,src/abap/2_statements/expressions/sql_function.ts.module::class_constructor,statements,src/abap/2_statements/expressions/sql_function.ts.module::class_constructor/body/s1/y/seq/s42/x/arg0,src/abap/2_statements/expressions/sql_function.ts:62:3,0,true
tuple.473287f8298dba7163a897908958f7c0eae733e25d2e027992ea2edc9bed2fa8.12886f9d00055adf24c40579e22d31b2b45f2023f892954ffd5567beb60825f8.8f9108e347ad289a33aa5df99962abce4e6d371906c6508e3a0fcfd0983f8809,src/abap/2_statements/expressions/sql_function.ts.module::class_constructor,statements,src/abap/2_statements/expressions/sql_function.ts.module::class_constructor/body/s1/y/seq/s43/x/arg0,src/abap/2_statements/expressions/sql_function.ts:63:3,0,true
tuple.473287f8298dba7163a897908958f7c0eae733e25d2e027992ea2edc9bed2fa8.12886f9d00055adf24c40579e22d31b2b45f2023f892954ffd5567beb60825f8.8f9108e347ad289a33aa5df99962abce4e6d371906c6508e3a0fcfd0983f8809,src/abap/2_statements/expressions/sql_function.ts.module::class_constructor,statements,src/abap/2_statements/expressions/sql_function.ts.module::class_constructor/body/s1/y/seq/s44/x/arg0,src/abap/2_statements/expressions/sql_function.ts:64:3,0,true
tuple.473287f8298dba7163a897908958f7c0eae733e25d2e027992ea2edc9bed2fa8.12886f9d00055adf24c40579e22d31b2b45f2023f892954ffd5567beb60825f8.8f9108e347ad289a33aa5df99962abce4e6d371906c6508e3a0fcfd0983f8809,src/abap/2_statements/expressions/sql_function.ts.module::class_constructor,statements,src/abap/2_statements/expressions/sql_function.ts.module::class_constructor/body/s1/y/seq/s45/x/arg0,src/abap/2_statements/expressions/sql_function.ts:65:3,0,true
tuple.473287f8298dba7163a897908958f7c0eae733e25d2e027992ea2edc9bed2fa8.12886f9d00055adf24c40579e22d31b2b45f2023f892954ffd5567beb60825f8.8f9108e347ad289a33aa5df99962abce4e6d371906c6508e3a0fcfd0983f8809,src/abap/2_statements/expressions/sql_function.ts.module::class_constructor,statements,src/abap/2_statements/expressions/sql_function.ts.module::class_constructor/body/s1/y/seq/s46/x/arg0,src/abap/2_statements/expressions/sql_function.ts:66:3,0,true
tuple.473287f8298dba7163a897908958f7c0eae733e25d2e027992ea2edc9bed2fa8.12886f9d00055adf24c40579e22d31b2b45f2023f892954ffd5567beb60825f8.8f9108e347ad289a33aa5df99962abce4e6d371906c6508e3a0fcfd0983f8809,src/abap/2_statements/expressions/sql_function.ts.module::class_constructor,statements,src/abap/2_statements/expressions/sql_function.ts.module::class_constructor/body/s1/y/seq/s47/x/arg0,src/abap/2_statements/expressions/sql_function.ts:67:3,0,true
tuple.473287f8298dba7163a897908958f7c0eae733e25d2e027992ea2edc9bed2fa8.12886f9d00055adf24c40579e22d31b2b45f2023f892954ffd5567beb60825f8.8f9108e347ad289a33aa5df99962abce4e6d371906c6508e3a0fcfd0983f8809,src/abap/2_statements/expressions/sql_function.ts.module::class_constructor,statements,src/abap/2_statements/expressions/sql_function.ts.module::class_constructor/body/s1/y/seq/s48/x/arg0,src/abap/2_statements/expressions/sql_function.ts:68:3,0,true
tuple.473287f8298dba7163a897908958f7c0eae733e25d2e027992ea2edc9bed2fa8.12886f9d00055adf24c40579e22d31b2b45f2023f892954ffd5567beb60825f8.8f9108e347ad289a33aa5df99962abce4e6d371906c6508e3a0fcfd0983f8809,src/abap/2_statements/expressions/sql_function.ts.module::class_constructor,statements,src/abap/2_statements/expressions/sql_function.ts.module::class_constructor/body/s1/y/seq/s49/x/arg0,src/abap/2_statements/expressions/sql_function.ts:69:3,0,true
tuple.473287f8298dba7163a897908958f7c0eae733e25d2e027992ea2edc9bed2fa8.12886f9d00055adf24c40579e22d31b2b45f2023f892954ffd5567beb60825f8.8f9108e347ad289a33aa5df99962abce4e6d371906c6508e3a0fcfd0983f8809,src/abap/2_statements/expressions/sql_function.ts.module::class_constructor,statements,src/abap/2_statements/expressions/sql_function.ts.module::class_constructor/body/s1/y/seq/s5/x/arg0,src/abap/2_statements/expressions/sql_function.ts:25:3,0,true
tuple.473287f8298dba7163a897908958f7c0eae733e25d2e027992ea2edc9bed2fa8.12886f9d00055adf24c40579e22d31b2b45f2023f892954ffd5567beb60825f8.8f9108e347ad289a33aa5df99962abce4e6d371906c6508e3a0fcfd0983f8809,src/abap/2_statements/expressions/sql_function.ts.module::class_constructor,statements,src/abap/2_statements/expressions/sql_function.ts.module::class_constructor/body/s1/y/seq/s50/x/arg0,src/abap/2_statements/expressions/sql_function.ts:70:3,0,true
tuple.473287f8298dba7163a897908958f7c0eae733e25d2e027992ea2edc9bed2fa8.12886f9d00055adf24c40579e22d31b2b45f2023f892954ffd5567beb60825f8.8f9108e347ad289a33aa5df99962abce4e6d371906c6508e3a0fcfd0983f8809,src/abap/2_statements/expressions/sql_function.ts.module::class_constructor,statements,src/abap/2_statements/expressions/sql_function.ts.module::class_constructor/body/s1/y/seq/s51/x/arg0,src/abap/2_statements/expressions/sql_function.ts:71:3,0,true
tuple.473287f8298dba7163a897908958f7c0eae733e25d2e027992ea2edc9bed2fa8.12886f9d00055adf24c40579e22d31b2b45f2023f892954ffd5567beb60825f8.8f9108e347ad289a33aa5df99962abce4e6d371906c6508e3a0fcfd0983f8809,src/abap/2_statements/expressions/sql_function.ts.module::class_constructor,statements,src/abap/2_statements/expressions/sql_function.ts.module::class_constructor/body/s1/y/seq/s52/x/arg0,src/abap/2_statements/expressions/sql_function.ts:72:3,0,true
tuple.473287f8298dba7163a897908958f7c0eae733e25d2e027992ea2edc9bed2fa8.12886f9d00055adf24c40579e22d31b2b45f2023f892954ffd5567beb60825f8.8f9108e347ad289a33aa5df99962abce4e6d371906c6508e3a0fcfd0983f8809,src/abap/2_statements/expressions/sql_function.ts.module::class_constructor,statements,src/abap/2_statements/expressions/sql_function.ts.module::class_constructor/body/s1/y/seq/s53/x/arg0,src/abap/2_statements/expressions/sql_function.ts:73:3,0,true
tuple.473287f8298dba7163a897908958f7c0eae733e25d2e027992ea2edc9bed2fa8.12886f9d00055adf24c40579e22d31b2b45f2023f892954ffd5567beb60825f8.8f9108e347ad289a33aa5df99962abce4e6d371906c6508e3a0fcfd0983f8809,src/abap/2_statements/expressions/sql_function.ts.module::class_constructor,statements,src/abap/2_statements/expressions/sql_function.ts.module::class_constructor/body/s1/y/seq/s54/x/arg0,src/abap/2_statements/expressions/sql_function.ts:74:3,0,true
tuple.473287f8298dba7163a897908958f7c0eae733e25d2e027992ea2edc9bed2fa8.12886f9d00055adf24c40579e22d31b2b45f2023f892954ffd5567beb60825f8.8f9108e347ad289a33aa5df99962abce4e6d371906c6508e3a0fcfd0983f8809,src/abap/2_statements/expressions/sql_function.ts.module::class_constructor,statements,src/abap/2_statements/expressions/sql_function.ts.module::class_constructor/body/s1/y/seq/s55/x/arg0,src/abap/2_statements/expressions/sql_function.ts:75:3,0,true
tuple.473287f8298dba7163a897908958f7c0eae733e25d2e027992ea2edc9bed2fa8.12886f9d00055adf24c40579e22d31b2b45f2023f892954ffd5567beb60825f8.8f9108e347ad289a33aa5df99962abce4e6d371906c6508e3a0fcfd0983f8809,src/abap/2_statements/expressions/sql_function.ts.module::class_constructor,statements,src/abap/2_statements/expressions/sql_function.ts.module::class_constructor/body/s1/y/seq/s56/x/arg0,src/abap/2_statements/expressions/sql_function.ts:76:3,0,true
tuple.473287f8298dba7163a897908958f7c0eae733e25d2e027992ea2edc9bed2fa8.12886f9d00055adf24c40579e22d31b2b45f2023f892954ffd5567beb60825f8.8f9108e347ad289a33aa5df99962abce4e6d371906c6508e3a0fcfd0983f8809,src/abap/2_statements/expressions/sql_function.ts.module::class_constructor,statements,src/abap/2_statements/expressions/sql_function.ts.module::class_constructor/body/s1/y/seq/s57/x/arg0,src/abap/2_statements/expressions/sql_function.ts:77:3,0,true
tuple.473287f8298dba7163a897908958f7c0eae733e25d2e027992ea2edc9bed2fa8.12886f9d00055adf24c40579e22d31b2b45f2023f892954ffd5567beb60825f8.8f9108e347ad289a33aa5df99962abce4e6d371906c6508e3a0fcfd0983f8809,src/abap/2_statements/expressions/sql_function.ts.module::class_constructor,statements,src/abap/2_statements/expressions/sql_function.ts.module::class_constructor/body/s1/y/seq/s58/x/arg0,src/abap/2_statements/expressions/sql_function.ts:78:3,0,true
tuple.473287f8298dba7163a897908958f7c0eae733e25d2e027992ea2edc9bed2fa8.12886f9d00055adf24c40579e22d31b2b45f2023f892954ffd5567beb60825f8.8f9108e347ad289a33aa5df99962abce4e6d371906c6508e3a0fcfd0983f8809,src/abap/2_statements/expressions/sql_function.ts.module::class_constructor,statements,src/abap/2_statements/expressions/sql_function.ts.module::class_constructor/body/s1/y/seq/s59/x/arg0,src/abap/2_statements/expressions/sql_function.ts:79:3,0,true
tuple.473287f8298dba7163a897908958f7c0eae733e25d2e027992ea2edc9bed2fa8.12886f9d00055adf24c40579e22d31b2b45f2023f892954ffd5567beb60825f8.8f9108e347ad289a33aa5df99962abce4e6d371906c6508e3a0fcfd0983f8809,src/abap/2_statements/expressions/sql_function.ts.module::class_constructor,statements,src/abap/2_statements/expressions/sql_function.ts.module::class_constructor/body/s1/y/seq/s6/x/arg0,src/abap/2_statements/expressions/sql_function.ts:26:3,0,true
tuple.473287f8298dba7163a897908958f7c0eae733e25d2e027992ea2edc9bed2fa8.12886f9d00055adf24c40579e22d31b2b45f2023f892954ffd5567beb60825f8.8f9108e347ad289a33aa5df99962abce4e6d371906c6508e3a0fcfd0983f8809,src/abap/2_statements/expressions/sql_function.ts.module::class_constructor,statements,src/abap/2_statements/expressions/sql_function.ts.module::class_constructor/body/s1/y/seq/s60/x/arg0,src/abap/2_statements/expressions/sql_function.ts:80:3,0,true
tuple.473287f8298dba7163a897908958f7c0eae733e25d2e027992ea2edc9bed2fa8.12886f9d00055adf24c40579e22d31b2b45f2023f892954ffd5567beb60825f8.8f9108e347ad289a33aa5df99962abce4e6d371906c6508e3a0fcfd0983f8809,src/abap/2_statements/expressions/sql_function.ts.module::class_constructor,statements,src/abap/2_statements/expressions/sql_function.ts.module::class_constructor/body/s1/y/seq/s61/x/arg0,src/abap/2_statements/expressions/sql_function.ts:81:3,0,true
tuple.473287f8298dba7163a897908958f7c0eae733e25d2e027992ea2edc9bed2fa8.12886f9d00055adf24c40579e22d31b2b45f2023f892954ffd5567beb60825f8.8f9108e347ad289a33aa5df99962abce4e6d371906c6508e3a0fcfd0983f8809,src/abap/2_statements/expressions/sql_function.ts.module::class_constructor,statements,src/abap/2_statements/expressions/sql_function.ts.module::class_constructor/body/s1/y/seq/s62/x/arg0,src/abap/2_statements/expressions/sql_function.ts:82:3,0,true
tuple.473287f8298dba7163a897908958f7c0eae733e25d2e027992ea2edc9bed2fa8.12886f9d00055adf24c40579e22d31b2b45f2023f892954ffd5567beb60825f8.8f9108e347ad289a33aa5df99962abce4e6d371906c6508e3a0fcfd0983f8809,src/abap/2_statements/expressions/sql_function.ts.module::class_constructor,statements,src/abap/2_statements/expressions/sql_function.ts.module::class_constructor/body/s1/y/seq/s63/x/arg0,src/abap/2_statements/expressions/sql_function.ts:83:3,0,true
tuple.473287f8298dba7163a897908958f7c0eae733e25d2e027992ea2edc9bed2fa8.12886f9d00055adf24c40579e22d31b2b45f2023f892954ffd5567beb60825f8.8f9108e347ad289a33aa5df99962abce4e6d371906c6508e3a0fcfd0983f8809,src/abap/2_statements/expressions/sql_function.ts.module::class_constructor,statements,src/abap/2_statements/expressions/sql_function.ts.module::class_constructor/body/s1/y/seq/s64/x/arg0,src/abap/2_statements/expressions/sql_function.ts:84:3,0,true
tuple.473287f8298dba7163a897908958f7c0eae733e25d2e027992ea2edc9bed2fa8.12886f9d00055adf24c40579e22d31b2b45f2023f892954ffd5567beb60825f8.8f9108e347ad289a33aa5df99962abce4e6d371906c6508e3a0fcfd0983f8809,src/abap/2_statements/expressions/sql_function.ts.module::class_constructor,statements,src/abap/2_statements/expressions/sql_function.ts.module::class_constructor/body/s1/y/seq/s65/x/arg0,src/abap/2_statements/expressions/sql_function.ts:85:3,0,true
tuple.473287f8298dba7163a897908958f7c0eae733e25d2e027992ea2edc9bed2fa8.12886f9d00055adf24c40579e22d31b2b45f2023f892954ffd5567beb60825f8.8f9108e347ad289a33aa5df99962abce4e6d371906c6508e3a0fcfd0983f8809,src/abap/2_statements/expressions/sql_function.ts.module::class_constructor,statements,src/abap/2_statements/expressions/sql_function.ts.module::class_constructor/body/s1/y/seq/s66/x/arg0,src/abap/2_statements/expressions/sql_function.ts:86:3,0,true
tuple.473287f8298dba7163a897908958f7c0eae733e25d2e027992ea2edc9bed2fa8.12886f9d00055adf24c40579e22d31b2b45f2023f892954ffd5567beb60825f8.8f9108e347ad289a33aa5df99962abce4e6d371906c6508e3a0fcfd0983f8809,src/abap/2_statements/expressions/sql_function.ts.module::class_constructor,statements,src/abap/2_statements/expressions/sql_function.ts.module::class_constructor/body/s1/y/seq/s67/x/arg0,src/abap/2_statements/expressions/sql_function.ts:87:3,0,true
tuple.473287f8298dba7163a897908958f7c0eae733e25d2e027992ea2edc9bed2fa8.12886f9d00055adf24c40579e22d31b2b45f2023f892954ffd5567beb60825f8.8f9108e347ad289a33aa5df99962abce4e6d371906c6508e3a0fcfd0983f8809,src/abap/2_statements/expressions/sql_function.ts.module::class_constructor,statements,src/abap/2_statements/expressions/sql_function.ts.module::class_constructor/body/s1/y/seq/s68/x/arg0,src/abap/2_statements/expressions/sql_function.ts:88:3,0,true
tuple.473287f8298dba7163a897908958f7c0eae733e25d2e027992ea2edc9bed2fa8.12886f9d00055adf24c40579e22d31b2b45f2023f892954ffd5567beb60825f8.8f9108e347ad289a33aa5df99962abce4e6d371906c6508e3a0fcfd0983f8809,src/abap/2_statements/expressions/sql_function.ts.module::class_constructor,statements,src/abap/2_statements/expressions/sql_function.ts.module::class_constructor/body/s1/y/seq/s69/x/arg0,src/abap/2_statements/expressions/sql_function.ts:89:3,0,true
tuple.473287f8298dba7163a897908958f7c0eae733e25d2e027992ea2edc9bed2fa8.12886f9d00055adf24c40579e22d31b2b45f2023f892954ffd5567beb60825f8.8f9108e347ad289a33aa5df99962abce4e6d371906c6508e3a0fcfd0983f8809,src/abap/2_statements/expressions/sql_function.ts.module::class_constructor,statements,src/abap/2_statements/expressions/sql_function.ts.module::class_constructor/body/s1/y/seq/s7/x/arg0,src/abap/2_statements/expressions/sql_function.ts:27:3,0,true
tuple.473287f8298dba7163a897908958f7c0eae733e25d2e027992ea2edc9bed2fa8.12886f9d00055adf24c40579e22d31b2b45f2023f892954ffd5567beb60825f8.8f9108e347ad289a33aa5df99962abce4e6d371906c6508e3a0fcfd0983f8809,src/abap/2_statements/expressions/sql_function.ts.module::class_constructor,statements,src/abap/2_statements/expressions/sql_function.ts.module::class_constructor/body/s1/y/seq/s70/x/arg0,src/abap/2_statements/expressions/sql_function.ts:90:3,0,true
tuple.473287f8298dba7163a897908958f7c0eae733e25d2e027992ea2edc9bed2fa8.12886f9d00055adf24c40579e22d31b2b45f2023f892954ffd5567beb60825f8.8f9108e347ad289a33aa5df99962abce4e6d371906c6508e3a0fcfd0983f8809,src/abap/2_statements/expressions/sql_function.ts.module::class_constructor,statements,src/abap/2_statements/expressions/sql_function.ts.module::class_constructor/body/s1/y/seq/s71/x/arg0,src/abap/2_statements/expressions/sql_function.ts:91:3,0,true
tuple.473287f8298dba7163a897908958f7c0eae733e25d2e027992ea2edc9bed2fa8.12886f9d00055adf24c40579e22d31b2b45f2023f892954ffd5567beb60825f8.8f9108e347ad289a33aa5df99962abce4e6d371906c6508e3a0fcfd0983f8809,src/abap/2_statements/expressions/sql_function.ts.module::class_constructor,statements,src/abap/2_statements/expressions/sql_function.ts.module::class_constructor/body/s1/y/seq/s72/x/arg0,src/abap/2_statements/expressions/sql_function.ts:92:3,0,true
tuple.473287f8298dba7163a897908958f7c0eae733e25d2e027992ea2edc9bed2fa8.12886f9d00055adf24c40579e22d31b2b45f2023f892954ffd5567beb60825f8.8f9108e347ad289a33aa5df99962abce4e6d371906c6508e3a0fcfd0983f8809,src/abap/2_statements/expressions/sql_function.ts.module::class_constructor,statements,src/abap/2_statements/expressions/sql_function.ts.module::class_constructor/body/s1/y/seq/s73/x/arg0,src/abap/2_statements/expressions/sql_function.ts:93:3,0,true
tuple.473287f8298dba7163a897908958f7c0eae733e25d2e027992ea2edc9bed2fa8.12886f9d00055adf24c40579e22d31b2b45f2023f892954ffd5567beb60825f8.8f9108e347ad289a33aa5df99962abce4e6d371906c6508e3a0fcfd0983f8809,src/abap/2_statements/expressions/sql_function.ts.module::class_constructor,statements,src/abap/2_statements/expressions/sql_function.ts.module::class_constructor/body/s1/y/seq/s74/x/arg0,src/abap/2_statements/expressions/sql_function.ts:94:3,0,true
tuple.473287f8298dba7163a897908958f7c0eae733e25d2e027992ea2edc9bed2fa8.12886f9d00055adf24c40579e22d31b2b45f2023f892954ffd5567beb60825f8.8f9108e347ad289a33aa5df99962abce4e6d371906c6508e3a0fcfd0983f8809,src/abap/2_statements/expressions/sql_function.ts.module::class_constructor,statements,src/abap/2_statements/expressions/sql_function.ts.module::class_constructor/body/s1/y/seq/s75/x/arg0,src/abap/2_statements/expressions/sql_function.ts:95:3,0,true
tuple.473287f8298dba7163a897908958f7c0eae733e25d2e027992ea2edc9bed2fa8.12886f9d00055adf24c40579e22d31b2b45f2023f892954ffd5567beb60825f8.8f9108e347ad289a33aa5df99962abce4e6d371906c6508e3a0fcfd0983f8809,src/abap/2_statements/expressions/sql_function.ts.module::class_constructor,statements,src/abap/2_statements/expressions/sql_function.ts.module::class_constructor/body/s1/y/seq/s76/x/arg0,src/abap/2_statements/expressions/sql_function.ts:96:3,0,true
tuple.473287f8298dba7163a897908958f7c0eae733e25d2e027992ea2edc9bed2fa8.12886f9d00055adf24c40579e22d31b2b45f2023f892954ffd5567beb60825f8.8f9108e347ad289a33aa5df99962abce4e6d371906c6508e3a0fcfd0983f8809,src/abap/2_statements/expressions/sql_function.ts.module::class_constructor,statements,src/abap/2_statements/expressions/sql_function.ts.module::class_constructor/body/s1/y/seq/s77/x/arg0,src/abap/2_statements/expressions/sql_function.ts:97:3,0,true
tuple.473287f8298dba7163a897908958f7c0eae733e25d2e027992ea2edc9bed2fa8.12886f9d00055adf24c40579e22d31b2b45f2023f892954ffd5567beb60825f8.8f9108e347ad289a33aa5df99962abce4e6d371906c6508e3a0fcfd0983f8809,src/abap/2_statements/expressions/sql_function.ts.module::class_constructor,statements,src/abap/2_statements/expressions/sql_function.ts.module::class_constructor/body/s1/y/seq/s78/x/arg0,src/abap/2_statements/expressions/sql_function.ts:98:3,0,true
tuple.473287f8298dba7163a897908958f7c0eae733e25d2e027992ea2edc9bed2fa8.12886f9d00055adf24c40579e22d31b2b45f2023f892954ffd5567beb60825f8.8f9108e347ad289a33aa5df99962abce4e6d371906c6508e3a0fcfd0983f8809,src/abap/2_statements/expressions/sql_function.ts.module::class_constructor,statements,src/abap/2_statements/expressions/sql_function.ts.module::class_constructor/body/s1/y/seq/s79/x/arg0,src/abap/2_statements/expressions/sql_function.ts:99:3,0,true
tuple.473287f8298dba7163a897908958f7c0eae733e25d2e027992ea2edc9bed2fa8.12886f9d00055adf24c40579e22d31b2b45f2023f892954ffd5567beb60825f8.8f9108e347ad289a33aa5df99962abce4e6d371906c6508e3a0fcfd0983f8809,src/abap/2_statements/expressions/sql_function.ts.module::class_constructor,statements,src/abap/2_statements/expressions/sql_function.ts.module::class_constructor/body/s1/y/seq/s8/x/arg0,src/abap/2_statements/expressions/sql_function.ts:28:3,0,true
tuple.473287f8298dba7163a897908958f7c0eae733e25d2e027992ea2edc9bed2fa8.12886f9d00055adf24c40579e22d31b2b45f2023f892954ffd5567beb60825f8.8f9108e347ad289a33aa5df99962abce4e6d371906c6508e3a0fcfd0983f8809,src/abap/2_statements/expressions/sql_function.ts.module::class_constructor,statements,src/abap/2_statements/expressions/sql_function.ts.module::class_constructor/body/s1/y/seq/s9/x/arg0,src/abap/2_statements/expressions/sql_function.ts:29:3,0,true
tuple.473287f8298dba7163a897908958f7c0eae733e25d2e027992ea2edc9bed2fa8.12886f9d00055adf24c40579e22d31b2b45f2023f892954ffd5567beb60825f8.8f9108e347ad289a33aa5df99962abce4e6d371906c6508e3a0fcfd0983f8809,src/abap/2_statements/expressions/sql_function.ts.module::class_constructor,statements,src/abap/2_statements/expressions/sql_function.ts.module::class_constructor/body/s3/y/seq/s1/x/arg0,src/abap/2_statements/expressions/sql_function.ts:210:3,0,true
tuple.473287f8298dba7163a897908958f7c0eae733e25d2e027992ea2edc9bed2fa8.12886f9d00055adf24c40579e22d31b2b45f2023f892954ffd5567beb60825f8.8f9108e347ad289a33aa5df99962abce4e6d371906c6508e3a0fcfd0983f8809,src/abap/2_statements/expressions/sql_function.ts.module::class_constructor,statements,src/abap/2_statements/expressions/sql_function.ts.module::class_constructor/body/s3/y/seq/s10/x/arg0,src/abap/2_statements/expressions/sql_function.ts:219:3,0,true
tuple.473287f8298dba7163a897908958f7c0eae733e25d2e027992ea2edc9bed2fa8.12886f9d00055adf24c40579e22d31b2b45f2023f892954ffd5567beb60825f8.8f9108e347ad289a33aa5df99962abce4e6d371906c6508e3a0fcfd0983f8809,src/abap/2_statements/expressions/sql_function.ts.module::class_constructor,statements,src/abap/2_statements/expressions/sql_function.ts.module::class_constructor/body/s3/y/seq/s100/x/arg0,src/abap/2_statements/expressions/sql_function.ts:309:3,0,true
tuple.473287f8298dba7163a897908958f7c0eae733e25d2e027992ea2edc9bed2fa8.12886f9d00055adf24c40579e22d31b2b45f2023f892954ffd5567beb60825f8.8f9108e347ad289a33aa5df99962abce4e6d371906c6508e3a0fcfd0983f8809,src/abap/2_statements/expressions/sql_function.ts.module::class_constructor,statements,src/abap/2_statements/expressions/sql_function.ts.module::class_constructor/body/s3/y/seq/s101/x/arg0,src/abap/2_statements/expressions/sql_function.ts:310:3,0,true
tuple.473287f8298dba7163a897908958f7c0eae733e25d2e027992ea2edc9bed2fa8.12886f9d00055adf24c40579e22d31b2b45f2023f892954ffd5567beb60825f8.8f9108e347ad289a33aa5df99962abce4e6d371906c6508e3a0fcfd0983f8809,src/abap/2_statements/expressions/sql_function.ts.module::class_constructor,statements,src/abap/2_statements/expressions/sql_function.ts.module::class_constructor/body/s3/y/seq/s102/x/arg0,src/abap/2_statements/expressions/sql_function.ts:311:3,0,true
tuple.473287f8298dba7163a897908958f7c0eae733e25d2e027992ea2edc9bed2fa8.12886f9d00055adf24c40579e22d31b2b45f2023f892954ffd5567beb60825f8.8f9108e347ad289a33aa5df99962abce4e6d371906c6508e3a0fcfd0983f8809,src/abap/2_statements/expressions/sql_function.ts.module::class_constructor,statements,src/abap/2_statements/expressions/sql_function.ts.module::class_constructor/body/s3/y/seq/s103/x/arg0,src/abap/2_statements/expressions/sql_function.ts:312:3,0,true
tuple.473287f8298dba7163a897908958f7c0eae733e25d2e027992ea2edc9bed2fa8.12886f9d00055adf24c40579e22d31b2b45f2023f892954ffd5567beb60825f8.8f9108e347ad289a33aa5df99962abce4e6d371906c6508e3a0fcfd0983f8809,src/abap/2_statements/expressions/sql_function.ts.module::class_constructor,statements,src/abap/2_statements/expressions/sql_function.ts.module::class_constructor/body/s3/y/seq/s104/x/arg0,src/abap/2_statements/expressions/sql_function.ts:313:3,0,true
tuple.473287f8298dba7163a897908958f7c0eae733e25d2e027992ea2edc9bed2fa8.12886f9d00055adf24c40579e22d31b2b45f2023f892954ffd5567beb60825f8.8f9108e347ad289a33aa5df99962abce4e6d371906c6508e3a0fcfd0983f8809,src/abap/2_statements/expressions/sql_function.ts.module::class_constructor,statements,src/abap/2_statements/expressions/sql_function.ts.module::class_constructor/body/s3/y/seq/s105/x/arg0,src/abap/2_statements/expressions/sql_function.ts:314:3,0,true
tuple.473287f8298dba7163a897908958f7c0eae733e25d2e027992ea2edc9bed2fa8.12886f9d00055adf24c40579e22d31b2b45f2023f892954ffd5567beb60825f8.8f9108e347ad289a33aa5df99962abce4e6d371906c6508e3a0fcfd0983f8809,src/abap/2_statements/expressions/sql_function.ts.module::class_constructor,statements,src/abap/2_statements/expressions/sql_function.ts.module::class_constructor/body/s3/y/seq/s106/x/arg0,src/abap/2_statements/expressions/sql_function.ts:315:3,0,true
tuple.473287f8298dba7163a897908958f7c0eae733e25d2e027992ea2edc9bed2fa8.12886f9d00055adf24c40579e22d31b2b45f2023f892954ffd5567beb60825f8.8f9108e347ad289a33aa5df99962abce4e6d371906c6508e3a0fcfd0983f8809,src/abap/2_statements/expressions/sql_function.ts.module::class_constructor,statements,src/abap/2_statements/expressions/sql_function.ts.module::class_constructor/body/s3/y/seq/s107/x/arg0,src/abap/2_statements/expressions/sql_function.ts:316:3,0,true
tuple.473287f8298dba7163a897908958f7c0eae733e25d2e027992ea2edc9bed2fa8.12886f9d00055adf24c40579e22d31b2b45f2023f892954ffd5567beb60825f8.8f9108e347ad289a33aa5df99962abce4e6d371906c6508e3a0fcfd0983f8809,src/abap/2_statements/expressions/sql_function.ts.module::class_constructor,statements,src/abap/2_statements/expressions/sql_function.ts.module::class_constructor/body/s3/y/seq/s108/x/arg0,src/abap/2_statements/expressions/sql_function.ts:317:3,0,true
tuple.473287f8298dba7163a897908958f7c0eae733e25d2e027992ea2edc9bed2fa8.12886f9d00055adf24c40579e22d31b2b45f2023f892954ffd5567beb60825f8.8f9108e347ad289a33aa5df99962abce4e6d371906c6508e3a0fcfd0983f8809,src/abap/2_statements/expressions/sql_function.ts.module::class_constructor,statements,src/abap/2_statements/expressions/sql_function.ts.module::class_constructor/body/s3/y/seq/s109/x/arg0,src/abap/2_statements/expressions/sql_function.ts:318:3,0,true
tuple.473287f8298dba7163a897908958f7c0eae733e25d2e027992ea2edc9bed2fa8.12886f9d00055adf24c40579e22d31b2b45f2023f892954ffd5567beb60825f8.8f9108e347ad289a33aa5df99962abce4e6d371906c6508e3a0fcfd0983f8809,src/abap/2_statements/expressions/sql_function.ts.module::class_constructor,statements,src/abap/2_statements/expressions/sql_function.ts.module::class_constructor/body/s3/y/seq/s11/x/arg0,src/abap/2_statements/expressions/sql_function.ts:220:3,0,true
tuple.473287f8298dba7163a897908958f7c0eae733e25d2e027992ea2edc9bed2fa8.12886f9d00055adf24c40579e22d31b2b45f2023f892954ffd5567beb60825f8.8f9108e347ad289a33aa5df99962abce4e6d371906c6508e3a0fcfd0983f8809,src/abap/2_statements/expressions/sql_function.ts.module::class_constructor,statements,src/abap/2_statements/expressions/sql_function.ts.module::class_constructor/body/s3/y/seq/s110/x/arg0,src/abap/2_statements/expressions/sql_function.ts:319:3,0,true
tuple.473287f8298dba7163a897908958f7c0eae733e25d2e027992ea2edc9bed2fa8.12886f9d00055adf24c40579e22d31b2b45f2023f892954ffd5567beb60825f8.8f9108e347ad289a33aa5df99962abce4e6d371906c6508e3a0fcfd0983f8809,src/abap/2_statements/expressions/sql_function.ts.module::class_constructor,statements,src/abap/2_statements/expressions/sql_function.ts.module::class_constructor/body/s3/y/seq/s111/x/arg0,src/abap/2_statements/expressions/sql_function.ts:320:3,0,true
tuple.473287f8298dba7163a897908958f7c0eae733e25d2e027992ea2edc9bed2fa8.12886f9d00055adf24c40579e22d31b2b45f2023f892954ffd5567beb60825f8.8f9108e347ad289a33aa5df99962abce4e6d371906c6508e3a0fcfd0983f8809,src/abap/2_statements/expressions/sql_function.ts.module::class_constructor,statements,src/abap/2_statements/expressions/sql_function.ts.module::class_constructor/body/s3/y/seq/s112/x/arg0,src/abap/2_statements/expressions/sql_function.ts:321:3,0,true
tuple.473287f8298dba7163a897908958f7c0eae733e25d2e027992ea2edc9bed2fa8.12886f9d00055adf24c40579e22d31b2b45f2023f892954ffd5567beb60825f8.8f9108e347ad289a33aa5df99962abce4e6d371906c6508e3a0fcfd0983f8809,src/abap/2_statements/expressions/sql_function.ts.module::class_constructor,statements,src/abap/2_statements/expressions/sql_function.ts.module::class_constructor/body/s3/y/seq/s113/x/arg0,src/abap/2_statements/expressions/sql_function.ts:322:3,0,true
tuple.473287f8298dba7163a897908958f7c0eae733e25d2e027992ea2edc9bed2fa8.12886f9d00055adf24c40579e22d31b2b45f2023f892954ffd5567beb60825f8.8f9108e347ad289a33aa5df99962abce4e6d371906c6508e3a0fcfd0983f8809,src/abap/2_statements/expressions/sql_function.ts.module::class_constructor,statements,src/abap/2_statements/expressions/sql_function.ts.module::class_constructor/body/s3/y/seq/s114/x/arg0,src/abap/2_statements/expressions/sql_function.ts:323:3,0,true
tuple.473287f8298dba7163a897908958f7c0eae733e25d2e027992ea2edc9bed2fa8.12886f9d00055adf24c40579e22d31b2b45f2023f892954ffd5567beb60825f8.8f9108e347ad289a33aa5df99962abce4e6d371906c6508e3a0fcfd0983f8809,src/abap/2_statements/expressions/sql_function.ts.module::class_constructor,statements,src/abap/2_statements/expressions/sql_function.ts.module::class_constructor/body/s3/y/seq/s115/x/arg0,src/abap/2_statements/expressions/sql_function.ts:324:3,0,true
tuple.473287f8298dba7163a897908958f7c0eae733e25d2e027992ea2edc9bed2fa8.12886f9d00055adf24c40579e22d31b2b45f2023f892954ffd5567beb60825f8.8f9108e347ad289a33aa5df99962abce4e6d371906c6508e3a0fcfd0983f8809,src/abap/2_statements/expressions/sql_function.ts.module::class_constructor,statements,src/abap/2_statements/expressions/sql_function.ts.module::class_constructor/body/s3/y/seq/s116/x/arg0,src/abap/2_statements/expressions/sql_function.ts:325:3,0,true
tuple.473287f8298dba7163a897908958f7c0eae733e25d2e027992ea2edc9bed2fa8.12886f9d00055adf24c40579e22d31b2b45f2023f892954ffd5567beb60825f8.8f9108e347ad289a33aa5df99962abce4e6d371906c6508e3a0fcfd0983f8809,src/abap/2_statements/expressions/sql_function.ts.module::class_constructor,statements,src/abap/2_statements/expressions/sql_function.ts.module::class_constructor/body/s3/y/seq/s117/x/arg0,src/abap/2_statements/expressions/sql_function.ts:326:3,0,true
tuple.473287f8298dba7163a897908958f7c0eae733e25d2e027992ea2edc9bed2fa8.12886f9d00055adf24c40579e22d31b2b45f2023f892954ffd5567beb60825f8.8f9108e347ad289a33aa5df99962abce4e6d371906c6508e3a0fcfd0983f8809,src/abap/2_statements/expressions/sql_function.ts.module::class_constructor,statements,src/abap/2_statements/expressions/sql_function.ts.module::class_constructor/body/s3/y/seq/s118/x/arg0,src/abap/2_statements/expressions/sql_function.ts:327:3,0,true
tuple.473287f8298dba7163a897908958f7c0eae733e25d2e027992ea2edc9bed2fa8.12886f9d00055adf24c40579e22d31b2b45f2023f892954ffd5567beb60825f8.8f9108e347ad289a33aa5df99962abce4e6d371906c6508e3a0fcfd0983f8809,src/abap/2_statements/expressions/sql_function.ts.module::class_constructor,statements,src/abap/2_statements/expressions/sql_function.ts.module::class_constructor/body/s3/y/seq/s119/x/arg0,src/abap/2_statements/expressions/sql_function.ts:328:3,0,true
tuple.473287f8298dba7163a897908958f7c0eae733e25d2e027992ea2edc9bed2fa8.12886f9d00055adf24c40579e22d31b2b45f2023f892954ffd5567beb60825f8.8f9108e347ad289a33aa5df99962abce4e6d371906c6508e3a0fcfd0983f8809,src/abap/2_statements/expressions/sql_function.ts.module::class_constructor,statements,src/abap/2_statements/expressions/sql_function.ts.module::class_constructor/body/s3/y/seq/s12/x/arg0,src/abap/2_statements/expressions/sql_function.ts:221:3,0,true
tuple.473287f8298dba7163a897908958f7c0eae733e25d2e027992ea2edc9bed2fa8.12886f9d00055adf24c40579e22d31b2b45f2023f892954ffd5567beb60825f8.8f9108e347ad289a33aa5df99962abce4e6d371906c6508e3a0fcfd0983f8809,src/abap/2_statements/expressions/sql_function.ts.module::class_constructor,statements,src/abap/2_statements/expressions/sql_function.ts.module::class_constructor/body/s3/y/seq/s120/x/arg0,src/abap/2_statements/expressions/sql_function.ts:329:3,0,true
tuple.473287f8298dba7163a897908958f7c0eae733e25d2e027992ea2edc9bed2fa8.12886f9d00055adf24c40579e22d31b2b45f2023f892954ffd5567beb60825f8.8f9108e347ad289a33aa5df99962abce4e6d371906c6508e3a0fcfd0983f8809,src/abap/2_statements/expressions/sql_function.ts.module::class_constructor,statements,src/abap/2_statements/expressions/sql_function.ts.module::class_constructor/body/s3/y/seq/s121/x/arg0,src/abap/2_statements/expressions/sql_function.ts:330:3,0,true
tuple.473287f8298dba7163a897908958f7c0eae733e25d2e027992ea2edc9bed2fa8.12886f9d00055adf24c40579e22d31b2b45f2023f892954ffd5567beb60825f8.8f9108e347ad289a33aa5df99962abce4e6d371906c6508e3a0fcfd0983f8809,src/abap/2_statements/expressions/sql_function.ts.module::class_constructor,statements,src/abap/2_statements/expressions/sql_function.ts.module::class_constructor/body/s3/y/seq/s122/x/arg0,src/abap/2_statements/expressions/sql_function.ts:331:3,0,true
tuple.473287f8298dba7163a897908958f7c0eae733e25d2e027992ea2edc9bed2fa8.12886f9d00055adf24c40579e22d31b2b45f2023f892954ffd5567beb60825f8.8f9108e347ad289a33aa5df99962abce4e6d371906c6508e3a0fcfd0983f8809,src/abap/2_statements/expressions/sql_function.ts.module::class_constructor,statements,src/abap/2_statements/expressions/sql_function.ts.module::class_constructor/body/s3/y/seq/s123/x/arg0,src/abap/2_statements/expressions/sql_function.ts:332:3,0,true
tuple.473287f8298dba7163a897908958f7c0eae733e25d2e027992ea2edc9bed2fa8.12886f9d00055adf24c40579e22d31b2b45f2023f892954ffd5567beb60825f8.8f9108e347ad289a33aa5df99962abce4e6d371906c6508e3a0fcfd0983f8809,src/abap/2_statements/expressions/sql_function.ts.module::class_constructor,statements,src/abap/2_statements/expressions/sql_function.ts.module::class_constructor/body/s3/y/seq/s124/x/arg0,src/abap/2_statements/expressions/sql_function.ts:333:3,0,true
tuple.473287f8298dba7163a897908958f7c0eae733e25d2e027992ea2edc9bed2fa8.12886f9d00055adf24c40579e22d31b2b45f2023f892954ffd5567beb60825f8.8f9108e347ad289a33aa5df99962abce4e6d371906c6508e3a0fcfd0983f8809,src/abap/2_statements/expressions/sql_function.ts.module::class_constructor,statements,src/abap/2_statements/expressions/sql_function.ts.module::class_constructor/body/s3/y/seq/s125/x/arg0,src/abap/2_statements/expressions/sql_function.ts:334:3,0,true
tuple.473287f8298dba7163a897908958f7c0eae733e25d2e027992ea2edc9bed2fa8.12886f9d00055adf24c40579e22d31b2b45f2023f892954ffd5567beb60825f8.8f9108e347ad289a33aa5df99962abce4e6d371906c6508e3a0fcfd0983f8809,src/abap/2_statements/expressions/sql_function.ts.module::class_constructor,statements,src/abap/2_statements/expressions/sql_function.ts.module::class_constructor/body/s3/y/seq/s126/x/arg0,src/abap/2_statements/expressions/sql_function.ts:335:3,0,true
tuple.473287f8298dba7163a897908958f7c0eae733e25d2e027992ea2edc9bed2fa8.12886f9d00055adf24c40579e22d31b2b45f2023f892954ffd5567beb60825f8.8f9108e347ad289a33aa5df99962abce4e6d371906c6508e3a0fcfd0983f8809,src/abap/2_statements/expressions/sql_function.ts.module::class_constructor,statements,src/abap/2_statements/expressions/sql_function.ts.module::class_constructor/body/s3/y/seq/s127/x/arg0,src/abap/2_statements/expressions/sql_function.ts:336:3,0,true
tuple.473287f8298dba7163a897908958f7c0eae733e25d2e027992ea2edc9bed2fa8.12886f9d00055adf24c40579e22d31b2b45f2023f892954ffd5567beb60825f8.8f9108e347ad289a33aa5df99962abce4e6d371906c6508e3a0fcfd0983f8809,src/abap/2_statements/expressions/sql_function.ts.module::class_constructor,statements,src/abap/2_statements/expressions/sql_function.ts.module::class_constructor/body/s3/y/seq/s128/x/arg0,src/abap/2_statements/expressions/sql_function.ts:337:3,0,true
tuple.473287f8298dba7163a897908958f7c0eae733e25d2e027992ea2edc9bed2fa8.12886f9d00055adf24c40579e22d31b2b45f2023f892954ffd5567beb60825f8.8f9108e347ad289a33aa5df99962abce4e6d371906c6508e3a0fcfd0983f8809,src/abap/2_statements/expressions/sql_function.ts.module::class_constructor,statements,src/abap/2_statements/expressions/sql_function.ts.module::class_constructor/body/s3/y/seq/s129/x/arg0,src/abap/2_statements/expressions/sql_function.ts:338:3,0,true
tuple.473287f8298dba7163a897908958f7c0eae733e25d2e027992ea2edc9bed2fa8.12886f9d00055adf24c40579e22d31b2b45f2023f892954ffd5567beb60825f8.8f9108e347ad289a33aa5df99962abce4e6d371906c6508e3a0fcfd0983f8809,src/abap/2_statements/expressions/sql_function.ts.module::class_constructor,statements,src/abap/2_statements/expressions/sql_function.ts.module::class_constructor/body/s3/y/seq/s13/x/arg0,src/abap/2_statements/expressions/sql_function.ts:222:3,0,true
tuple.473287f8298dba7163a897908958f7c0eae733e25d2e027992ea2edc9bed2fa8.12886f9d00055adf24c40579e22d31b2b45f2023f892954ffd5567beb60825f8.8f9108e347ad289a33aa5df99962abce4e6d371906c6508e3a0fcfd0983f8809,src/abap/2_statements/expressions/sql_function.ts.module::class_constructor,statements,src/abap/2_statements/expressions/sql_function.ts.module::class_constructor/body/s3/y/seq/s14/x/arg0,src/abap/2_statements/expressions/sql_function.ts:223:3,0,true
tuple.473287f8298dba7163a897908958f7c0eae733e25d2e027992ea2edc9bed2fa8.12886f9d00055adf24c40579e22d31b2b45f2023f892954ffd5567beb60825f8.8f9108e347ad289a33aa5df99962abce4e6d371906c6508e3a0fcfd0983f8809,src/abap/2_statements/expressions/sql_function.ts.module::class_constructor,statements,src/abap/2_statements/expressions/sql_function.ts.module::class_constructor/body/s3/y/seq/s15/x/arg0,src/abap/2_statements/expressions/sql_function.ts:224:3,0,true
tuple.473287f8298dba7163a897908958f7c0eae733e25d2e027992ea2edc9bed2fa8.12886f9d00055adf24c40579e22d31b2b45f2023f892954ffd5567beb60825f8.8f9108e347ad289a33aa5df99962abce4e6d371906c6508e3a0fcfd0983f8809,src/abap/2_statements/expressions/sql_function.ts.module::class_constructor,statements,src/abap/2_statements/expressions/sql_function.ts.module::class_constructor/body/s3/y/seq/s16/x/arg0,src/abap/2_statements/expressions/sql_function.ts:225:3,0,true
tuple.473287f8298dba7163a897908958f7c0eae733e25d2e027992ea2edc9bed2fa8.12886f9d00055adf24c40579e22d31b2b45f2023f892954ffd5567beb60825f8.8f9108e347ad289a33aa5df99962abce4e6d371906c6508e3a0fcfd0983f8809,src/abap/2_statements/expressions/sql_function.ts.module::class_constructor,statements,src/abap/2_statements/expressions/sql_function.ts.module::class_constructor/body/s3/y/seq/s17/x/arg0,src/abap/2_statements/expressions/sql_function.ts:226:3,0,true
tuple.473287f8298dba7163a897908958f7c0eae733e25d2e027992ea2edc9bed2fa8.12886f9d00055adf24c40579e22d31b2b45f2023f892954ffd5567beb60825f8.8f9108e347ad289a33aa5df99962abce4e6d371906c6508e3a0fcfd0983f8809,src/abap/2_statements/expressions/sql_function.ts.module::class_constructor,statements,src/abap/2_statements/expressions/sql_function.ts.module::class_constructor/body/s3/y/seq/s18/x/arg0,src/abap/2_statements/expressions/sql_function.ts:227:3,0,true
tuple.473287f8298dba7163a897908958f7c0eae733e25d2e027992ea2edc9bed2fa8.12886f9d00055adf24c40579e22d31b2b45f2023f892954ffd5567beb60825f8.8f9108e347ad289a33aa5df99962abce4e6d371906c6508e3a0fcfd0983f8809,src/abap/2_statements/expressions/sql_function.ts.module::class_constructor,statements,src/abap/2_statements/expressions/sql_function.ts.module::class_constructor/body/s3/y/seq/s19/x/arg0,src/abap/2_statements/expressions/sql_function.ts:228:3,0,true
tuple.473287f8298dba7163a897908958f7c0eae733e25d2e027992ea2edc9bed2fa8.12886f9d00055adf24c40579e22d31b2b45f2023f892954ffd5567beb60825f8.8f9108e347ad289a33aa5df99962abce4e6d371906c6508e3a0fcfd0983f8809,src/abap/2_statements/expressions/sql_function.ts.module::class_constructor,statements,src/abap/2_statements/expressions/sql_function.ts.module::class_constructor/body/s3/y/seq/s2/x/arg0,src/abap/2_statements/expressions/sql_function.ts:211:3,0,true
tuple.473287f8298dba7163a897908958f7c0eae733e25d2e027992ea2edc9bed2fa8.12886f9d00055adf24c40579e22d31b2b45f2023f892954ffd5567beb60825f8.8f9108e347ad289a33aa5df99962abce4e6d371906c6508e3a0fcfd0983f8809,src/abap/2_statements/expressions/sql_function.ts.module::class_constructor,statements,src/abap/2_statements/expressions/sql_function.ts.module::class_constructor/body/s3/y/seq/s20/x/arg0,src/abap/2_statements/expressions/sql_function.ts:229:3,0,true
tuple.473287f8298dba7163a897908958f7c0eae733e25d2e027992ea2edc9bed2fa8.12886f9d00055adf24c40579e22d31b2b45f2023f892954ffd5567beb60825f8.8f9108e347ad289a33aa5df99962abce4e6d371906c6508e3a0fcfd0983f8809,src/abap/2_statements/expressions/sql_function.ts.module::class_constructor,statements,src/abap/2_statements/expressions/sql_function.ts.module::class_constructor/body/s3/y/seq/s21/x/arg0,src/abap/2_statements/expressions/sql_function.ts:230:3,0,true
tuple.473287f8298dba7163a897908958f7c0eae733e25d2e027992ea2edc9bed2fa8.12886f9d00055adf24c40579e22d31b2b45f2023f892954ffd5567beb60825f8.8f9108e347ad289a33aa5df99962abce4e6d371906c6508e3a0fcfd0983f8809,src/abap/2_statements/expressions/sql_function.ts.module::class_constructor,statements,src/abap/2_statements/expressions/sql_function.ts.module::class_constructor/body/s3/y/seq/s22/x/arg0,src/abap/2_statements/expressions/sql_function.ts:231:3,0,true
tuple.473287f8298dba7163a897908958f7c0eae733e25d2e027992ea2edc9bed2fa8.12886f9d00055adf24c40579e22d31b2b45f2023f892954ffd5567beb60825f8.8f9108e347ad289a33aa5df99962abce4e6d371906c6508e3a0fcfd0983f8809,src/abap/2_statements/expressions/sql_function.ts.module::class_constructor,statements,src/abap/2_statements/expressions/sql_function.ts.module::class_constructor/body/s3/y/seq/s23/x/arg0,src/abap/2_statements/expressions/sql_function.ts:232:3,0,true
tuple.473287f8298dba7163a897908958f7c0eae733e25d2e027992ea2edc9bed2fa8.12886f9d00055adf24c40579e22d31b2b45f2023f892954ffd5567beb60825f8.8f9108e347ad289a33aa5df99962abce4e6d371906c6508e3a0fcfd0983f8809,src/abap/2_statements/expressions/sql_function.ts.module::class_constructor,statements,src/abap/2_statements/expressions/sql_function.ts.module::class_constructor/body/s3/y/seq/s24/x/arg0,src/abap/2_statements/expressions/sql_function.ts:233:3,0,true
tuple.473287f8298dba7163a897908958f7c0eae733e25d2e027992ea2edc9bed2fa8.12886f9d00055adf24c40579e22d31b2b45f2023f892954ffd5567beb60825f8.8f9108e347ad289a33aa5df99962abce4e6d371906c6508e3a0fcfd0983f8809,src/abap/2_statements/expressions/sql_function.ts.module::class_constructor,statements,src/abap/2_statements/expressions/sql_function.ts.module::class_constructor/body/s3/y/seq/s25/x/arg0,src/abap/2_statements/expressions/sql_function.ts:234:3,0,true
tuple.473287f8298dba7163a897908958f7c0eae733e25d2e027992ea2edc9bed2fa8.12886f9d00055adf24c40579e22d31b2b45f2023f892954ffd5567beb60825f8.8f9108e347ad289a33aa5df99962abce4e6d371906c6508e3a0fcfd0983f8809,src/abap/2_statements/expressions/sql_function.ts.module::class_constructor,statements,src/abap/2_statements/expressions/sql_function.ts.module::class_constructor/body/s3/y/seq/s26/x/arg0,src/abap/2_statements/expressions/sql_function.ts:235:3,0,true
tuple.473287f8298dba7163a897908958f7c0eae733e25d2e027992ea2edc9bed2fa8.12886f9d00055adf24c40579e22d31b2b45f2023f892954ffd5567beb60825f8.8f9108e347ad289a33aa5df99962abce4e6d371906c6508e3a0fcfd0983f8809,src/abap/2_statements/expressions/sql_function.ts.module::class_constructor,statements,src/abap/2_statements/expressions/sql_function.ts.module::class_constructor/body/s3/y/seq/s27/x/arg0,src/abap/2_statements/expressions/sql_function.ts:236:3,0,true
tuple.473287f8298dba7163a897908958f7c0eae733e25d2e027992ea2edc9bed2fa8.12886f9d00055adf24c40579e22d31b2b45f2023f892954ffd5567beb60825f8.8f9108e347ad289a33aa5df99962abce4e6d371906c6508e3a0fcfd0983f8809,src/abap/2_statements/expressions/sql_function.ts.module::class_constructor,statements,src/abap/2_statements/expressions/sql_function.ts.module::class_constructor/body/s3/y/seq/s28/x/arg0,src/abap/2_statements/expressions/sql_function.ts:237:3,0,true
tuple.473287f8298dba7163a897908958f7c0eae733e25d2e027992ea2edc9bed2fa8.12886f9d00055adf24c40579e22d31b2b45f2023f892954ffd5567beb60825f8.8f9108e347ad289a33aa5df99962abce4e6d371906c6508e3a0fcfd0983f8809,src/abap/2_statements/expressions/sql_function.ts.module::class_constructor,statements,src/abap/2_statements/expressions/sql_function.ts.module::class_constructor/body/s3/y/seq/s29/x/arg0,src/abap/2_statements/expressions/sql_function.ts:238:3,0,true
tuple.473287f8298dba7163a897908958f7c0eae733e25d2e027992ea2edc9bed2fa8.12886f9d00055adf24c40579e22d31b2b45f2023f892954ffd5567beb60825f8.8f9108e347ad289a33aa5df99962abce4e6d371906c6508e3a0fcfd0983f8809,src/abap/2_statements/expressions/sql_function.ts.module::class_constructor,statements,src/abap/2_statements/expressions/sql_function.ts.module::class_constructor/body/s3/y/seq/s3/x/arg0,src/abap/2_statements/expressions/sql_function.ts:212:3,0,true
tuple.473287f8298dba7163a897908958f7c0eae733e25d2e027992ea2edc9bed2fa8.12886f9d00055adf24c40579e22d31b2b45f2023f892954ffd5567beb60825f8.8f9108e347ad289a33aa5df99962abce4e6d371906c6508e3a0fcfd0983f8809,src/abap/2_statements/expressions/sql_function.ts.module::class_constructor,statements,src/abap/2_statements/expressions/sql_function.ts.module::class_constructor/body/s3/y/seq/s30/x/arg0,src/abap/2_statements/expressions/sql_function.ts:239:3,0,true
tuple.473287f8298dba7163a897908958f7c0eae733e25d2e027992ea2edc9bed2fa8.12886f9d00055adf24c40579e22d31b2b45f2023f892954ffd5567beb60825f8.8f9108e347ad289a33aa5df99962abce4e6d371906c6508e3a0fcfd0983f8809,src/abap/2_statements/expressions/sql_function.ts.module::class_constructor,statements,src/abap/2_statements/expressions/sql_function.ts.module::class_constructor/body/s3/y/seq/s31/x/arg0,src/abap/2_statements/expressions/sql_function.ts:240:3,0,true
tuple.473287f8298dba7163a897908958f7c0eae733e25d2e027992ea2edc9bed2fa8.12886f9d00055adf24c40579e22d31b2b45f2023f892954ffd5567beb60825f8.8f9108e347ad289a33aa5df99962abce4e6d371906c6508e3a0fcfd0983f8809,src/abap/2_statements/expressions/sql_function.ts.module::class_constructor,statements,src/abap/2_statements/expressions/sql_function.ts.module::class_constructor/body/s3/y/seq/s32/x/arg0,src/abap/2_statements/expressions/sql_function.ts:241:3,0,true
tuple.473287f8298dba7163a897908958f7c0eae733e25d2e027992ea2edc9bed2fa8.12886f9d00055adf24c40579e22d31b2b45f2023f892954ffd5567beb60825f8.8f9108e347ad289a33aa5df99962abce4e6d371906c6508e3a0fcfd0983f8809,src/abap/2_statements/expressions/sql_function.ts.module::class_constructor,statements,src/abap/2_statements/expressions/sql_function.ts.module::class_constructor/body/s3/y/seq/s33/x/arg0,src/abap/2_statements/expressions/sql_function.ts:242:3,0,true
tuple.473287f8298dba7163a897908958f7c0eae733e25d2e027992ea2edc9bed2fa8.12886f9d00055adf24c40579e22d31b2b45f2023f892954ffd5567beb60825f8.8f9108e347ad289a33aa5df99962abce4e6d371906c6508e3a0fcfd0983f8809,src/abap/2_statements/expressions/sql_function.ts.module::class_constructor,statements,src/abap/2_statements/expressions/sql_function.ts.module::class_constructor/body/s3/y/seq/s34/x/arg0,src/abap/2_statements/expressions/sql_function.ts:243:3,0,true
tuple.473287f8298dba7163a897908958f7c0eae733e25d2e027992ea2edc9bed2fa8.12886f9d00055adf24c40579e22d31b2b45f2023f892954ffd5567beb60825f8.8f9108e347ad289a33aa5df99962abce4e6d371906c6508e3a0fcfd0983f8809,src/abap/2_statements/expressions/sql_function.ts.module::class_constructor,statements,src/abap/2_statements/expressions/sql_function.ts.module::class_constructor/body/s3/y/seq/s35/x/arg0,src/abap/2_statements/expressions/sql_function.ts:244:3,0,true
tuple.473287f8298dba7163a897908958f7c0eae733e25d2e027992ea2edc9bed2fa8.12886f9d00055adf24c40579e22d31b2b45f2023f892954ffd5567beb60825f8.8f9108e347ad289a33aa5df99962abce4e6d371906c6508e3a0fcfd0983f8809,src/abap/2_statements/expressions/sql_function.ts.module::class_constructor,statements,src/abap/2_statements/expressions/sql_function.ts.module::class_constructor/body/s3/y/seq/s36/x/arg0,src/abap/2_statements/expressions/sql_function.ts:245:3,0,true
tuple.473287f8298dba7163a897908958f7c0eae733e25d2e027992ea2edc9bed2fa8.12886f9d00055adf24c40579e22d31b2b45f2023f892954ffd5567beb60825f8.8f9108e347ad289a33aa5df99962abce4e6d371906c6508e3a0fcfd0983f8809,src/abap/2_statements/expressions/sql_function.ts.module::class_constructor,statements,src/abap/2_statements/expressions/sql_function.ts.module::class_constructor/body/s3/y/seq/s37/x/arg0,src/abap/2_statements/expressions/sql_function.ts:246:3,0,true
tuple.473287f8298dba7163a897908958f7c0eae733e25d2e027992ea2edc9bed2fa8.12886f9d00055adf24c40579e22d31b2b45f2023f892954ffd5567beb60825f8.8f9108e347ad289a33aa5df99962abce4e6d371906c6508e3a0fcfd0983f8809,src/abap/2_statements/expressions/sql_function.ts.module::class_constructor,statements,src/abap/2_statements/expressions/sql_function.ts.module::class_constructor/body/s3/y/seq/s38/x/arg0,src/abap/2_statements/expressions/sql_function.ts:247:3,0,true
tuple.473287f8298dba7163a897908958f7c0eae733e25d2e027992ea2edc9bed2fa8.12886f9d00055adf24c40579e22d31b2b45f2023f892954ffd5567beb60825f8.8f9108e347ad289a33aa5df99962abce4e6d371906c6508e3a0fcfd0983f8809,src/abap/2_statements/expressions/sql_function.ts.module::class_constructor,statements,src/abap/2_statements/expressions/sql_function.ts.module::class_constructor/body/s3/y/seq/s39/x/arg0,src/abap/2_statements/expressions/sql_function.ts:248:3,0,true
tuple.473287f8298dba7163a897908958f7c0eae733e25d2e027992ea2edc9bed2fa8.12886f9d00055adf24c40579e22d31b2b45f2023f892954ffd5567beb60825f8.8f9108e347ad289a33aa5df99962abce4e6d371906c6508e3a0fcfd0983f8809,src/abap/2_statements/expressions/sql_function.ts.module::class_constructor,statements,src/abap/2_statements/expressions/sql_function.ts.module::class_constructor/body/s3/y/seq/s4/x/arg0,src/abap/2_statements/expressions/sql_function.ts:213:3,0,true
tuple.473287f8298dba7163a897908958f7c0eae733e25d2e027992ea2edc9bed2fa8.12886f9d00055adf24c40579e22d31b2b45f2023f892954ffd5567beb60825f8.8f9108e347ad289a33aa5df99962abce4e6d371906c6508e3a0fcfd0983f8809,src/abap/2_statements/expressions/sql_function.ts.module::class_constructor,statements,src/abap/2_statements/expressions/sql_function.ts.module::class_constructor/body/s3/y/seq/s40/x/arg0,src/abap/2_statements/expressions/sql_function.ts:249:3,0,true
tuple.473287f8298dba7163a897908958f7c0eae733e25d2e027992ea2edc9bed2fa8.12886f9d00055adf24c40579e22d31b2b45f2023f892954ffd5567beb60825f8.8f9108e347ad289a33aa5df99962abce4e6d371906c6508e3a0fcfd0983f8809,src/abap/2_statements/expressions/sql_function.ts.module::class_constructor,statements,src/abap/2_statements/expressions/sql_function.ts.module::class_constructor/body/s3/y/seq/s41/x/arg0,src/abap/2_statements/expressions/sql_function.ts:250:3,0,true
tuple.473287f8298dba7163a897908958f7c0eae733e25d2e027992ea2edc9bed2fa8.12886f9d00055adf24c40579e22d31b2b45f2023f892954ffd5567beb60825f8.8f9108e347ad289a33aa5df99962abce4e6d371906c6508e3a0fcfd0983f8809,src/abap/2_statements/expressions/sql_function.ts.module::class_constructor,statements,src/abap/2_statements/expressions/sql_function.ts.module::class_constructor/body/s3/y/seq/s42/x/arg0,src/abap/2_statements/expressions/sql_function.ts:251:3,0,true
tuple.473287f8298dba7163a897908958f7c0eae733e25d2e027992ea2edc9bed2fa8.12886f9d00055adf24c40579e22d31b2b45f2023f892954ffd5567beb60825f8.8f9108e347ad289a33aa5df99962abce4e6d371906c6508e3a0fcfd0983f8809,src/abap/2_statements/expressions/sql_function.ts.module::class_constructor,statements,src/abap/2_statements/expressions/sql_function.ts.module::class_constructor/body/s3/y/seq/s43/x/arg0,src/abap/2_statements/expressions/sql_function.ts:252:3,0,true
tuple.473287f8298dba7163a897908958f7c0eae733e25d2e027992ea2edc9bed2fa8.12886f9d00055adf24c40579e22d31b2b45f2023f892954ffd5567beb60825f8.8f9108e347ad289a33aa5df99962abce4e6d371906c6508e3a0fcfd0983f8809,src/abap/2_statements/expressions/sql_function.ts.module::class_constructor,statements,src/abap/2_statements/expressions/sql_function.ts.module::class_constructor/body/s3/y/seq/s44/x/arg0,src/abap/2_statements/expressions/sql_function.ts:253:3,0,true
tuple.473287f8298dba7163a897908958f7c0eae733e25d2e027992ea2edc9bed2fa8.12886f9d00055adf24c40579e22d31b2b45f2023f892954ffd5567beb60825f8.8f9108e347ad289a33aa5df99962abce4e6d371906c6508e3a0fcfd0983f8809,src/abap/2_statements/expressions/sql_function.ts.module::class_constructor,statements,src/abap/2_statements/expressions/sql_function.ts.module::class_constructor/body/s3/y/seq/s45/x/arg0,src/abap/2_statements/expressions/sql_function.ts:254:3,0,true
tuple.473287f8298dba7163a897908958f7c0eae733e25d2e027992ea2edc9bed2fa8.12886f9d00055adf24c40579e22d31b2b45f2023f892954ffd5567beb60825f8.8f9108e347ad289a33aa5df99962abce4e6d371906c6508e3a0fcfd0983f8809,src/abap/2_statements/expressions/sql_function.ts.module::class_constructor,statements,src/abap/2_statements/expressions/sql_function.ts.module::class_constructor/body/s3/y/seq/s46/x/arg0,src/abap/2_statements/expressions/sql_function.ts:255:3,0,true
tuple.473287f8298dba7163a897908958f7c0eae733e25d2e027992ea2edc9bed2fa8.12886f9d00055adf24c40579e22d31b2b45f2023f892954ffd5567beb60825f8.8f9108e347ad289a33aa5df99962abce4e6d371906c6508e3a0fcfd0983f8809,src/abap/2_statements/expressions/sql_function.ts.module::class_constructor,statements,src/abap/2_statements/expressions/sql_function.ts.module::class_constructor/body/s3/y/seq/s47/x/arg0,src/abap/2_statements/expressions/sql_function.ts:256:3,0,true
tuple.473287f8298dba7163a897908958f7c0eae733e25d2e027992ea2edc9bed2fa8.12886f9d00055adf24c40579e22d31b2b45f2023f892954ffd5567beb60825f8.8f9108e347ad289a33aa5df99962abce4e6d371906c6508e3a0fcfd0983f8809,src/abap/2_statements/expressions/sql_function.ts.module::class_constructor,statements,src/abap/2_statements/expressions/sql_function.ts.module::class_constructor/body/s3/y/seq/s48/x/arg0,src/abap/2_statements/expressions/sql_function.ts:257:3,0,true
tuple.473287f8298dba7163a897908958f7c0eae733e25d2e027992ea2edc9bed2fa8.12886f9d00055adf24c40579e22d31b2b45f2023f892954ffd5567beb60825f8.8f9108e347ad289a33aa5df99962abce4e6d371906c6508e3a0fcfd0983f8809,src/abap/2_statements/expressions/sql_function.ts.module::class_constructor,statements,src/abap/2_statements/expressions/sql_function.ts.module::class_constructor/body/s3/y/seq/s49/x/arg0,src/abap/2_statements/expressions/sql_function.ts:258:3,0,true
tuple.473287f8298dba7163a897908958f7c0eae733e25d2e027992ea2edc9bed2fa8.12886f9d00055adf24c40579e22d31b2b45f2023f892954ffd5567beb60825f8.8f9108e347ad289a33aa5df99962abce4e6d371906c6508e3a0fcfd0983f8809,src/abap/2_statements/expressions/sql_function.ts.module::class_constructor,statements,src/abap/2_statements/expressions/sql_function.ts.module::class_constructor/body/s3/y/seq/s5/x/arg0,src/abap/2_statements/expressions/sql_function.ts:214:3,0,true
tuple.473287f8298dba7163a897908958f7c0eae733e25d2e027992ea2edc9bed2fa8.12886f9d00055adf24c40579e22d31b2b45f2023f892954ffd5567beb60825f8.8f9108e347ad289a33aa5df99962abce4e6d371906c6508e3a0fcfd0983f8809,src/abap/2_statements/expressions/sql_function.ts.module::class_constructor,statements,src/abap/2_statements/expressions/sql_function.ts.module::class_constructor/body/s3/y/seq/s50/x/arg0,src/abap/2_statements/expressions/sql_function.ts:259:3,0,true
tuple.473287f8298dba7163a897908958f7c0eae733e25d2e027992ea2edc9bed2fa8.12886f9d00055adf24c40579e22d31b2b45f2023f892954ffd5567beb60825f8.8f9108e347ad289a33aa5df99962abce4e6d371906c6508e3a0fcfd0983f8809,src/abap/2_statements/expressions/sql_function.ts.module::class_constructor,statements,src/abap/2_statements/expressions/sql_function.ts.module::class_constructor/body/s3/y/seq/s51/x/arg0,src/abap/2_statements/expressions/sql_function.ts:260:3,0,true
tuple.473287f8298dba7163a897908958f7c0eae733e25d2e027992ea2edc9bed2fa8.12886f9d00055adf24c40579e22d31b2b45f2023f892954ffd5567beb60825f8.8f9108e347ad289a33aa5df99962abce4e6d371906c6508e3a0fcfd0983f8809,src/abap/2_statements/expressions/sql_function.ts.module::class_constructor,statements,src/abap/2_statements/expressions/sql_function.ts.module::class_constructor/body/s3/y/seq/s52/x/arg0,src/abap/2_statements/expressions/sql_function.ts:261:3,0,true
tuple.473287f8298dba7163a897908958f7c0eae733e25d2e027992ea2edc9bed2fa8.12886f9d00055adf24c40579e22d31b2b45f2023f892954ffd5567beb60825f8.8f9108e347ad289a33aa5df99962abce4e6d371906c6508e3a0fcfd0983f8809,src/abap/2_statements/expressions/sql_function.ts.module::class_constructor,statements,src/abap/2_statements/expressions/sql_function.ts.module::class_constructor/body/s3/y/seq/s53/x/arg0,src/abap/2_statements/expressions/sql_function.ts:262:3,0,true
tuple.473287f8298dba7163a897908958f7c0eae733e25d2e027992ea2edc9bed2fa8.12886f9d00055adf24c40579e22d31b2b45f2023f892954ffd5567beb60825f8.8f9108e347ad289a33aa5df99962abce4e6d371906c6508e3a0fcfd0983f8809,src/abap/2_statements/expressions/sql_function.ts.module::class_constructor,statements,src/abap/2_statements/expressions/sql_function.ts.module::class_constructor/body/s3/y/seq/s54/x/arg0,src/abap/2_statements/expressions/sql_function.ts:263:3,0,true
tuple.473287f8298dba7163a897908958f7c0eae733e25d2e027992ea2edc9bed2fa8.12886f9d00055adf24c40579e22d31b2b45f2023f892954ffd5567beb60825f8.8f9108e347ad289a33aa5df99962abce4e6d371906c6508e3a0fcfd0983f8809,src/abap/2_statements/expressions/sql_function.ts.module::class_constructor,statements,src/abap/2_statements/expressions/sql_function.ts.module::class_constructor/body/s3/y/seq/s55/x/arg0,src/abap/2_statements/expressions/sql_function.ts:264:3,0,true
tuple.473287f8298dba7163a897908958f7c0eae733e25d2e027992ea2edc9bed2fa8.12886f9d00055adf24c40579e22d31b2b45f2023f892954ffd5567beb60825f8.8f9108e347ad289a33aa5df99962abce4e6d371906c6508e3a0fcfd0983f8809,src/abap/2_statements/expressions/sql_function.ts.module::class_constructor,statements,src/abap/2_statements/expressions/sql_function.ts.module::class_constructor/body/s3/y/seq/s56/x/arg0,src/abap/2_statements/expressions/sql_function.ts:265:3,0,true
tuple.473287f8298dba7163a897908958f7c0eae733e25d2e027992ea2edc9bed2fa8.12886f9d00055adf24c40579e22d31b2b45f2023f892954ffd5567beb60825f8.8f9108e347ad289a33aa5df99962abce4e6d371906c6508e3a0fcfd0983f8809,src/abap/2_statements/expressions/sql_function.ts.module::class_constructor,statements,src/abap/2_statements/expressions/sql_function.ts.module::class_constructor/body/s3/y/seq/s57/x/arg0,src/abap/2_statements/expressions/sql_function.ts:266:3,0,true
tuple.473287f8298dba7163a897908958f7c0eae733e25d2e027992ea2edc9bed2fa8.12886f9d00055adf24c40579e22d31b2b45f2023f892954ffd5567beb60825f8.8f9108e347ad289a33aa5df99962abce4e6d371906c6508e3a0fcfd0983f8809,src/abap/2_statements/expressions/sql_function.ts.module::class_constructor,statements,src/abap/2_statements/expressions/sql_function.ts.module::class_constructor/body/s3/y/seq/s58/x/arg0,src/abap/2_statements/expressions/sql_function.ts:267:3,0,true
tuple.473287f8298dba7163a897908958f7c0eae733e25d2e027992ea2edc9bed2fa8.12886f9d00055adf24c40579e22d31b2b45f2023f892954ffd5567beb60825f8.8f9108e347ad289a33aa5df99962abce4e6d371906c6508e3a0fcfd0983f8809,src/abap/2_statements/expressions/sql_function.ts.module::class_constructor,statements,src/abap/2_statements/expressions/sql_function.ts.module::class_constructor/body/s3/y/seq/s59/x/arg0,src/abap/2_statements/expressions/sql_function.ts:268:3,0,true
tuple.473287f8298dba7163a897908958f7c0eae733e25d2e027992ea2edc9bed2fa8.12886f9d00055adf24c40579e22d31b2b45f2023f892954ffd5567beb60825f8.8f9108e347ad289a33aa5df99962abce4e6d371906c6508e3a0fcfd0983f8809,src/abap/2_statements/expressions/sql_function.ts.module::class_constructor,statements,src/abap/2_statements/expressions/sql_function.ts.module::class_constructor/body/s3/y/seq/s6/x/arg0,src/abap/2_statements/expressions/sql_function.ts:215:3,0,true
tuple.473287f8298dba7163a897908958f7c0eae733e25d2e027992ea2edc9bed2fa8.12886f9d00055adf24c40579e22d31b2b45f2023f892954ffd5567beb60825f8.8f9108e347ad289a33aa5df99962abce4e6d371906c6508e3a0fcfd0983f8809,src/abap/2_statements/expressions/sql_function.ts.module::class_constructor,statements,src/abap/2_statements/expressions/sql_function.ts.module::class_constructor/body/s3/y/seq/s60/x/arg0,src/abap/2_statements/expressions/sql_function.ts:269:3,0,true
tuple.473287f8298dba7163a897908958f7c0eae733e25d2e027992ea2edc9bed2fa8.12886f9d00055adf24c40579e22d31b2b45f2023f892954ffd5567beb60825f8.8f9108e347ad289a33aa5df99962abce4e6d371906c6508e3a0fcfd0983f8809,src/abap/2_statements/expressions/sql_function.ts.module::class_constructor,statements,src/abap/2_statements/expressions/sql_function.ts.module::class_constructor/body/s3/y/seq/s61/x/arg0,src/abap/2_statements/expressions/sql_function.ts:270:3,0,true
tuple.473287f8298dba7163a897908958f7c0eae733e25d2e027992ea2edc9bed2fa8.12886f9d00055adf24c40579e22d31b2b45f2023f892954ffd5567beb60825f8.8f9108e347ad289a33aa5df99962abce4e6d371906c6508e3a0fcfd0983f8809,src/abap/2_statements/expressions/sql_function.ts.module::class_constructor,statements,src/abap/2_statements/expressions/sql_function.ts.module::class_constructor/body/s3/y/seq/s62/x/arg0,src/abap/2_statements/expressions/sql_function.ts:271:3,0,true
tuple.473287f8298dba7163a897908958f7c0eae733e25d2e027992ea2edc9bed2fa8.12886f9d00055adf24c40579e22d31b2b45f2023f892954ffd5567beb60825f8.8f9108e347ad289a33aa5df99962abce4e6d371906c6508e3a0fcfd0983f8809,src/abap/2_statements/expressions/sql_function.ts.module::class_constructor,statements,src/abap/2_statements/expressions/sql_function.ts.module::class_constructor/body/s3/y/seq/s63/x/arg0,src/abap/2_statements/expressions/sql_function.ts:272:3,0,true
tuple.473287f8298dba7163a897908958f7c0eae733e25d2e027992ea2edc9bed2fa8.12886f9d00055adf24c40579e22d31b2b45f2023f892954ffd5567beb60825f8.8f9108e347ad289a33aa5df99962abce4e6d371906c6508e3a0fcfd0983f8809,src/abap/2_statements/expressions/sql_function.ts.module::class_constructor,statements,src/abap/2_statements/expressions/sql_function.ts.module::class_constructor/body/s3/y/seq/s64/x/arg0,src/abap/2_statements/expressions/sql_function.ts:273:3,0,true
tuple.473287f8298dba7163a897908958f7c0eae733e25d2e027992ea2edc9bed2fa8.12886f9d00055adf24c40579e22d31b2b45f2023f892954ffd5567beb60825f8.8f9108e347ad289a33aa5df99962abce4e6d371906c6508e3a0fcfd0983f8809,src/abap/2_statements/expressions/sql_function.ts.module::class_constructor,statements,src/abap/2_statements/expressions/sql_function.ts.module::class_constructor/body/s3/y/seq/s65/x/arg0,src/abap/2_statements/expressions/sql_function.ts:274:3,0,true
tuple.473287f8298dba7163a897908958f7c0eae733e25d2e027992ea2edc9bed2fa8.12886f9d00055adf24c40579e22d31b2b45f2023f892954ffd5567beb60825f8.8f9108e347ad289a33aa5df99962abce4e6d371906c6508e3a0fcfd0983f8809,src/abap/2_statements/expressions/sql_function.ts.module::class_constructor,statements,src/abap/2_statements/expressions/sql_function.ts.module::class_constructor/body/s3/y/seq/s66/x/arg0,src/abap/2_statements/expressions/sql_function.ts:275:3,0,true
tuple.473287f8298dba7163a897908958f7c0eae733e25d2e027992ea2edc9bed2fa8.12886f9d00055adf24c40579e22d31b2b45f2023f892954ffd5567beb60825f8.8f9108e347ad289a33aa5df99962abce4e6d371906c6508e3a0fcfd0983f8809,src/abap/2_statements/expressions/sql_function.ts.module::class_constructor,statements,src/abap/2_statements/expressions/sql_function.ts.module::class_constructor/body/s3/y/seq/s67/x/arg0,src/abap/2_statements/expressions/sql_function.ts:276:3,0,true
tuple.473287f8298dba7163a897908958f7c0eae733e25d2e027992ea2edc9bed2fa8.12886f9d00055adf24c40579e22d31b2b45f2023f892954ffd5567beb60825f8.8f9108e347ad289a33aa5df99962abce4e6d371906c6508e3a0fcfd0983f8809,src/abap/2_statements/expressions/sql_function.ts.module::class_constructor,statements,src/abap/2_statements/expressions/sql_function.ts.module::class_constructor/body/s3/y/seq/s68/x/arg0,src/abap/2_statements/expressions/sql_function.ts:277:3,0,true
tuple.473287f8298dba7163a897908958f7c0eae733e25d2e027992ea2edc9bed2fa8.12886f9d00055adf24c40579e22d31b2b45f2023f892954ffd5567beb60825f8.8f9108e347ad289a33aa5df99962abce4e6d371906c6508e3a0fcfd0983f8809,src/abap/2_statements/expressions/sql_function.ts.module::class_constructor,statements,src/abap/2_statements/expressions/sql_function.ts.module::class_constructor/body/s3/y/seq/s69/x/arg0,src/abap/2_statements/expressions/sql_function.ts:278:3,0,true
tuple.473287f8298dba7163a897908958f7c0eae733e25d2e027992ea2edc9bed2fa8.12886f9d00055adf24c40579e22d31b2b45f2023f892954ffd5567beb60825f8.8f9108e347ad289a33aa5df99962abce4e6d371906c6508e3a0fcfd0983f8809,src/abap/2_statements/expressions/sql_function.ts.module::class_constructor,statements,src/abap/2_statements/expressions/sql_function.ts.module::class_constructor/body/s3/y/seq/s7/x/arg0,src/abap/2_statements/expressions/sql_function.ts:216:3,0,true
tuple.473287f8298dba7163a897908958f7c0eae733e25d2e027992ea2edc9bed2fa8.12886f9d00055adf24c40579e22d31b2b45f2023f892954ffd5567beb60825f8.8f9108e347ad289a33aa5df99962abce4e6d371906c6508e3a0fcfd0983f8809,src/abap/2_statements/expressions/sql_function.ts.module::class_constructor,statements,src/abap/2_statements/expressions/sql_function.ts.module::class_constructor/body/s3/y/seq/s70/x/arg0,src/abap/2_statements/expressions/sql_function.ts:279:3,0,true
tuple.473287f8298dba7163a897908958f7c0eae733e25d2e027992ea2edc9bed2fa8.12886f9d00055adf24c40579e22d31b2b45f2023f892954ffd5567beb60825f8.8f9108e347ad289a33aa5df99962abce4e6d371906c6508e3a0fcfd0983f8809,src/abap/2_statements/expressions/sql_function.ts.module::class_constructor,statements,src/abap/2_statements/expressions/sql_function.ts.module::class_constructor/body/s3/y/seq/s71/x/arg0,src/abap/2_statements/expressions/sql_function.ts:280:3,0,true
tuple.473287f8298dba7163a897908958f7c0eae733e25d2e027992ea2edc9bed2fa8.12886f9d00055adf24c40579e22d31b2b45f2023f892954ffd5567beb60825f8.8f9108e347ad289a33aa5df99962abce4e6d371906c6508e3a0fcfd0983f8809,src/abap/2_statements/expressions/sql_function.ts.module::class_constructor,statements,src/abap/2_statements/expressions/sql_function.ts.module::class_constructor/body/s3/y/seq/s72/x/arg0,src/abap/2_statements/expressions/sql_function.ts:281:3,0,true
tuple.473287f8298dba7163a897908958f7c0eae733e25d2e027992ea2edc9bed2fa8.12886f9d00055adf24c40579e22d31b2b45f2023f892954ffd5567beb60825f8.8f9108e347ad289a33aa5df99962abce4e6d371906c6508e3a0fcfd0983f8809,src/abap/2_statements/expressions/sql_function.ts.module::class_constructor,statements,src/abap/2_statements/expressions/sql_function.ts.module::class_constructor/body/s3/y/seq/s73/x/arg0,src/abap/2_statements/expressions/sql_function.ts:282:3,0,true
tuple.473287f8298dba7163a897908958f7c0eae733e25d2e027992ea2edc9bed2fa8.12886f9d00055adf24c40579e22d31b2b45f2023f892954ffd5567beb60825f8.8f9108e347ad289a33aa5df99962abce4e6d371906c6508e3a0fcfd0983f8809,src/abap/2_statements/expressions/sql_function.ts.module::class_constructor,statements,src/abap/2_statements/expressions/sql_function.ts.module::class_constructor/body/s3/y/seq/s74/x/arg0,src/abap/2_statements/expressions/sql_function.ts:283:3,0,true
tuple.473287f8298dba7163a897908958f7c0eae733e25d2e027992ea2edc9bed2fa8.12886f9d00055adf24c40579e22d31b2b45f2023f892954ffd5567beb60825f8.8f9108e347ad289a33aa5df99962abce4e6d371906c6508e3a0fcfd0983f8809,src/abap/2_statements/expressions/sql_function.ts.module::class_constructor,statements,src/abap/2_statements/expressions/sql_function.ts.module::class_constructor/body/s3/y/seq/s75/x/arg0,src/abap/2_statements/expressions/sql_function.ts:284:3,0,true
tuple.473287f8298dba7163a897908958f7c0eae733e25d2e027992ea2edc9bed2fa8.12886f9d00055adf24c40579e22d31b2b45f2023f892954ffd5567beb60825f8.8f9108e347ad289a33aa5df99962abce4e6d371906c6508e3a0fcfd0983f8809,src/abap/2_statements/expressions/sql_function.ts.module::class_constructor,statements,src/abap/2_statements/expressions/sql_function.ts.module::class_constructor/body/s3/y/seq/s76/x/arg0,src/abap/2_statements/expressions/sql_function.ts:285:3,0,true
tuple.473287f8298dba7163a897908958f7c0eae733e25d2e027992ea2edc9bed2fa8.12886f9d00055adf24c40579e22d31b2b45f2023f892954ffd5567beb60825f8.8f9108e347ad289a33aa5df99962abce4e6d371906c6508e3a0fcfd0983f8809,src/abap/2_statements/expressions/sql_function.ts.module::class_constructor,statements,src/abap/2_statements/expressions/sql_function.ts.module::class_constructor/body/s3/y/seq/s77/x/arg0,src/abap/2_statements/expressions/sql_function.ts:286:3,0,true
tuple.473287f8298dba7163a897908958f7c0eae733e25d2e027992ea2edc9bed2fa8.12886f9d00055adf24c40579e22d31b2b45f2023f892954ffd5567beb60825f8.8f9108e347ad289a33aa5df99962abce4e6d371906c6508e3a0fcfd0983f8809,src/abap/2_statements/expressions/sql_function.ts.module::class_constructor,statements,src/abap/2_statements/expressions/sql_function.ts.module::class_constructor/body/s3/y/seq/s78/x/arg0,src/abap/2_statements/expressions/sql_function.ts:287:3,0,true
tuple.473287f8298dba7163a897908958f7c0eae733e25d2e027992ea2edc9bed2fa8.12886f9d00055adf24c40579e22d31b2b45f2023f892954ffd5567beb60825f8.8f9108e347ad289a33aa5df99962abce4e6d371906c6508e3a0fcfd0983f8809,src/abap/2_statements/expressions/sql_function.ts.module::class_constructor,statements,src/abap/2_statements/expressions/sql_function.ts.module::class_constructor/body/s3/y/seq/s79/x/arg0,src/abap/2_statements/expressions/sql_function.ts:288:3,0,true
tuple.473287f8298dba7163a897908958f7c0eae733e25d2e027992ea2edc9bed2fa8.12886f9d00055adf24c40579e22d31b2b45f2023f892954ffd5567beb60825f8.8f9108e347ad289a33aa5df99962abce4e6d371906c6508e3a0fcfd0983f8809,src/abap/2_statements/expressions/sql_function.ts.module::class_constructor,statements,src/abap/2_statements/expressions/sql_function.ts.module::class_constructor/body/s3/y/seq/s8/x/arg0,src/abap/2_statements/expressions/sql_function.ts:217:3,0,true
tuple.473287f8298dba7163a897908958f7c0eae733e25d2e027992ea2edc9bed2fa8.12886f9d00055adf24c40579e22d31b2b45f2023f892954ffd5567beb60825f8.8f9108e347ad289a33aa5df99962abce4e6d371906c6508e3a0fcfd0983f8809,src/abap/2_statements/expressions/sql_function.ts.module::class_constructor,statements,src/abap/2_statements/expressions/sql_function.ts.module::class_constructor/body/s3/y/seq/s80/x/arg0,src/abap/2_statements/expressions/sql_function.ts:289:3,0,true
tuple.473287f8298dba7163a897908958f7c0eae733e25d2e027992ea2edc9bed2fa8.12886f9d00055adf24c40579e22d31b2b45f2023f892954ffd5567beb60825f8.8f9108e347ad289a33aa5df99962abce4e6d371906c6508e3a0fcfd0983f8809,src/abap/2_statements/expressions/sql_function.ts.module::class_constructor,statements,src/abap/2_statements/expressions/sql_function.ts.module::class_constructor/body/s3/y/seq/s81/x/arg0,src/abap/2_statements/expressions/sql_function.ts:290:3,0,true
tuple.473287f8298dba7163a897908958f7c0eae733e25d2e027992ea2edc9bed2fa8.12886f9d00055adf24c40579e22d31b2b45f2023f892954ffd5567beb60825f8.8f9108e347ad289a33aa5df99962abce4e6d371906c6508e3a0fcfd0983f8809,src/abap/2_statements/expressions/sql_function.ts.module::class_constructor,statements,src/abap/2_statements/expressions/sql_function.ts.module::class_constructor/body/s3/y/seq/s82/x/arg0,src/abap/2_statements/expressions/sql_function.ts:291:3,0,true
tuple.473287f8298dba7163a897908958f7c0eae733e25d2e027992ea2edc9bed2fa8.12886f9d00055adf24c40579e22d31b2b45f2023f892954ffd5567beb60825f8.8f9108e347ad289a33aa5df99962abce4e6d371906c6508e3a0fcfd0983f8809,src/abap/2_statements/expressions/sql_function.ts.module::class_constructor,statements,src/abap/2_statements/expressions/sql_function.ts.module::class_constructor/body/s3/y/seq/s83/x/arg0,src/abap/2_statements/expressions/sql_function.ts:292:3,0,true
tuple.473287f8298dba7163a897908958f7c0eae733e25d2e027992ea2edc9bed2fa8.12886f9d00055adf24c40579e22d31b2b45f2023f892954ffd5567beb60825f8.8f9108e347ad289a33aa5df99962abce4e6d371906c6508e3a0fcfd0983f8809,src/abap/2_statements/expressions/sql_function.ts.module::class_constructor,statements,src/abap/2_statements/expressions/sql_function.ts.module::class_constructor/body/s3/y/seq/s84/x/arg0,src/abap/2_statements/expressions/sql_function.ts:293:3,0,true
tuple.473287f8298dba7163a897908958f7c0eae733e25d2e027992ea2edc9bed2fa8.12886f9d00055adf24c40579e22d31b2b45f2023f892954ffd5567beb60825f8.8f9108e347ad289a33aa5df99962abce4e6d371906c6508e3a0fcfd0983f8809,src/abap/2_statements/expressions/sql_function.ts.module::class_constructor,statements,src/abap/2_statements/expressions/sql_function.ts.module::class_constructor/body/s3/y/seq/s85/x/arg0,src/abap/2_statements/expressions/sql_function.ts:294:3,0,true
tuple.473287f8298dba7163a897908958f7c0eae733e25d2e027992ea2edc9bed2fa8.12886f9d00055adf24c40579e22d31b2b45f2023f892954ffd5567beb60825f8.8f9108e347ad289a33aa5df99962abce4e6d371906c6508e3a0fcfd0983f8809,src/abap/2_statements/expressions/sql_function.ts.module::class_constructor,statements,src/abap/2_statements/expressions/sql_function.ts.module::class_constructor/body/s3/y/seq/s86/x/arg0,src/abap/2_statements/expressions/sql_function.ts:295:3,0,true
tuple.473287f8298dba7163a897908958f7c0eae733e25d2e027992ea2edc9bed2fa8.12886f9d00055adf24c40579e22d31b2b45f2023f892954ffd5567beb60825f8.8f9108e347ad289a33aa5df99962abce4e6d371906c6508e3a0fcfd0983f8809,src/abap/2_statements/expressions/sql_function.ts.module::class_constructor,statements,src/abap/2_statements/expressions/sql_function.ts.module::class_constructor/body/s3/y/seq/s87/x/arg0,src/abap/2_statements/expressions/sql_function.ts:296:3,0,true
tuple.473287f8298dba7163a897908958f7c0eae733e25d2e027992ea2edc9bed2fa8.12886f9d00055adf24c40579e22d31b2b45f2023f892954ffd5567beb60825f8.8f9108e347ad289a33aa5df99962abce4e6d371906c6508e3a0fcfd0983f8809,src/abap/2_statements/expressions/sql_function.ts.module::class_constructor,statements,src/abap/2_statements/expressions/sql_function.ts.module::class_constructor/body/s3/y/seq/s88/x/arg0,src/abap/2_statements/expressions/sql_function.ts:297:3,0,true
tuple.473287f8298dba7163a897908958f7c0eae733e25d2e027992ea2edc9bed2fa8.12886f9d00055adf24c40579e22d31b2b45f2023f892954ffd5567beb60825f8.8f9108e347ad289a33aa5df99962abce4e6d371906c6508e3a0fcfd0983f8809,src/abap/2_statements/expressions/sql_function.ts.module::class_constructor,statements,src/abap/2_statements/expressions/sql_function.ts.module::class_constructor/body/s3/y/seq/s89/x/arg0,src/abap/2_statements/expressions/sql_function.ts:298:3,0,true
tuple.473287f8298dba7163a897908958f7c0eae733e25d2e027992ea2edc9bed2fa8.12886f9d00055adf24c40579e22d31b2b45f2023f892954ffd5567beb60825f8.8f9108e347ad289a33aa5df99962abce4e6d371906c6508e3a0fcfd0983f8809,src/abap/2_statements/expressions/sql_function.ts.module::class_constructor,statements,src/abap/2_statements/expressions/sql_function.ts.module::class_constructor/body/s3/y/seq/s9/x/arg0,src/abap/2_statements/expressions/sql_function.ts:218:3,0,true
tuple.473287f8298dba7163a897908958f7c0eae733e25d2e027992ea2edc9bed2fa8.12886f9d00055adf24c40579e22d31b2b45f2023f892954ffd5567beb60825f8.8f9108e347ad289a33aa5df99962abce4e6d371906c6508e3a0fcfd0983f8809,src/abap/2_statements/expressions/sql_function.ts.module::class_constructor,statements,src/abap/2_statements/expressions/sql_function.ts.module::class_constructor/body/s3/y/seq/s90/x/arg0,src/abap/2_statements/expressions/sql_function.ts:299:3,0,true
tuple.473287f8298dba7163a897908958f7c0eae733e25d2e027992ea2edc9bed2fa8.12886f9d00055adf24c40579e22d31b2b45f2023f892954ffd5567beb60825f8.8f9108e347ad289a33aa5df99962abce4e6d371906c6508e3a0fcfd0983f8809,src/abap/2_statements/expressions/sql_function.ts.module::class_constructor,statements,src/abap/2_statements/expressions/sql_function.ts.module::class_constructor/body/s3/y/seq/s91/x/arg0,src/abap/2_statements/expressions/sql_function.ts:300:3,0,true
tuple.473287f8298dba7163a897908958f7c0eae733e25d2e027992ea2edc9bed2fa8.12886f9d00055adf24c40579e22d31b2b45f2023f892954ffd5567beb60825f8.8f9108e347ad289a33aa5df99962abce4e6d371906c6508e3a0fcfd0983f8809,src/abap/2_statements/expressions/sql_function.ts.module::class_constructor,statements,src/abap/2_statements/expressions/sql_function.ts.module::class_constructor/body/s3/y/seq/s92/x/arg0,src/abap/2_statements/expressions/sql_function.ts:301:3,0,true
tuple.473287f8298dba7163a897908958f7c0eae733e25d2e027992ea2edc9bed2fa8.12886f9d00055adf24c40579e22d31b2b45f2023f892954ffd5567beb60825f8.8f9108e347ad289a33aa5df99962abce4e6d371906c6508e3a0fcfd0983f8809,src/abap/2_statements/expressions/sql_function.ts.module::class_constructor,statements,src/abap/2_statements/expressions/sql_function.ts.module::class_constructor/body/s3/y/seq/s93/x/arg0,src/abap/2_statements/expressions/sql_function.ts:302:3,0,true
tuple.473287f8298dba7163a897908958f7c0eae733e25d2e027992ea2edc9bed2fa8.12886f9d00055adf24c40579e22d31b2b45f2023f892954ffd5567beb60825f8.8f9108e347ad289a33aa5df99962abce4e6d371906c6508e3a0fcfd0983f8809,src/abap/2_statements/expressions/sql_function.ts.module::class_constructor,statements,src/abap/2_statements/expressions/sql_function.ts.module::class_constructor/body/s3/y/seq/s94/x/arg0,src/abap/2_statements/expressions/sql_function.ts:303:3,0,true
tuple.473287f8298dba7163a897908958f7c0eae733e25d2e027992ea2edc9bed2fa8.12886f9d00055adf24c40579e22d31b2b45f2023f892954ffd5567beb60825f8.8f9108e347ad289a33aa5df99962abce4e6d371906c6508e3a0fcfd0983f8809,src/abap/2_statements/expressions/sql_function.ts.module::class_constructor,statements,src/abap/2_statements/expressions/sql_function.ts.module::class_constructor/body/s3/y/seq/s95/x/arg0,src/abap/2_statements/expressions/sql_function.ts:304:3,0,true
tuple.473287f8298dba7163a897908958f7c0eae733e25d2e027992ea2edc9bed2fa8.12886f9d00055adf24c40579e22d31b2b45f2023f892954ffd5567beb60825f8.8f9108e347ad289a33aa5df99962abce4e6d371906c6508e3a0fcfd0983f8809,src/abap/2_statements/expressions/sql_function.ts.module::class_constructor,statements,src/abap/2_statements/expressions/sql_function.ts.module::class_constructor/body/s3/y/seq/s96/x/arg0,src/abap/2_statements/expressions/sql_function.ts:305:3,0,true
tuple.473287f8298dba7163a897908958f7c0eae733e25d2e027992ea2edc9bed2fa8.12886f9d00055adf24c40579e22d31b2b45f2023f892954ffd5567beb60825f8.8f9108e347ad289a33aa5df99962abce4e6d371906c6508e3a0fcfd0983f8809,src/abap/2_statements/expressions/sql_function.ts.module::class_constructor,statements,src/abap/2_statements/expressions/sql_function.ts.module::class_constructor/body/s3/y/seq/s97/x/arg0,src/abap/2_statements/expressions/sql_function.ts:306:3,0,true
tuple.473287f8298dba7163a897908958f7c0eae733e25d2e027992ea2edc9bed2fa8.12886f9d00055adf24c40579e22d31b2b45f2023f892954ffd5567beb60825f8.8f9108e347ad289a33aa5df99962abce4e6d371906c6508e3a0fcfd0983f8809,src/abap/2_statements/expressions/sql_function.ts.module::class_constructor,statements,src/abap/2_statements/expressions/sql_function.ts.module::class_constructor/body/s3/y/seq/s98/x/arg0,src/abap/2_statements/expressions/sql_function.ts:307:3,0,true
tuple.473287f8298dba7163a897908958f7c0eae733e25d2e027992ea2edc9bed2fa8.12886f9d00055adf24c40579e22d31b2b45f2023f892954ffd5567beb60825f8.8f9108e347ad289a33aa5df99962abce4e6d371906c6508e3a0fcfd0983f8809,src/abap/2_statements/expressions/sql_function.ts.module::class_constructor,statements,src/abap/2_statements/expressions/sql_function.ts.module::class_constructor/body/s3/y/seq/s99/x/arg0,src/abap/2_statements/expressions/sql_function.ts:308:3,0,true
tuple.473287f8298dba7163a897908958f7c0eae733e25d2e027992ea2edc9bed2fa8.12886f9d00055adf24c40579e22d31b2b45f2023f892954ffd5567beb60825f8.8f9108e347ad289a33aa5df99962abce4e6d371906c6508e3a0fcfd0983f8809,src/abap/2_statements/expressions/sql_function.ts.module::class_constructor,statements,src/abap/2_statements/expressions/sql_function.ts.module::class_constructor/body/s4/y/seq/s1/x/arg0,src/abap/2_statements/expressions/sql_function.ts:342:3,0,true
tuple.473287f8298dba7163a897908958f7c0eae733e25d2e027992ea2edc9bed2fa8.12886f9d00055adf24c40579e22d31b2b45f2023f892954ffd5567beb60825f8.8f9108e347ad289a33aa5df99962abce4e6d371906c6508e3a0fcfd0983f8809,src/abap/2_statements/expressions/sql_function.ts.module::class_constructor,statements,src/abap/2_statements/expressions/sql_function.ts.module::class_constructor/body/s4/y/seq/s10/x/arg0,src/abap/2_statements/expressions/sql_function.ts:351:3,0,true
tuple.473287f8298dba7163a897908958f7c0eae733e25d2e027992ea2edc9bed2fa8.12886f9d00055adf24c40579e22d31b2b45f2023f892954ffd5567beb60825f8.8f9108e347ad289a33aa5df99962abce4e6d371906c6508e3a0fcfd0983f8809,src/abap/2_statements/expressions/sql_function.ts.module::class_constructor,statements,src/abap/2_statements/expressions/sql_function.ts.module::class_constructor/body/s4/y/seq/s2/x/arg0,src/abap/2_statements/expressions/sql_function.ts:343:3,0,true
tuple.473287f8298dba7163a897908958f7c0eae733e25d2e027992ea2edc9bed2fa8.12886f9d00055adf24c40579e22d31b2b45f2023f892954ffd5567beb60825f8.8f9108e347ad289a33aa5df99962abce4e6d371906c6508e3a0fcfd0983f8809,src/abap/2_statements/expressions/sql_function.ts.module::class_constructor,statements,src/abap/2_statements/expressions/sql_function.ts.module::class_constructor/body/s4/y/seq/s3/x/arg0,src/abap/2_statements/expressions/sql_function.ts:344:3,0,true
tuple.473287f8298dba7163a897908958f7c0eae733e25d2e027992ea2edc9bed2fa8.12886f9d00055adf24c40579e22d31b2b45f2023f892954ffd5567beb60825f8.8f9108e347ad289a33aa5df99962abce4e6d371906c6508e3a0fcfd0983f8809,src/abap/2_statements/expressions/sql_function.ts.module::class_constructor,statements,src/abap/2_statements/expressions/sql_function.ts.module::class_constructor/body/s4/y/seq/s4/x/arg0,src/abap/2_statements/expressions/sql_function.ts:345:3,0,true
tuple.473287f8298dba7163a897908958f7c0eae733e25d2e027992ea2edc9bed2fa8.12886f9d00055adf24c40579e22d31b2b45f2023f892954ffd5567beb60825f8.8f9108e347ad289a33aa5df99962abce4e6d371906c6508e3a0fcfd0983f8809,src/abap/2_statements/expressions/sql_function.ts.module::class_constructor,statements,src/abap/2_statements/expressions/sql_function.ts.module::class_constructor/body/s4/y/seq/s5/x/arg0,src/abap/2_statements/expressions/sql_function.ts:346:3,0,true
tuple.473287f8298dba7163a897908958f7c0eae733e25d2e027992ea2edc9bed2fa8.12886f9d00055adf24c40579e22d31b2b45f2023f892954ffd5567beb60825f8.8f9108e347ad289a33aa5df99962abce4e6d371906c6508e3a0fcfd0983f8809,src/abap/2_statements/expressions/sql_function.ts.module::class_constructor,statements,src/abap/2_statements/expressions/sql_function.ts.module::class_constructor/body/s4/y/seq/s6/x/arg0,src/abap/2_statements/expressions/sql_function.ts:347:3,0,true
tuple.473287f8298dba7163a897908958f7c0eae733e25d2e027992ea2edc9bed2fa8.12886f9d00055adf24c40579e22d31b2b45f2023f892954ffd5567beb60825f8.8f9108e347ad289a33aa5df99962abce4e6d371906c6508e3a0fcfd0983f8809,src/abap/2_statements/expressions/sql_function.ts.module::class_constructor,statements,src/abap/2_statements/expressions/sql_function.ts.module::class_constructor/body/s4/y/seq/s7/x/arg0,src/abap/2_statements/expressions/sql_function.ts:348:3,0,true
tuple.473287f8298dba7163a897908958f7c0eae733e25d2e027992ea2edc9bed2fa8.12886f9d00055adf24c40579e22d31b2b45f2023f892954ffd5567beb60825f8.8f9108e347ad289a33aa5df99962abce4e6d371906c6508e3a0fcfd0983f8809,src/abap/2_statements/expressions/sql_function.ts.module::class_constructor,statements,src/abap/2_statements/expressions/sql_function.ts.module::class_constructor/body/s4/y/seq/s8/x/arg0,src/abap/2_statements/expressions/sql_function.ts:349:3,0,true
tuple.473287f8298dba7163a897908958f7c0eae733e25d2e027992ea2edc9bed2fa8.12886f9d00055adf24c40579e22d31b2b45f2023f892954ffd5567beb60825f8.8f9108e347ad289a33aa5df99962abce4e6d371906c6508e3a0fcfd0983f8809,src/abap/2_statements/expressions/sql_function.ts.module::class_constructor,statements,src/abap/2_statements/expressions/sql_function.ts.module::class_constructor/body/s4/y/seq/s9/x/arg0,src/abap/2_statements/expressions/sql_function.ts:350:3,0,true
tuple.473287f8298dba7163a897908958f7c0eae733e25d2e027992ea2edc9bed2fa8.8f9108e347ad289a33aa5df99962abce4e6d371906c6508e3a0fcfd0983f8809.98b7639e585fae5238ff43662490d7623581819bd94f3e3d769d74b4152b48ee,src/abap/2_statements/expressions/sql_function.ts.module::class_constructor,statements,src/abap/2_statements/expressions/sql_function.ts.module::class_constructor/body/s2/y/seq/s1/x/arg0,src/abap/2_statements/expressions/sql_function.ts:107:3,0,true
tuple.473287f8298dba7163a897908958f7c0eae733e25d2e027992ea2edc9bed2fa8.8f9108e347ad289a33aa5df99962abce4e6d371906c6508e3a0fcfd0983f8809.98b7639e585fae5238ff43662490d7623581819bd94f3e3d769d74b4152b48ee,src/abap/2_statements/expressions/sql_function.ts.module::class_constructor,statements,src/abap/2_statements/expressions/sql_function.ts.module::class_constructor/body/s2/y/seq/s10/x/arg0,src/abap/2_statements/expressions/sql_function.ts:156:3,0,true
tuple.473287f8298dba7163a897908958f7c0eae733e25d2e027992ea2edc9bed2fa8.8f9108e347ad289a33aa5df99962abce4e6d371906c6508e3a0fcfd0983f8809.98b7639e585fae5238ff43662490d7623581819bd94f3e3d769d74b4152b48ee,src/abap/2_statements/expressions/sql_function.ts.module::class_constructor,statements,src/abap/2_statements/expressions/sql_function.ts.module::class_constructor/body/s2/y/seq/s11/x/arg0,src/abap/2_statements/expressions/sql_function.ts:160:3,0,true
tuple.473287f8298dba7163a897908958f7c0eae733e25d2e027992ea2edc9bed2fa8.8f9108e347ad289a33aa5df99962abce4e6d371906c6508e3a0fcfd0983f8809.98b7639e585fae5238ff43662490d7623581819bd94f3e3d769d74b4152b48ee,src/abap/2_statements/expressions/sql_function.ts.module::class_constructor,statements,src/abap/2_statements/expressions/sql_function.ts.module::class_constructor/body/s2/y/seq/s12/x/arg0,src/abap/2_statements/expressions/sql_function.ts:165:3,0,true
tuple.473287f8298dba7163a897908958f7c0eae733e25d2e027992ea2edc9bed2fa8.8f9108e347ad289a33aa5df99962abce4e6d371906c6508e3a0fcfd0983f8809.98b7639e585fae5238ff43662490d7623581819bd94f3e3d769d74b4152b48ee,src/abap/2_statements/expressions/sql_function.ts.module::class_constructor,statements,src/abap/2_statements/expressions/sql_function.ts.module::class_constructor/body/s2/y/seq/s13/x/arg0,src/abap/2_statements/expressions/sql_function.ts:169:3,0,true
tuple.473287f8298dba7163a897908958f7c0eae733e25d2e027992ea2edc9bed2fa8.8f9108e347ad289a33aa5df99962abce4e6d371906c6508e3a0fcfd0983f8809.98b7639e585fae5238ff43662490d7623581819bd94f3e3d769d74b4152b48ee,src/abap/2_statements/expressions/sql_function.ts.module::class_constructor,statements,src/abap/2_statements/expressions/sql_function.ts.module::class_constructor/body/s2/y/seq/s14/x/arg0,src/abap/2_statements/expressions/sql_function.ts:173:3,0,true
tuple.473287f8298dba7163a897908958f7c0eae733e25d2e027992ea2edc9bed2fa8.8f9108e347ad289a33aa5df99962abce4e6d371906c6508e3a0fcfd0983f8809.98b7639e585fae5238ff43662490d7623581819bd94f3e3d769d74b4152b48ee,src/abap/2_statements/expressions/sql_function.ts.module::class_constructor,statements,src/abap/2_statements/expressions/sql_function.ts.module::class_constructor/body/s2/y/seq/s15/x/arg0,src/abap/2_statements/expressions/sql_function.ts:177:3,0,true
tuple.473287f8298dba7163a897908958f7c0eae733e25d2e027992ea2edc9bed2fa8.8f9108e347ad289a33aa5df99962abce4e6d371906c6508e3a0fcfd0983f8809.98b7639e585fae5238ff43662490d7623581819bd94f3e3d769d74b4152b48ee,src/abap/2_statements/expressions/sql_function.ts.module::class_constructor,statements,src/abap/2_statements/expressions/sql_function.ts.module::class_constructor/body/s2/y/seq/s16/x/arg0,src/abap/2_statements/expressions/sql_function.ts:189:3,0,true
tuple.473287f8298dba7163a897908958f7c0eae733e25d2e027992ea2edc9bed2fa8.8f9108e347ad289a33aa5df99962abce4e6d371906c6508e3a0fcfd0983f8809.98b7639e585fae5238ff43662490d7623581819bd94f3e3d769d74b4152b48ee,src/abap/2_statements/expressions/sql_function.ts.module::class_constructor,statements,src/abap/2_statements/expressions/sql_function.ts.module::class_constructor/body/s2/y/seq/s17/x/arg0,src/abap/2_statements/expressions/sql_function.ts:196:3,0,true
tuple.473287f8298dba7163a897908958f7c0eae733e25d2e027992ea2edc9bed2fa8.8f9108e347ad289a33aa5df99962abce4e6d371906c6508e3a0fcfd0983f8809.98b7639e585fae5238ff43662490d7623581819bd94f3e3d769d74b4152b48ee,src/abap/2_statements/expressions/sql_function.ts.module::class_constructor,statements,src/abap/2_statements/expressions/sql_function.ts.module::class_constructor/body/s2/y/seq/s18/x/arg0,src/abap/2_statements/expressions/sql_function.ts:200:3,0,true
tuple.473287f8298dba7163a897908958f7c0eae733e25d2e027992ea2edc9bed2fa8.8f9108e347ad289a33aa5df99962abce4e6d371906c6508e3a0fcfd0983f8809.98b7639e585fae5238ff43662490d7623581819bd94f3e3d769d74b4152b48ee,src/abap/2_statements/expressions/sql_function.ts.module::class_constructor,statements,src/abap/2_statements/expressions/sql_function.ts.module::class_constructor/body/s2/y/seq/s19/x/arg0,src/abap/2_statements/expressions/sql_function.ts:203:3,0,true
tuple.473287f8298dba7163a897908958f7c0eae733e25d2e027992ea2edc9bed2fa8.8f9108e347ad289a33aa5df99962abce4e6d371906c6508e3a0fcfd0983f8809.98b7639e585fae5238ff43662490d7623581819bd94f3e3d769d74b4152b48ee,src/abap/2_statements/expressions/sql_function.ts.module::class_constructor,statements,src/abap/2_statements/expressions/sql_function.ts.module::class_constructor/body/s2/y/seq/s2/x/arg0,src/abap/2_statements/expressions/sql_function.ts:112:3,0,true
tuple.473287f8298dba7163a897908958f7c0eae733e25d2e027992ea2edc9bed2fa8.8f9108e347ad289a33aa5df99962abce4e6d371906c6508e3a0fcfd0983f8809.98b7639e585fae5238ff43662490d7623581819bd94f3e3d769d74b4152b48ee,src/abap/2_statements/expressions/sql_function.ts.module::class_constructor,statements,src/abap/2_statements/expressions/sql_function.ts.module::class_constructor/body/s2/y/seq/s3/x/arg0,src/abap/2_statements/expressions/sql_function.ts:116:3,0,true
tuple.473287f8298dba7163a897908958f7c0eae733e25d2e027992ea2edc9bed2fa8.8f9108e347ad289a33aa5df99962abce4e6d371906c6508e3a0fcfd0983f8809.98b7639e585fae5238ff43662490d7623581819bd94f3e3d769d74b4152b48ee,src/abap/2_statements/expressions/sql_function.ts.module::class_constructor,statements,src/abap/2_statements/expressions/sql_function.ts.module::class_constructor/body/s2/y/seq/s4/x/arg0,src/abap/2_statements/expressions/sql_function.ts:123:3,0,true
tuple.473287f8298dba7163a897908958f7c0eae733e25d2e027992ea2edc9bed2fa8.8f9108e347ad289a33aa5df99962abce4e6d371906c6508e3a0fcfd0983f8809.98b7639e585fae5238ff43662490d7623581819bd94f3e3d769d74b4152b48ee,src/abap/2_statements/expressions/sql_function.ts.module::class_constructor,statements,src/abap/2_statements/expressions/sql_function.ts.module::class_constructor/body/s2/y/seq/s5/x/arg0,src/abap/2_statements/expressions/sql_function.ts:128:3,0,true
tuple.473287f8298dba7163a897908958f7c0eae733e25d2e027992ea2edc9bed2fa8.8f9108e347ad289a33aa5df99962abce4e6d371906c6508e3a0fcfd0983f8809.98b7639e585fae5238ff43662490d7623581819bd94f3e3d769d74b4152b48ee,src/abap/2_statements/expressions/sql_function.ts.module::class_constructor,statements,src/abap/2_statements/expressions/sql_function.ts.module::class_constructor/body/s2/y/seq/s6/x/arg0,src/abap/2_statements/expressions/sql_function.ts:133:3,0,true
tuple.473287f8298dba7163a897908958f7c0eae733e25d2e027992ea2edc9bed2fa8.8f9108e347ad289a33aa5df99962abce4e6d371906c6508e3a0fcfd0983f8809.98b7639e585fae5238ff43662490d7623581819bd94f3e3d769d74b4152b48ee,src/abap/2_statements/expressions/sql_function.ts.module::class_constructor,statements,src/abap/2_statements/expressions/sql_function.ts.module::class_constructor/body/s2/y/seq/s7/x/arg0,src/abap/2_statements/expressions/sql_function.ts:139:3,0,true
tuple.473287f8298dba7163a897908958f7c0eae733e25d2e027992ea2edc9bed2fa8.8f9108e347ad289a33aa5df99962abce4e6d371906c6508e3a0fcfd0983f8809.98b7639e585fae5238ff43662490d7623581819bd94f3e3d769d74b4152b48ee,src/abap/2_statements/expressions/sql_function.ts.module::class_constructor,statements,src/abap/2_statements/expressions/sql_function.ts.module::class_constructor/body/s2/y/seq/s8/x/arg0,src/abap/2_statements/expressions/sql_function.ts:145:3,0,true
tuple.473287f8298dba7163a897908958f7c0eae733e25d2e027992ea2edc9bed2fa8.8f9108e347ad289a33aa5df99962abce4e6d371906c6508e3a0fcfd0983f8809.98b7639e585fae5238ff43662490d7623581819bd94f3e3d769d74b4152b48ee,src/abap/2_statements/expressions/sql_function.ts.module::class_constructor,statements,src/abap/2_statements/expressions/sql_function.ts.module::class_constructor/body/s2/y/seq/s9/x/arg0,src/abap/2_statements/expressions/sql_function.ts:151:3,0,true
