class,abap_name,source,c1_immutable,c1_first,c2_identity_free,c2_first,c3_closed,c3_first,c4_nullability,c4_first,c5_small,c5_first,fields,inline_bytes_estimate,reference_slots,absent_flag,qualifies,new_sites,in_loop,outside_loop,parser_hot_sites,qualifying_hot_sites_removed,stage_counts_in_out,field_count,object_fields_remaining,dynamic_new_potential,c1_first_definite,c2_first_definite,c3_first_definite,c5_first_definite,proven_score_rank,investigation_order
tuple.473287f8298dba7163a897908958f7c0eae733e25d2e027992ea2edc9bed2fa8.12886f9d00055adf24c40579e22d31b2b45f2023f892954ffd5567beb60825f8.8f9108e347ad289a33aa5df99962abce4e6d371906c6508e3a0fcfd0983f8809,Z_TUPLE_473287_DDA7DD58F56A6C,src/abap/2_statements/expressions/sql_function.ts:20:31,fail:unproven,src/config.ts:11:3 potential transitive/alias write (Grace site_writes) [src/config.ts.Config::getDefault/body/s3/x/1/seq/s1/x],fail:unproven,src/abap/5_syntax/basic_types.ts:318:9 potential checked reference downcast/class test: classref<builtin.object> -> interfaceref<union.b0cca55c305e36aad6ac97cff639b1a53864af4d14fda7e802443bbbd8b7aee7> [src/abap/5_syntax/basic_types.ts.BasicTypes::simpleType/body/s6/x/0],fail:unproven,harness/registry_run.ts:48:11 potential assigned to mixed supertype/interface dynamic [harness/registry_run.ts.RegistryRun::parse/body/s8/body/s1/x/seq/s1],pass,harness/registry_run.ts:48:11 optional<dynamic> (explicit absent flag required),pass,,tuple.473287f8298dba7163a897908958f7c0eae733e25d2e027992ea2edc9bed2fa8.12886f9d00055adf24c40579e22d31b2b45f2023f892954ffd5567beb60825f8.8f9108e347ad289a33aa5df99962abce4e6d371906c6508e3a0fcfd0983f8809.f0:string; tuple.473287f8298dba7163a897908958f7c0eae733e25d2e027992ea2edc9bed2fa8.12886f9d00055adf24c40579e22d31b2b45f2023f892954ffd5567beb60825f8.8f9108e347ad289a33aa5df99962abce4e6d371906c6508e3a0fcfd0983f8809.f1:i64; tuple.473287f8298dba7163a897908958f7c0eae733e25d2e027992ea2edc9bed2fa8.12886f9d00055adf24c40579e22d31b2b45f2023f892954ffd5567beb60825f8.8f9108e347ad289a33aa5df99962abce4e6d371906c6508e3a0fcfd0983f8809.f2:classref<src/version.ts.ABAPRelease>,32,2,true,false,218,0,218,218,0,statements=0/218,3,tuple.473287f8298dba7163a897908958f7c0eae733e25d2e027992ea2edc9bed2fa8.12886f9d00055adf24c40579e22d31b2b45f2023f892954ffd5567beb60825f8.8f9108e347ad289a33aa5df99962abce4e6d371906c6508e3a0fcfd0983f8809.f2:classref<src/version.ts.ABAPRelease>,1,,,,,1,1
src/abap/2_statements/combi.ts.IVerOptions,Z_SRC_ABAP_2_S_B72681FC0860EB,src/abap/2_statements/combi.ts:153:1,fail:unproven,src/config.ts:11:3 potential transitive/alias write (Grace site_writes) [src/config.ts.Config::getDefault/body/s3/x/1/seq/s1/x],fail:unproven,src/abap/5_syntax/basic_types.ts:318:9 potential checked reference downcast/class test: classref<builtin.object> -> interfaceref<union.b0cca55c305e36aad6ac97cff639b1a53864af4d14fda7e802443bbbd8b7aee7> [src/abap/5_syntax/basic_types.ts.BasicTypes::simpleType/body/s6/x/0],fail:unproven,harness/registry_run.ts:48:11 potential assigned to mixed supertype/interface dynamic [harness/registry_run.ts.RegistryRun::parse/body/s8/body/s1/x/seq/s1],pass,src/abap/2_statements/combi.ts:1189:1 optional<classref<src/abap/2_statements/combi.ts.IVerOptions>> (explicit absent flag required),pass,,src/abap/2_statements/combi.ts.IVerOptions.also:optional<string>,24,1,true,false,134,0,134,134,0,statements/combi.module=0/1; statements=0/133,1,,1,,,,,1,2
src/abap/2_statements/expressions/sql_function.ts.SQLNamedParam,Z_SRC_ABAP_2_S_768DAB221B010A,src/abap/2_statements/expressions/sql_function.ts:103:1,fail:unproven,src/config.ts:11:3 potential transitive/alias write (Grace site_writes) [src/config.ts.Config::getDefault/body/s3/x/1/seq/s1/x],fail:unproven,src/abap/5_syntax/basic_types.ts:318:9 potential checked reference downcast/class test: classref<builtin.object> -> interfaceref<union.b0cca55c305e36aad6ac97cff639b1a53864af4d14fda7e802443bbbd8b7aee7> [src/abap/5_syntax/basic_types.ts.BasicTypes::simpleType/body/s6/x/0],fail:unproven,harness/registry_run.ts:48:11 potential assigned to mixed supertype/interface dynamic [harness/registry_run.ts.RegistryRun::parse/body/s8/body/s1/x/seq/s1],pass,harness/registry_run.ts:48:11 optional<dynamic> (explicit absent flag required),pass,,src/abap/2_statements/expressions/sql_function.ts.SQLNamedParam.name:string; src/abap/2_statements/expressions/sql_function.ts.SQLNamedParam.optional:optional<bool>; src/abap/2_statements/expressions/sql_function.ts.SQLNamedParam.value:string,41,2,true,false,62,0,62,62,0,statements=0/62,3,,1,,,,,1,3
src/abap/nodes/statement_node.ts.StatementNode,Z_SRC_ABAP_NOD_E445D254902CED,src/abap/nodes/statement_node.ts:20:1,fail,src/abap/2_statements/_select_reclassify.ts:114:14 potential transitive/alias write (Grace site_writes) [src/abap/2_statements/_select_reclassify.ts.module::reclassifySelect/body/s0/s1/body/s1/body/s0/x],fail,src/abap/5_syntax/_type_utils.ts:308:12 checked reference downcast/class test: interfaceref<src/abap/nodes/_inode.ts.INode> -> interfaceref<union.66719939903e43ae9586894a3271d3c1e0bc1a87886c0b01d3e32f95e19d70c3> [src/abap/5_syntax/_type_utils.ts.TypeUtils::isCalculated/body/s0/x/0/1/0],fail:unproven,harness/registry_run.ts:48:11 potential assigned to mixed supertype/interface dynamic [harness/registry_run.ts.RegistryRun::parse/body/s8/body/s1/x/seq/s1],pass,src/abap/4_file_information/abap_file_information_parser.ts:50:20 optional<classref<src/abap/nodes/statement_node.ts.StatementNode>> (explicit absent flag required),pass,,src/abap/nodes/_abstract_node.ts.AbstractNode.children:array<interfaceref<src/abap/nodes/_inode.ts.INode>>; src/abap/nodes/statement_node.ts.StatementNode.colon:optional<classref<src/abap/1_lexer/tokens/abstract_token.ts.AbstractToken>>; src/abap/nodes/statement_node.ts.StatementNode.pragmas:array<classref<src/abap/1_lexer/tokens/abstract_token.ts.AbstractToken>>; src/abap/nodes/statement_node.ts.StatementNode.statement:interfaceref<src/abap/2_statements/statements/_statement.ts.IStatement>,40,4,true,false,19,11,8,19,0,statements=11/8,4,src/abap/nodes/_abstract_node.ts.AbstractNode.children:array<interfaceref<src/abap/nodes/_inode.ts.INode>>; src/abap/nodes/statement_node.ts.StatementNode.colon:optional<classref<src/abap/1_lexer/tokens/abstract_token.ts.AbstractToken>>; src/abap/nodes/statement_node.ts.StatementNode.pragmas:array<classref<src/abap/1_lexer/tokens/abstract_token.ts.AbstractToken>>; src/abap/nodes/statement_node.ts.StatementNode.statement:interfaceref<src/abap/2_statements/statements/_statement.ts.IStatement>,1,src/abap/nodes/_abstract_node.ts:20:7 field write outside own constructor: .children [src/abap/nodes/_abstract_node.ts.AbstractNode::addChild/body/s0/body/s0],src/abap/5_syntax/_type_utils.ts:308:12 checked reference downcast/class test: interfaceref<src/abap/nodes/_inode.ts.INode> -> interfaceref<union.66719939903e43ae9586894a3271d3c1e0bc1a87886c0b01d3e32f95e19d70c3> [src/abap/5_syntax/_type_utils.ts.TypeUtils::isCalculated/body/s0/x/0/1/0],,,1,4
tuple.473287f8298dba7163a897908958f7c0eae733e25d2e027992ea2edc9bed2fa8.8f9108e347ad289a33aa5df99962abce4e6d371906c6508e3a0fcfd0983f8809.98b7639e585fae5238ff43662490d7623581819bd94f3e3d769d74b4152b48ee,Z_TUPLE_473287_443DDF929202CD,src/abap/2_statements/expressions/sql_function.ts:106:36,fail:unproven,src/config.ts:11:3 potential transitive/alias write (Grace site_writes) [src/config.ts.Config::getDefault/body/s3/x/1/seq/s1/x],fail:unproven,src/abap/5_syntax/basic_types.ts:318:9 potential checked reference downcast/class test: classref<builtin.object> -> interfaceref<union.b0cca55c305e36aad6ac97cff639b1a53864af4d14fda7e802443bbbd8b7aee7> [src/abap/5_syntax/basic_types.ts.BasicTypes::simpleType/body/s6/x/0],fail:unproven,harness/registry_run.ts:48:11 potential assigned to mixed supertype/interface dynamic [harness/registry_run.ts.RegistryRun::parse/body/s8/body/s1/x/seq/s1],pass,harness/registry_run.ts:48:11 optional<dynamic> (explicit absent flag required),pass,,tuple.473287f8298dba7163a897908958f7c0eae733e25d2e027992ea2edc9bed2fa8.8f9108e347ad289a33aa5df99962abce4e6d371906c6508e3a0fcfd0983f8809.98b7639e585fae5238ff43662490d7623581819bd94f3e3d769d74b4152b48ee.f0:string; tuple.473287f8298dba7163a897908958f7c0eae733e25d2e027992ea2edc9bed2fa8.8f9108e347ad289a33aa5df99962abce4e6d371906c6508e3a0fcfd0983f8809.98b7639e585fae5238ff43662490d7623581819bd94f3e3d769d74b4152b48ee.f1:classref<src/version.ts.ABAPRelease>; tuple.473287f8298dba7163a897908958f7c0eae733e25d2e027992ea2edc9bed2fa8.8f9108e347ad289a33aa5df99962abce4e6d371906c6508e3a0fcfd0983f8809.98b7639e585fae5238ff43662490d7623581819bd94f3e3d769d74b4152b48ee.f2:array<classref<src/abap/2_statements/expressions/sql_function.ts.SQLNamedParam>>,32,3,true,false,19,0,19,19,0,statements=0/19,3,tuple.473287f8298dba7163a897908958f7c0eae733e25d2e027992ea2edc9bed2fa8.8f9108e347ad289a33aa5df99962abce4e6d371906c6508e3a0fcfd0983f8809.98b7639e585fae5238ff43662490d7623581819bd94f3e3d769d74b4152b48ee.f1:classref<src/version.ts.ABAPRelease>; tuple.473287f8298dba7163a897908958f7c0eae733e25d2e027992ea2edc9bed2fa8.8f9108e347ad289a33aa5df99962abce4e6d371906c6508e3a0fcfd0983f8809.98b7639e585fae5238ff43662490d7623581819bd94f3e3d769d74b4152b48ee.f2:array<classref<src/abap/2_statements/expressions/sql_function.ts.SQLNamedParam>>,1,,,,,1,5
src/abap/3_structures/structures/_match.ts.IMatch,Z_SRC_ABAP_3_S_2F070104B539E0,src/abap/3_structures/structures/_match.ts:3:1,fail,src/abap/3_structures/structures/_combi.ts:183:5 field write outside own constructor: .error [src/abap/3_structures/structures/_combi.ts.Optional::run/body/s1],fail:unproven,src/abap/5_syntax/basic_types.ts:318:9 potential checked reference downcast/class test: classref<builtin.object> -> interfaceref<union.b0cca55c305e36aad6ac97cff639b1a53864af4d14fda7e802443bbbd8b7aee7> [src/abap/5_syntax/basic_types.ts.BasicTypes::simpleType/body/s6/x/0],fail:unproven,harness/registry_run.ts:48:11 potential assigned to mixed supertype/interface dynamic [harness/registry_run.ts.RegistryRun::parse/body/s8/body/s1/x/seq/s1],pass,harness/registry_run.ts:48:11 optional<dynamic> (explicit absent flag required),pass,,src/abap/3_structures/structures/_match.ts.IMatch.error:bool; src/abap/3_structures/structures/_match.ts.IMatch.errorDescription:string; src/abap/3_structures/structures/_match.ts.IMatch.errorMatched:i64; src/abap/3_structures/structures/_match.ts.IMatch.matched:array<classref<src/abap/nodes/statement_node.ts.StatementNode>>; src/abap/3_structures/structures/_match.ts.IMatch.unmatched:array<classref<src/abap/nodes/statement_node.ts.StatementNode>>,41,3,true,false,11,4,7,11,0,structures=4/7,5,src/abap/3_structures/structures/_match.ts.IMatch.matched:array<classref<src/abap/nodes/statement_node.ts.StatementNode>>; src/abap/3_structures/structures/_match.ts.IMatch.unmatched:array<classref<src/abap/nodes/statement_node.ts.StatementNode>>,1,src/abap/3_structures/structures/_combi.ts:183:5 field write outside own constructor: .error [src/abap/3_structures/structures/_combi.ts.Optional::run/body/s1],,,,1,6
builtin.Error,Z_BUILTIN_ERRO_E8B3BD7E8A547C,builtin.Error,fail:unproven,src/config.ts:11:3 potential transitive/alias write (Grace site_writes) [src/config.ts.Config::getDefault/body/s3/x/1/seq/s1/x],fail,src/abap/2_statements/combi.ts:435:11 instanceof/class test through classref<builtin.Error> [src/abap/2_statements/combi.ts.Star::run/body/s1/else/s0/x],fail,harness/registry_run.ts:48:11 potential assigned to mixed supertype/interface dynamic [harness/registry_run.ts.RegistryRun::parse/body/s8/body/s1/x/seq/s1],pass,harness/registry_run.ts:48:11 optional<dynamic> (explicit absent flag required),pass,,builtin.Error.message:string,16,1,true,false,79,9,70,7,0,other=7/39; statements/combi.Alternative=0/1; statements/combi.AlternativePriority=0/1; statements/combi.Permutation=0/1; statements/combi.Sequence=0/1; statements=1/0; structures=0/2; syntax=1/25,1,,1,,src/abap/2_statements/combi.ts:435:11 instanceof/class test through classref<builtin.Error> [src/abap/2_statements/combi.ts.Star::run/body/s1/else/s0/x],src/abap/2_statements/combi.ts:814:1 subclass src/abap/2_statements/combi.ts.FailCombinatorError [src/abap/2_statements/combi.ts.FailCombinatorError],,1,7
src/abap/nodes/token_node.ts.TokenNode,Z_SRC_ABAP_NOD_935D26003CB490,src/abap/nodes/token_node.ts:6:1,fail:unproven,src/abap/3_structures/structures/_combi.ts:35:21 potential transitive/alias write (Grace site_writes) [src/abap/3_structures/structures/_combi.ts.Sequence::run/body/s2/body/s0/x],fail,src/abap/2_statements/_select_reclassify.ts:15:11 instanceof/class test through interfaceref<union.66719939903e43ae9586894a3271d3c1e0bc1a87886c0b01d3e32f95e19d70c3> [src/abap/2_statements/_select_reclassify.ts.module::containsAggregation/body/s0/s0/body/s0/x/0],fail,harness/registry_run.ts:48:11 potential assigned to mixed supertype/interface dynamic [harness/registry_run.ts.RegistryRun::parse/body/s8/body/s1/x/seq/s1],pass,src/abap/2_statements/result.ts:67:3 optional<interfaceref<union.66719939903e43ae9586894a3271d3c1e0bc1a87886c0b01d3e32f95e19d70c3>> (explicit absent flag required),pass,,src/abap/nodes/token_node.ts.TokenNode.token:classref<src/abap/1_lexer/tokens/abstract_token.ts.AbstractToken>,8,1,true,false,7,7,0,7,0,statements/combi.Token=1/0; statements/combi.Word=1/0; statements=5/0,1,src/abap/nodes/token_node.ts.TokenNode.token:classref<src/abap/1_lexer/tokens/abstract_token.ts.AbstractToken>,1,,src/abap/2_statements/_select_reclassify.ts:15:11 instanceof/class test through interfaceref<union.66719939903e43ae9586894a3271d3c1e0bc1a87886c0b01d3e32f95e19d70c3> [src/abap/2_statements/_select_reclassify.ts.module::containsAggregation/body/s0/s0/body/s0/x/0],src/abap/nodes/token_node_regex.ts:4:1 subclass src/abap/nodes/token_node_regex.ts.TokenNodeRegex [src/abap/nodes/token_node_regex.ts.TokenNodeRegex],,1,8
src/abap/2_statements/combi.ts.Sequence,Z_SRC_ABAP_2_S_B56EAE38AA1841,src/abap/2_statements/combi.ts:586:1,fail:unproven,src/abap/2_statements/combi.ts:175:51 potential transitive/alias write (Grace site_writes) [src/abap/2_statements/combi.ts.Vers::run/body/s0/body/s0/body/s0/x],fail,src/abap/2_statements/_select_reclassify.ts:18:9 instanceof/class test through interfaceref<src/abap/2_statements/statement_runnable.ts.IStatementRunnable> [src/abap/2_statements/_select_reclassify.ts.module::containsAggregation/body/s0/s0/body/s1/x],fail:unproven,harness/registry_run.ts:48:11 potential assigned to mixed supertype/interface dynamic [harness/registry_run.ts.RegistryRun::parse/body/s8/body/s1/x/seq/s1],pass,src/abap/2_statements/combi.ts:700:3 optional<interfaceref<src/abap/2_statements/statement_runnable.ts.IStatementRunnable>> (explicit absent flag required),pass,,src/abap/2_statements/combi.ts.Sequence.list:array<interfaceref<src/abap/2_statements/statement_runnable.ts.IStatementRunnable>>,8,1,true,false,4,0,4,4,0,statements/combi.Plus=0/1; statements/combi.PlusPriority=0/1; statements/combi.WordSequence=0/1; statements/combi.module=0/1,1,src/abap/2_statements/combi.ts.Sequence.list:array<interfaceref<src/abap/2_statements/statement_runnable.ts.IStatementRunnable>>,1,,src/abap/2_statements/_select_reclassify.ts:18:9 instanceof/class test through interfaceref<src/abap/2_statements/statement_runnable.ts.IStatementRunnable> [src/abap/2_statements/_select_reclassify.ts.module::containsAggregation/body/s0/s0/body/s1/x],,,1,9
src/abap/2_statements/expressions/sql_join_source.ts.SQLJoinSource,Z_SRC_ABAP_2_S_A00EA2ADCD8C84,src/abap/2_statements/expressions/sql_join_source.ts:7:1,fail,src/abap/2_statements/combi.ts:175:51 potential transitive/alias write (Grace site_writes) [src/abap/2_statements/combi.ts.Vers::run/body/s0/body/s0/body/s0/x],fail,src/abap/2_statements/_select_reclassify.ts:18:9 instanceof/class test through interfaceref<src/abap/2_statements/statement_runnable.ts.IStatementRunnable> [src/abap/2_statements/_select_reclassify.ts.module::containsAggregation/body/s0/s0/body/s1/x],fail:unproven,harness/registry_run.ts:48:11 potential assigned to mixed supertype/interface dynamic [harness/registry_run.ts.RegistryRun::parse/body/s8/body/s1/x/seq/s1],pass,src/abap/2_statements/combi.ts:700:3 optional<interfaceref<src/abap/2_statements/statement_runnable.ts.IStatementRunnable>> (explicit absent flag required),pass,,src/abap/2_statements/combi.ts.Expression.runnable:optional<interfaceref<src/abap/2_statements/statement_runnable.ts.IStatementRunnable>>,16,1,true,false,3,0,3,3,0,statements=0/3,1,src/abap/2_statements/combi.ts.Expression.runnable:optional<interfaceref<src/abap/2_statements/statement_runnable.ts.IStatementRunnable>>,2,src/abap/2_statements/combi.ts:706:7 field write outside own constructor: .runnable [src/abap/2_statements/combi.ts.Expression::run/body/s1/body/s0],src/abap/2_statements/_select_reclassify.ts:18:9 instanceof/class test through interfaceref<src/abap/2_statements/statement_runnable.ts.IStatementRunnable> [src/abap/2_statements/_select_reclassify.ts.module::containsAggregation/body/s0/s0/body/s1/x],,,1,10
src/abap/2_statements/expressions/sql_path_segment.ts.SQLPathSegment,Z_SRC_ABAP_2_S_94D78D9C4F9B10,src/abap/2_statements/expressions/sql_path_segment.ts:10:1,fail,src/abap/2_statements/combi.ts:175:51 potential transitive/alias write (Grace site_writes) [src/abap/2_statements/combi.ts.Vers::run/body/s0/body/s0/body/s0/x],fail,src/abap/2_statements/_select_reclassify.ts:18:9 instanceof/class test through interfaceref<src/abap/2_statements/statement_runnable.ts.IStatementRunnable> [src/abap/2_statements/_select_reclassify.ts.module::containsAggregation/body/s0/s0/body/s1/x],fail:unproven,harness/registry_run.ts:48:11 potential assigned to mixed supertype/interface dynamic [harness/registry_run.ts.RegistryRun::parse/body/s8/body/s1/x/seq/s1],pass,src/abap/2_statements/combi.ts:700:3 optional<interfaceref<src/abap/2_statements/statement_runnable.ts.IStatementRunnable>> (explicit absent flag required),pass,,src/abap/2_statements/combi.ts.Expression.runnable:optional<interfaceref<src/abap/2_statements/statement_runnable.ts.IStatementRunnable>>; src/abap/2_statements/expressions/sql_path_segment.ts.SQLPathSegment.nws:bool,17,1,true,false,3,0,3,3,0,statements=0/3,2,src/abap/2_statements/combi.ts.Expression.runnable:optional<interfaceref<src/abap/2_statements/statement_runnable.ts.IStatementRunnable>>,2,src/abap/2_statements/combi.ts:706:7 field write outside own constructor: .runnable [src/abap/2_statements/combi.ts.Expression::run/body/s1/body/s0],src/abap/2_statements/_select_reclassify.ts:18:9 instanceof/class test through interfaceref<src/abap/2_statements/statement_runnable.ts.IStatementRunnable> [src/abap/2_statements/_select_reclassify.ts.module::containsAggregation/body/s0/s0/body/s1/x],,,1,11
src/abap/2_statements/statements/_statement.ts.Empty,Z_SRC_ABAP_2_S_22C45E442B8391,src/abap/2_statements/statements/_statement.ts:19:1,fail:unproven,src/config.ts:11:3 potential transitive/alias write (Grace site_writes) [src/config.ts.Config::getDefault/body/s3/x/1/seq/s1/x],fail,src/abap/2_statements/_select_reclassify.ts:111:7 instanceof/class test through interfaceref<src/abap/2_statements/statements/_statement.ts.IStatement> [src/abap/2_statements/_select_reclassify.ts.module::reclassifySelect/body/s0/s1/x/0],fail:unproven,harness/registry_run.ts:48:11 potential assigned to mixed supertype/interface dynamic [harness/registry_run.ts.RegistryRun::parse/body/s8/body/s1/x/seq/s1],pass,src/abap/2_statements/statement_parser.ts:25:43 optional<interfaceref<src/abap/2_statements/statements/_statement.ts.IStatement>> (explicit absent flag required),pass,,,0,0,true,false,3,0,3,3,0,statements=0/3,0,,3,,src/abap/2_statements/_select_reclassify.ts:111:7 instanceof/class test through interfaceref<src/abap/2_statements/statements/_statement.ts.IStatement> [src/abap/2_statements/_select_reclassify.ts.module::reclassifySelect/body/s0/s1/x/0],,,1,12
src/abap/2_statements/statements/_statement.ts.Unknown,Z_SRC_ABAP_2_S_C990227E6B7609,src/abap/2_statements/statements/_statement.ts:7:1,fail:unproven,src/config.ts:11:3 potential transitive/alias write (Grace site_writes) [src/config.ts.Config::getDefault/body/s3/x/1/seq/s1/x],fail,src/abap/2_statements/_select_reclassify.ts:111:7 instanceof/class test through interfaceref<src/abap/2_statements/statements/_statement.ts.IStatement> [src/abap/2_statements/_select_reclassify.ts.module::reclassifySelect/body/s0/s1/x/0],fail:unproven,harness/registry_run.ts:48:11 potential assigned to mixed supertype/interface dynamic [harness/registry_run.ts.RegistryRun::parse/body/s8/body/s1/x/seq/s1],pass,src/abap/2_statements/statement_parser.ts:25:43 optional<interfaceref<src/abap/2_statements/statements/_statement.ts.IStatement>> (explicit absent flag required),pass,,,0,0,true,false,3,2,1,3,0,statements=2/1,0,,3,,src/abap/2_statements/_select_reclassify.ts:111:7 instanceof/class test through interfaceref<src/abap/2_statements/statements/_statement.ts.IStatement> [src/abap/2_statements/_select_reclassify.ts.module::reclassifySelect/body/s0/s1/x/0],,,1,13
src/abap/3_structures/structure_result.ts.IStructureResult,Z_SRC_ABAP_3_S_8C4EA7EBB125A6,src/abap/3_structures/structure_result.ts:4:1,fail:unproven,src/config.ts:11:3 potential transitive/alias write (Grace site_writes) [src/config.ts.Config::getDefault/body/s3/x/1/seq/s1/x],fail:unproven,src/abap/5_syntax/basic_types.ts:318:9 potential checked reference downcast/class test: classref<builtin.object> -> interfaceref<union.b0cca55c305e36aad6ac97cff639b1a53864af4d14fda7e802443bbbd8b7aee7> [src/abap/5_syntax/basic_types.ts.BasicTypes::simpleType/body/s6/x/0],fail:unproven,harness/registry_run.ts:48:11 potential assigned to mixed supertype/interface dynamic [harness/registry_run.ts.RegistryRun::parse/body/s8/body/s1/x/seq/s1],pass,harness/registry_run.ts:48:11 optional<dynamic> (explicit absent flag required),pass,,src/abap/3_structures/structure_result.ts.IStructureResult.issues:array<classref<src/issue.ts.Issue>>; src/abap/3_structures/structure_result.ts.IStructureResult.node:optional<classref<src/abap/nodes/structure_node.ts.StructureNode>>,24,2,true,false,3,0,3,3,0,structures=0/3,2,src/abap/3_structures/structure_result.ts.IStructureResult.issues:array<classref<src/issue.ts.Issue>>; src/abap/3_structures/structure_result.ts.IStructureResult.node:optional<classref<src/abap/nodes/structure_node.ts.StructureNode>>,1,,,,,1,14
src/position.ts.Position,Z_SRC_POSITION_90002A97F25E1E,src/position.ts:2:1,fail:unproven,src/config.ts:11:3 potential transitive/alias write (Grace site_writes) [src/config.ts.Config::getDefault/body/s3/x/1/seq/s1/x],fail,src/abap/5_syntax/basic_types.ts:318:9 potential checked reference downcast/class test: classref<builtin.object> -> interfaceref<union.b0cca55c305e36aad6ac97cff639b1a53864af4d14fda7e802443bbbd8b7aee7> [src/abap/5_syntax/basic_types.ts.BasicTypes::simpleType/body/s6/x/0],fail,harness/registry_run.ts:48:11 potential assigned to mixed supertype/interface dynamic [harness/registry_run.ts.RegistryRun::parse/body/s8/body/s1/x/seq/s1],pass,src/abap/1_lexer/lexer.ts:58:3 optional<classref<src/position.ts.Position>> (explicit absent flag required),pass,,src/position.ts.Position.col:i64; src/position.ts.Position.row:i64,16,0,true,false,31,5,26,3,0,lexer=0/2; other=0/5; structures=0/1; syntax=5/18,2,,1,,src/issue.ts:142:9 instanceof/class test through classref<src/position.ts.Position> [src/issue.ts.Issue::constructor/body/s1/x],src/virtual_position.ts:5:1 subclass src/virtual_position.ts.VirtualPosition [src/virtual_position.ts.VirtualPosition],,1,15
shape.1349f3595317f64ed80ed692f1b3f40aeac7457cf750e87b74fd43117396fde9,Z_SHAPE_1349F3_C7BFD3D6C3D88D,src/abap/2_statements/statement_parser.ts:262:59,fail:unproven,src/config.ts:11:3 potential transitive/alias write (Grace site_writes) [src/config.ts.Config::getDefault/body/s3/x/1/seq/s1/x],fail:unproven,src/abap/5_syntax/basic_types.ts:318:9 potential checked reference downcast/class test: classref<builtin.object> -> interfaceref<union.b0cca55c305e36aad6ac97cff639b1a53864af4d14fda7e802443bbbd8b7aee7> [src/abap/5_syntax/basic_types.ts.BasicTypes::simpleType/body/s6/x/0],fail:unproven,harness/registry_run.ts:48:11 potential assigned to mixed supertype/interface dynamic [harness/registry_run.ts.RegistryRun::parse/body/s8/body/s1/x/seq/s1],pass,harness/registry_run.ts:48:11 optional<dynamic> (explicit absent flag required),pass,,shape.1349f3595317f64ed80ed692f1b3f40aeac7457cf750e87b74fd43117396fde9.pragmas:array<classref<src/abap/1_lexer/tokens/abstract_token.ts.AbstractToken>>; shape.1349f3595317f64ed80ed692f1b3f40aeac7457cf750e87b74fd43117396fde9.tokens:array<classref<src/abap/1_lexer/tokens/abstract_token.ts.AbstractToken>>,16,2,true,false,2,0,2,2,0,statements=0/2,2,shape.1349f3595317f64ed80ed692f1b3f40aeac7457cf750e87b74fd43117396fde9.pragmas:array<classref<src/abap/1_lexer/tokens/abstract_token.ts.AbstractToken>>; shape.1349f3595317f64ed80ed692f1b3f40aeac7457cf750e87b74fd43117396fde9.tokens:array<classref<src/abap/1_lexer/tokens/abstract_token.ts.AbstractToken>>,1,,,,,1,16
shape.7e8c4203d26cc50517941a28b5cbce37cdb0fb6abdee06ebaa72071cab7d32db,Z_SHAPE_7E8C42_1ADC9D0C1B47DB,src/abap/2_statements/statement_parser.ts:25:43,fail,src/abap/2_statements/statement_parser.ts:52:9 field write outside own constructor: .matcher [src/abap/2_statements/statement_parser.ts.StatementMap::lookup/body/s2/body/s0/body/s0],fail:unproven,src/abap/5_syntax/basic_types.ts:318:9 potential checked reference downcast/class test: classref<builtin.object> -> interfaceref<union.b0cca55c305e36aad6ac97cff639b1a53864af4d14fda7e802443bbbd8b7aee7> [src/abap/5_syntax/basic_types.ts.BasicTypes::simpleType/body/s6/x/0],fail:unproven,harness/registry_run.ts:48:11 potential assigned to mixed supertype/interface dynamic [harness/registry_run.ts.RegistryRun::parse/body/s8/body/s1/x/seq/s1],pass,harness/registry_run.ts:48:11 optional<dynamic> (explicit absent flag required),pass,,shape.7e8c4203d26cc50517941a28b5cbce37cdb0fb6abdee06ebaa72071cab7d32db.matcher:optional<interfaceref<src/abap/2_statements/statement_runnable.ts.IStatementRunnable>>; shape.7e8c4203d26cc50517941a28b5cbce37cdb0fb6abdee06ebaa72071cab7d32db.statement:interfaceref<src/abap/2_statements/statements/_statement.ts.IStatement>,24,2,true,false,2,2,0,2,0,statements=2/0,2,shape.7e8c4203d26cc50517941a28b5cbce37cdb0fb6abdee06ebaa72071cab7d32db.matcher:optional<interfaceref<src/abap/2_statements/statement_runnable.ts.IStatementRunnable>>; shape.7e8c4203d26cc50517941a28b5cbce37cdb0fb6abdee06ebaa72071cab7d32db.statement:interfaceref<src/abap/2_statements/statements/_statement.ts.IStatement>,1,src/abap/2_statements/statement_parser.ts:52:9 field write outside own constructor: .matcher [src/abap/2_statements/statement_parser.ts.StatementMap::lookup/body/s2/body/s0/body/s0],,,,1,17
src/_imacro_references.ts.IFilenameAndToken,Z_SRC__IMACRO__32B9F50B804D84,src/_imacro_references.ts:4:1,fail:unproven,src/config.ts:11:3 potential transitive/alias write (Grace site_writes) [src/config.ts.Config::getDefault/body/s3/x/1/seq/s1/x],fail:unproven,src/abap/5_syntax/basic_types.ts:318:9 potential checked reference downcast/class test: classref<builtin.object> -> interfaceref<union.b0cca55c305e36aad6ac97cff639b1a53864af4d14fda7e802443bbbd8b7aee7> [src/abap/5_syntax/basic_types.ts.BasicTypes::simpleType/body/s6/x/0],fail:unproven,harness/registry_run.ts:48:11 potential assigned to mixed supertype/interface dynamic [harness/registry_run.ts.RegistryRun::parse/body/s8/body/s1/x/seq/s1],pass,src/macro_references.ts:64:3 optional<classref<src/_imacro_references.ts.IFilenameAndToken>> (explicit absent flag required),pass,,src/_imacro_references.ts.IFilenameAndToken.filename:string; src/_imacro_references.ts.IFilenameAndToken.token:classref<src/abap/1_lexer/tokens/abstract_token.ts.AbstractToken>,24,2,true,false,3,2,1,2,0,other=0/1; statements=2/0,2,src/_imacro_references.ts.IFilenameAndToken.token:classref<src/abap/1_lexer/tokens/abstract_token.ts.AbstractToken>,1,,,,,1,18
src/abap/1_lexer/tokens/identifier.ts.Identifier,Z_SRC_ABAP_1_L_B22FDB51F8F4F0,src/abap/1_lexer/tokens/identifier.ts:3:1,fail:unproven,src/config.ts:11:3 potential transitive/alias write (Grace site_writes) [src/config.ts.Config::getDefault/body/s3/x/1/seq/s1/x],fail,src/abap/2_statements/combi.ts:120:14 potential dynamic class operation: object.classOf [src/abap/2_statements/combi.ts.Token::run/body/s1/body/s0/x/1/0],fail:unproven,harness/registry_run.ts:48:11 potential assigned to mixed supertype/interface dynamic [harness/registry_run.ts.RegistryRun::parse/body/s8/body/s1/x/seq/s1],pass,src/_iddic_references.ts:4:1 optional<classref<src/abap/1_lexer/tokens/abstract_token.ts.AbstractToken>> (explicit absent flag required),pass,,src/abap/1_lexer/tokens/abstract_token.ts.AbstractToken.start:classref<src/position.ts.Position>; src/abap/1_lexer/tokens/abstract_token.ts.AbstractToken.str:string; src/abap/1_lexer/tokens/abstract_token.ts.AbstractToken.strUpper:string,40,3,true,false,32,6,26,2,0,lexer=0/2; other=1/6; syntax=5/18,3,src/abap/1_lexer/tokens/abstract_token.ts.AbstractToken.start:classref<src/position.ts.Position>,1,,src/abap/2_statements/expand_macros.ts:252:18 instanceof/class test through classref<src/abap/1_lexer/tokens/abstract_token.ts.AbstractToken> [src/abap/2_statements/expand_macros.ts.ExpandMacros::findName/body/s2/body/s0/else/x/0],,,1,19
src/abap/2_statements/combi.ts.Permutation,Z_SRC_ABAP_2_S_67388FB83DF4CC,src/abap/2_statements/combi.ts:755:1,fail:unproven,src/abap/2_statements/combi.ts:175:51 potential transitive/alias write (Grace site_writes) [src/abap/2_statements/combi.ts.Vers::run/body/s0/body/s0/body/s0/x],fail,src/abap/2_statements/_select_reclassify.ts:18:9 instanceof/class test through interfaceref<src/abap/2_statements/statement_runnable.ts.IStatementRunnable> [src/abap/2_statements/_select_reclassify.ts.module::containsAggregation/body/s0/s0/body/s1/x],fail:unproven,harness/registry_run.ts:48:11 potential assigned to mixed supertype/interface dynamic [harness/registry_run.ts.RegistryRun::parse/body/s8/body/s1/x/seq/s1],pass,src/abap/2_statements/combi.ts:700:3 optional<interfaceref<src/abap/2_statements/statement_runnable.ts.IStatementRunnable>> (explicit absent flag required),pass,,src/abap/2_statements/combi.ts.Permutation.list:array<interfaceref<src/abap/2_statements/statement_runnable.ts.IStatementRunnable>>,8,1,true,false,2,1,1,2,0,statements/combi.Permutation=1/0; statements/combi.module=0/1,1,src/abap/2_statements/combi.ts.Permutation.list:array<interfaceref<src/abap/2_statements/statement_runnable.ts.IStatementRunnable>>,1,,src/abap/2_statements/_select_reclassify.ts:18:9 instanceof/class test through interfaceref<src/abap/2_statements/statement_runnable.ts.IStatementRunnable> [src/abap/2_statements/_select_reclassify.ts.module::containsAggregation/body/s0/s0/body/s1/x],,,1,20
src/abap/2_statements/combi.ts.Star,Z_SRC_ABAP_2_S_B119F633ABCD55,src/abap/2_statements/combi.ts:395:1,fail:unproven,src/abap/2_statements/combi.ts:175:51 potential transitive/alias write (Grace site_writes) [src/abap/2_statements/combi.ts.Vers::run/body/s0/body/s0/body/s0/x],fail,src/abap/2_statements/_select_reclassify.ts:18:9 instanceof/class test through interfaceref<src/abap/2_statements/statement_runnable.ts.IStatementRunnable> [src/abap/2_statements/_select_reclassify.ts.module::containsAggregation/body/s0/s0/body/s1/x],fail:unproven,harness/registry_run.ts:48:11 potential assigned to mixed supertype/interface dynamic [harness/registry_run.ts.RegistryRun::parse/body/s8/body/s1/x/seq/s1],pass,src/abap/2_statements/combi.ts:700:3 optional<interfaceref<src/abap/2_statements/statement_runnable.ts.IStatementRunnable>> (explicit absent flag required),pass,,src/abap/2_statements/combi.ts.Star.sta:interfaceref<src/abap/2_statements/statement_runnable.ts.IStatementRunnable>,8,1,true,false,2,0,2,2,0,statements/combi.Plus=0/1; statements/combi.module=0/1,1,src/abap/2_statements/combi.ts.Star.sta:interfaceref<src/abap/2_statements/statement_runnable.ts.IStatementRunnable>,1,,src/abap/2_statements/_select_reclassify.ts:18:9 instanceof/class test through interfaceref<src/abap/2_statements/statement_runnable.ts.IStatementRunnable> [src/abap/2_statements/_select_reclassify.ts.module::containsAggregation/body/s0/s0/body/s1/x],,,1,21
src/abap/2_statements/combi.ts.StarPriority,Z_SRC_ABAP_2_S_C8F37679D1E389,src/abap/2_statements/combi.ts:457:1,fail:unproven,src/abap/2_statements/combi.ts:175:51 potential transitive/alias write (Grace site_writes) [src/abap/2_statements/combi.ts.Vers::run/body/s0/body/s0/body/s0/x],fail,src/abap/2_statements/_select_reclassify.ts:18:9 instanceof/class test through interfaceref<src/abap/2_statements/statement_runnable.ts.IStatementRunnable> [src/abap/2_statements/_select_reclassify.ts.module::containsAggregation/body/s0/s0/body/s1/x],fail:unproven,harness/registry_run.ts:48:11 potential assigned to mixed supertype/interface dynamic [harness/registry_run.ts.RegistryRun::parse/body/s8/body/s1/x/seq/s1],pass,src/abap/2_statements/combi.ts:700:3 optional<interfaceref<src/abap/2_statements/statement_runnable.ts.IStatementRunnable>> (explicit absent flag required),pass,,src/abap/2_statements/combi.ts.StarPriority.sta:interfaceref<src/abap/2_statements/statement_runnable.ts.IStatementRunnable>,8,1,true,false,2,0,2,2,0,statements/combi.PlusPriority=0/1; statements/combi.module=0/1,1,src/abap/2_statements/combi.ts.StarPriority.sta:interfaceref<src/abap/2_statements/statement_runnable.ts.IStatementRunnable>,1,,src/abap/2_statements/_select_reclassify.ts:18:9 instanceof/class test through interfaceref<src/abap/2_statements/statement_runnable.ts.IStatementRunnable> [src/abap/2_statements/_select_reclassify.ts.module::containsAggregation/body/s0/s0/body/s1/x],,,1,22
src/abap/2_statements/combi.ts.Word,Z_SRC_ABAP_2_S_63FEEC617D3DA8,src/abap/2_statements/combi.ts:55:1,fail:unproven,src/abap/2_statements/combi.ts:175:51 potential transitive/alias write (Grace site_writes) [src/abap/2_statements/combi.ts.Vers::run/body/s0/body/s0/body/s0/x],fail,src/abap/2_statements/_select_reclassify.ts:18:9 instanceof/class test through interfaceref<src/abap/2_statements/statement_runnable.ts.IStatementRunnable> [src/abap/2_statements/_select_reclassify.ts.module::containsAggregation/body/s0/s0/body/s1/x],fail:unproven,harness/registry_run.ts:48:11 potential assigned to mixed supertype/interface dynamic [harness/registry_run.ts.RegistryRun::parse/body/s8/body/s1/x/seq/s1],pass,src/abap/2_statements/combi.ts:700:3 optional<interfaceref<src/abap/2_statements/statement_runnable.ts.IStatementRunnable>> (explicit absent flag required),pass,,src/abap/2_statements/combi.ts.Word.s:string,16,1,true,false,2,1,1,2,0,statements/combi.WordSequence=1/0; statements/combi.module=0/1,1,,1,,src/abap/2_statements/_select_reclassify.ts:18:9 instanceof/class test through interfaceref<src/abap/2_statements/statement_runnable.ts.IStatementRunnable> [src/abap/2_statements/_select_reclassify.ts.module::containsAggregation/body/s0/s0/body/s1/x],,,1,23
src/abap/2_statements/result.ts.Result,Z_SRC_ABAP_2_S_B6C5F651B292E5,src/abap/2_statements/result.ts:10:1,fail,src/abap/2_statements/combi.ts:716:24 potential transitive/alias write (Grace site_writes) [src/abap/2_statements/combi.ts.Expression::run/body/s2/body/s1/body/s1/body/s1/x/arg0],fail:unproven,src/abap/5_syntax/basic_types.ts:318:9 potential checked reference downcast/class test: classref<builtin.object> -> interfaceref<union.b0cca55c305e36aad6ac97cff639b1a53864af4d14fda7e802443bbbd8b7aee7> [src/abap/5_syntax/basic_types.ts.BasicTypes::simpleType/body/s6/x/0],fail:unproven,harness/registry_run.ts:48:11 potential assigned to mixed supertype/interface dynamic [harness/registry_run.ts.RegistryRun::parse/body/s8/body/s1/x/seq/s1],pass,harness/registry_run.ts:48:11 optional<dynamic> (explicit absent flag required),pass,,src/abap/2_statements/result.ts.Result.nodeCount:i64; src/abap/2_statements/result.ts.Result.nodes:optional<classref<src/abap/2_statements/result.ts.ResultNode>>; src/abap/2_statements/result.ts.Result.tokenIndex:i32; src/abap/2_statements/result.ts.Result.tokens:array<classref<src/abap/1_lexer/tokens/abstract_token.ts.AbstractToken>>,36,2,true,false,2,0,2,2,0,statements/combi.Combi=0/1; statements=0/1,4,src/abap/2_statements/result.ts.Result.nodes:optional<classref<src/abap/2_statements/result.ts.ResultNode>>; src/abap/2_statements/result.ts.Result.tokens:array<classref<src/abap/1_lexer/tokens/abstract_token.ts.AbstractToken>>,1,src/abap/2_statements/result.ts:30:5 field write outside own constructor: .nodes [src/abap/2_statements/result.ts.Result::fromChain/body/s1],,,,1,24
src/abap/1_lexer/tokens/association_name.ts.AssociationName,Z_SRC_ABAP_1_L_90A33BE3779B7C,src/abap/1_lexer/tokens/association_name.ts:3:1,fail:unproven,src/config.ts:11:3 potential transitive/alias write (Grace site_writes) [src/config.ts.Config::getDefault/body/s3/x/1/seq/s1/x],fail,src/abap/2_statements/combi.ts:120:14 potential dynamic class operation: object.classOf [src/abap/2_statements/combi.ts.Token::run/body/s1/body/s0/x/1/0],fail:unproven,harness/registry_run.ts:48:11 potential assigned to mixed supertype/interface dynamic [harness/registry_run.ts.RegistryRun::parse/body/s8/body/s1/x/seq/s1],pass,src/_iddic_references.ts:4:1 optional<classref<src/abap/1_lexer/tokens/abstract_token.ts.AbstractToken>> (explicit absent flag required),pass,,src/abap/1_lexer/tokens/abstract_token.ts.AbstractToken.start:classref<src/position.ts.Position>; src/abap/1_lexer/tokens/abstract_token.ts.AbstractToken.str:string; src/abap/1_lexer/tokens/abstract_token.ts.AbstractToken.strUpper:string,40,3,true,false,1,0,1,1,0,lexer=0/1,3,src/abap/1_lexer/tokens/abstract_token.ts.AbstractToken.start:classref<src/position.ts.Position>,1,,src/abap/2_statements/expand_macros.ts:252:18 instanceof/class test through classref<src/abap/1_lexer/tokens/abstract_token.ts.AbstractToken> [src/abap/2_statements/expand_macros.ts.ExpandMacros::findName/body/s2/body/s0/else/x/0],,,1,25
src/abap/1_lexer/tokens/at.ts.At,Z_SRC_ABAP_1_L_258E6E1760EF9F,src/abap/1_lexer/tokens/at.ts:3:1,fail:unproven,src/config.ts:11:3 potential transitive/alias write (Grace site_writes) [src/config.ts.Config::getDefault/body/s3/x/1/seq/s1/x],fail,src/abap/2_statements/combi.ts:120:14 potential dynamic class operation: object.classOf [src/abap/2_statements/combi.ts.Token::run/body/s1/body/s0/x/1/0],fail:unproven,harness/registry_run.ts:48:11 potential assigned to mixed supertype/interface dynamic [harness/registry_run.ts.RegistryRun::parse/body/s8/body/s1/x/seq/s1],pass,src/_iddic_references.ts:4:1 optional<classref<src/abap/1_lexer/tokens/abstract_token.ts.AbstractToken>> (explicit absent flag required),pass,,src/abap/1_lexer/tokens/abstract_token.ts.AbstractToken.start:classref<src/position.ts.Position>; src/abap/1_lexer/tokens/abstract_token.ts.AbstractToken.str:string; src/abap/1_lexer/tokens/abstract_token.ts.AbstractToken.strUpper:string,40,3,true,false,1,0,1,1,0,lexer=0/1,3,src/abap/1_lexer/tokens/abstract_token.ts.AbstractToken.start:classref<src/position.ts.Position>,1,,src/abap/2_statements/expand_macros.ts:252:18 instanceof/class test through classref<src/abap/1_lexer/tokens/abstract_token.ts.AbstractToken> [src/abap/2_statements/expand_macros.ts.ExpandMacros::findName/body/s2/body/s0/else/x/0],,,1,26
src/abap/1_lexer/tokens/atw.ts.AtW,Z_SRC_ABAP_1_L_E1DF53A88DFF03,src/abap/1_lexer/tokens/atw.ts:3:1,fail:unproven,src/config.ts:11:3 potential transitive/alias write (Grace site_writes) [src/config.ts.Config::getDefault/body/s3/x/1/seq/s1/x],fail,src/abap/2_statements/combi.ts:120:14 potential dynamic class operation: object.classOf [src/abap/2_statements/combi.ts.Token::run/body/s1/body/s0/x/1/0],fail:unproven,harness/registry_run.ts:48:11 potential assigned to mixed supertype/interface dynamic [harness/registry_run.ts.RegistryRun::parse/body/s8/body/s1/x/seq/s1],pass,src/_iddic_references.ts:4:1 optional<classref<src/abap/1_lexer/tokens/abstract_token.ts.AbstractToken>> (explicit absent flag required),pass,,src/abap/1_lexer/tokens/abstract_token.ts.AbstractToken.start:classref<src/position.ts.Position>; src/abap/1_lexer/tokens/abstract_token.ts.AbstractToken.str:string; src/abap/1_lexer/tokens/abstract_token.ts.AbstractToken.strUpper:string,40,3,true,false,1,0,1,1,0,lexer=0/1,3,src/abap/1_lexer/tokens/abstract_token.ts.AbstractToken.start:classref<src/position.ts.Position>,1,,src/abap/2_statements/expand_macros.ts:252:18 instanceof/class test through classref<src/abap/1_lexer/tokens/abstract_token.ts.AbstractToken> [src/abap/2_statements/expand_macros.ts.ExpandMacros::findName/body/s2/body/s0/else/x/0],,,1,27
src/abap/1_lexer/tokens/bracket_left.ts.BracketLeft,Z_SRC_ABAP_1_L_B633DB28FD18D2,src/abap/1_lexer/tokens/bracket_left.ts:3:1,fail:unproven,src/config.ts:11:3 potential transitive/alias write (Grace site_writes) [src/config.ts.Config::getDefault/body/s3/x/1/seq/s1/x],fail,src/abap/2_statements/combi.ts:120:14 potential dynamic class operation: object.classOf [src/abap/2_statements/combi.ts.Token::run/body/s1/body/s0/x/1/0],fail:unproven,harness/registry_run.ts:48:11 potential assigned to mixed supertype/interface dynamic [harness/registry_run.ts.RegistryRun::parse/body/s8/body/s1/x/seq/s1],pass,src/_iddic_references.ts:4:1 optional<classref<src/abap/1_lexer/tokens/abstract_token.ts.AbstractToken>> (explicit absent flag required),pass,,src/abap/1_lexer/tokens/abstract_token.ts.AbstractToken.start:classref<src/position.ts.Position>; src/abap/1_lexer/tokens/abstract_token.ts.AbstractToken.str:string; src/abap/1_lexer/tokens/abstract_token.ts.AbstractToken.strUpper:string,40,3,true,false,1,0,1,1,0,lexer=0/1,3,src/abap/1_lexer/tokens/abstract_token.ts.AbstractToken.start:classref<src/position.ts.Position>,1,,src/abap/2_statements/expand_macros.ts:252:18 instanceof/class test through classref<src/abap/1_lexer/tokens/abstract_token.ts.AbstractToken> [src/abap/2_statements/expand_macros.ts.ExpandMacros::findName/body/s2/body/s0/else/x/0],,,1,28
src/abap/1_lexer/tokens/bracket_leftw.ts.BracketLeftW,Z_SRC_ABAP_1_L_5952A642BECDDD,src/abap/1_lexer/tokens/bracket_leftw.ts:3:1,fail:unproven,src/config.ts:11:3 potential transitive/alias write (Grace site_writes) [src/config.ts.Config::getDefault/body/s3/x/1/seq/s1/x],fail,src/abap/2_statements/combi.ts:120:14 potential dynamic class operation: object.classOf [src/abap/2_statements/combi.ts.Token::run/body/s1/body/s0/x/1/0],fail:unproven,harness/registry_run.ts:48:11 potential assigned to mixed supertype/interface dynamic [harness/registry_run.ts.RegistryRun::parse/body/s8/body/s1/x/seq/s1],pass,src/_iddic_references.ts:4:1 optional<classref<src/abap/1_lexer/tokens/abstract_token.ts.AbstractToken>> (explicit absent flag required),pass,,src/abap/1_lexer/tokens/abstract_token.ts.AbstractToken.start:classref<src/position.ts.Position>; src/abap/1_lexer/tokens/abstract_token.ts.AbstractToken.str:string; src/abap/1_lexer/tokens/abstract_token.ts.AbstractToken.strUpper:string,40,3,true,false,1,0,1,1,0,lexer=0/1,3,src/abap/1_lexer/tokens/abstract_token.ts.AbstractToken.start:classref<src/position.ts.Position>,1,,src/abap/2_statements/expand_macros.ts:252:18 instanceof/class test through classref<src/abap/1_lexer/tokens/abstract_token.ts.AbstractToken> [src/abap/2_statements/expand_macros.ts.ExpandMacros::findName/body/s2/body/s0/else/x/0],,,1,29
src/abap/1_lexer/tokens/bracket_right.ts.BracketRight,Z_SRC_ABAP_1_L_A7783599A264B4,src/abap/1_lexer/tokens/bracket_right.ts:3:1,fail:unproven,src/config.ts:11:3 potential transitive/alias write (Grace site_writes) [src/config.ts.Config::getDefault/body/s3/x/1/seq/s1/x],fail,src/abap/2_statements/combi.ts:120:14 potential dynamic class operation: object.classOf [src/abap/2_statements/combi.ts.Token::run/body/s1/body/s0/x/1/0],fail:unproven,harness/registry_run.ts:48:11 potential assigned to mixed supertype/interface dynamic [harness/registry_run.ts.RegistryRun::parse/body/s8/body/s1/x/seq/s1],pass,src/_iddic_references.ts:4:1 optional<classref<src/abap/1_lexer/tokens/abstract_token.ts.AbstractToken>> (explicit absent flag required),pass,,src/abap/1_lexer/tokens/abstract_token.ts.AbstractToken.start:classref<src/position.ts.Position>; src/abap/1_lexer/tokens/abstract_token.ts.AbstractToken.str:string; src/abap/1_lexer/tokens/abstract_token.ts.AbstractToken.strUpper:string,40,3,true,false,1,0,1,1,0,lexer=0/1,3,src/abap/1_lexer/tokens/abstract_token.ts.AbstractToken.start:classref<src/position.ts.Position>,1,,src/abap/2_statements/expand_macros.ts:252:18 instanceof/class test through classref<src/abap/1_lexer/tokens/abstract_token.ts.AbstractToken> [src/abap/2_statements/expand_macros.ts.ExpandMacros::findName/body/s2/body/s0/else/x/0],,,1,30
src/abap/1_lexer/tokens/bracket_rightw.ts.BracketRightW,Z_SRC_ABAP_1_L_77204714EF8664,src/abap/1_lexer/tokens/bracket_rightw.ts:4:1,fail:unproven,src/config.ts:11:3 potential transitive/alias write (Grace site_writes) [src/config.ts.Config::getDefault/body/s3/x/1/seq/s1/x],fail,src/abap/2_statements/combi.ts:120:14 potential dynamic class operation: object.classOf [src/abap/2_statements/combi.ts.Token::run/body/s1/body/s0/x/1/0],fail:unproven,harness/registry_run.ts:48:11 potential assigned to mixed supertype/interface dynamic [harness/registry_run.ts.RegistryRun::parse/body/s8/body/s1/x/seq/s1],pass,src/_iddic_references.ts:4:1 optional<classref<src/abap/1_lexer/tokens/abstract_token.ts.AbstractToken>> (explicit absent flag required),pass,,src/abap/1_lexer/tokens/abstract_token.ts.AbstractToken.start:classref<src/position.ts.Position>; src/abap/1_lexer/tokens/abstract_token.ts.AbstractToken.str:string; src/abap/1_lexer/tokens/abstract_token.ts.AbstractToken.strUpper:string,40,3,true,false,1,0,1,1,0,lexer=0/1,3,src/abap/1_lexer/tokens/abstract_token.ts.AbstractToken.start:classref<src/position.ts.Position>,1,,src/abap/2_statements/expand_macros.ts:252:18 instanceof/class test through classref<src/abap/1_lexer/tokens/abstract_token.ts.AbstractToken> [src/abap/2_statements/expand_macros.ts.ExpandMacros::findName/body/s2/body/s0/else/x/0],,,1,31
src/abap/1_lexer/tokens/comment.ts.Comment,Z_SRC_ABAP_1_L_ADF79C05E2D553,src/abap/1_lexer/tokens/comment.ts:3:1,fail:unproven,src/config.ts:11:3 potential transitive/alias write (Grace site_writes) [src/config.ts.Config::getDefault/body/s3/x/1/seq/s1/x],fail,src/abap/2_statements/combi.ts:120:14 potential dynamic class operation: object.classOf [src/abap/2_statements/combi.ts.Token::run/body/s1/body/s0/x/1/0],fail:unproven,harness/registry_run.ts:48:11 potential assigned to mixed supertype/interface dynamic [harness/registry_run.ts.RegistryRun::parse/body/s8/body/s1/x/seq/s1],pass,src/_iddic_references.ts:4:1 optional<classref<src/abap/1_lexer/tokens/abstract_token.ts.AbstractToken>> (explicit absent flag required),pass,,src/abap/1_lexer/tokens/abstract_token.ts.AbstractToken.start:classref<src/position.ts.Position>; src/abap/1_lexer/tokens/abstract_token.ts.AbstractToken.str:string; src/abap/1_lexer/tokens/abstract_token.ts.AbstractToken.strUpper:string,40,3,true,false,1,0,1,1,0,lexer=0/1,3,src/abap/1_lexer/tokens/abstract_token.ts.AbstractToken.start:classref<src/position.ts.Position>,1,,src/abap/2_statements/expand_macros.ts:252:18 instanceof/class test through classref<src/abap/1_lexer/tokens/abstract_token.ts.AbstractToken> [src/abap/2_statements/expand_macros.ts.ExpandMacros::findName/body/s2/body/s0/else/x/0],,,1,32
src/abap/1_lexer/tokens/dash.ts.Dash,Z_SRC_ABAP_1_L_59874D6B1564EC,src/abap/1_lexer/tokens/dash.ts:3:1,fail:unproven,src/config.ts:11:3 potential transitive/alias write (Grace site_writes) [src/config.ts.Config::getDefault/body/s3/x/1/seq/s1/x],fail,src/abap/2_statements/combi.ts:120:14 potential dynamic class operation: object.classOf [src/abap/2_statements/combi.ts.Token::run/body/s1/body/s0/x/1/0],fail:unproven,harness/registry_run.ts:48:11 potential assigned to mixed supertype/interface dynamic [harness/registry_run.ts.RegistryRun::parse/body/s8/body/s1/x/seq/s1],pass,src/_iddic_references.ts:4:1 optional<classref<src/abap/1_lexer/tokens/abstract_token.ts.AbstractToken>> (explicit absent flag required),pass,,src/abap/1_lexer/tokens/abstract_token.ts.AbstractToken.start:classref<src/position.ts.Position>; src/abap/1_lexer/tokens/abstract_token.ts.AbstractToken.str:string; src/abap/1_lexer/tokens/abstract_token.ts.AbstractToken.strUpper:string,40,3,true,false,1,0,1,1,0,lexer=0/1,3,src/abap/1_lexer/tokens/abstract_token.ts.AbstractToken.start:classref<src/position.ts.Position>,1,,src/abap/2_statements/expand_macros.ts:252:18 instanceof/class test through classref<src/abap/1_lexer/tokens/abstract_token.ts.AbstractToken> [src/abap/2_statements/expand_macros.ts.ExpandMacros::findName/body/s2/body/s0/else/x/0],,,1,33
src/abap/1_lexer/tokens/dashw.ts.DashW,Z_SRC_ABAP_1_L_DF093824EB319A,src/abap/1_lexer/tokens/dashw.ts:4:1,fail:unproven,src/config.ts:11:3 potential transitive/alias write (Grace site_writes) [src/config.ts.Config::getDefault/body/s3/x/1/seq/s1/x],fail,src/abap/2_statements/combi.ts:120:14 potential dynamic class operation: object.classOf [src/abap/2_statements/combi.ts.Token::run/body/s1/body/s0/x/1/0],fail:unproven,harness/registry_run.ts:48:11 potential assigned to mixed supertype/interface dynamic [harness/registry_run.ts.RegistryRun::parse/body/s8/body/s1/x/seq/s1],pass,src/_iddic_references.ts:4:1 optional<classref<src/abap/1_lexer/tokens/abstract_token.ts.AbstractToken>> (explicit absent flag required),pass,,src/abap/1_lexer/tokens/abstract_token.ts.AbstractToken.start:classref<src/position.ts.Position>; src/abap/1_lexer/tokens/abstract_token.ts.AbstractToken.str:string; src/abap/1_lexer/tokens/abstract_token.ts.AbstractToken.strUpper:string,40,3,true,false,1,0,1,1,0,lexer=0/1,3,src/abap/1_lexer/tokens/abstract_token.ts.AbstractToken.start:classref<src/position.ts.Position>,1,,src/abap/2_statements/expand_macros.ts:252:18 instanceof/class test through classref<src/abap/1_lexer/tokens/abstract_token.ts.AbstractToken> [src/abap/2_statements/expand_macros.ts.ExpandMacros::findName/body/s2/body/s0/else/x/0],,,1,34
src/abap/1_lexer/tokens/instance_arrow.ts.InstanceArrow,Z_SRC_ABAP_1_L_AA6DE3C5B9E7EF,src/abap/1_lexer/tokens/instance_arrow.ts:3:1,fail:unproven,src/config.ts:11:3 potential transitive/alias write (Grace site_writes) [src/config.ts.Config::getDefault/body/s3/x/1/seq/s1/x],fail,src/abap/2_statements/combi.ts:120:14 potential dynamic class operation: object.classOf [src/abap/2_statements/combi.ts.Token::run/body/s1/body/s0/x/1/0],fail:unproven,harness/registry_run.ts:48:11 potential assigned to mixed supertype/interface dynamic [harness/registry_run.ts.RegistryRun::parse/body/s8/body/s1/x/seq/s1],pass,src/_iddic_references.ts:4:1 optional<classref<src/abap/1_lexer/tokens/abstract_token.ts.AbstractToken>> (explicit absent flag required),pass,,src/abap/1_lexer/tokens/abstract_token.ts.AbstractToken.start:classref<src/position.ts.Position>; src/abap/1_lexer/tokens/abstract_token.ts.AbstractToken.str:string; src/abap/1_lexer/tokens/abstract_token.ts.AbstractToken.strUpper:string,40,3,true,false,1,0,1,1,0,lexer=0/1,3,src/abap/1_lexer/tokens/abstract_token.ts.AbstractToken.start:classref<src/position.ts.Position>,1,,src/abap/2_statements/expand_macros.ts:252:18 instanceof/class test through classref<src/abap/1_lexer/tokens/abstract_token.ts.AbstractToken> [src/abap/2_statements/expand_macros.ts.ExpandMacros::findName/body/s2/body/s0/else/x/0],,,1,35
src/abap/1_lexer/tokens/instance_arroww.ts.InstanceArrowW,Z_SRC_ABAP_1_L_67A3B65AB960D1,src/abap/1_lexer/tokens/instance_arroww.ts:4:1,fail:unproven,src/config.ts:11:3 potential transitive/alias write (Grace site_writes) [src/config.ts.Config::getDefault/body/s3/x/1/seq/s1/x],fail,src/abap/2_statements/combi.ts:120:14 potential dynamic class operation: object.classOf [src/abap/2_statements/combi.ts.Token::run/body/s1/body/s0/x/1/0],fail:unproven,harness/registry_run.ts:48:11 potential assigned to mixed supertype/interface dynamic [harness/registry_run.ts.RegistryRun::parse/body/s8/body/s1/x/seq/s1],pass,src/_iddic_references.ts:4:1 optional<classref<src/abap/1_lexer/tokens/abstract_token.ts.AbstractToken>> (explicit absent flag required),pass,,src/abap/1_lexer/tokens/abstract_token.ts.AbstractToken.start:classref<src/position.ts.Position>; src/abap/1_lexer/tokens/abstract_token.ts.AbstractToken.str:string; src/abap/1_lexer/tokens/abstract_token.ts.AbstractToken.strUpper:string,40,3,true,false,1,0,1,1,0,lexer=0/1,3,src/abap/1_lexer/tokens/abstract_token.ts.AbstractToken.start:classref<src/position.ts.Position>,1,,src/abap/2_statements/expand_macros.ts:252:18 instanceof/class test through classref<src/abap/1_lexer/tokens/abstract_token.ts.AbstractToken> [src/abap/2_statements/expand_macros.ts.ExpandMacros::findName/body/s2/body/s0/else/x/0],,,1,36
src/abap/1_lexer/tokens/paren_left.ts.ParenLeft,Z_SRC_ABAP_1_L_F9093F5FDCA861,src/abap/1_lexer/tokens/paren_left.ts:3:1,fail:unproven,src/config.ts:11:3 potential transitive/alias write (Grace site_writes) [src/config.ts.Config::getDefault/body/s3/x/1/seq/s1/x],fail,src/abap/2_statements/combi.ts:120:14 potential dynamic class operation: object.classOf [src/abap/2_statements/combi.ts.Token::run/body/s1/body/s0/x/1/0],fail:unproven,harness/registry_run.ts:48:11 potential assigned to mixed supertype/interface dynamic [harness/registry_run.ts.RegistryRun::parse/body/s8/body/s1/x/seq/s1],pass,src/_iddic_references.ts:4:1 optional<classref<src/abap/1_lexer/tokens/abstract_token.ts.AbstractToken>> (explicit absent flag required),pass,,src/abap/1_lexer/tokens/abstract_token.ts.AbstractToken.start:classref<src/position.ts.Position>; src/abap/1_lexer/tokens/abstract_token.ts.AbstractToken.str:string; src/abap/1_lexer/tokens/abstract_token.ts.AbstractToken.strUpper:string,40,3,true,false,1,0,1,1,0,lexer=0/1,3,src/abap/1_lexer/tokens/abstract_token.ts.AbstractToken.start:classref<src/position.ts.Position>,1,,src/abap/2_statements/expand_macros.ts:252:18 instanceof/class test through classref<src/abap/1_lexer/tokens/abstract_token.ts.AbstractToken> [src/abap/2_statements/expand_macros.ts.ExpandMacros::findName/body/s2/body/s0/else/x/0],,,1,37
src/abap/1_lexer/tokens/paren_leftw.ts.ParenLeftW,Z_SRC_ABAP_1_L_B83CF0950BD6D8,src/abap/1_lexer/tokens/paren_leftw.ts:4:1,fail:unproven,src/config.ts:11:3 potential transitive/alias write (Grace site_writes) [src/config.ts.Config::getDefault/body/s3/x/1/seq/s1/x],fail,src/abap/2_statements/combi.ts:120:14 potential dynamic class operation: object.classOf [src/abap/2_statements/combi.ts.Token::run/body/s1/body/s0/x/1/0],fail:unproven,harness/registry_run.ts:48:11 potential assigned to mixed supertype/interface dynamic [harness/registry_run.ts.RegistryRun::parse/body/s8/body/s1/x/seq/s1],pass,src/_iddic_references.ts:4:1 optional<classref<src/abap/1_lexer/tokens/abstract_token.ts.AbstractToken>> (explicit absent flag required),pass,,src/abap/1_lexer/tokens/abstract_token.ts.AbstractToken.start:classref<src/position.ts.Position>; src/abap/1_lexer/tokens/abstract_token.ts.AbstractToken.str:string; src/abap/1_lexer/tokens/abstract_token.ts.AbstractToken.strUpper:string,40,3,true,false,1,0,1,1,0,lexer=0/1,3,src/abap/1_lexer/tokens/abstract_token.ts.AbstractToken.start:classref<src/position.ts.Position>,1,,src/abap/2_statements/expand_macros.ts:252:18 instanceof/class test through classref<src/abap/1_lexer/tokens/abstract_token.ts.AbstractToken> [src/abap/2_statements/expand_macros.ts.ExpandMacros::findName/body/s2/body/s0/else/x/0],,,1,38
src/abap/1_lexer/tokens/paren_right.ts.ParenRight,Z_SRC_ABAP_1_L_D00B2F8869899B,src/abap/1_lexer/tokens/paren_right.ts:3:1,fail:unproven,src/config.ts:11:3 potential transitive/alias write (Grace site_writes) [src/config.ts.Config::getDefault/body/s3/x/1/seq/s1/x],fail,src/abap/2_statements/combi.ts:120:14 potential dynamic class operation: object.classOf [src/abap/2_statements/combi.ts.Token::run/body/s1/body/s0/x/1/0],fail:unproven,harness/registry_run.ts:48:11 potential assigned to mixed supertype/interface dynamic [harness/registry_run.ts.RegistryRun::parse/body/s8/body/s1/x/seq/s1],pass,src/_iddic_references.ts:4:1 optional<classref<src/abap/1_lexer/tokens/abstract_token.ts.AbstractToken>> (explicit absent flag required),pass,,src/abap/1_lexer/tokens/abstract_token.ts.AbstractToken.start:classref<src/position.ts.Position>; src/abap/1_lexer/tokens/abstract_token.ts.AbstractToken.str:string; src/abap/1_lexer/tokens/abstract_token.ts.AbstractToken.strUpper:string,40,3,true,false,1,0,1,1,0,lexer=0/1,3,src/abap/1_lexer/tokens/abstract_token.ts.AbstractToken.start:classref<src/position.ts.Position>,1,,src/abap/2_statements/expand_macros.ts:252:18 instanceof/class test through classref<src/abap/1_lexer/tokens/abstract_token.ts.AbstractToken> [src/abap/2_statements/expand_macros.ts.ExpandMacros::findName/body/s2/body/s0/else/x/0],,,1,39
src/abap/1_lexer/tokens/paren_rightw.ts.ParenRightW,Z_SRC_ABAP_1_L_E28D1FAFBCC4E0,src/abap/1_lexer/tokens/paren_rightw.ts:4:1,fail:unproven,src/config.ts:11:3 potential transitive/alias write (Grace site_writes) [src/config.ts.Config::getDefault/body/s3/x/1/seq/s1/x],fail,src/abap/2_statements/combi.ts:120:14 potential dynamic class operation: object.classOf [src/abap/2_statements/combi.ts.Token::run/body/s1/body/s0/x/1/0],fail:unproven,harness/registry_run.ts:48:11 potential assigned to mixed supertype/interface dynamic [harness/registry_run.ts.RegistryRun::parse/body/s8/body/s1/x/seq/s1],pass,src/_iddic_references.ts:4:1 optional<classref<src/abap/1_lexer/tokens/abstract_token.ts.AbstractToken>> (explicit absent flag required),pass,,src/abap/1_lexer/tokens/abstract_token.ts.AbstractToken.start:classref<src/position.ts.Position>; src/abap/1_lexer/tokens/abstract_token.ts.AbstractToken.str:string; src/abap/1_lexer/tokens/abstract_token.ts.AbstractToken.strUpper:string,40,3,true,false,1,0,1,1,0,lexer=0/1,3,src/abap/1_lexer/tokens/abstract_token.ts.AbstractToken.start:classref<src/position.ts.Position>,1,,src/abap/2_statements/expand_macros.ts:252:18 instanceof/class test through classref<src/abap/1_lexer/tokens/abstract_token.ts.AbstractToken> [src/abap/2_statements/expand_macros.ts.ExpandMacros::findName/body/s2/body/s0/else/x/0],,,1,40
src/abap/1_lexer/tokens/plus.ts.Plus,Z_SRC_ABAP_1_L_B3ED064D59A535,src/abap/1_lexer/tokens/plus.ts:3:1,fail:unproven,src/config.ts:11:3 potential transitive/alias write (Grace site_writes) [src/config.ts.Config::getDefault/body/s3/x/1/seq/s1/x],fail,src/abap/2_statements/combi.ts:120:14 potential dynamic class operation: object.classOf [src/abap/2_statements/combi.ts.Token::run/body/s1/body/s0/x/1/0],fail:unproven,harness/registry_run.ts:48:11 potential assigned to mixed supertype/interface dynamic [harness/registry_run.ts.RegistryRun::parse/body/s8/body/s1/x/seq/s1],pass,src/_iddic_references.ts:4:1 optional<classref<src/abap/1_lexer/tokens/abstract_token.ts.AbstractToken>> (explicit absent flag required),pass,,src/abap/1_lexer/tokens/abstract_token.ts.AbstractToken.start:classref<src/position.ts.Position>; src/abap/1_lexer/tokens/abstract_token.ts.AbstractToken.str:string; src/abap/1_lexer/tokens/abstract_token.ts.AbstractToken.strUpper:string,40,3,true,false,1,0,1,1,0,lexer=0/1,3,src/abap/1_lexer/tokens/abstract_token.ts.AbstractToken.start:classref<src/position.ts.Position>,1,,src/abap/2_statements/expand_macros.ts:252:18 instanceof/class test through classref<src/abap/1_lexer/tokens/abstract_token.ts.AbstractToken> [src/abap/2_statements/expand_macros.ts.ExpandMacros::findName/body/s2/body/s0/else/x/0],,,1,41
src/abap/1_lexer/tokens/plusw.ts.PlusW,Z_SRC_ABAP_1_L_60805167DD2D62,src/abap/1_lexer/tokens/plusw.ts:4:1,fail:unproven,src/config.ts:11:3 potential transitive/alias write (Grace site_writes) [src/config.ts.Config::getDefault/body/s3/x/1/seq/s1/x],fail,src/abap/2_statements/combi.ts:120:14 potential dynamic class operation: object.classOf [src/abap/2_statements/combi.ts.Token::run/body/s1/body/s0/x/1/0],fail:unproven,harness/registry_run.ts:48:11 potential assigned to mixed supertype/interface dynamic [harness/registry_run.ts.RegistryRun::parse/body/s8/body/s1/x/seq/s1],pass,src/_iddic_references.ts:4:1 optional<classref<src/abap/1_lexer/tokens/abstract_token.ts.AbstractToken>> (explicit absent flag required),pass,,src/abap/1_lexer/tokens/abstract_token.ts.AbstractToken.start:classref<src/position.ts.Position>; src/abap/1_lexer/tokens/abstract_token.ts.AbstractToken.str:string; src/abap/1_lexer/tokens/abstract_token.ts.AbstractToken.strUpper:string,40,3,true,false,1,0,1,1,0,lexer=0/1,3,src/abap/1_lexer/tokens/abstract_token.ts.AbstractToken.start:classref<src/position.ts.Position>,1,,src/abap/2_statements/expand_macros.ts:252:18 instanceof/class test through classref<src/abap/1_lexer/tokens/abstract_token.ts.AbstractToken> [src/abap/2_statements/expand_macros.ts.ExpandMacros::findName/body/s2/body/s0/else/x/0],,,1,42
src/abap/1_lexer/tokens/pragma.ts.Pragma,Z_SRC_ABAP_1_L_7A3D03A814F6FF,src/abap/1_lexer/tokens/pragma.ts:3:1,fail:unproven,src/config.ts:11:3 potential transitive/alias write (Grace site_writes) [src/config.ts.Config::getDefault/body/s3/x/1/seq/s1/x],fail,src/abap/2_statements/combi.ts:120:14 potential dynamic class operation: object.classOf [src/abap/2_statements/combi.ts.Token::run/body/s1/body/s0/x/1/0],fail:unproven,harness/registry_run.ts:48:11 potential assigned to mixed supertype/interface dynamic [harness/registry_run.ts.RegistryRun::parse/body/s8/body/s1/x/seq/s1],pass,src/_iddic_references.ts:4:1 optional<classref<src/abap/1_lexer/tokens/abstract_token.ts.AbstractToken>> (explicit absent flag required),pass,,src/abap/1_lexer/tokens/abstract_token.ts.AbstractToken.start:classref<src/position.ts.Position>; src/abap/1_lexer/tokens/abstract_token.ts.AbstractToken.str:string; src/abap/1_lexer/tokens/abstract_token.ts.AbstractToken.strUpper:string,40,3,true,false,1,0,1,1,0,lexer=0/1,3,src/abap/1_lexer/tokens/abstract_token.ts.AbstractToken.start:classref<src/position.ts.Position>,1,,src/abap/2_statements/expand_macros.ts:252:18 instanceof/class test through classref<src/abap/1_lexer/tokens/abstract_token.ts.AbstractToken> [src/abap/2_statements/expand_macros.ts.ExpandMacros::findName/body/s2/body/s0/else/x/0],,,1,43
src/abap/1_lexer/tokens/punctuation.ts.Punctuation,Z_SRC_ABAP_1_L_EB674D40D7BE44,src/abap/1_lexer/tokens/punctuation.ts:3:1,fail:unproven,src/config.ts:11:3 potential transitive/alias write (Grace site_writes) [src/config.ts.Config::getDefault/body/s3/x/1/seq/s1/x],fail,src/abap/2_statements/combi.ts:120:14 potential dynamic class operation: object.classOf [src/abap/2_statements/combi.ts.Token::run/body/s1/body/s0/x/1/0],fail:unproven,harness/registry_run.ts:48:11 potential assigned to mixed supertype/interface dynamic [harness/registry_run.ts.RegistryRun::parse/body/s8/body/s1/x/seq/s1],pass,src/_iddic_references.ts:4:1 optional<classref<src/abap/1_lexer/tokens/abstract_token.ts.AbstractToken>> (explicit absent flag required),pass,,src/abap/1_lexer/tokens/abstract_token.ts.AbstractToken.start:classref<src/position.ts.Position>; src/abap/1_lexer/tokens/abstract_token.ts.AbstractToken.str:string; src/abap/1_lexer/tokens/abstract_token.ts.AbstractToken.strUpper:string,40,3,true,false,1,0,1,1,0,lexer=0/1,3,src/abap/1_lexer/tokens/abstract_token.ts.AbstractToken.start:classref<src/position.ts.Position>,1,,src/abap/2_statements/expand_macros.ts:252:18 instanceof/class test through classref<src/abap/1_lexer/tokens/abstract_token.ts.AbstractToken> [src/abap/2_statements/expand_macros.ts.ExpandMacros::findName/body/s2/body/s0/else/x/0],,,1,44
src/abap/1_lexer/tokens/static_arrow.ts.StaticArrow,Z_SRC_ABAP_1_L_5982DA24CCD33B,src/abap/1_lexer/tokens/static_arrow.ts:3:1,fail:unproven,src/config.ts:11:3 potential transitive/alias write (Grace site_writes) [src/config.ts.Config::getDefault/body/s3/x/1/seq/s1/x],fail,src/abap/2_statements/combi.ts:120:14 potential dynamic class operation: object.classOf [src/abap/2_statements/combi.ts.Token::run/body/s1/body/s0/x/1/0],fail:unproven,harness/registry_run.ts:48:11 potential assigned to mixed supertype/interface dynamic [harness/registry_run.ts.RegistryRun::parse/body/s8/body/s1/x/seq/s1],pass,src/_iddic_references.ts:4:1 optional<classref<src/abap/1_lexer/tokens/abstract_token.ts.AbstractToken>> (explicit absent flag required),pass,,src/abap/1_lexer/tokens/abstract_token.ts.AbstractToken.start:classref<src/position.ts.Position>; src/abap/1_lexer/tokens/abstract_token.ts.AbstractToken.str:string; src/abap/1_lexer/tokens/abstract_token.ts.AbstractToken.strUpper:string,40,3,true,false,1,0,1,1,0,lexer=0/1,3,src/abap/1_lexer/tokens/abstract_token.ts.AbstractToken.start:classref<src/position.ts.Position>,1,,src/abap/2_statements/expand_macros.ts:252:18 instanceof/class test through classref<src/abap/1_lexer/tokens/abstract_token.ts.AbstractToken> [src/abap/2_statements/expand_macros.ts.ExpandMacros::findName/body/s2/body/s0/else/x/0],,,1,45
src/abap/1_lexer/tokens/static_arroww.ts.StaticArrowW,Z_SRC_ABAP_1_L_AB0A2314872685,src/abap/1_lexer/tokens/static_arroww.ts:4:1,fail:unproven,src/config.ts:11:3 potential transitive/alias write (Grace site_writes) [src/config.ts.Config::getDefault/body/s3/x/1/seq/s1/x],fail,src/abap/2_statements/combi.ts:120:14 potential dynamic class operation: object.classOf [src/abap/2_statements/combi.ts.Token::run/body/s1/body/s0/x/1/0],fail:unproven,harness/registry_run.ts:48:11 potential assigned to mixed supertype/interface dynamic [harness/registry_run.ts.RegistryRun::parse/body/s8/body/s1/x/seq/s1],pass,src/_iddic_references.ts:4:1 optional<classref<src/abap/1_lexer/tokens/abstract_token.ts.AbstractToken>> (explicit absent flag required),pass,,src/abap/1_lexer/tokens/abstract_token.ts.AbstractToken.start:classref<src/position.ts.Position>; src/abap/1_lexer/tokens/abstract_token.ts.AbstractToken.str:string; src/abap/1_lexer/tokens/abstract_token.ts.AbstractToken.strUpper:string,40,3,true,false,1,0,1,1,0,lexer=0/1,3,src/abap/1_lexer/tokens/abstract_token.ts.AbstractToken.start:classref<src/position.ts.Position>,1,,src/abap/2_statements/expand_macros.ts:252:18 instanceof/class test through classref<src/abap/1_lexer/tokens/abstract_token.ts.AbstractToken> [src/abap/2_statements/expand_macros.ts.ExpandMacros::findName/body/s2/body/s0/else/x/0],,,1,46
src/abap/1_lexer/tokens/string.ts.StringToken,Z_SRC_ABAP_1_L_F51AC735C1E69B,src/abap/1_lexer/tokens/string.ts:3:1,fail:unproven,src/config.ts:11:3 potential transitive/alias write (Grace site_writes) [src/config.ts.Config::getDefault/body/s3/x/1/seq/s1/x],fail,src/abap/2_statements/combi.ts:120:14 potential dynamic class operation: object.classOf [src/abap/2_statements/combi.ts.Token::run/body/s1/body/s0/x/1/0],fail:unproven,harness/registry_run.ts:48:11 potential assigned to mixed supertype/interface dynamic [harness/registry_run.ts.RegistryRun::parse/body/s8/body/s1/x/seq/s1],pass,src/_iddic_references.ts:4:1 optional<classref<src/abap/1_lexer/tokens/abstract_token.ts.AbstractToken>> (explicit absent flag required),pass,,src/abap/1_lexer/tokens/abstract_token.ts.AbstractToken.start:classref<src/position.ts.Position>; src/abap/1_lexer/tokens/abstract_token.ts.AbstractToken.str:string; src/abap/1_lexer/tokens/abstract_token.ts.AbstractToken.strUpper:string,40,3,true,false,1,0,1,1,0,lexer=0/1,3,src/abap/1_lexer/tokens/abstract_token.ts.AbstractToken.start:classref<src/position.ts.Position>,1,,src/abap/2_statements/expand_macros.ts:252:18 instanceof/class test through classref<src/abap/1_lexer/tokens/abstract_token.ts.AbstractToken> [src/abap/2_statements/expand_macros.ts.ExpandMacros::findName/body/s2/body/s0/else/x/0],,,1,47
src/abap/1_lexer/tokens/string_template.ts.StringTemplate,Z_SRC_ABAP_1_L_A8D40979228503,src/abap/1_lexer/tokens/string_template.ts:4:1,fail:unproven,src/config.ts:11:3 potential transitive/alias write (Grace site_writes) [src/config.ts.Config::getDefault/body/s3/x/1/seq/s1/x],fail,src/abap/2_statements/combi.ts:120:14 potential dynamic class operation: object.classOf [src/abap/2_statements/combi.ts.Token::run/body/s1/body/s0/x/1/0],fail:unproven,harness/registry_run.ts:48:11 potential assigned to mixed supertype/interface dynamic [harness/registry_run.ts.RegistryRun::parse/body/s8/body/s1/x/seq/s1],pass,src/_iddic_references.ts:4:1 optional<classref<src/abap/1_lexer/tokens/abstract_token.ts.AbstractToken>> (explicit absent flag required),pass,,src/abap/1_lexer/tokens/abstract_token.ts.AbstractToken.start:classref<src/position.ts.Position>; src/abap/1_lexer/tokens/abstract_token.ts.AbstractToken.str:string; src/abap/1_lexer/tokens/abstract_token.ts.AbstractToken.strUpper:string,40,3,true,false,1,0,1,1,0,lexer=0/1,3,src/abap/1_lexer/tokens/abstract_token.ts.AbstractToken.start:classref<src/position.ts.Position>,1,,src/abap/2_statements/expand_macros.ts:252:18 instanceof/class test through classref<src/abap/1_lexer/tokens/abstract_token.ts.AbstractToken> [src/abap/2_statements/expand_macros.ts.ExpandMacros::findName/body/s2/body/s0/else/x/0],,,1,48
src/abap/1_lexer/tokens/string_template_begin.ts.StringTemplateBegin,Z_SRC_ABAP_1_L_795CD681315C6A,src/abap/1_lexer/tokens/string_template_begin.ts:4:1,fail:unproven,src/config.ts:11:3 potential transitive/alias write (Grace site_writes) [src/config.ts.Config::getDefault/body/s3/x/1/seq/s1/x],fail,src/abap/2_statements/combi.ts:120:14 potential dynamic class operation: object.classOf [src/abap/2_statements/combi.ts.Token::run/body/s1/body/s0/x/1/0],fail:unproven,harness/registry_run.ts:48:11 potential assigned to mixed supertype/interface dynamic [harness/registry_run.ts.RegistryRun::parse/body/s8/body/s1/x/seq/s1],pass,src/_iddic_references.ts:4:1 optional<classref<src/abap/1_lexer/tokens/abstract_token.ts.AbstractToken>> (explicit absent flag required),pass,,src/abap/1_lexer/tokens/abstract_token.ts.AbstractToken.start:classref<src/position.ts.Position>; src/abap/1_lexer/tokens/abstract_token.ts.AbstractToken.str:string; src/abap/1_lexer/tokens/abstract_token.ts.AbstractToken.strUpper:string,40,3,true,false,1,0,1,1,0,lexer=0/1,3,src/abap/1_lexer/tokens/abstract_token.ts.AbstractToken.start:classref<src/position.ts.Position>,1,,src/abap/2_statements/expand_macros.ts:252:18 instanceof/class test through classref<src/abap/1_lexer/tokens/abstract_token.ts.AbstractToken> [src/abap/2_statements/expand_macros.ts.ExpandMacros::findName/body/s2/body/s0/else/x/0],,,1,49
src/abap/1_lexer/tokens/string_template_end.ts.StringTemplateEnd,Z_SRC_ABAP_1_L_C05063BAD217AC,src/abap/1_lexer/tokens/string_template_end.ts:4:1,fail:unproven,src/config.ts:11:3 potential transitive/alias write (Grace site_writes) [src/config.ts.Config::getDefault/body/s3/x/1/seq/s1/x],fail,src/abap/2_statements/combi.ts:120:14 potential dynamic class operation: object.classOf [src/abap/2_statements/combi.ts.Token::run/body/s1/body/s0/x/1/0],fail:unproven,harness/registry_run.ts:48:11 potential assigned to mixed supertype/interface dynamic [harness/registry_run.ts.RegistryRun::parse/body/s8/body/s1/x/seq/s1],pass,src/_iddic_references.ts:4:1 optional<classref<src/abap/1_lexer/tokens/abstract_token.ts.AbstractToken>> (explicit absent flag required),pass,,src/abap/1_lexer/tokens/abstract_token.ts.AbstractToken.start:classref<src/position.ts.Position>; src/abap/1_lexer/tokens/abstract_token.ts.AbstractToken.str:string; src/abap/1_lexer/tokens/abstract_token.ts.AbstractToken.strUpper:string,40,3,true,false,1,0,1,1,0,lexer=0/1,3,src/abap/1_lexer/tokens/abstract_token.ts.AbstractToken.start:classref<src/position.ts.Position>,1,,src/abap/2_statements/expand_macros.ts:252:18 instanceof/class test through classref<src/abap/1_lexer/tokens/abstract_token.ts.AbstractToken> [src/abap/2_statements/expand_macros.ts.ExpandMacros::findName/body/s2/body/s0/else/x/0],,,1,50
src/abap/1_lexer/tokens/string_template_middle.ts.StringTemplateMiddle,Z_SRC_ABAP_1_L_35E6940092BF49,src/abap/1_lexer/tokens/string_template_middle.ts:4:1,fail:unproven,src/config.ts:11:3 potential transitive/alias write (Grace site_writes) [src/config.ts.Config::getDefault/body/s3/x/1/seq/s1/x],fail,src/abap/2_statements/combi.ts:120:14 potential dynamic class operation: object.classOf [src/abap/2_statements/combi.ts.Token::run/body/s1/body/s0/x/1/0],fail:unproven,harness/registry_run.ts:48:11 potential assigned to mixed supertype/interface dynamic [harness/registry_run.ts.RegistryRun::parse/body/s8/body/s1/x/seq/s1],pass,src/_iddic_references.ts:4:1 optional<classref<src/abap/1_lexer/tokens/abstract_token.ts.AbstractToken>> (explicit absent flag required),pass,,src/abap/1_lexer/tokens/abstract_token.ts.AbstractToken.start:classref<src/position.ts.Position>; src/abap/1_lexer/tokens/abstract_token.ts.AbstractToken.str:string; src/abap/1_lexer/tokens/abstract_token.ts.AbstractToken.strUpper:string,40,3,true,false,1,0,1,1,0,lexer=0/1,3,src/abap/1_lexer/tokens/abstract_token.ts.AbstractToken.start:classref<src/position.ts.Position>,1,,src/abap/2_statements/expand_macros.ts:252:18 instanceof/class test through classref<src/abap/1_lexer/tokens/abstract_token.ts.AbstractToken> [src/abap/2_statements/expand_macros.ts.ExpandMacros::findName/body/s2/body/s0/else/x/0],,,1,51
src/abap/1_lexer/tokens/wat.ts.WAt,Z_SRC_ABAP_1_L_A788A5915F3776,src/abap/1_lexer/tokens/wat.ts:3:1,fail:unproven,src/config.ts:11:3 potential transitive/alias write (Grace site_writes) [src/config.ts.Config::getDefault/body/s3/x/1/seq/s1/x],fail,src/abap/2_statements/combi.ts:120:14 potential dynamic class operation: object.classOf [src/abap/2_statements/combi.ts.Token::run/body/s1/body/s0/x/1/0],fail:unproven,harness/registry_run.ts:48:11 potential assigned to mixed supertype/interface dynamic [harness/registry_run.ts.RegistryRun::parse/body/s8/body/s1/x/seq/s1],pass,src/_iddic_references.ts:4:1 optional<classref<src/abap/1_lexer/tokens/abstract_token.ts.AbstractToken>> (explicit absent flag required),pass,,src/abap/1_lexer/tokens/abstract_token.ts.AbstractToken.start:classref<src/position.ts.Position>; src/abap/1_lexer/tokens/abstract_token.ts.AbstractToken.str:string; src/abap/1_lexer/tokens/abstract_token.ts.AbstractToken.strUpper:string,40,3,true,false,1,0,1,1,0,lexer=0/1,3,src/abap/1_lexer/tokens/abstract_token.ts.AbstractToken.start:classref<src/position.ts.Position>,1,,src/abap/2_statements/expand_macros.ts:252:18 instanceof/class test through classref<src/abap/1_lexer/tokens/abstract_token.ts.AbstractToken> [src/abap/2_statements/expand_macros.ts.ExpandMacros::findName/body/s2/body/s0/else/x/0],,,1,52
src/abap/1_lexer/tokens/watw.ts.WAtW,Z_SRC_ABAP_1_L_29EA9DB443CE2A,src/abap/1_lexer/tokens/watw.ts:3:1,fail:unproven,src/config.ts:11:3 potential transitive/alias write (Grace site_writes) [src/config.ts.Config::getDefault/body/s3/x/1/seq/s1/x],fail,src/abap/2_statements/combi.ts:120:14 potential dynamic class operation: object.classOf [src/abap/2_statements/combi.ts.Token::run/body/s1/body/s0/x/1/0],fail:unproven,harness/registry_run.ts:48:11 potential assigned to mixed supertype/interface dynamic [harness/registry_run.ts.RegistryRun::parse/body/s8/body/s1/x/seq/s1],pass,src/_iddic_references.ts:4:1 optional<classref<src/abap/1_lexer/tokens/abstract_token.ts.AbstractToken>> (explicit absent flag required),pass,,src/abap/1_lexer/tokens/abstract_token.ts.AbstractToken.start:classref<src/position.ts.Position>; src/abap/1_lexer/tokens/abstract_token.ts.AbstractToken.str:string; src/abap/1_lexer/tokens/abstract_token.ts.AbstractToken.strUpper:string,40,3,true,false,1,0,1,1,0,lexer=0/1,3,src/abap/1_lexer/tokens/abstract_token.ts.AbstractToken.start:classref<src/position.ts.Position>,1,,src/abap/2_statements/expand_macros.ts:252:18 instanceof/class test through classref<src/abap/1_lexer/tokens/abstract_token.ts.AbstractToken> [src/abap/2_statements/expand_macros.ts.ExpandMacros::findName/body/s2/body/s0/else/x/0],,,1,53
src/abap/1_lexer/tokens/wbracket_left.ts.WBracketLeft,Z_SRC_ABAP_1_L_B02733E9E7C50F,src/abap/1_lexer/tokens/wbracket_left.ts:4:1,fail:unproven,src/config.ts:11:3 potential transitive/alias write (Grace site_writes) [src/config.ts.Config::getDefault/body/s3/x/1/seq/s1/x],fail,src/abap/2_statements/combi.ts:120:14 potential dynamic class operation: object.classOf [src/abap/2_statements/combi.ts.Token::run/body/s1/body/s0/x/1/0],fail:unproven,harness/registry_run.ts:48:11 potential assigned to mixed supertype/interface dynamic [harness/registry_run.ts.RegistryRun::parse/body/s8/body/s1/x/seq/s1],pass,src/_iddic_references.ts:4:1 optional<classref<src/abap/1_lexer/tokens/abstract_token.ts.AbstractToken>> (explicit absent flag required),pass,,src/abap/1_lexer/tokens/abstract_token.ts.AbstractToken.start:classref<src/position.ts.Position>; src/abap/1_lexer/tokens/abstract_token.ts.AbstractToken.str:string; src/abap/1_lexer/tokens/abstract_token.ts.AbstractToken.strUpper:string,40,3,true,false,1,0,1,1,0,lexer=0/1,3,src/abap/1_lexer/tokens/abstract_token.ts.AbstractToken.start:classref<src/position.ts.Position>,1,,src/abap/2_statements/expand_macros.ts:252:18 instanceof/class test through classref<src/abap/1_lexer/tokens/abstract_token.ts.AbstractToken> [src/abap/2_statements/expand_macros.ts.ExpandMacros::findName/body/s2/body/s0/else/x/0],,,1,54
src/abap/1_lexer/tokens/wbracket_leftw.ts.WBracketLeftW,Z_SRC_ABAP_1_L_7AC5346D6AF533,src/abap/1_lexer/tokens/wbracket_leftw.ts:3:1,fail:unproven,src/config.ts:11:3 potential transitive/alias write (Grace site_writes) [src/config.ts.Config::getDefault/body/s3/x/1/seq/s1/x],fail,src/abap/2_statements/combi.ts:120:14 potential dynamic class operation: object.classOf [src/abap/2_statements/combi.ts.Token::run/body/s1/body/s0/x/1/0],fail:unproven,harness/registry_run.ts:48:11 potential assigned to mixed supertype/interface dynamic [harness/registry_run.ts.RegistryRun::parse/body/s8/body/s1/x/seq/s1],pass,src/_iddic_references.ts:4:1 optional<classref<src/abap/1_lexer/tokens/abstract_token.ts.AbstractToken>> (explicit absent flag required),pass,,src/abap/1_lexer/tokens/abstract_token.ts.AbstractToken.start:classref<src/position.ts.Position>; src/abap/1_lexer/tokens/abstract_token.ts.AbstractToken.str:string; src/abap/1_lexer/tokens/abstract_token.ts.AbstractToken.strUpper:string,40,3,true,false,1,0,1,1,0,lexer=0/1,3,src/abap/1_lexer/tokens/abstract_token.ts.AbstractToken.start:classref<src/position.ts.Position>,1,,src/abap/2_statements/expand_macros.ts:252:18 instanceof/class test through classref<src/abap/1_lexer/tokens/abstract_token.ts.AbstractToken> [src/abap/2_statements/expand_macros.ts.ExpandMacros::findName/body/s2/body/s0/else/x/0],,,1,55
src/abap/1_lexer/tokens/wbracket_right.ts.WBracketRight,Z_SRC_ABAP_1_L_73A9158E6D75FF,src/abap/1_lexer/tokens/wbracket_right.ts:4:1,fail:unproven,src/config.ts:11:3 potential transitive/alias write (Grace site_writes) [src/config.ts.Config::getDefault/body/s3/x/1/seq/s1/x],fail,src/abap/2_statements/combi.ts:120:14 potential dynamic class operation: object.classOf [src/abap/2_statements/combi.ts.Token::run/body/s1/body/s0/x/1/0],fail:unproven,harness/registry_run.ts:48:11 potential assigned to mixed supertype/interface dynamic [harness/registry_run.ts.RegistryRun::parse/body/s8/body/s1/x/seq/s1],pass,src/_iddic_references.ts:4:1 optional<classref<src/abap/1_lexer/tokens/abstract_token.ts.AbstractToken>> (explicit absent flag required),pass,,src/abap/1_lexer/tokens/abstract_token.ts.AbstractToken.start:classref<src/position.ts.Position>; src/abap/1_lexer/tokens/abstract_token.ts.AbstractToken.str:string; src/abap/1_lexer/tokens/abstract_token.ts.AbstractToken.strUpper:string,40,3,true,false,1,0,1,1,0,lexer=0/1,3,src/abap/1_lexer/tokens/abstract_token.ts.AbstractToken.start:classref<src/position.ts.Position>,1,,src/abap/2_statements/expand_macros.ts:252:18 instanceof/class test through classref<src/abap/1_lexer/tokens/abstract_token.ts.AbstractToken> [src/abap/2_statements/expand_macros.ts.ExpandMacros::findName/body/s2/body/s0/else/x/0],,,1,56
src/abap/1_lexer/tokens/wbracket_rightw.ts.WBracketRightW,Z_SRC_ABAP_1_L_69362F212E48EC,src/abap/1_lexer/tokens/wbracket_rightw.ts:4:1,fail:unproven,src/config.ts:11:3 potential transitive/alias write (Grace site_writes) [src/config.ts.Config::getDefault/body/s3/x/1/seq/s1/x],fail,src/abap/2_statements/combi.ts:120:14 potential dynamic class operation: object.classOf [src/abap/2_statements/combi.ts.Token::run/body/s1/body/s0/x/1/0],fail:unproven,harness/registry_run.ts:48:11 potential assigned to mixed supertype/interface dynamic [harness/registry_run.ts.RegistryRun::parse/body/s8/body/s1/x/seq/s1],pass,src/_iddic_references.ts:4:1 optional<classref<src/abap/1_lexer/tokens/abstract_token.ts.AbstractToken>> (explicit absent flag required),pass,,src/abap/1_lexer/tokens/abstract_token.ts.AbstractToken.start:classref<src/position.ts.Position>; src/abap/1_lexer/tokens/abstract_token.ts.AbstractToken.str:string; src/abap/1_lexer/tokens/abstract_token.ts.AbstractToken.strUpper:string,40,3,true,false,1,0,1,1,0,lexer=0/1,3,src/abap/1_lexer/tokens/abstract_token.ts.AbstractToken.start:classref<src/position.ts.Position>,1,,src/abap/2_statements/expand_macros.ts:252:18 instanceof/class test through classref<src/abap/1_lexer/tokens/abstract_token.ts.AbstractToken> [src/abap/2_statements/expand_macros.ts.ExpandMacros::findName/body/s2/body/s0/else/x/0],,,1,57
src/abap/1_lexer/tokens/wdash.ts.WDash,Z_SRC_ABAP_1_L_7BA36B65B85CF3,src/abap/1_lexer/tokens/wdash.ts:4:1,fail:unproven,src/config.ts:11:3 potential transitive/alias write (Grace site_writes) [src/config.ts.Config::getDefault/body/s3/x/1/seq/s1/x],fail,src/abap/2_statements/combi.ts:120:14 potential dynamic class operation: object.classOf [src/abap/2_statements/combi.ts.Token::run/body/s1/body/s0/x/1/0],fail:unproven,harness/registry_run.ts:48:11 potential assigned to mixed supertype/interface dynamic [harness/registry_run.ts.RegistryRun::parse/body/s8/body/s1/x/seq/s1],pass,src/_iddic_references.ts:4:1 optional<classref<src/abap/1_lexer/tokens/abstract_token.ts.AbstractToken>> (explicit absent flag required),pass,,src/abap/1_lexer/tokens/abstract_token.ts.AbstractToken.start:classref<src/position.ts.Position>; src/abap/1_lexer/tokens/abstract_token.ts.AbstractToken.str:string; src/abap/1_lexer/tokens/abstract_token.ts.AbstractToken.strUpper:string,40,3,true,false,1,0,1,1,0,lexer=0/1,3,src/abap/1_lexer/tokens/abstract_token.ts.AbstractToken.start:classref<src/position.ts.Position>,1,,src/abap/2_statements/expand_macros.ts:252:18 instanceof/class test through classref<src/abap/1_lexer/tokens/abstract_token.ts.AbstractToken> [src/abap/2_statements/expand_macros.ts.ExpandMacros::findName/body/s2/body/s0/else/x/0],,,1,58
src/abap/1_lexer/tokens/wdashw.ts.WDashW,Z_SRC_ABAP_1_L_B18A33AC8E6CD8,src/abap/1_lexer/tokens/wdashw.ts:4:1,fail:unproven,src/config.ts:11:3 potential transitive/alias write (Grace site_writes) [src/config.ts.Config::getDefault/body/s3/x/1/seq/s1/x],fail,src/abap/2_statements/combi.ts:120:14 potential dynamic class operation: object.classOf [src/abap/2_statements/combi.ts.Token::run/body/s1/body/s0/x/1/0],fail:unproven,harness/registry_run.ts:48:11 potential assigned to mixed supertype/interface dynamic [harness/registry_run.ts.RegistryRun::parse/body/s8/body/s1/x/seq/s1],pass,src/_iddic_references.ts:4:1 optional<classref<src/abap/1_lexer/tokens/abstract_token.ts.AbstractToken>> (explicit absent flag required),pass,,src/abap/1_lexer/tokens/abstract_token.ts.AbstractToken.start:classref<src/position.ts.Position>; src/abap/1_lexer/tokens/abstract_token.ts.AbstractToken.str:string; src/abap/1_lexer/tokens/abstract_token.ts.AbstractToken.strUpper:string,40,3,true,false,1,0,1,1,0,lexer=0/1,3,src/abap/1_lexer/tokens/abstract_token.ts.AbstractToken.start:classref<src/position.ts.Position>,1,,src/abap/2_statements/expand_macros.ts:252:18 instanceof/class test through classref<src/abap/1_lexer/tokens/abstract_token.ts.AbstractToken> [src/abap/2_statements/expand_macros.ts.ExpandMacros::findName/body/s2/body/s0/else/x/0],,,1,59
src/abap/1_lexer/tokens/winstance_arrow.ts.WInstanceArrow,Z_SRC_ABAP_1_L_CEB3D3B0732DBA,src/abap/1_lexer/tokens/winstance_arrow.ts:4:1,fail:unproven,src/config.ts:11:3 potential transitive/alias write (Grace site_writes) [src/config.ts.Config::getDefault/body/s3/x/1/seq/s1/x],fail,src/abap/2_statements/combi.ts:120:14 potential dynamic class operation: object.classOf [src/abap/2_statements/combi.ts.Token::run/body/s1/body/s0/x/1/0],fail:unproven,harness/registry_run.ts:48:11 potential assigned to mixed supertype/interface dynamic [harness/registry_run.ts.RegistryRun::parse/body/s8/body/s1/x/seq/s1],pass,src/_iddic_references.ts:4:1 optional<classref<src/abap/1_lexer/tokens/abstract_token.ts.AbstractToken>> (explicit absent flag required),pass,,src/abap/1_lexer/tokens/abstract_token.ts.AbstractToken.start:classref<src/position.ts.Position>; src/abap/1_lexer/tokens/abstract_token.ts.AbstractToken.str:string; src/abap/1_lexer/tokens/abstract_token.ts.AbstractToken.strUpper:string,40,3,true,false,1,0,1,1,0,lexer=0/1,3,src/abap/1_lexer/tokens/abstract_token.ts.AbstractToken.start:classref<src/position.ts.Position>,1,,src/abap/2_statements/expand_macros.ts:252:18 instanceof/class test through classref<src/abap/1_lexer/tokens/abstract_token.ts.AbstractToken> [src/abap/2_statements/expand_macros.ts.ExpandMacros::findName/body/s2/body/s0/else/x/0],,,1,60
src/abap/1_lexer/tokens/winstance_arroww.ts.WInstanceArrowW,Z_SRC_ABAP_1_L_B0551E8885971F,src/abap/1_lexer/tokens/winstance_arroww.ts:4:1,fail:unproven,src/config.ts:11:3 potential transitive/alias write (Grace site_writes) [src/config.ts.Config::getDefault/body/s3/x/1/seq/s1/x],fail,src/abap/2_statements/combi.ts:120:14 potential dynamic class operation: object.classOf [src/abap/2_statements/combi.ts.Token::run/body/s1/body/s0/x/1/0],fail:unproven,harness/registry_run.ts:48:11 potential assigned to mixed supertype/interface dynamic [harness/registry_run.ts.RegistryRun::parse/body/s8/body/s1/x/seq/s1],pass,src/_iddic_references.ts:4:1 optional<classref<src/abap/1_lexer/tokens/abstract_token.ts.AbstractToken>> (explicit absent flag required),pass,,src/abap/1_lexer/tokens/abstract_token.ts.AbstractToken.start:classref<src/position.ts.Position>; src/abap/1_lexer/tokens/abstract_token.ts.AbstractToken.str:string; src/abap/1_lexer/tokens/abstract_token.ts.AbstractToken.strUpper:string,40,3,true,false,1,0,1,1,0,lexer=0/1,3,src/abap/1_lexer/tokens/abstract_token.ts.AbstractToken.start:classref<src/position.ts.Position>,1,,src/abap/2_statements/expand_macros.ts:252:18 instanceof/class test through classref<src/abap/1_lexer/tokens/abstract_token.ts.AbstractToken> [src/abap/2_statements/expand_macros.ts.ExpandMacros::findName/body/s2/body/s0/else/x/0],,,1,61
src/abap/1_lexer/tokens/wparen_left.ts.WParenLeft,Z_SRC_ABAP_1_L_0E14D73CE581F5,src/abap/1_lexer/tokens/wparen_left.ts:4:1,fail:unproven,src/config.ts:11:3 potential transitive/alias write (Grace site_writes) [src/config.ts.Config::getDefault/body/s3/x/1/seq/s1/x],fail,src/abap/2_statements/combi.ts:120:14 potential dynamic class operation: object.classOf [src/abap/2_statements/combi.ts.Token::run/body/s1/body/s0/x/1/0],fail:unproven,harness/registry_run.ts:48:11 potential assigned to mixed supertype/interface dynamic [harness/registry_run.ts.RegistryRun::parse/body/s8/body/s1/x/seq/s1],pass,src/_iddic_references.ts:4:1 optional<classref<src/abap/1_lexer/tokens/abstract_token.ts.AbstractToken>> (explicit absent flag required),pass,,src/abap/1_lexer/tokens/abstract_token.ts.AbstractToken.start:classref<src/position.ts.Position>; src/abap/1_lexer/tokens/abstract_token.ts.AbstractToken.str:string; src/abap/1_lexer/tokens/abstract_token.ts.AbstractToken.strUpper:string,40,3,true,false,1,0,1,1,0,lexer=0/1,3,src/abap/1_lexer/tokens/abstract_token.ts.AbstractToken.start:classref<src/position.ts.Position>,1,,src/abap/2_statements/expand_macros.ts:252:18 instanceof/class test through classref<src/abap/1_lexer/tokens/abstract_token.ts.AbstractToken> [src/abap/2_statements/expand_macros.ts.ExpandMacros::findName/body/s2/body/s0/else/x/0],,,1,62
src/abap/1_lexer/tokens/wparen_leftw.ts.WParenLeftW,Z_SRC_ABAP_1_L_DEF3F15BCD3702,src/abap/1_lexer/tokens/wparen_leftw.ts:4:1,fail:unproven,src/config.ts:11:3 potential transitive/alias write (Grace site_writes) [src/config.ts.Config::getDefault/body/s3/x/1/seq/s1/x],fail,src/abap/2_statements/combi.ts:120:14 potential dynamic class operation: object.classOf [src/abap/2_statements/combi.ts.Token::run/body/s1/body/s0/x/1/0],fail:unproven,harness/registry_run.ts:48:11 potential assigned to mixed supertype/interface dynamic [harness/registry_run.ts.RegistryRun::parse/body/s8/body/s1/x/seq/s1],pass,src/_iddic_references.ts:4:1 optional<classref<src/abap/1_lexer/tokens/abstract_token.ts.AbstractToken>> (explicit absent flag required),pass,,src/abap/1_lexer/tokens/abstract_token.ts.AbstractToken.start:classref<src/position.ts.Position>; src/abap/1_lexer/tokens/abstract_token.ts.AbstractToken.str:string; src/abap/1_lexer/tokens/abstract_token.ts.AbstractToken.strUpper:string,40,3,true,false,1,0,1,1,0,lexer=0/1,3,src/abap/1_lexer/tokens/abstract_token.ts.AbstractToken.start:classref<src/position.ts.Position>,1,,src/abap/2_statements/expand_macros.ts:252:18 instanceof/class test through classref<src/abap/1_lexer/tokens/abstract_token.ts.AbstractToken> [src/abap/2_statements/expand_macros.ts.ExpandMacros::findName/body/s2/body/s0/else/x/0],,,1,63
src/abap/1_lexer/tokens/wparen_right.ts.WParenRight,Z_SRC_ABAP_1_L_978D3A778BBA67,src/abap/1_lexer/tokens/wparen_right.ts:4:1,fail:unproven,src/config.ts:11:3 potential transitive/alias write (Grace site_writes) [src/config.ts.Config::getDefault/body/s3/x/1/seq/s1/x],fail,src/abap/2_statements/combi.ts:120:14 potential dynamic class operation: object.classOf [src/abap/2_statements/combi.ts.Token::run/body/s1/body/s0/x/1/0],fail:unproven,harness/registry_run.ts:48:11 potential assigned to mixed supertype/interface dynamic [harness/registry_run.ts.RegistryRun::parse/body/s8/body/s1/x/seq/s1],pass,src/_iddic_references.ts:4:1 optional<classref<src/abap/1_lexer/tokens/abstract_token.ts.AbstractToken>> (explicit absent flag required),pass,,src/abap/1_lexer/tokens/abstract_token.ts.AbstractToken.start:classref<src/position.ts.Position>; src/abap/1_lexer/tokens/abstract_token.ts.AbstractToken.str:string; src/abap/1_lexer/tokens/abstract_token.ts.AbstractToken.strUpper:string,40,3,true,false,1,0,1,1,0,lexer=0/1,3,src/abap/1_lexer/tokens/abstract_token.ts.AbstractToken.start:classref<src/position.ts.Position>,1,,src/abap/2_statements/expand_macros.ts:252:18 instanceof/class test through classref<src/abap/1_lexer/tokens/abstract_token.ts.AbstractToken> [src/abap/2_statements/expand_macros.ts.ExpandMacros::findName/body/s2/body/s0/else/x/0],,,1,64
src/abap/1_lexer/tokens/wparen_rightw.ts.WParenRightW,Z_SRC_ABAP_1_L_84A98CE5F498E0,src/abap/1_lexer/tokens/wparen_rightw.ts:4:1,fail:unproven,src/config.ts:11:3 potential transitive/alias write (Grace site_writes) [src/config.ts.Config::getDefault/body/s3/x/1/seq/s1/x],fail,src/abap/2_statements/combi.ts:120:14 potential dynamic class operation: object.classOf [src/abap/2_statements/combi.ts.Token::run/body/s1/body/s0/x/1/0],fail:unproven,harness/registry_run.ts:48:11 potential assigned to mixed supertype/interface dynamic [harness/registry_run.ts.RegistryRun::parse/body/s8/body/s1/x/seq/s1],pass,src/_iddic_references.ts:4:1 optional<classref<src/abap/1_lexer/tokens/abstract_token.ts.AbstractToken>> (explicit absent flag required),pass,,src/abap/1_lexer/tokens/abstract_token.ts.AbstractToken.start:classref<src/position.ts.Position>; src/abap/1_lexer/tokens/abstract_token.ts.AbstractToken.str:string; src/abap/1_lexer/tokens/abstract_token.ts.AbstractToken.strUpper:string,40,3,true,false,1,0,1,1,0,lexer=0/1,3,src/abap/1_lexer/tokens/abstract_token.ts.AbstractToken.start:classref<src/position.ts.Position>,1,,src/abap/2_statements/expand_macros.ts:252:18 instanceof/class test through classref<src/abap/1_lexer/tokens/abstract_token.ts.AbstractToken> [src/abap/2_statements/expand_macros.ts.ExpandMacros::findName/body/s2/body/s0/else/x/0],,,1,65
src/abap/1_lexer/tokens/wplus.ts.WPlus,Z_SRC_ABAP_1_L_08CEB0A703EF6D,src/abap/1_lexer/tokens/wplus.ts:4:1,fail:unproven,src/config.ts:11:3 potential transitive/alias write (Grace site_writes) [src/config.ts.Config::getDefault/body/s3/x/1/seq/s1/x],fail,src/abap/2_statements/combi.ts:120:14 potential dynamic class operation: object.classOf [src/abap/2_statements/combi.ts.Token::run/body/s1/body/s0/x/1/0],fail:unproven,harness/registry_run.ts:48:11 potential assigned to mixed supertype/interface dynamic [harness/registry_run.ts.RegistryRun::parse/body/s8/body/s1/x/seq/s1],pass,src/_iddic_references.ts:4:1 optional<classref<src/abap/1_lexer/tokens/abstract_token.ts.AbstractToken>> (explicit absent flag required),pass,,src/abap/1_lexer/tokens/abstract_token.ts.AbstractToken.start:classref<src/position.ts.Position>; src/abap/1_lexer/tokens/abstract_token.ts.AbstractToken.str:string; src/abap/1_lexer/tokens/abstract_token.ts.AbstractToken.strUpper:string,40,3,true,false,1,0,1,1,0,lexer=0/1,3,src/abap/1_lexer/tokens/abstract_token.ts.AbstractToken.start:classref<src/position.ts.Position>,1,,src/abap/2_statements/expand_macros.ts:252:18 instanceof/class test through classref<src/abap/1_lexer/tokens/abstract_token.ts.AbstractToken> [src/abap/2_statements/expand_macros.ts.ExpandMacros::findName/body/s2/body/s0/else/x/0],,,1,66
src/abap/1_lexer/tokens/wplusw.ts.WPlusW,Z_SRC_ABAP_1_L_3DFF95359C8020,src/abap/1_lexer/tokens/wplusw.ts:4:1,fail:unproven,src/config.ts:11:3 potential transitive/alias write (Grace site_writes) [src/config.ts.Config::getDefault/body/s3/x/1/seq/s1/x],fail,src/abap/2_statements/combi.ts:120:14 potential dynamic class operation: object.classOf [src/abap/2_statements/combi.ts.Token::run/body/s1/body/s0/x/1/0],fail:unproven,harness/registry_run.ts:48:11 potential assigned to mixed supertype/interface dynamic [harness/registry_run.ts.RegistryRun::parse/body/s8/body/s1/x/seq/s1],pass,src/_iddic_references.ts:4:1 optional<classref<src/abap/1_lexer/tokens/abstract_token.ts.AbstractToken>> (explicit absent flag required),pass,,src/abap/1_lexer/tokens/abstract_token.ts.AbstractToken.start:classref<src/position.ts.Position>; src/abap/1_lexer/tokens/abstract_token.ts.AbstractToken.str:string; src/abap/1_lexer/tokens/abstract_token.ts.AbstractToken.strUpper:string,40,3,true,false,1,0,1,1,0,lexer=0/1,3,src/abap/1_lexer/tokens/abstract_token.ts.AbstractToken.start:classref<src/position.ts.Position>,1,,src/abap/2_statements/expand_macros.ts:252:18 instanceof/class test through classref<src/abap/1_lexer/tokens/abstract_token.ts.AbstractToken> [src/abap/2_statements/expand_macros.ts.ExpandMacros::findName/body/s2/body/s0/else/x/0],,,1,67
src/abap/1_lexer/tokens/wstatic_arrow.ts.WStaticArrow,Z_SRC_ABAP_1_L_B5821CA74B99E9,src/abap/1_lexer/tokens/wstatic_arrow.ts:4:1,fail:unproven,src/config.ts:11:3 potential transitive/alias write (Grace site_writes) [src/config.ts.Config::getDefault/body/s3/x/1/seq/s1/x],fail,src/abap/2_statements/combi.ts:120:14 potential dynamic class operation: object.classOf [src/abap/2_statements/combi.ts.Token::run/body/s1/body/s0/x/1/0],fail:unproven,harness/registry_run.ts:48:11 potential assigned to mixed supertype/interface dynamic [harness/registry_run.ts.RegistryRun::parse/body/s8/body/s1/x/seq/s1],pass,src/_iddic_references.ts:4:1 optional<classref<src/abap/1_lexer/tokens/abstract_token.ts.AbstractToken>> (explicit absent flag required),pass,,src/abap/1_lexer/tokens/abstract_token.ts.AbstractToken.start:classref<src/position.ts.Position>; src/abap/1_lexer/tokens/abstract_token.ts.AbstractToken.str:string; src/abap/1_lexer/tokens/abstract_token.ts.AbstractToken.strUpper:string,40,3,true,false,1,0,1,1,0,lexer=0/1,3,src/abap/1_lexer/tokens/abstract_token.ts.AbstractToken.start:classref<src/position.ts.Position>,1,,src/abap/2_statements/expand_macros.ts:252:18 instanceof/class test through classref<src/abap/1_lexer/tokens/abstract_token.ts.AbstractToken> [src/abap/2_statements/expand_macros.ts.ExpandMacros::findName/body/s2/body/s0/else/x/0],,,1,68
src/abap/1_lexer/tokens/wstatic_arroww.ts.WStaticArrowW,Z_SRC_ABAP_1_L_A45FFFF9CEC45C,src/abap/1_lexer/tokens/wstatic_arroww.ts:4:1,fail:unproven,src/config.ts:11:3 potential transitive/alias write (Grace site_writes) [src/config.ts.Config::getDefault/body/s3/x/1/seq/s1/x],fail,src/abap/2_statements/combi.ts:120:14 potential dynamic class operation: object.classOf [src/abap/2_statements/combi.ts.Token::run/body/s1/body/s0/x/1/0],fail:unproven,harness/registry_run.ts:48:11 potential assigned to mixed supertype/interface dynamic [harness/registry_run.ts.RegistryRun::parse/body/s8/body/s1/x/seq/s1],pass,src/_iddic_references.ts:4:1 optional<classref<src/abap/1_lexer/tokens/abstract_token.ts.AbstractToken>> (explicit absent flag required),pass,,src/abap/1_lexer/tokens/abstract_token.ts.AbstractToken.start:classref<src/position.ts.Position>; src/abap/1_lexer/tokens/abstract_token.ts.AbstractToken.str:string; src/abap/1_lexer/tokens/abstract_token.ts.AbstractToken.strUpper:string,40,3,true,false,1,0,1,1,0,lexer=0/1,3,src/abap/1_lexer/tokens/abstract_token.ts.AbstractToken.start:classref<src/position.ts.Position>,1,,src/abap/2_statements/expand_macros.ts:252:18 instanceof/class test through classref<src/abap/1_lexer/tokens/abstract_token.ts.AbstractToken> [src/abap/2_statements/expand_macros.ts.ExpandMacros::findName/body/s2/body/s0/else/x/0],,,1,69
src/abap/2_statements/combi.ts.Alternative,Z_SRC_ABAP_2_S_24BEEEBA121AE8,src/abap/2_statements/combi.ts:877:1,fail:unproven,src/abap/2_statements/combi.ts:175:51 potential transitive/alias write (Grace site_writes) [src/abap/2_statements/combi.ts.Vers::run/body/s0/body/s0/body/s0/x],fail,src/abap/2_statements/_select_reclassify.ts:18:9 instanceof/class test through interfaceref<src/abap/2_statements/statement_runnable.ts.IStatementRunnable> [src/abap/2_statements/_select_reclassify.ts.module::containsAggregation/body/s0/s0/body/s1/x],fail:unproven,harness/registry_run.ts:48:11 potential assigned to mixed supertype/interface dynamic [harness/registry_run.ts.RegistryRun::parse/body/s8/body/s1/x/seq/s1],pass,src/abap/2_statements/combi.ts:700:3 optional<interfaceref<src/abap/2_statements/statement_runnable.ts.IStatementRunnable>> (explicit absent flag required),pass,,src/abap/2_statements/combi.ts.Alternative.list:array<interfaceref<src/abap/2_statements/statement_runnable.ts.IStatementRunnable>>,8,1,true,false,1,0,1,1,0,statements/combi.module=0/1,1,src/abap/2_statements/combi.ts.Alternative.list:array<interfaceref<src/abap/2_statements/statement_runnable.ts.IStatementRunnable>>,1,,src/abap/2_statements/_select_reclassify.ts:18:9 instanceof/class test through interfaceref<src/abap/2_statements/statement_runnable.ts.IStatementRunnable> [src/abap/2_statements/_select_reclassify.ts.module::containsAggregation/body/s0/s0/body/s1/x],,,1,70
src/abap/2_statements/combi.ts.AlternativePriority,Z_SRC_ABAP_2_S_97ADC9EFEFB8D1,src/abap/2_statements/combi.ts:948:1,fail:unproven,src/abap/2_statements/combi.ts:175:51 potential transitive/alias write (Grace site_writes) [src/abap/2_statements/combi.ts.Vers::run/body/s0/body/s0/body/s0/x],fail,src/abap/2_statements/_select_reclassify.ts:18:9 instanceof/class test through interfaceref<src/abap/2_statements/statement_runnable.ts.IStatementRunnable> [src/abap/2_statements/_select_reclassify.ts.module::containsAggregation/body/s0/s0/body/s1/x],fail:unproven,harness/registry_run.ts:48:11 potential assigned to mixed supertype/interface dynamic [harness/registry_run.ts.RegistryRun::parse/body/s8/body/s1/x/seq/s1],pass,src/abap/2_statements/combi.ts:700:3 optional<interfaceref<src/abap/2_statements/statement_runnable.ts.IStatementRunnable>> (explicit absent flag required),pass,,src/abap/2_statements/combi.ts.AlternativePriority.list:array<interfaceref<src/abap/2_statements/statement_runnable.ts.IStatementRunnable>>,8,1,true,false,1,0,1,1,0,statements/combi.module=0/1,1,src/abap/2_statements/combi.ts.AlternativePriority.list:array<interfaceref<src/abap/2_statements/statement_runnable.ts.IStatementRunnable>>,1,,src/abap/2_statements/_select_reclassify.ts:18:9 instanceof/class test through interfaceref<src/abap/2_statements/statement_runnable.ts.IStatementRunnable> [src/abap/2_statements/_select_reclassify.ts.module::containsAggregation/body/s0/s0/body/s1/x],,,1,71
src/abap/2_statements/combi.ts.FailCombinator,Z_SRC_ABAP_2_S_732A01C9A5C05C,src/abap/2_statements/combi.ts:822:1,fail:unproven,src/abap/2_statements/combi.ts:175:51 potential transitive/alias write (Grace site_writes) [src/abap/2_statements/combi.ts.Vers::run/body/s0/body/s0/body/s0/x],fail,src/abap/2_statements/_select_reclassify.ts:18:9 instanceof/class test through interfaceref<src/abap/2_statements/statement_runnable.ts.IStatementRunnable> [src/abap/2_statements/_select_reclassify.ts.module::containsAggregation/body/s0/s0/body/s1/x],fail:unproven,harness/registry_run.ts:48:11 potential assigned to mixed supertype/interface dynamic [harness/registry_run.ts.RegistryRun::parse/body/s8/body/s1/x/seq/s1],pass,src/abap/2_statements/combi.ts:700:3 optional<interfaceref<src/abap/2_statements/statement_runnable.ts.IStatementRunnable>> (explicit absent flag required),pass,,,0,0,true,false,1,0,1,1,0,statements/combi.module=0/1,0,,1,,src/abap/2_statements/_select_reclassify.ts:18:9 instanceof/class test through interfaceref<src/abap/2_statements/statement_runnable.ts.IStatementRunnable> [src/abap/2_statements/_select_reclassify.ts.module::containsAggregation/body/s0/s0/body/s1/x],,,1,72
src/abap/2_statements/combi.ts.LangVers,Z_SRC_ABAP_2_S_AB8F420B1AEB2A,src/abap/2_statements/combi.ts:216:1,fail:unproven,src/abap/2_statements/combi.ts:175:51 potential transitive/alias write (Grace site_writes) [src/abap/2_statements/combi.ts.Vers::run/body/s0/body/s0/body/s0/x],fail,src/abap/2_statements/_select_reclassify.ts:18:9 instanceof/class test through interfaceref<src/abap/2_statements/statement_runnable.ts.IStatementRunnable> [src/abap/2_statements/_select_reclassify.ts.module::containsAggregation/body/s0/s0/body/s1/x],fail:unproven,harness/registry_run.ts:48:11 potential assigned to mixed supertype/interface dynamic [harness/registry_run.ts.RegistryRun::parse/body/s8/body/s1/x/seq/s1],pass,src/abap/2_statements/combi.ts:700:3 optional<interfaceref<src/abap/2_statements/statement_runnable.ts.IStatementRunnable>> (explicit absent flag required),pass,,src/abap/2_statements/combi.ts.LangVers.langVersion:string; src/abap/2_statements/combi.ts.LangVers.runnable:interfaceref<src/abap/2_statements/statement_runnable.ts.IStatementRunnable>,24,2,true,false,1,0,1,1,0,statements/combi.module=0/1,2,src/abap/2_statements/combi.ts.LangVers.runnable:interfaceref<src/abap/2_statements/statement_runnable.ts.IStatementRunnable>,1,,src/abap/2_statements/_select_reclassify.ts:18:9 instanceof/class test through interfaceref<src/abap/2_statements/statement_runnable.ts.IStatementRunnable> [src/abap/2_statements/_select_reclassify.ts.module::containsAggregation/body/s0/s0/body/s1/x],,,1,73
src/abap/2_statements/combi.ts.LangVersNot,Z_SRC_ABAP_2_S_A02223AE22A685,src/abap/2_statements/combi.ts:259:1,fail:unproven,src/abap/2_statements/combi.ts:175:51 potential transitive/alias write (Grace site_writes) [src/abap/2_statements/combi.ts.Vers::run/body/s0/body/s0/body/s0/x],fail,src/abap/2_statements/_select_reclassify.ts:18:9 instanceof/class test through interfaceref<src/abap/2_statements/statement_runnable.ts.IStatementRunnable> [src/abap/2_statements/_select_reclassify.ts.module::containsAggregation/body/s0/s0/body/s1/x],fail:unproven,harness/registry_run.ts:48:11 potential assigned to mixed supertype/interface dynamic [harness/registry_run.ts.RegistryRun::parse/body/s8/body/s1/x/seq/s1],pass,src/abap/2_statements/combi.ts:700:3 optional<interfaceref<src/abap/2_statements/statement_runnable.ts.IStatementRunnable>> (explicit absent flag required),pass,,src/abap/2_statements/combi.ts.LangVersNot.langVersion:string; src/abap/2_statements/combi.ts.LangVersNot.runnable:interfaceref<src/abap/2_statements/statement_runnable.ts.IStatementRunnable>,24,2,true,false,1,0,1,1,0,statements/combi.module=0/1,2,src/abap/2_statements/combi.ts.LangVersNot.runnable:interfaceref<src/abap/2_statements/statement_runnable.ts.IStatementRunnable>,1,,src/abap/2_statements/_select_reclassify.ts:18:9 instanceof/class test through interfaceref<src/abap/2_statements/statement_runnable.ts.IStatementRunnable> [src/abap/2_statements/_select_reclassify.ts.module::containsAggregation/body/s0/s0/body/s1/x],,,1,74
src/abap/2_statements/combi.ts.Optional,Z_SRC_ABAP_2_S_3F6CEDD45DCD83,src/abap/2_statements/combi.ts:350:1,fail:unproven,src/abap/2_statements/combi.ts:175:51 potential transitive/alias write (Grace site_writes) [src/abap/2_statements/combi.ts.Vers::run/body/s0/body/s0/body/s0/x],fail,src/abap/2_statements/_select_reclassify.ts:18:9 instanceof/class test through interfaceref<src/abap/2_statements/statement_runnable.ts.IStatementRunnable> [src/abap/2_statements/_select_reclassify.ts.module::containsAggregation/body/s0/s0/body/s1/x],fail:unproven,harness/registry_run.ts:48:11 potential assigned to mixed supertype/interface dynamic [harness/registry_run.ts.RegistryRun::parse/body/s8/body/s1/x/seq/s1],pass,src/abap/2_statements/combi.ts:700:3 optional<interfaceref<src/abap/2_statements/statement_runnable.ts.IStatementRunnable>> (explicit absent flag required),pass,,src/abap/2_statements/combi.ts.Optional.optional:interfaceref<src/abap/2_statements/statement_runnable.ts.IStatementRunnable>,8,1,true,false,1,0,1,1,0,statements/combi.module=0/1,1,src/abap/2_statements/combi.ts.Optional.optional:interfaceref<src/abap/2_statements/statement_runnable.ts.IStatementRunnable>,1,,src/abap/2_statements/_select_reclassify.ts:18:9 instanceof/class test through interfaceref<src/abap/2_statements/statement_runnable.ts.IStatementRunnable> [src/abap/2_statements/_select_reclassify.ts.module::containsAggregation/body/s0/s0/body/s1/x],,,1,75
src/abap/2_statements/combi.ts.OptionalPriority,Z_SRC_ABAP_2_S_3D2FC170BDE8BD,src/abap/2_statements/combi.ts:302:1,fail:unproven,src/abap/2_statements/combi.ts:175:51 potential transitive/alias write (Grace site_writes) [src/abap/2_statements/combi.ts.Vers::run/body/s0/body/s0/body/s0/x],fail,src/abap/2_statements/_select_reclassify.ts:18:9 instanceof/class test through interfaceref<src/abap/2_statements/statement_runnable.ts.IStatementRunnable> [src/abap/2_statements/_select_reclassify.ts.module::containsAggregation/body/s0/s0/body/s1/x],fail:unproven,harness/registry_run.ts:48:11 potential assigned to mixed supertype/interface dynamic [harness/registry_run.ts.RegistryRun::parse/body/s8/body/s1/x/seq/s1],pass,src/abap/2_statements/combi.ts:700:3 optional<interfaceref<src/abap/2_statements/statement_runnable.ts.IStatementRunnable>> (explicit absent flag required),pass,,src/abap/2_statements/combi.ts.OptionalPriority.optional:interfaceref<src/abap/2_statements/statement_runnable.ts.IStatementRunnable>,8,1,true,false,1,0,1,1,0,statements/combi.module=0/1,1,src/abap/2_statements/combi.ts.OptionalPriority.optional:interfaceref<src/abap/2_statements/statement_runnable.ts.IStatementRunnable>,1,,src/abap/2_statements/_select_reclassify.ts:18:9 instanceof/class test through interfaceref<src/abap/2_statements/statement_runnable.ts.IStatementRunnable> [src/abap/2_statements/_select_reclassify.ts.module::containsAggregation/body/s0/s0/body/s1/x],,,1,76
src/abap/2_statements/combi.ts.Plus,Z_SRC_ABAP_2_S_ABA624CBA92912,src/abap/2_statements/combi.ts:516:1,fail:unproven,src/abap/2_statements/combi.ts:175:51 potential transitive/alias write (Grace site_writes) [src/abap/2_statements/combi.ts.Vers::run/body/s0/body/s0/body/s0/x],fail,src/abap/2_statements/_select_reclassify.ts:18:9 instanceof/class test through interfaceref<src/abap/2_statements/statement_runnable.ts.IStatementRunnable> [src/abap/2_statements/_select_reclassify.ts.module::containsAggregation/body/s0/s0/body/s1/x],fail:unproven,harness/registry_run.ts:48:11 potential assigned to mixed supertype/interface dynamic [harness/registry_run.ts.RegistryRun::parse/body/s8/body/s1/x/seq/s1],pass,src/abap/2_statements/combi.ts:700:3 optional<interfaceref<src/abap/2_statements/statement_runnable.ts.IStatementRunnable>> (explicit absent flag required),pass,,src/abap/2_statements/combi.ts.Plus.plu:interfaceref<src/abap/2_statements/statement_runnable.ts.IStatementRunnable>; src/abap/2_statements/combi.ts.Plus.sub:classref<src/abap/2_statements/combi.ts.Sequence>,16,2,true,false,1,0,1,1,0,statements/combi.module=0/1,2,src/abap/2_statements/combi.ts.Plus.plu:interfaceref<src/abap/2_statements/statement_runnable.ts.IStatementRunnable>; src/abap/2_statements/combi.ts.Plus.sub:classref<src/abap/2_statements/combi.ts.Sequence>,1,,src/abap/2_statements/_select_reclassify.ts:18:9 instanceof/class test through interfaceref<src/abap/2_statements/statement_runnable.ts.IStatementRunnable> [src/abap/2_statements/_select_reclassify.ts.module::containsAggregation/body/s0/s0/body/s1/x],,,1,77
src/abap/2_statements/combi.ts.PlusPriority,Z_SRC_ABAP_2_S_28771C4976743C,src/abap/2_statements/combi.ts:551:1,fail:unproven,src/abap/2_statements/combi.ts:175:51 potential transitive/alias write (Grace site_writes) [src/abap/2_statements/combi.ts.Vers::run/body/s0/body/s0/body/s0/x],fail,src/abap/2_statements/_select_reclassify.ts:18:9 instanceof/class test through interfaceref<src/abap/2_statements/statement_runnable.ts.IStatementRunnable> [src/abap/2_statements/_select_reclassify.ts.module::containsAggregation/body/s0/s0/body/s1/x],fail:unproven,harness/registry_run.ts:48:11 potential assigned to mixed supertype/interface dynamic [harness/registry_run.ts.RegistryRun::parse/body/s8/body/s1/x/seq/s1],pass,src/abap/2_statements/combi.ts:700:3 optional<interfaceref<src/abap/2_statements/statement_runnable.ts.IStatementRunnable>> (explicit absent flag required),pass,,src/abap/2_statements/combi.ts.PlusPriority.plu:interfaceref<src/abap/2_statements/statement_runnable.ts.IStatementRunnable>; src/abap/2_statements/combi.ts.PlusPriority.sub:classref<src/abap/2_statements/combi.ts.Sequence>,16,2,true,false,1,0,1,1,0,statements/combi.module=0/1,2,src/abap/2_statements/combi.ts.PlusPriority.plu:interfaceref<src/abap/2_statements/statement_runnable.ts.IStatementRunnable>; src/abap/2_statements/combi.ts.PlusPriority.sub:classref<src/abap/2_statements/combi.ts.Sequence>,1,,src/abap/2_statements/_select_reclassify.ts:18:9 instanceof/class test through interfaceref<src/abap/2_statements/statement_runnable.ts.IStatementRunnable> [src/abap/2_statements/_select_reclassify.ts.module::containsAggregation/body/s0/s0/body/s1/x],,,1,78
src/abap/2_statements/combi.ts.Regex,Z_SRC_ABAP_2_S_DA316F761B216A,src/abap/2_statements/combi.ts:10:1,fail:unproven,src/abap/2_statements/combi.ts:175:51 potential transitive/alias write (Grace site_writes) [src/abap/2_statements/combi.ts.Vers::run/body/s0/body/s0/body/s0/x],fail,src/abap/2_statements/_select_reclassify.ts:18:9 instanceof/class test through interfaceref<src/abap/2_statements/statement_runnable.ts.IStatementRunnable> [src/abap/2_statements/_select_reclassify.ts.module::containsAggregation/body/s0/s0/body/s1/x],fail:unproven,harness/registry_run.ts:48:11 potential assigned to mixed supertype/interface dynamic [harness/registry_run.ts.RegistryRun::parse/body/s8/body/s1/x/seq/s1],pass,src/abap/2_statements/combi.ts:700:3 optional<interfaceref<src/abap/2_statements/statement_runnable.ts.IStatementRunnable>> (explicit absent flag required),pass,,src/abap/2_statements/combi.ts.Regex.regexp:regexp,8,1,true,false,1,0,1,1,0,statements/combi.module=0/1,1,src/abap/2_statements/combi.ts.Regex.regexp:regexp,1,,src/abap/2_statements/_select_reclassify.ts:18:9 instanceof/class test through interfaceref<src/abap/2_statements/statement_runnable.ts.IStatementRunnable> [src/abap/2_statements/_select_reclassify.ts.module::containsAggregation/body/s0/s0/body/s1/x],,,1,79
src/abap/2_statements/combi.ts.StopBefore1,Z_SRC_ABAP_2_S_3983C0A0FEB031,src/abap/2_statements/combi.ts:1240:1,fail:unproven,src/abap/2_statements/combi.ts:175:51 potential transitive/alias write (Grace site_writes) [src/abap/2_statements/combi.ts.Vers::run/body/s0/body/s0/body/s0/x],fail,src/abap/2_statements/_select_reclassify.ts:18:9 instanceof/class test through interfaceref<src/abap/2_statements/statement_runnable.ts.IStatementRunnable> [src/abap/2_statements/_select_reclassify.ts.module::containsAggregation/body/s0/s0/body/s1/x],fail:unproven,harness/registry_run.ts:48:11 potential assigned to mixed supertype/interface dynamic [harness/registry_run.ts.RegistryRun::parse/body/s8/body/s1/x/seq/s1],pass,src/abap/2_statements/combi.ts:700:3 optional<interfaceref<src/abap/2_statements/statement_runnable.ts.IStatementRunnable>> (explicit absent flag required),pass,,src/abap/2_statements/combi.ts.StopBefore1.words:array<string>,8,1,true,false,1,0,1,1,0,statements/combi.module=0/1,1,src/abap/2_statements/combi.ts.StopBefore1.words:array<string>,1,,src/abap/2_statements/_select_reclassify.ts:18:9 instanceof/class test through interfaceref<src/abap/2_statements/statement_runnable.ts.IStatementRunnable> [src/abap/2_statements/_select_reclassify.ts.module::containsAggregation/body/s0/s0/body/s1/x],,,1,80
src/abap/2_statements/combi.ts.StopBefore2,Z_SRC_ABAP_2_S_6FED91B31900EC,src/abap/2_statements/combi.ts:1206:1,fail:unproven,src/abap/2_statements/combi.ts:175:51 potential transitive/alias write (Grace site_writes) [src/abap/2_statements/combi.ts.Vers::run/body/s0/body/s0/body/s0/x],fail,src/abap/2_statements/_select_reclassify.ts:18:9 instanceof/class test through interfaceref<src/abap/2_statements/statement_runnable.ts.IStatementRunnable> [src/abap/2_statements/_select_reclassify.ts.module::containsAggregation/body/s0/s0/body/s1/x],fail:unproven,harness/registry_run.ts:48:11 potential assigned to mixed supertype/interface dynamic [harness/registry_run.ts.RegistryRun::parse/body/s8/body/s1/x/seq/s1],pass,src/abap/2_statements/combi.ts:700:3 optional<interfaceref<src/abap/2_statements/statement_runnable.ts.IStatementRunnable>> (explicit absent flag required),pass,,src/abap/2_statements/combi.ts.StopBefore2.t1:string; src/abap/2_statements/combi.ts.StopBefore2.t2:string,32,2,true,false,1,0,1,1,0,statements/combi.module=0/1,2,,1,,src/abap/2_statements/_select_reclassify.ts:18:9 instanceof/class test through interfaceref<src/abap/2_statements/statement_runnable.ts.IStatementRunnable> [src/abap/2_statements/_select_reclassify.ts.module::containsAggregation/body/s0/s0/body/s1/x],,,1,81
src/abap/2_statements/combi.ts.Token,Z_SRC_ABAP_2_S_53E103748B7037,src/abap/2_statements/combi.ts:97:1,fail:unproven,src/abap/2_statements/combi.ts:175:51 potential transitive/alias write (Grace site_writes) [src/abap/2_statements/combi.ts.Vers::run/body/s0/body/s0/body/s0/x],fail,src/abap/2_statements/_select_reclassify.ts:18:9 instanceof/class test through interfaceref<src/abap/2_statements/statement_runnable.ts.IStatementRunnable> [src/abap/2_statements/_select_reclassify.ts.module::containsAggregation/body/s0/s0/body/s1/x],fail:unproven,harness/registry_run.ts:48:11 potential assigned to mixed supertype/interface dynamic [harness/registry_run.ts.RegistryRun::parse/body/s8/body/s1/x/seq/s1],pass,src/abap/2_statements/combi.ts:700:3 optional<interfaceref<src/abap/2_statements/statement_runnable.ts.IStatementRunnable>> (explicit absent flag required),pass,,src/abap/2_statements/combi.ts.Token.name:string; src/abap/2_statements/combi.ts.Token.tokenType:classvalue,24,2,true,false,1,0,1,1,0,statements/combi.module=0/1,2,src/abap/2_statements/combi.ts.Token.tokenType:classvalue,1,,src/abap/2_statements/_select_reclassify.ts:18:9 instanceof/class test through interfaceref<src/abap/2_statements/statement_runnable.ts.IStatementRunnable> [src/abap/2_statements/_select_reclassify.ts.module::containsAggregation/body/s0/s0/body/s1/x],,,1,82
src/abap/2_statements/combi.ts.Vers,Z_SRC_ABAP_2_S_8F706580333F88,src/abap/2_statements/combi.ts:157:1,fail:unproven,src/abap/2_statements/combi.ts:175:51 potential transitive/alias write (Grace site_writes) [src/abap/2_statements/combi.ts.Vers::run/body/s0/body/s0/body/s0/x],fail,src/abap/2_statements/_select_reclassify.ts:18:9 instanceof/class test through interfaceref<src/abap/2_statements/statement_runnable.ts.IStatementRunnable> [src/abap/2_statements/_select_reclassify.ts.module::containsAggregation/body/s0/s0/body/s1/x],fail:unproven,harness/registry_run.ts:48:11 potential assigned to mixed supertype/interface dynamic [harness/registry_run.ts.RegistryRun::parse/body/s8/body/s1/x/seq/s1],pass,src/abap/2_statements/combi.ts:700:3 optional<interfaceref<src/abap/2_statements/statement_runnable.ts.IStatementRunnable>> (explicit absent flag required),pass,,src/abap/2_statements/combi.ts.Vers.also:optional<string>; src/abap/2_statements/combi.ts.Vers.release:classref<src/version.ts.ABAPRelease>; src/abap/2_statements/combi.ts.Vers.runnable:interfaceref<src/abap/2_statements/statement_runnable.ts.IStatementRunnable>,40,3,true,false,1,0,1,1,0,statements/combi.module=0/1,3,src/abap/2_statements/combi.ts.Vers.release:classref<src/version.ts.ABAPRelease>; src/abap/2_statements/combi.ts.Vers.runnable:interfaceref<src/abap/2_statements/statement_runnable.ts.IStatementRunnable>,1,,src/abap/2_statements/_select_reclassify.ts:18:9 instanceof/class test through interfaceref<src/abap/2_statements/statement_runnable.ts.IStatementRunnable> [src/abap/2_statements/_select_reclassify.ts.module::containsAggregation/body/s0/s0/body/s1/x],,,1,83
src/abap/2_statements/combi.ts.WordSequence,Z_SRC_ABAP_2_S_FB7DF741DAA34A,src/abap/2_statements/combi.ts:655:1,fail:unproven,src/abap/2_statements/combi.ts:175:51 potential transitive/alias write (Grace site_writes) [src/abap/2_statements/combi.ts.Vers::run/body/s0/body/s0/body/s0/x],fail,src/abap/2_statements/_select_reclassify.ts:18:9 instanceof/class test through interfaceref<src/abap/2_statements/statement_runnable.ts.IStatementRunnable> [src/abap/2_statements/_select_reclassify.ts.module::containsAggregation/body/s0/s0/body/s1/x],fail:unproven,harness/registry_run.ts:48:11 potential assigned to mixed supertype/interface dynamic [harness/registry_run.ts.RegistryRun::parse/body/s8/body/s1/x/seq/s1],pass,src/abap/2_statements/combi.ts:700:3 optional<interfaceref<src/abap/2_statements/statement_runnable.ts.IStatementRunnable>> (explicit absent flag required),pass,,src/abap/2_statements/combi.ts.WordSequence.seq:classref<src/abap/2_statements/combi.ts.Sequence>; src/abap/2_statements/combi.ts.WordSequence.stri:string; src/abap/2_statements/combi.ts.WordSequence.words:array<interfaceref<src/abap/2_statements/statement_runnable.ts.IStatementRunnable>>,32,3,true,false,1,0,1,1,0,statements/combi.module=0/1,3,src/abap/2_statements/combi.ts.WordSequence.seq:classref<src/abap/2_statements/combi.ts.Sequence>; src/abap/2_statements/combi.ts.WordSequence.words:array<interfaceref<src/abap/2_statements/statement_runnable.ts.IStatementRunnable>>,1,,src/abap/2_statements/_select_reclassify.ts:18:9 instanceof/class test through interfaceref<src/abap/2_statements/statement_runnable.ts.IStatementRunnable> [src/abap/2_statements/_select_reclassify.ts.module::containsAggregation/body/s0/s0/body/s1/x],,,1,84
src/abap/nodes/expression_node.ts.ExpressionNode,Z_SRC_ABAP_NOD_582169980CA52F,src/abap/nodes/expression_node.ts:8:1,fail,src/abap/2_statements/combi.ts:716:24 potential transitive/alias write (Grace site_writes) [src/abap/2_statements/combi.ts.Expression::run/body/s2/body/s1/body/s1/body/s1/x/arg0],fail,src/abap/2_statements/_select_reclassify.ts:15:11 instanceof/class test through interfaceref<union.66719939903e43ae9586894a3271d3c1e0bc1a87886c0b01d3e32f95e19d70c3> [src/abap/2_statements/_select_reclassify.ts.module::containsAggregation/body/s0/s0/body/s0/x/0],fail:unproven,harness/registry_run.ts:48:11 potential assigned to mixed supertype/interface dynamic [harness/registry_run.ts.RegistryRun::parse/body/s8/body/s1/x/seq/s1],pass,src/abap/2_statements/_select_reclassify.ts:13:1 optional<classref<src/abap/nodes/expression_node.ts.ExpressionNode>> (explicit absent flag required),pass,,src/abap/nodes/_abstract_node.ts.AbstractNode.children:array<interfaceref<src/abap/nodes/_inode.ts.INode>>; src/abap/nodes/expression_node.ts.ExpressionNode.expression:interfaceref<src/abap/2_statements/statement_runnable.ts.IStatementRunnable>; src/abap/nodes/expression_node.ts.ExpressionNode.tokenCount:i64,24,2,true,false,1,1,0,1,0,statements/combi.Expression=1/0,3,src/abap/nodes/_abstract_node.ts.AbstractNode.children:array<interfaceref<src/abap/nodes/_inode.ts.INode>>; src/abap/nodes/expression_node.ts.ExpressionNode.expression:interfaceref<src/abap/2_statements/statement_runnable.ts.IStatementRunnable>,1,src/abap/nodes/_abstract_node.ts:20:7 field write outside own constructor: .children [src/abap/nodes/_abstract_node.ts.AbstractNode::addChild/body/s0/body/s0],src/abap/2_statements/_select_reclassify.ts:15:11 instanceof/class test through interfaceref<union.66719939903e43ae9586894a3271d3c1e0bc1a87886c0b01d3e32f95e19d70c3> [src/abap/2_statements/_select_reclassify.ts.module::containsAggregation/body/s0/s0/body/s0/x/0],,,1,85
src/virtual_position.ts.VirtualPosition,Z_SRC_VIRTUAL__1D807B7E8348DE,src/virtual_position.ts:5:1,fail:unproven,src/config.ts:11:3 potential transitive/alias write (Grace site_writes) [src/config.ts.Config::getDefault/body/s3/x/1/seq/s1/x],fail,src/abap/5_syntax/basic_types.ts:318:9 potential checked reference downcast/class test: classref<builtin.object> -> interfaceref<union.b0cca55c305e36aad6ac97cff639b1a53864af4d14fda7e802443bbbd8b7aee7> [src/abap/5_syntax/basic_types.ts.BasicTypes::simpleType/body/s6/x/0],fail:unproven,harness/registry_run.ts:48:11 potential assigned to mixed supertype/interface dynamic [harness/registry_run.ts.RegistryRun::parse/body/s8/body/s1/x/seq/s1],pass,src/abap/1_lexer/lexer.ts:58:3 optional<classref<src/position.ts.Position>> (explicit absent flag required),pass,,src/position.ts.Position.col:i64; src/position.ts.Position.row:i64; src/virtual_position.ts.VirtualPosition.vcol:i64; src/virtual_position.ts.VirtualPosition.vrow:i64,32,0,true,false,1,0,1,1,0,lexer=0/1,4,,1,,src/issue.ts:142:9 instanceof/class test through classref<src/position.ts.Position> [src/issue.ts.Issue::constructor/body/s1/x],,,1,86
src/abap/1_lexer/tokens/abstract_token.ts.AbstractToken,Z_SRC_ABAP_1_L_506101B34E5CC0,src/abap/1_lexer/tokens/abstract_token.ts:3:1,fail:unproven,src/config.ts:11:3 potential transitive/alias write (Grace site_writes) [src/config.ts.Config::getDefault/body/s3/x/1/seq/s1/x],fail,src/abap/2_statements/combi.ts:120:14 dynamic class operation: object.classOf [src/abap/2_statements/combi.ts.Token::run/body/s1/body/s0/x/1/0],fail,harness/registry_run.ts:48:11 potential assigned to mixed supertype/interface dynamic [harness/registry_run.ts.RegistryRun::parse/body/s8/body/s1/x/seq/s1],pass,src/_iddic_references.ts:4:1 optional<classref<src/abap/1_lexer/tokens/abstract_token.ts.AbstractToken>> (explicit absent flag required),pass,,src/abap/1_lexer/tokens/abstract_token.ts.AbstractToken.start:classref<src/position.ts.Position>; src/abap/1_lexer/tokens/abstract_token.ts.AbstractToken.str:string; src/abap/1_lexer/tokens/abstract_token.ts.AbstractToken.strUpper:string,40,3,true,false,0,0,0,0,0,,3,src/abap/1_lexer/tokens/abstract_token.ts.AbstractToken.start:classref<src/position.ts.Position>,1,,src/abap/2_statements/combi.ts:120:14 dynamic class operation: object.classOf [src/abap/2_statements/combi.ts.Token::run/body/s1/body/s0/x/1/0],src/abap/1_lexer/tokens/abstract_token.ts:3:1 abstract class [src/abap/1_lexer/tokens/abstract_token.ts.AbstractToken],,1,87
src/abap/2_statements/combi.ts.Combi,Z_SRC_ABAP_2_S_2C7826798D9E5A,src/abap/2_statements/combi.ts:1023:1,fail,src/abap/2_statements/combi.ts:1057:5 static field write outside constructor/initializer: src/abap/2_statements/combi.ts.Combi.langVer [src/abap/2_statements/combi.ts.Combi::run/body/s1/s0],fail:unproven,src/abap/5_syntax/basic_types.ts:318:9 potential checked reference downcast/class test: classref<builtin.object> -> interfaceref<union.b0cca55c305e36aad6ac97cff639b1a53864af4d14fda7e802443bbbd8b7aee7> [src/abap/5_syntax/basic_types.ts.BasicTypes::simpleType/body/s6/x/0],fail:unproven,harness/registry_run.ts:48:11 potential assigned to mixed supertype/interface dynamic [harness/registry_run.ts.RegistryRun::parse/body/s8/body/s1/x/seq/s1],pass,harness/registry_run.ts:48:11 optional<dynamic> (explicit absent flag required),pass,,,0,0,true,false,0,0,0,0,0,,0,,1,src/abap/2_statements/combi.ts:1057:5 static field write outside constructor/initializer: src/abap/2_statements/combi.ts.Combi.langVer [src/abap/2_statements/combi.ts.Combi::run/body/s1/s0],,,,1,88
src/abap/2_statements/combi.ts.Expression,Z_SRC_ABAP_2_S_4228F5CCB84481,src/abap/2_statements/combi.ts:699:1,fail,src/abap/2_statements/combi.ts:175:51 potential transitive/alias write (Grace site_writes) [src/abap/2_statements/combi.ts.Vers::run/body/s0/body/s0/body/s0/x],fail,src/abap/2_statements/_select_reclassify.ts:18:9 instanceof/class test through interfaceref<src/abap/2_statements/statement_runnable.ts.IStatementRunnable> [src/abap/2_statements/_select_reclassify.ts.module::containsAggregation/body/s0/s0/body/s1/x],fail,harness/registry_run.ts:48:11 potential assigned to mixed supertype/interface dynamic [harness/registry_run.ts.RegistryRun::parse/body/s8/body/s1/x/seq/s1],pass,src/abap/2_statements/combi.ts:1125:1 optional<classref<src/abap/2_statements/combi.ts.Expression>> (explicit absent flag required),pass,,src/abap/2_statements/combi.ts.Expression.runnable:optional<interfaceref<src/abap/2_statements/statement_runnable.ts.IStatementRunnable>>,16,1,true,false,0,0,0,0,0,,1,src/abap/2_statements/combi.ts.Expression.runnable:optional<interfaceref<src/abap/2_statements/statement_runnable.ts.IStatementRunnable>>,2,src/abap/2_statements/combi.ts:706:7 field write outside own constructor: .runnable [src/abap/2_statements/combi.ts.Expression::run/body/s1/body/s0],src/abap/2_statements/_select_reclassify.ts:18:9 instanceof/class test through interfaceref<src/abap/2_statements/statement_runnable.ts.IStatementRunnable> [src/abap/2_statements/_select_reclassify.ts.module::containsAggregation/body/s0/s0/body/s1/x],src/abap/2_statements/combi.ts:699:1 abstract class [src/abap/2_statements/combi.ts.Expression],,1,89
src/abap/2_statements/combi.ts.FailCombinatorError,Z_SRC_ABAP_2_S_E9C68C45B277EA,src/abap/2_statements/combi.ts:814:1,fail:unproven,src/config.ts:11:3 potential transitive/alias write (Grace site_writes) [src/config.ts.Config::getDefault/body/s3/x/1/seq/s1/x],fail,src/abap/2_statements/combi.ts:435:11 instanceof/class test through classref<builtin.Error> [src/abap/2_statements/combi.ts.Star::run/body/s1/else/s0/x],fail:unproven,harness/registry_run.ts:48:11 potential assigned to mixed supertype/interface dynamic [harness/registry_run.ts.RegistryRun::parse/body/s8/body/s1/x/seq/s1],pass,harness/registry_run.ts:48:11 optional<dynamic> (explicit absent flag required),pass,,builtin.Error.message:string,16,1,true,false,0,0,0,0,0,,1,,1,,src/abap/2_statements/combi.ts:435:11 instanceof/class test through classref<builtin.Error> [src/abap/2_statements/combi.ts.Star::run/body/s1/else/s0/x],,,1,90
src/abap/2_statements/combi.ts.FailStarError,Z_SRC_ABAP_2_S_D3562C97FC1358,src/abap/2_statements/combi.ts:818:1,fail:unproven,src/config.ts:11:3 potential transitive/alias write (Grace site_writes) [src/config.ts.Config::getDefault/body/s3/x/1/seq/s1/x],fail,src/abap/2_statements/combi.ts:435:11 instanceof/class test through classref<builtin.Error> [src/abap/2_statements/combi.ts.Star::run/body/s1/else/s0/x],fail:unproven,harness/registry_run.ts:48:11 potential assigned to mixed supertype/interface dynamic [harness/registry_run.ts.RegistryRun::parse/body/s8/body/s1/x/seq/s1],pass,harness/registry_run.ts:48:11 optional<dynamic> (explicit absent flag required),pass,,builtin.Error.message:string,16,1,true,false,0,0,0,0,0,,1,,1,,src/abap/2_statements/combi.ts:435:11 instanceof/class test through classref<builtin.Error> [src/abap/2_statements/combi.ts.Star::run/body/s1/else/s0/x],,,1,91
src/abap/4_file_information/_identifier.ts.Identifier,Z_SRC_ABAP_4_F_22CE177ABC93E9,src/abap/4_file_information/_identifier.ts:4:1,fail:unproven,src/config.ts:11:3 potential transitive/alias write (Grace site_writes) [src/config.ts.Config::getDefault/body/s3/x/1/seq/s1/x],fail,src/abap/5_syntax/_type_utils.ts:154:11 instanceof/class test through classref<src/abap/4_file_information/_identifier.ts.Identifier> [src/abap/5_syntax/_type_utils.ts.TypeUtils::isOOAssignable/body/s5/x/0/0],fail,harness/registry_run.ts:48:11 potential assigned to mixed supertype/interface dynamic [harness/registry_run.ts.RegistryRun::parse/body/s8/body/s1/x/seq/s1],pass,src/abap/5_syntax/_current_scope.ts:236:3 optional<classref<src/abap/4_file_information/_identifier.ts.Identifier>> (explicit absent flag required),pass,,src/abap/4_file_information/_identifier.ts.Identifier.filename:string; src/abap/4_file_information/_identifier.ts.Identifier.token:classref<src/abap/1_lexer/tokens/abstract_token.ts.AbstractToken>,24,2,true,false,17,15,2,0,0,other=14/1; syntax=1/1,2,src/abap/4_file_information/_identifier.ts.Identifier.token:classref<src/abap/1_lexer/tokens/abstract_token.ts.AbstractToken>,1,,src/abap/5_syntax/_type_utils.ts:154:11 instanceof/class test through classref<src/abap/4_file_information/_identifier.ts.Identifier> [src/abap/5_syntax/_type_utils.ts.TypeUtils::isOOAssignable/body/s5/x/0/0],src/abap/5_syntax/_builtin.ts:23:1 subclass src/abap/5_syntax/_builtin.ts.BuiltInMethod [src/abap/5_syntax/_builtin.ts.BuiltInMethod],,1,92
