caller,site,source,stage,operation,element_type,storage_family,read_type,loop_depth,profile_6_class,casts_today,casts_removed_same_view,casts_without_cross_view,closed_world_proof,row_class_upper_bound,array_element_views
closure.106339::call,closure.106339::call/body/s7/s2/x,src/abap/5_syntax/statements/perform.ts:86:22,other,array.concat,classref<src/abap/types/_typed_identifier.ts.TypedIdentifier>,shared object table,,0,false,0,0,0,exact,class:src/abap/types/_typed_identifier.ts.TypedIdentifier,classref<src/abap/types/_typed_identifier.ts.TypedIdentifier>
closure.106339::call,closure.106339::call/body/s7/s3/x/arg1,src/abap/5_syntax/statements/perform.ts:87:34,other,array.concat,classref<src/abap/5_syntax/statements/perform.ts.Parameter>,shared object table,,0,false,0,0,0,exact,class:src/abap/5_syntax/statements/perform.ts.Parameter,classref<src/abap/5_syntax/statements/perform.ts.Parameter>
harness/registry_run.ts.RegistryRun::constructor,harness/registry_run.ts.RegistryRun::constructor/body/s0/y,harness/registry_run.ts:16:42,other,new,classref<src/files/memory_file.ts.MemoryFile>,shared object table,,0,false,0,0,0,exact,class:src/files/memory_file.ts.MemoryFile,classref<src/files/memory_file.ts.MemoryFile>;interfaceref<src/files/_ifile.ts.IFile>
harness/registry_run.ts.RegistryRun::constructor,harness/registry_run.ts.RegistryRun::constructor/body/s1/y,harness/registry_run.ts:17:49,other,new,classref<src/files/memory_file.ts.MemoryFile>,shared object table,,0,false,0,0,0,exact,class:src/files/memory_file.ts.MemoryFile,classref<src/files/memory_file.ts.MemoryFile>;interfaceref<src/files/_ifile.ts.IFile>
harness/registry_run.ts.RegistryRun::parse,harness/registry_run.ts.RegistryRun::parse/body/s8,harness/registry_run.ts:46:5,other,foreach,interfaceref<src/objects/_iobject.ts.IObject>,shared object table,interfaceref<src/objects/_iobject.ts.IObject>,1,false,1,1,1,no non-null rows resolved (not an exact proof),,interfaceref<src/objects/_iobject.ts.IObject>
harness/registry_run.ts.RegistryRun::report,harness/registry_run.ts.RegistryRun::report/body/s12/s1/body/s0/s0/y/arg0/0/0/0/arg0/0/0,harness/registry_run.ts:91:24,other,index,interfaceref<src/rules/_irule.ts.IRule>,shared object table,interfaceref<src/rules/_irule.ts.IRule>,1,false,1,1,1,no non-null rows resolved (not an exact proof),,interfaceref<src/rules/_irule.ts.IRule>
harness/registry_run.ts.RegistryRun::report,harness/registry_run.ts.RegistryRun::report/body/s15,harness/registry_run.ts:95:5,other,foreach,classref<src/issue.ts.Issue>,shared object table,classref<src/issue.ts.Issue>,1,false,1,1,1,hierarchy/mixed upper bound,class:src/abap/4_file_information/_abap_file_information.ts.InfoInterfaceDefinition;class:src/issue.ts.Issue,classref<src/issue.ts.Issue>
harness/registry_run.ts.RegistryRun::report,harness/registry_run.ts.RegistryRun::report/body/s4,harness/registry_run.ts:68:5,other,foreach,interfaceref<src/objects/_iobject.ts.IObject>,shared object table,interfaceref<src/objects/_iobject.ts.IObject>,1,false,1,1,1,no non-null rows resolved (not an exact proof),,interfaceref<src/objects/_iobject.ts.IObject>
harness/registry_run.ts.RegistryRun::report,harness/registry_run.ts.RegistryRun::report/body/s7,harness/registry_run.ts:75:5,other,foreach,interfaceref<src/rules/_irule.ts.IRule>,shared object table,interfaceref<src/rules/_irule.ts.IRule>,1,false,1,1,1,no non-null rows resolved (not an exact proof),,interfaceref<src/rules/_irule.ts.IRule>
harness/registry_run.ts.RegistryRun::report,harness/registry_run.ts.RegistryRun::report/body/s8/x,harness/registry_run.ts:80:28,other,new,classref<src/issue.ts.Issue>,shared object table,,0,false,0,0,0,hierarchy/mixed upper bound,class:src/abap/4_file_information/_abap_file_information.ts.InfoInterfaceDefinition;class:src/issue.ts.Issue,classref<src/issue.ts.Issue>
harness/registry_run.ts.RegistryRun::report,harness/registry_run.ts.RegistryRun::report/body/s9,harness/registry_run.ts:81:5,other,foreach,interfaceref<src/objects/_iobject.ts.IObject>,shared object table,interfaceref<src/objects/_iobject.ts.IObject>,1,false,1,1,1,no non-null rows resolved (not an exact proof),,interfaceref<src/objects/_iobject.ts.IObject>
harness/registry_run.ts.RegistryRun::report,harness/registry_run.ts.RegistryRun::report/body/s9/body/s0/s1/body/s0/s1/x/seq/s0,harness/registry_run.ts:84:9,other,foreach,classref<src/issue.ts.Issue>,shared object table,classref<src/issue.ts.Issue>,3,false,1,1,1,hierarchy/mixed upper bound,class:src/abap/4_file_information/_abap_file_information.ts.InfoInterfaceDefinition;class:src/issue.ts.Issue,classref<src/issue.ts.Issue>
harness/registry_run.ts.RegistryRun::report,harness/registry_run.ts.RegistryRun::report/body/s9/body/s0/s1/body/s0/s1/x/seq/s0/x/0,harness/registry_run.ts:84:23,other,index,interfaceref<src/rules/_irule.ts.IRule>,shared object table,interfaceref<src/rules/_irule.ts.IRule>,2,false,1,1,1,no non-null rows resolved (not an exact proof),,interfaceref<src/rules/_irule.ts.IRule>
src/abap/1_lexer/lexer.ts.Lexer::run,src/abap/1_lexer/lexer.ts.Lexer::run/body/s1/y,src/abap/1_lexer/lexer.ts:66:19,lexer,new,classref<src/abap/1_lexer/tokens/abstract_token.ts.AbstractToken>,shared object table,,0,false,0,0,0,hierarchy/mixed upper bound,class:src/abap/1_lexer/tokens/association_name.ts.AssociationName;class:src/abap/1_lexer/tokens/at.ts.At;class:src/abap/1_lexer/tokens/atw.ts.AtW;class:src/abap/1_lexer/tokens/bracket_left.ts.BracketLeft;class:src/abap/1_lexer/tokens/bracket_leftw.ts.BracketLeftW;class:src/abap/1_lexer/tokens/bracket_right.ts.BracketRight;class:src/abap/1_lexer/tokens/bracket_rightw.ts.BracketRightW;class:src/abap/1_lexer/tokens/comment.ts.Comment;class:src/abap/1_lexer/tokens/dash.ts.Dash;class:src/abap/1_lexer/tokens/dashw.ts.DashW;class:src/abap/1_lexer/tokens/identifier.ts.Identifier;class:src/abap/1_lexer/tokens/instance_arrow.ts.InstanceArrow;class:src/abap/1_lexer/tokens/instance_arroww.ts.InstanceArrowW;class:src/abap/1_lexer/tokens/paren_left.ts.ParenLeft;class:src/abap/1_lexer/tokens/paren_leftw.ts.ParenLeftW;class:src/abap/1_lexer/tokens/paren_right.ts.ParenRight;class:src/abap/1_lexer/tokens/paren_rightw.ts.ParenRightW;class:src/abap/1_lexer/tokens/plus.ts.Plus;class:src/abap/1_lexer/tokens/plusw.ts.PlusW;class:src/abap/1_lexer/tokens/pragma.ts.Pragma;class:src/abap/1_lexer/tokens/punctuation.ts.Punctuation;class:src/abap/1_lexer/tokens/static_arrow.ts.StaticArrow;class:src/abap/1_lexer/tokens/static_arroww.ts.StaticArrowW;class:src/abap/1_lexer/tokens/string.ts.StringToken;class:src/abap/1_lexer/tokens/string_template.ts.StringTemplate;class:src/abap/1_lexer/tokens/string_template_begin.ts.StringTemplateBegin;class:src/abap/1_lexer/tokens/string_template_end.ts.StringTemplateEnd;class:src/abap/1_lexer/tokens/string_template_middle.ts.StringTemplateMiddle;class:src/abap/1_lexer/tokens/wat.ts.WAt;class:src/abap/1_lexer/tokens/watw.ts.WAtW;class:src/abap/1_lexer/tokens/wbracket_left.ts.WBracketLeft;class:src/abap/1_lexer/tokens/wbracket_leftw.ts.WBracketLeftW;class:src/abap/1_lexer/tokens/wbracket_right.ts.WBracketRight;class:src/abap/1_lexer/tokens/wbracket_rightw.ts.WBracketRightW;class:src/abap/1_lexer/tokens/wdash.ts.WDash;class:src/abap/1_lexer/tokens/wdashw.ts.WDashW;class:src/abap/1_lexer/tokens/winstance_arrow.ts.WInstanceArrow;class:src/abap/1_lexer/tokens/winstance_arroww.ts.WInstanceArrowW;class:src/abap/1_lexer/tokens/wparen_left.ts.WParenLeft;class:src/abap/1_lexer/tokens/wparen_leftw.ts.WParenLeftW;class:src/abap/1_lexer/tokens/wparen_right.ts.WParenRight;class:src/abap/1_lexer/tokens/wparen_rightw.ts.WParenRightW;class:src/abap/1_lexer/tokens/wplus.ts.WPlus;class:src/abap/1_lexer/tokens/wplusw.ts.WPlusW;class:src/abap/1_lexer/tokens/wstatic_arrow.ts.WStaticArrow;class:src/abap/1_lexer/tokens/wstatic_arroww.ts.WStaticArrowW,classref<src/abap/1_lexer/tokens/abstract_token.ts.AbstractToken>
src/abap/2_statements/_select_reclassify.ts.module::containsAggregation,src/abap/2_statements/_select_reclassify.ts.module::containsAggregation/body/s0/s0,src/abap/2_statements/_select_reclassify.ts:14:3,statements,foreach,interfaceref<union.66719939903e43ae9586894a3271d3c1e0bc1a87886c0b01d3e32f95e19d70c3>,shared object table,interfaceref<union.66719939903e43ae9586894a3271d3c1e0bc1a87886c0b01d3e32f95e19d70c3>,1,false,1,1,0,hierarchy/mixed upper bound,class:src/abap/nodes/expression_node.ts.ExpressionNode;class:src/abap/nodes/statement_node.ts.StatementNode;class:src/abap/nodes/structure_node.ts.StructureNode;class:src/abap/nodes/token_node.ts.TokenNode;class:src/abap/nodes/token_node_regex.ts.TokenNodeRegex,interfaceref<src/abap/nodes/_inode.ts.INode>;interfaceref<union.66719939903e43ae9586894a3271d3c1e0bc1a87886c0b01d3e32f95e19d70c3>;interfaceref<union.ef34b1fae8df131c6c97185482820bb32cd957a6b0ed51ce6b23465fc63eb844>
src/abap/2_statements/_select_reclassify.ts.module::isCountAllPattern,src/abap/2_statements/_select_reclassify.ts.module::isCountAllPattern/body/s0/s0,src/abap/2_statements/_select_reclassify.ts:38:3,statements,foreach,interfaceref<union.66719939903e43ae9586894a3271d3c1e0bc1a87886c0b01d3e32f95e19d70c3>,shared object table,interfaceref<union.66719939903e43ae9586894a3271d3c1e0bc1a87886c0b01d3e32f95e19d70c3>,1,false,1,1,0,hierarchy/mixed upper bound,class:src/abap/nodes/expression_node.ts.ExpressionNode;class:src/abap/nodes/statement_node.ts.StatementNode;class:src/abap/nodes/structure_node.ts.StructureNode;class:src/abap/nodes/token_node.ts.TokenNode;class:src/abap/nodes/token_node_regex.ts.TokenNodeRegex,interfaceref<src/abap/nodes/_inode.ts.INode>;interfaceref<union.66719939903e43ae9586894a3271d3c1e0bc1a87886c0b01d3e32f95e19d70c3>;interfaceref<union.ef34b1fae8df131c6c97185482820bb32cd957a6b0ed51ce6b23465fc63eb844>
src/abap/2_statements/_select_reclassify.ts.module::isSelectLoop,src/abap/2_statements/_select_reclassify.ts.module::isSelectLoop/body/s0/s1/x/2,src/abap/2_statements/_select_reclassify.ts:65:55,statements,new,interfaceref<union.66719939903e43ae9586894a3271d3c1e0bc1a87886c0b01d3e32f95e19d70c3>,shared object table,,0,false,0,0,0,no non-null rows resolved (not an exact proof),,interfaceref<union.66719939903e43ae9586894a3271d3c1e0bc1a87886c0b01d3e32f95e19d70c3>
src/abap/2_statements/_select_reclassify.ts.module::isSelectLoop,src/abap/2_statements/_select_reclassify.ts.module::isSelectLoop/body/s0/s2/x/seq/s1,src/abap/2_statements/_select_reclassify.ts:67:7,statements,foreach,interfaceref<union.66719939903e43ae9586894a3271d3c1e0bc1a87886c0b01d3e32f95e19d70c3>,shared object table,interfaceref<union.66719939903e43ae9586894a3271d3c1e0bc1a87886c0b01d3e32f95e19d70c3>,1,false,1,1,0,hierarchy/mixed upper bound,class:src/abap/nodes/expression_node.ts.ExpressionNode;class:src/abap/nodes/statement_node.ts.StatementNode;class:src/abap/nodes/structure_node.ts.StructureNode;class:src/abap/nodes/token_node.ts.TokenNode;class:src/abap/nodes/token_node_regex.ts.TokenNodeRegex,interfaceref<src/abap/nodes/_inode.ts.INode>;interfaceref<union.66719939903e43ae9586894a3271d3c1e0bc1a87886c0b01d3e32f95e19d70c3>;interfaceref<union.ef34b1fae8df131c6c97185482820bb32cd957a6b0ed51ce6b23465fc63eb844>
src/abap/2_statements/_select_reclassify.ts.module::reclassifySelect,src/abap/2_statements/_select_reclassify.ts.module::reclassifySelect/body/s0/s0/x/seq/s0/x,src/abap/2_statements/_select_reclassify.ts:110:20,statements,new,interfaceref<union.66719939903e43ae9586894a3271d3c1e0bc1a87886c0b01d3e32f95e19d70c3>,shared object table,,0,false,0,0,0,no non-null rows resolved (not an exact proof),,interfaceref<union.66719939903e43ae9586894a3271d3c1e0bc1a87886c0b01d3e32f95e19d70c3>
src/abap/2_statements/_select_reclassify.ts.module::reclassifySelect,src/abap/2_statements/_select_reclassify.ts.module::reclassifySelect/body/s0/s0/x/seq/s1/x,,statements,array.concat,interfaceref<union.66719939903e43ae9586894a3271d3c1e0bc1a87886c0b01d3e32f95e19d70c3>,shared object table,,0,false,0,0,0,hierarchy/mixed upper bound,class:src/abap/nodes/expression_node.ts.ExpressionNode;class:src/abap/nodes/statement_node.ts.StatementNode;class:src/abap/nodes/structure_node.ts.StructureNode;class:src/abap/nodes/token_node.ts.TokenNode;class:src/abap/nodes/token_node_regex.ts.TokenNodeRegex,interfaceref<src/abap/nodes/_inode.ts.INode>;interfaceref<union.66719939903e43ae9586894a3271d3c1e0bc1a87886c0b01d3e32f95e19d70c3>
src/abap/2_statements/_select_reclassify.ts.module::scanForExprTypes,src/abap/2_statements/_select_reclassify.ts.module::scanForExprTypes/body/s0/s0,src/abap/2_statements/_select_reclassify.ts:51:3,statements,foreach,interfaceref<union.66719939903e43ae9586894a3271d3c1e0bc1a87886c0b01d3e32f95e19d70c3>,shared object table,interfaceref<union.66719939903e43ae9586894a3271d3c1e0bc1a87886c0b01d3e32f95e19d70c3>,1,false,1,1,0,hierarchy/mixed upper bound,class:src/abap/nodes/expression_node.ts.ExpressionNode;class:src/abap/nodes/statement_node.ts.StatementNode;class:src/abap/nodes/structure_node.ts.StructureNode;class:src/abap/nodes/token_node.ts.TokenNode;class:src/abap/nodes/token_node_regex.ts.TokenNodeRegex,interfaceref<src/abap/nodes/_inode.ts.INode>;interfaceref<union.66719939903e43ae9586894a3271d3c1e0bc1a87886c0b01d3e32f95e19d70c3>;interfaceref<union.ef34b1fae8df131c6c97185482820bb32cd957a6b0ed51ce6b23465fc63eb844>
src/abap/2_statements/combi.ts.Alternative::first,src/abap/2_statements/combi.ts.Alternative::first/body/s1/x/0,src/abap/2_statements/combi.ts:931:16,statements/combi.Alternative,index,interfaceref<src/abap/2_statements/statement_runnable.ts.IStatementRunnable>,shared object table,interfaceref<src/abap/2_statements/statement_runnable.ts.IStatementRunnable>,0,false,1,1,1,no non-null rows resolved (not an exact proof),,interfaceref<src/abap/2_statements/statement_runnable.ts.IStatementRunnable>
src/abap/2_statements/combi.ts.Alternative::first,src/abap/2_statements/combi.ts.Alternative::first/body/s2/x/0,src/abap/2_statements/combi.ts:932:16,statements/combi.Alternative,index,interfaceref<src/abap/2_statements/statement_runnable.ts.IStatementRunnable>,shared object table,interfaceref<src/abap/2_statements/statement_runnable.ts.IStatementRunnable>,0,false,1,1,1,no non-null rows resolved (not an exact proof),,interfaceref<src/abap/2_statements/statement_runnable.ts.IStatementRunnable>
src/abap/2_statements/combi.ts.Alternative::run,src/abap/2_statements/combi.ts.Alternative::run/body/s0/x,src/abap/2_statements/combi.ts:900:30,statements/combi.Alternative,new,classref<src/abap/2_statements/result.ts.Result>,shared object table,,0,false,0,0,0,exact,class:src/abap/2_statements/result.ts.Result,classref<src/abap/2_statements/result.ts.Result>
src/abap/2_statements/combi.ts.Alternative::run,src/abap/2_statements/combi.ts.Alternative::run/body/s1,src/abap/2_statements/combi.ts:902:5,statements/combi.Alternative,foreach,interfaceref<src/abap/2_statements/statement_runnable.ts.IStatementRunnable>,shared object table,interfaceref<src/abap/2_statements/statement_runnable.ts.IStatementRunnable>,1,false,1,1,1,no non-null rows resolved (not an exact proof),,interfaceref<src/abap/2_statements/statement_runnable.ts.IStatementRunnable>
src/abap/2_statements/combi.ts.Alternative::run,src/abap/2_statements/combi.ts.Alternative::run/body/s1/body/s1/body/s0/x/arg0,src/abap/2_statements/combi.ts:905:21,statements/combi.Alternative,index,classref<src/abap/2_statements/result.ts.Result>,shared object table,classref<src/abap/2_statements/result.ts.Result>,1,false,1,1,1,exact,class:src/abap/2_statements/result.ts.Result,classref<src/abap/2_statements/result.ts.Result>
src/abap/2_statements/combi.ts.Alternative::run,src/abap/2_statements/combi.ts.Alternative::run/body/s1/body/s1/else/s0/x/seq/s0,src/abap/2_statements/combi.ts:907:9,statements/combi.Alternative,foreach,classref<src/abap/2_statements/result.ts.Result>,shared object table,classref<src/abap/2_statements/result.ts.Result>,2,false,1,1,1,exact,class:src/abap/2_statements/result.ts.Result,classref<src/abap/2_statements/result.ts.Result>
src/abap/2_statements/combi.ts.AlternativePriority::first,src/abap/2_statements/combi.ts.AlternativePriority::first/body/s1/x/0,src/abap/2_statements/combi.ts:1007:16,statements/combi.AlternativePriority,index,interfaceref<src/abap/2_statements/statement_runnable.ts.IStatementRunnable>,shared object table,interfaceref<src/abap/2_statements/statement_runnable.ts.IStatementRunnable>,0,true,1,1,1,no non-null rows resolved (not an exact proof),,interfaceref<src/abap/2_statements/statement_runnable.ts.IStatementRunnable>
src/abap/2_statements/combi.ts.AlternativePriority::first,src/abap/2_statements/combi.ts.AlternativePriority::first/body/s2/x/0,src/abap/2_statements/combi.ts:1008:16,statements/combi.AlternativePriority,index,interfaceref<src/abap/2_statements/statement_runnable.ts.IStatementRunnable>,shared object table,interfaceref<src/abap/2_statements/statement_runnable.ts.IStatementRunnable>,0,true,1,1,1,no non-null rows resolved (not an exact proof),,interfaceref<src/abap/2_statements/statement_runnable.ts.IStatementRunnable>
src/abap/2_statements/combi.ts.AlternativePriority::run,src/abap/2_statements/combi.ts.AlternativePriority::run/body/s0/x,src/abap/2_statements/combi.ts:971:30,statements/combi.AlternativePriority,new,classref<src/abap/2_statements/result.ts.Result>,shared object table,,0,true,0,0,0,exact,class:src/abap/2_statements/result.ts.Result,classref<src/abap/2_statements/result.ts.Result>
src/abap/2_statements/combi.ts.AlternativePriority::run,src/abap/2_statements/combi.ts.AlternativePriority::run/body/s1,src/abap/2_statements/combi.ts:973:5,statements/combi.AlternativePriority,foreach,interfaceref<src/abap/2_statements/statement_runnable.ts.IStatementRunnable>,shared object table,interfaceref<src/abap/2_statements/statement_runnable.ts.IStatementRunnable>,1,true,1,1,1,no non-null rows resolved (not an exact proof),,interfaceref<src/abap/2_statements/statement_runnable.ts.IStatementRunnable>
src/abap/2_statements/combi.ts.AlternativePriority::run,src/abap/2_statements/combi.ts.AlternativePriority::run/body/s1/body/s1/body/s0/body/s0/x/arg0,src/abap/2_statements/combi.ts:979:23,statements/combi.AlternativePriority,index,classref<src/abap/2_statements/result.ts.Result>,shared object table,classref<src/abap/2_statements/result.ts.Result>,1,true,1,1,1,exact,class:src/abap/2_statements/result.ts.Result,classref<src/abap/2_statements/result.ts.Result>
src/abap/2_statements/combi.ts.AlternativePriority::run,src/abap/2_statements/combi.ts.AlternativePriority::run/body/s1/body/s1/body/s0/else/s0/x/seq/s0,src/abap/2_statements/combi.ts:981:11,statements/combi.AlternativePriority,foreach,classref<src/abap/2_statements/result.ts.Result>,shared object table,classref<src/abap/2_statements/result.ts.Result>,2,true,1,1,1,exact,class:src/abap/2_statements/result.ts.Result,classref<src/abap/2_statements/result.ts.Result>
src/abap/2_statements/combi.ts.Combi::run,src/abap/2_statements/combi.ts.Combi::run/body/s1/s3/body/s0/x/arg0/seq/s0/x,src/abap/2_statements/combi.ts:1066:35,statements/combi.Combi,new,classref<src/abap/2_statements/result.ts.Result>,shared object table,,0,false,0,0,0,exact,class:src/abap/2_statements/result.ts.Result,classref<src/abap/2_statements/result.ts.Result>
src/abap/2_statements/combi.ts.Combi::run,src/abap/2_statements/combi.ts.Combi::run/body/s1/s3/body/s1,src/abap/2_statements/combi.ts:1074:7,statements/combi.Combi,foreach,classref<src/abap/2_statements/result.ts.Result>,shared object table,classref<src/abap/2_statements/result.ts.Result>,1,false,1,1,1,exact,class:src/abap/2_statements/result.ts.Result,classref<src/abap/2_statements/result.ts.Result>
src/abap/2_statements/combi.ts.Expression::run,src/abap/2_statements/combi.ts.Expression::run/body/s0/x,src/abap/2_statements/combi.ts:703:31,statements/combi.Expression,new,classref<src/abap/2_statements/result.ts.Result>,shared object table,,0,true,0,0,0,exact,class:src/abap/2_statements/result.ts.Result,classref<src/abap/2_statements/result.ts.Result>
src/abap/2_statements/combi.ts.Expression::run,src/abap/2_statements/combi.ts.Expression::run/body/s2,src/abap/2_statements/combi.ts:709:5,statements/combi.Expression,foreach,classref<src/abap/2_statements/result.ts.Result>,shared object table,classref<src/abap/2_statements/result.ts.Result>,1,true,1,1,1,exact,class:src/abap/2_statements/result.ts.Result,classref<src/abap/2_statements/result.ts.Result>
src/abap/2_statements/combi.ts.Expression::run,src/abap/2_statements/combi.ts.Expression::run/body/s2/body/s0/x/arg0/seq/s0/x,src/abap/2_statements/combi.ts:710:38,statements/combi.Expression,new,classref<src/abap/2_statements/result.ts.Result>,shared object table,,1,true,0,0,0,exact,class:src/abap/2_statements/result.ts.Result,classref<src/abap/2_statements/result.ts.Result>
src/abap/2_statements/combi.ts.Expression::run,src/abap/2_statements/combi.ts.Expression::run/body/s2/body/s1,src/abap/2_statements/combi.ts:712:7,statements/combi.Expression,foreach,classref<src/abap/2_statements/result.ts.Result>,shared object table,classref<src/abap/2_statements/result.ts.Result>,2,true,1,1,1,exact,class:src/abap/2_statements/result.ts.Result,classref<src/abap/2_statements/result.ts.Result>
src/abap/2_statements/combi.ts.LangVersNot::run,src/abap/2_statements/combi.ts.LangVersNot::run/body/s0/else/s0/x,src/abap/2_statements/combi.ts:281:14,statements/combi.LangVersNot,new,classref<src/abap/2_statements/result.ts.Result>,shared object table,,0,false,0,0,0,exact,class:src/abap/2_statements/result.ts.Result,classref<src/abap/2_statements/result.ts.Result>
src/abap/2_statements/combi.ts.Optional::run,src/abap/2_statements/combi.ts.Optional::run/body/s0/x,src/abap/2_statements/combi.ts:367:30,statements/combi.Optional,new,classref<src/abap/2_statements/result.ts.Result>,shared object table,,0,false,0,0,0,exact,class:src/abap/2_statements/result.ts.Result,classref<src/abap/2_statements/result.ts.Result>
src/abap/2_statements/combi.ts.Optional::run,src/abap/2_statements/combi.ts.Optional::run/body/s1,src/abap/2_statements/combi.ts:369:5,statements/combi.Optional,foreach,classref<src/abap/2_statements/result.ts.Result>,shared object table,classref<src/abap/2_statements/result.ts.Result>,1,false,1,1,1,exact,class:src/abap/2_statements/result.ts.Result,classref<src/abap/2_statements/result.ts.Result>
src/abap/2_statements/combi.ts.Optional::run,src/abap/2_statements/combi.ts.Optional::run/body/s1/body/s1/x/arg0/seq/s0/x,src/abap/2_statements/combi.ts:371:37,statements/combi.Optional,new,classref<src/abap/2_statements/result.ts.Result>,shared object table,,1,false,0,0,0,exact,class:src/abap/2_statements/result.ts.Result,classref<src/abap/2_statements/result.ts.Result>
src/abap/2_statements/combi.ts.Optional::run,src/abap/2_statements/combi.ts.Optional::run/body/s1/body/s2/body/s0/x/arg0,src/abap/2_statements/combi.ts:373:21,statements/combi.Optional,index,classref<src/abap/2_statements/result.ts.Result>,shared object table,classref<src/abap/2_statements/result.ts.Result>,1,false,1,1,1,exact,class:src/abap/2_statements/result.ts.Result,classref<src/abap/2_statements/result.ts.Result>
src/abap/2_statements/combi.ts.Optional::run,src/abap/2_statements/combi.ts.Optional::run/body/s1/body/s2/else/s0/x/seq/s0,src/abap/2_statements/combi.ts:375:9,statements/combi.Optional,foreach,classref<src/abap/2_statements/result.ts.Result>,shared object table,classref<src/abap/2_statements/result.ts.Result>,2,false,1,1,1,exact,class:src/abap/2_statements/result.ts.Result,classref<src/abap/2_statements/result.ts.Result>
src/abap/2_statements/combi.ts.OptionalPriority::run,src/abap/2_statements/combi.ts.OptionalPriority::run/body/s0/x,src/abap/2_statements/combi.ts:319:30,statements/combi.OptionalPriority,new,classref<src/abap/2_statements/result.ts.Result>,shared object table,,0,false,0,0,0,exact,class:src/abap/2_statements/result.ts.Result,classref<src/abap/2_statements/result.ts.Result>
src/abap/2_statements/combi.ts.OptionalPriority::run,src/abap/2_statements/combi.ts.OptionalPriority::run/body/s1,src/abap/2_statements/combi.ts:321:5,statements/combi.OptionalPriority,foreach,classref<src/abap/2_statements/result.ts.Result>,shared object table,classref<src/abap/2_statements/result.ts.Result>,1,false,1,1,1,exact,class:src/abap/2_statements/result.ts.Result,classref<src/abap/2_statements/result.ts.Result>
src/abap/2_statements/combi.ts.OptionalPriority::run,src/abap/2_statements/combi.ts.OptionalPriority::run/body/s1/body/s0/x/arg0/seq/s0/x,src/abap/2_statements/combi.ts:322:37,statements/combi.OptionalPriority,new,classref<src/abap/2_statements/result.ts.Result>,shared object table,,1,false,0,0,0,exact,class:src/abap/2_statements/result.ts.Result,classref<src/abap/2_statements/result.ts.Result>
src/abap/2_statements/combi.ts.OptionalPriority::run,src/abap/2_statements/combi.ts.OptionalPriority::run/body/s1/body/s1/body/s0/x/seq/s0,src/abap/2_statements/combi.ts:324:9,statements/combi.OptionalPriority,foreach,classref<src/abap/2_statements/result.ts.Result>,shared object table,classref<src/abap/2_statements/result.ts.Result>,2,false,1,1,1,exact,class:src/abap/2_statements/result.ts.Result,classref<src/abap/2_statements/result.ts.Result>
src/abap/2_statements/combi.ts.OptionalPriority::run,src/abap/2_statements/combi.ts.OptionalPriority::run/body/s1/body/s1/else/else/body/s0/x/seq/s0,src/abap/2_statements/combi.ts:328:9,statements/combi.OptionalPriority,foreach,classref<src/abap/2_statements/result.ts.Result>,shared object table,classref<src/abap/2_statements/result.ts.Result>,2,false,1,1,1,exact,class:src/abap/2_statements/result.ts.Result,classref<src/abap/2_statements/result.ts.Result>
src/abap/2_statements/combi.ts.OptionalPriority::run,src/abap/2_statements/combi.ts.OptionalPriority::run/body/s1/body/s1/else/else/x/0/0,src/abap/2_statements/combi.ts:327:18,statements/combi.OptionalPriority,index,classref<src/abap/2_statements/result.ts.Result>,shared object table,classref<src/abap/2_statements/result.ts.Result>,1,false,1,1,1,exact,class:src/abap/2_statements/result.ts.Result,classref<src/abap/2_statements/result.ts.Result>
src/abap/2_statements/combi.ts.Permutation::run,src/abap/2_statements/combi.ts.Permutation::run/body/s0/x,src/abap/2_statements/combi.ts:778:30,statements/combi.Permutation,new,classref<src/abap/2_statements/result.ts.Result>,shared object table,,0,false,0,0,0,exact,class:src/abap/2_statements/result.ts.Result,classref<src/abap/2_statements/result.ts.Result>
src/abap/2_statements/combi.ts.Permutation::run,src/abap/2_statements/combi.ts.Permutation::run/body/s1/x,src/abap/2_statements/combi.ts:780:18,statements/combi.Permutation,array.slice0,interfaceref<src/abap/2_statements/statement_runnable.ts.IStatementRunnable>,shared object table,,0,false,0,0,0,no non-null rows resolved (not an exact proof),,interfaceref<src/abap/2_statements/statement_runnable.ts.IStatementRunnable>
src/abap/2_statements/combi.ts.Permutation::run,src/abap/2_statements/combi.ts.Permutation::run/body/s2/s1/body/s0/s0/x/0,src/abap/2_statements/combi.ts:782:20,statements/combi.Permutation,index,interfaceref<src/abap/2_statements/statement_runnable.ts.IStatementRunnable>,shared object table,interfaceref<src/abap/2_statements/statement_runnable.ts.IStatementRunnable>,1,false,1,1,1,no non-null rows resolved (not an exact proof),,interfaceref<src/abap/2_statements/statement_runnable.ts.IStatementRunnable>
src/abap/2_statements/combi.ts.Permutation::run,src/abap/2_statements/combi.ts.Permutation::run/body/s2/s1/body/s0/s1/body/s0/x/seq/s0,src/abap/2_statements/combi.ts:785:9,statements/combi.Permutation,foreach,classref<src/abap/2_statements/result.ts.Result>,shared object table,classref<src/abap/2_statements/result.ts.Result>,2,false,1,1,1,exact,class:src/abap/2_statements/result.ts.Result,classref<src/abap/2_statements/result.ts.Result>
src/abap/2_statements/combi.ts.Permutation::run,src/abap/2_statements/combi.ts.Permutation::run/body/s2/s1/body/s0/s1/body/s2/x,src/abap/2_statements/combi.ts:788:9,statements/combi.Permutation,array.splice2,interfaceref<src/abap/2_statements/statement_runnable.ts.IStatementRunnable>,shared object table,,1,false,0,0,0,no non-null rows resolved (not an exact proof),,interfaceref<src/abap/2_statements/statement_runnable.ts.IStatementRunnable>
src/abap/2_statements/combi.ts.Permutation::run,src/abap/2_statements/combi.ts.Permutation::run/body/s2/s1/body/s0/s1/body/s3/body/s0/x/seq/s0,src/abap/2_statements/combi.ts:790:11,statements/combi.Permutation,foreach,classref<src/abap/2_statements/result.ts.Result>,shared object table,classref<src/abap/2_statements/result.ts.Result>,2,false,1,1,1,exact,class:src/abap/2_statements/result.ts.Result,classref<src/abap/2_statements/result.ts.Result>
src/abap/2_statements/combi.ts.Permutation::run,src/abap/2_statements/combi.ts.Permutation::run/body/s2/s1/body/s0/s1/body/s3/body/s0/x/seq/s0/x/0,src/abap/2_statements/combi.ts:790:26,statements/combi.Permutation,index,interfaceref<src/abap/2_statements/statement_runnable.ts.IStatementRunnable>,shared object table,interfaceref<src/abap/2_statements/statement_runnable.ts.IStatementRunnable>,1,false,1,1,1,no non-null rows resolved (not an exact proof),,interfaceref<src/abap/2_statements/statement_runnable.ts.IStatementRunnable>
src/abap/2_statements/combi.ts.Permutation::run,src/abap/2_statements/combi.ts.Permutation::run/body/s2/s1/body/s0/s1/body/s3/else/s0/x/seq/s0,src/abap/2_statements/combi.ts:792:11,statements/combi.Permutation,foreach,classref<src/abap/2_statements/result.ts.Result>,shared object table,classref<src/abap/2_statements/result.ts.Result>,2,false,1,1,1,exact,class:src/abap/2_statements/result.ts.Result,classref<src/abap/2_statements/result.ts.Result>
src/abap/2_statements/combi.ts.Plus::constructor,src/abap/2_statements/combi.ts.Plus::constructor/body/s1/y/arg0/seq/s0/x,src/abap/2_statements/combi.ts:523:29,statements/combi.Plus,new,interfaceref<src/abap/2_statements/statement_runnable.ts.IStatementRunnable>,shared object table,,0,false,0,0,0,hierarchy/mixed upper bound,class:src/abap/2_statements/combi.ts.Star,interfaceref<src/abap/2_statements/statement_runnable.ts.IStatementRunnable>
src/abap/2_statements/combi.ts.PlusPriority::constructor,src/abap/2_statements/combi.ts.PlusPriority::constructor/body/s1/y/arg0/seq/s0/x,src/abap/2_statements/combi.ts:558:29,statements/combi.PlusPriority,new,interfaceref<src/abap/2_statements/statement_runnable.ts.IStatementRunnable>,shared object table,,0,false,0,0,0,hierarchy/mixed upper bound,class:src/abap/2_statements/combi.ts.StarPriority,interfaceref<src/abap/2_statements/statement_runnable.ts.IStatementRunnable>
src/abap/2_statements/combi.ts.Regex::run,src/abap/2_statements/combi.ts.Regex::run/body/s0/x,src/abap/2_statements/combi.ts:27:30,statements/combi.Regex,new,classref<src/abap/2_statements/result.ts.Result>,shared object table,,0,true,0,0,0,exact,class:src/abap/2_statements/result.ts.Result,classref<src/abap/2_statements/result.ts.Result>
src/abap/2_statements/combi.ts.Regex::run,src/abap/2_statements/combi.ts.Regex::run/body/s1,src/abap/2_statements/combi.ts:29:5,statements/combi.Regex,foreach,classref<src/abap/2_statements/result.ts.Result>,shared object table,classref<src/abap/2_statements/result.ts.Result>,1,true,1,1,1,exact,class:src/abap/2_statements/result.ts.Result,classref<src/abap/2_statements/result.ts.Result>
src/abap/2_statements/combi.ts.Sequence::first,src/abap/2_statements/combi.ts.Sequence::first/body/s0/x/0,src/abap/2_statements/combi.ts:651:12,statements/combi.Sequence,index,interfaceref<src/abap/2_statements/statement_runnable.ts.IStatementRunnable>,shared object table,interfaceref<src/abap/2_statements/statement_runnable.ts.IStatementRunnable>,0,true,1,1,1,hierarchy/mixed upper bound,class:src/abap/2_statements/combi.ts.Star;class:src/abap/2_statements/combi.ts.StarPriority;class:src/abap/2_statements/combi.ts.Word,interfaceref<src/abap/2_statements/statement_runnable.ts.IStatementRunnable>
src/abap/2_statements/combi.ts.Sequence::run,src/abap/2_statements/combi.ts.Sequence::run/body/s0/x,src/abap/2_statements/combi.ts:609:28,statements/combi.Sequence,new,classref<src/abap/2_statements/result.ts.Result>,shared object table,,0,true,0,0,0,exact,class:src/abap/2_statements/result.ts.Result,classref<src/abap/2_statements/result.ts.Result>
src/abap/2_statements/combi.ts.Sequence::run,src/abap/2_statements/combi.ts.Sequence::run/body/s1,src/abap/2_statements/combi.ts:611:5,statements/combi.Sequence,foreach,classref<src/abap/2_statements/result.ts.Result>,shared object table,classref<src/abap/2_statements/result.ts.Result>,1,true,1,1,1,exact,class:src/abap/2_statements/result.ts.Result,classref<src/abap/2_statements/result.ts.Result>
src/abap/2_statements/combi.ts.Sequence::run,src/abap/2_statements/combi.ts.Sequence::run/body/s1/body/s0/x/seq/s0/x,src/abap/2_statements/combi.ts:612:18,statements/combi.Sequence,new,classref<src/abap/2_statements/result.ts.Result>,shared object table,,1,true,0,0,0,exact,class:src/abap/2_statements/result.ts.Result,classref<src/abap/2_statements/result.ts.Result>
src/abap/2_statements/combi.ts.Sequence::run,src/abap/2_statements/combi.ts.Sequence::run/body/s1/body/s2,src/abap/2_statements/combi.ts:614:7,statements/combi.Sequence,foreach,interfaceref<src/abap/2_statements/statement_runnable.ts.IStatementRunnable>,shared object table,interfaceref<src/abap/2_statements/statement_runnable.ts.IStatementRunnable>,2,true,1,1,1,hierarchy/mixed upper bound,class:src/abap/2_statements/combi.ts.Star;class:src/abap/2_statements/combi.ts.StarPriority;class:src/abap/2_statements/combi.ts.Word,interfaceref<src/abap/2_statements/statement_runnable.ts.IStatementRunnable>
src/abap/2_statements/combi.ts.Sequence::run,src/abap/2_statements/combi.ts.Sequence::run/body/s1/body/s3/body/s0/body/s0/y,src/abap/2_statements/combi.ts:625:20,statements/combi.Sequence,array.concat,classref<src/abap/2_statements/result.ts.Result>,shared object table,,1,true,0,0,0,exact,class:src/abap/2_statements/result.ts.Result,classref<src/abap/2_statements/result.ts.Result>
src/abap/2_statements/combi.ts.Sequence::run,src/abap/2_statements/combi.ts.Sequence::run/body/s1/body/s3/body/s0/else/body/s0/x/arg0,src/abap/2_statements/combi.ts:627:23,statements/combi.Sequence,index,classref<src/abap/2_statements/result.ts.Result>,shared object table,classref<src/abap/2_statements/result.ts.Result>,1,true,1,1,1,exact,class:src/abap/2_statements/result.ts.Result,classref<src/abap/2_statements/result.ts.Result>
src/abap/2_statements/combi.ts.Sequence::run,src/abap/2_statements/combi.ts.Sequence::run/body/s1/body/s3/body/s0/else/else/s0/x/seq/s0,src/abap/2_statements/combi.ts:629:11,statements/combi.Sequence,foreach,classref<src/abap/2_statements/result.ts.Result>,shared object table,classref<src/abap/2_statements/result.ts.Result>,2,true,1,1,1,exact,class:src/abap/2_statements/result.ts.Result,classref<src/abap/2_statements/result.ts.Result>
src/abap/2_statements/combi.ts.Star::run,src/abap/2_statements/combi.ts.Star::run/body/s1/body/s1/x,src/abap/2_statements/combi.ts:416:29,statements/combi.Star,new,classref<src/abap/2_statements/result.ts.Result>,shared object table,,0,false,0,0,0,exact,class:src/abap/2_statements/result.ts.Result,classref<src/abap/2_statements/result.ts.Result>
src/abap/2_statements/combi.ts.Star::run,src/abap/2_statements/combi.ts.Star::run/body/s1/body/s2/s0/body/s0/s3/body/s0/y,src/abap/2_statements/combi.ts:427:20,statements/combi.Star,array.concat,classref<src/abap/2_statements/result.ts.Result>,shared object table,,1,false,0,0,0,exact,class:src/abap/2_statements/result.ts.Result,classref<src/abap/2_statements/result.ts.Result>
src/abap/2_statements/combi.ts.Star::run,src/abap/2_statements/combi.ts.Star::run/body/s1/body/s2/s0/body/s0/s3/else/body/s0/x/arg0,src/abap/2_statements/combi.ts:429:23,statements/combi.Star,index,classref<src/abap/2_statements/result.ts.Result>,shared object table,classref<src/abap/2_statements/result.ts.Result>,1,false,1,1,1,exact,class:src/abap/2_statements/result.ts.Result,classref<src/abap/2_statements/result.ts.Result>
src/abap/2_statements/combi.ts.Star::run,src/abap/2_statements/combi.ts.Star::run/body/s1/body/s2/s0/body/s0/s3/else/else/s0/x/seq/s0,src/abap/2_statements/combi.ts:431:11,statements/combi.Star,foreach,classref<src/abap/2_statements/result.ts.Result>,shared object table,classref<src/abap/2_statements/result.ts.Result>,2,false,1,1,1,exact,class:src/abap/2_statements/result.ts.Result,classref<src/abap/2_statements/result.ts.Result>
src/abap/2_statements/combi.ts.StarPriority::run,src/abap/2_statements/combi.ts.StarPriority::run/body/s3/s0/body/s0/s1/body/s0/body/s1,src/abap/2_statements/combi.ts:487:11,statements/combi.StarPriority,foreach,classref<src/abap/2_statements/result.ts.Result>,shared object table,classref<src/abap/2_statements/result.ts.Result>,2,false,1,1,1,exact,class:src/abap/2_statements/result.ts.Result,classref<src/abap/2_statements/result.ts.Result>
src/abap/2_statements/combi.ts.StarPriority::run,src/abap/2_statements/combi.ts.StarPriority::run/body/s3/s0/body/s0/s1/body/s0/body/s1/body/s0/body/s0/y/seq/s0/x,src/abap/2_statements/combi.ts:489:24,statements/combi.StarPriority,new,classref<src/abap/2_statements/result.ts.Result>,shared object table,,2,false,0,0,0,exact,class:src/abap/2_statements/result.ts.Result,classref<src/abap/2_statements/result.ts.Result>
src/abap/2_statements/combi.ts.StopBefore1::run,src/abap/2_statements/combi.ts.StopBefore1::run/body/s0/x,src/abap/2_statements/combi.ts:1246:30,statements/combi.StopBefore1,new,classref<src/abap/2_statements/result.ts.Result>,shared object table,,0,false,0,0,0,exact,class:src/abap/2_statements/result.ts.Result,classref<src/abap/2_statements/result.ts.Result>
src/abap/2_statements/combi.ts.StopBefore1::run,src/abap/2_statements/combi.ts.StopBefore1::run/body/s1,src/abap/2_statements/combi.ts:1247:5,statements/combi.StopBefore1,foreach,classref<src/abap/2_statements/result.ts.Result>,shared object table,classref<src/abap/2_statements/result.ts.Result>,1,false,1,1,1,exact,class:src/abap/2_statements/result.ts.Result,classref<src/abap/2_statements/result.ts.Result>
src/abap/2_statements/combi.ts.StopBefore2::run,src/abap/2_statements/combi.ts.StopBefore2::run/body/s0/x,src/abap/2_statements/combi.ts:1219:30,statements/combi.StopBefore2,new,classref<src/abap/2_statements/result.ts.Result>,shared object table,,0,false,0,0,0,exact,class:src/abap/2_statements/result.ts.Result,classref<src/abap/2_statements/result.ts.Result>
src/abap/2_statements/combi.ts.StopBefore2::run,src/abap/2_statements/combi.ts.StopBefore2::run/body/s1,src/abap/2_statements/combi.ts:1220:5,statements/combi.StopBefore2,foreach,classref<src/abap/2_statements/result.ts.Result>,shared object table,classref<src/abap/2_statements/result.ts.Result>,1,false,1,1,1,exact,class:src/abap/2_statements/result.ts.Result,classref<src/abap/2_statements/result.ts.Result>
src/abap/2_statements/combi.ts.Token::run,src/abap/2_statements/combi.ts.Token::run/body/s0/x,src/abap/2_statements/combi.ts:116:30,statements/combi.Token,new,classref<src/abap/2_statements/result.ts.Result>,shared object table,,0,true,0,0,0,exact,class:src/abap/2_statements/result.ts.Result,classref<src/abap/2_statements/result.ts.Result>
src/abap/2_statements/combi.ts.Token::run,src/abap/2_statements/combi.ts.Token::run/body/s1,src/abap/2_statements/combi.ts:118:5,statements/combi.Token,foreach,classref<src/abap/2_statements/result.ts.Result>,shared object table,classref<src/abap/2_statements/result.ts.Result>,1,true,1,1,1,exact,class:src/abap/2_statements/result.ts.Result,classref<src/abap/2_statements/result.ts.Result>
src/abap/2_statements/combi.ts.Vers::run,src/abap/2_statements/combi.ts.Vers::run/body/s0/body/s1/x/2,src/abap/2_statements/combi.ts:176:82,statements/combi.Vers,new,classref<src/abap/2_statements/result.ts.Result>,shared object table,,0,false,0,0,0,exact,class:src/abap/2_statements/result.ts.Result,classref<src/abap/2_statements/result.ts.Result>
src/abap/2_statements/combi.ts.Vers::run,src/abap/2_statements/combi.ts.Vers::run/body/s1/x/2,src/abap/2_statements/combi.ts:179:86,statements/combi.Vers,new,classref<src/abap/2_statements/result.ts.Result>,shared object table,,0,false,0,0,0,exact,class:src/abap/2_statements/result.ts.Result,classref<src/abap/2_statements/result.ts.Result>
src/abap/2_statements/combi.ts.Word::run,src/abap/2_statements/combi.ts.Word::run/body/s0/x,src/abap/2_statements/combi.ts:72:30,statements/combi.Word,new,classref<src/abap/2_statements/result.ts.Result>,shared object table,,0,true,0,0,0,exact,class:src/abap/2_statements/result.ts.Result,classref<src/abap/2_statements/result.ts.Result>
src/abap/2_statements/combi.ts.Word::run,src/abap/2_statements/combi.ts.Word::run/body/s1,src/abap/2_statements/combi.ts:74:5,statements/combi.Word,foreach,classref<src/abap/2_statements/result.ts.Result>,shared object table,classref<src/abap/2_statements/result.ts.Result>,1,true,1,1,1,exact,class:src/abap/2_statements/result.ts.Result,classref<src/abap/2_statements/result.ts.Result>
src/abap/2_statements/combi.ts.WordSequence::constructor,src/abap/2_statements/combi.ts.WordSequence::constructor/body/s0/y,src/abap/2_statements/combi.ts:658:50,statements/combi.WordSequence,new,interfaceref<src/abap/2_statements/statement_runnable.ts.IStatementRunnable>,shared object table,,0,false,0,0,0,hierarchy/mixed upper bound,class:src/abap/2_statements/combi.ts.Word,interfaceref<src/abap/2_statements/statement_runnable.ts.IStatementRunnable>
src/abap/2_statements/combi.ts.WordSequence::first,src/abap/2_statements/combi.ts.WordSequence::first/body/s0/x/0,src/abap/2_statements/combi.ts:695:12,statements/combi.WordSequence,index,interfaceref<src/abap/2_statements/statement_runnable.ts.IStatementRunnable>,shared object table,interfaceref<src/abap/2_statements/statement_runnable.ts.IStatementRunnable>,0,false,1,1,1,hierarchy/mixed upper bound,class:src/abap/2_statements/combi.ts.Word,interfaceref<src/abap/2_statements/statement_runnable.ts.IStatementRunnable>
src/abap/2_statements/combi.ts.module::alt,src/abap/2_statements/combi.ts.module::alt/body/s0/s0/x/seq/s0/x,src/abap/2_statements/combi.ts:1150:16,statements/combi.module,new,interfaceref<src/abap/2_statements/statement_runnable.ts.IStatementRunnable>,shared object table,,0,false,0,0,0,no non-null rows resolved (not an exact proof),,interfaceref<src/abap/2_statements/statement_runnable.ts.IStatementRunnable>
src/abap/2_statements/combi.ts.module::alt,src/abap/2_statements/combi.ts.module::alt/body/s0/s1/x/seq/s0,src/abap/2_statements/combi.ts:1151:3,statements/combi.module,foreach,interfaceref<src/abap/2_statements/statement_runnable.ts.IStatementRunnable>,shared object table,interfaceref<src/abap/2_statements/statement_runnable.ts.IStatementRunnable>,1,false,1,1,1,no non-null rows resolved (not an exact proof),,interfaceref<src/abap/2_statements/statement_runnable.ts.IStatementRunnable>
src/abap/2_statements/combi.ts.module::alt,src/abap/2_statements/combi.ts.module::alt/body/s0/s1/x/seq/s0/x/seq/s0/x,src/abap/2_statements/combi.ts:1151:16,statements/combi.module,new,interfaceref<src/abap/2_statements/statement_runnable.ts.IStatementRunnable>,shared object table,,0,false,0,0,0,no non-null rows resolved (not an exact proof),,interfaceref<src/abap/2_statements/statement_runnable.ts.IStatementRunnable>
src/abap/2_statements/combi.ts.module::altPrio,src/abap/2_statements/combi.ts.module::altPrio/body/s0/s0/x/seq/s0/x,src/abap/2_statements/combi.ts:1155:16,statements/combi.module,new,interfaceref<src/abap/2_statements/statement_runnable.ts.IStatementRunnable>,shared object table,,0,false,0,0,0,no non-null rows resolved (not an exact proof),,interfaceref<src/abap/2_statements/statement_runnable.ts.IStatementRunnable>
src/abap/2_statements/combi.ts.module::altPrio,src/abap/2_statements/combi.ts.module::altPrio/body/s0/s1/x/seq/s0,src/abap/2_statements/combi.ts:1156:3,statements/combi.module,foreach,interfaceref<src/abap/2_statements/statement_runnable.ts.IStatementRunnable>,shared object table,interfaceref<src/abap/2_statements/statement_runnable.ts.IStatementRunnable>,1,false,1,1,1,no non-null rows resolved (not an exact proof),,interfaceref<src/abap/2_statements/statement_runnable.ts.IStatementRunnable>
src/abap/2_statements/combi.ts.module::altPrio,src/abap/2_statements/combi.ts.module::altPrio/body/s0/s1/x/seq/s0/x/seq/s0/x,src/abap/2_statements/combi.ts:1156:16,statements/combi.module,new,interfaceref<src/abap/2_statements/statement_runnable.ts.IStatementRunnable>,shared object table,,0,false,0,0,0,no non-null rows resolved (not an exact proof),,interfaceref<src/abap/2_statements/statement_runnable.ts.IStatementRunnable>
src/abap/2_statements/combi.ts.module::per,src/abap/2_statements/combi.ts.module::per/body/s0/s0/x/seq/s0/x,src/abap/2_statements/combi.ts:1166:16,statements/combi.module,new,interfaceref<src/abap/2_statements/statement_runnable.ts.IStatementRunnable>,shared object table,,0,false,0,0,0,no non-null rows resolved (not an exact proof),,interfaceref<src/abap/2_statements/statement_runnable.ts.IStatementRunnable>
src/abap/2_statements/combi.ts.module::per,src/abap/2_statements/combi.ts.module::per/body/s0/s1/x/seq/s0,src/abap/2_statements/combi.ts:1167:3,statements/combi.module,foreach,interfaceref<src/abap/2_statements/statement_runnable.ts.IStatementRunnable>,shared object table,interfaceref<src/abap/2_statements/statement_runnable.ts.IStatementRunnable>,1,false,1,1,1,no non-null rows resolved (not an exact proof),,interfaceref<src/abap/2_statements/statement_runnable.ts.IStatementRunnable>
src/abap/2_statements/combi.ts.module::per,src/abap/2_statements/combi.ts.module::per/body/s0/s1/x/seq/s0/x/seq/s0/x,src/abap/2_statements/combi.ts:1167:16,statements/combi.module,new,interfaceref<src/abap/2_statements/statement_runnable.ts.IStatementRunnable>,shared object table,,0,false,0,0,0,no non-null rows resolved (not an exact proof),,interfaceref<src/abap/2_statements/statement_runnable.ts.IStatementRunnable>
src/abap/2_statements/combi.ts.module::seq,src/abap/2_statements/combi.ts.module::seq/body/s0/s0/x/seq/s0/x,src/abap/2_statements/combi.ts:1145:16,statements/combi.module,new,interfaceref<src/abap/2_statements/statement_runnable.ts.IStatementRunnable>,shared object table,,0,false,0,0,0,no non-null rows resolved (not an exact proof),,interfaceref<src/abap/2_statements/statement_runnable.ts.IStatementRunnable>
src/abap/2_statements/combi.ts.module::seq,src/abap/2_statements/combi.ts.module::seq/body/s0/s1/x/seq/s0,src/abap/2_statements/combi.ts:1146:3,statements/combi.module,foreach,interfaceref<src/abap/2_statements/statement_runnable.ts.IStatementRunnable>,shared object table,interfaceref<src/abap/2_statements/statement_runnable.ts.IStatementRunnable>,1,false,1,1,1,no non-null rows resolved (not an exact proof),,interfaceref<src/abap/2_statements/statement_runnable.ts.IStatementRunnable>
src/abap/2_statements/combi.ts.module::seq,src/abap/2_statements/combi.ts.module::seq/body/s0/s1/x/seq/s0/x/seq/s0/x,src/abap/2_statements/combi.ts:1146:16,statements/combi.module,new,interfaceref<src/abap/2_statements/statement_runnable.ts.IStatementRunnable>,shared object table,,0,false,0,0,0,no non-null rows resolved (not an exact proof),,interfaceref<src/abap/2_statements/statement_runnable.ts.IStatementRunnable>
src/abap/2_statements/expand_macros.ts.ExpandMacros::find,src/abap/2_statements/expand_macros.ts.ExpandMacros::find/body/s1/s2/x,src/abap/2_statements/expand_macros.ts:88:37,statements,new,classref<src/abap/nodes/statement_node.ts.StatementNode>,shared object table,,0,false,0,0,0,exact,class:src/abap/nodes/statement_node.ts.StatementNode,classref<src/abap/nodes/statement_node.ts.StatementNode>
src/abap/2_statements/expand_macros.ts.ExpandMacros::find,src/abap/2_statements/expand_macros.ts.ExpandMacros::find/body/s1/s5/s1/body/s0/s0/x,src/abap/2_statements/expand_macros.ts:96:25,statements,index,classref<src/abap/nodes/statement_node.ts.StatementNode>,shared object table,classref<src/abap/nodes/statement_node.ts.StatementNode>,1,false,1,1,1,exact,class:src/abap/nodes/statement_node.ts.StatementNode,classref<src/abap/nodes/statement_node.ts.StatementNode>
src/abap/2_statements/expand_macros.ts.ExpandMacros::find,src/abap/2_statements/expand_macros.ts.ExpandMacros::find/body/s1/s5/s1/body/s0/s2/body/s0/y/1,src/abap/2_statements/expand_macros.ts:101:21,statements,index,classref<src/abap/1_lexer/tokens/abstract_token.ts.AbstractToken>,shared object table,classref<src/abap/1_lexer/tokens/abstract_token.ts.AbstractToken>,1,false,1,1,1,hierarchy/mixed upper bound,class:src/abap/1_lexer/tokens/association_name.ts.AssociationName;class:src/abap/1_lexer/tokens/at.ts.At;class:src/abap/1_lexer/tokens/atw.ts.AtW;class:src/abap/1_lexer/tokens/bracket_left.ts.BracketLeft;class:src/abap/1_lexer/tokens/bracket_leftw.ts.BracketLeftW;class:src/abap/1_lexer/tokens/bracket_right.ts.BracketRight;class:src/abap/1_lexer/tokens/bracket_rightw.ts.BracketRightW;class:src/abap/1_lexer/tokens/comment.ts.Comment;class:src/abap/1_lexer/tokens/dash.ts.Dash;class:src/abap/1_lexer/tokens/dashw.ts.DashW;class:src/abap/1_lexer/tokens/identifier.ts.Identifier;class:src/abap/1_lexer/tokens/instance_arrow.ts.InstanceArrow;class:src/abap/1_lexer/tokens/instance_arroww.ts.InstanceArrowW;class:src/abap/1_lexer/tokens/paren_left.ts.ParenLeft;class:src/abap/1_lexer/tokens/paren_leftw.ts.ParenLeftW;class:src/abap/1_lexer/tokens/paren_right.ts.ParenRight;class:src/abap/1_lexer/tokens/paren_rightw.ts.ParenRightW;class:src/abap/1_lexer/tokens/plus.ts.Plus;class:src/abap/1_lexer/tokens/plusw.ts.PlusW;class:src/abap/1_lexer/tokens/pragma.ts.Pragma;class:src/abap/1_lexer/tokens/punctuation.ts.Punctuation;class:src/abap/1_lexer/tokens/static_arrow.ts.StaticArrow;class:src/abap/1_lexer/tokens/static_arroww.ts.StaticArrowW;class:src/abap/1_lexer/tokens/string.ts.StringToken;class:src/abap/1_lexer/tokens/string_template.ts.StringTemplate;class:src/abap/1_lexer/tokens/string_template_begin.ts.StringTemplateBegin;class:src/abap/1_lexer/tokens/string_template_end.ts.StringTemplateEnd;class:src/abap/1_lexer/tokens/string_template_middle.ts.StringTemplateMiddle;class:src/abap/1_lexer/tokens/wat.ts.WAt;class:src/abap/1_lexer/tokens/watw.ts.WAtW;class:src/abap/1_lexer/tokens/wbracket_left.ts.WBracketLeft;class:src/abap/1_lexer/tokens/wbracket_leftw.ts.WBracketLeftW;class:src/abap/1_lexer/tokens/wbracket_right.ts.WBracketRight;class:src/abap/1_lexer/tokens/wbracket_rightw.ts.WBracketRightW;class:src/abap/1_lexer/tokens/wdash.ts.WDash;class:src/abap/1_lexer/tokens/wdashw.ts.WDashW;class:src/abap/1_lexer/tokens/winstance_arrow.ts.WInstanceArrow;class:src/abap/1_lexer/tokens/winstance_arroww.ts.WInstanceArrowW;class:src/abap/1_lexer/tokens/wparen_left.ts.WParenLeft;class:src/abap/1_lexer/tokens/wparen_leftw.ts.WParenLeftW;class:src/abap/1_lexer/tokens/wparen_right.ts.WParenRight;class:src/abap/1_lexer/tokens/wparen_rightw.ts.WParenRightW;class:src/abap/1_lexer/tokens/wplus.ts.WPlus;class:src/abap/1_lexer/tokens/wplusw.ts.WPlusW;class:src/abap/1_lexer/tokens/wstatic_arrow.ts.WStaticArrow;class:src/abap/1_lexer/tokens/wstatic_arroww.ts.WStaticArrowW,classref<src/abap/1_lexer/tokens/abstract_token.ts.AbstractToken>
src/abap/2_statements/expand_macros.ts.ExpandMacros::find,src/abap/2_statements/expand_macros.ts.ExpandMacros::find/body/s1/s5/s1/body/s0/s2/body/s2/y,src/abap/2_statements/expand_macros.ts:103:20,statements,new,classref<src/abap/nodes/statement_node.ts.StatementNode>,shared object table,,1,false,0,0,0,exact,class:src/abap/nodes/statement_node.ts.StatementNode,classref<src/abap/nodes/statement_node.ts.StatementNode>
src/abap/2_statements/expand_macros.ts.ExpandMacros::find,src/abap/2_statements/expand_macros.ts.ExpandMacros::find/body/s1/s5/s1/body/s0/s2/else/body/s2/body/s2/body/s0/x/arg0/seq/s0/x,src/abap/2_statements/expand_macros.ts:114:23,statements,new,classref<src/abap/nodes/statement_node.ts.StatementNode>,shared object table,,1,false,0,0,0,no non-null rows resolved (not an exact proof),,classref<src/abap/nodes/statement_node.ts.StatementNode>
src/abap/2_statements/expand_macros.ts.ExpandMacros::find,src/abap/2_statements/expand_macros.ts.ExpandMacros::find/body/s1/s5/s1/body/s0/s2/else/body/s2/body/s2/body/s0/x/arg0/seq/s1/x,,statements,array.concat,classref<src/abap/nodes/statement_node.ts.StatementNode>,shared object table,,1,false,0,0,0,exact,class:src/abap/nodes/statement_node.ts.StatementNode,classref<src/abap/nodes/statement_node.ts.StatementNode>
src/abap/2_statements/expand_macros.ts.ExpandMacros::find,src/abap/2_statements/expand_macros.ts.ExpandMacros::find/body/s1/s5/s1/body/s0/s2/else/else/body/s0/else/body/s1/x/arg0,src/abap/2_statements/expand_macros.ts:125:25,statements,index,classref<src/abap/nodes/statement_node.ts.StatementNode>,shared object table,classref<src/abap/nodes/statement_node.ts.StatementNode>,1,false,1,1,1,exact,class:src/abap/nodes/statement_node.ts.StatementNode,classref<src/abap/nodes/statement_node.ts.StatementNode>
src/abap/2_statements/expand_macros.ts.ExpandMacros::findName,src/abap/2_statements/expand_macros.ts.ExpandMacros::findName/body/s2,src/abap/2_statements/expand_macros.ts:249:5,statements,foreach,classref<src/abap/1_lexer/tokens/abstract_token.ts.AbstractToken>,shared object table,classref<src/abap/1_lexer/tokens/abstract_token.ts.AbstractToken>,1,false,1,1,1,hierarchy/mixed upper bound,class:src/abap/1_lexer/tokens/association_name.ts.AssociationName;class:src/abap/1_lexer/tokens/at.ts.At;class:src/abap/1_lexer/tokens/atw.ts.AtW;class:src/abap/1_lexer/tokens/bracket_left.ts.BracketLeft;class:src/abap/1_lexer/tokens/bracket_leftw.ts.BracketLeftW;class:src/abap/1_lexer/tokens/bracket_right.ts.BracketRight;class:src/abap/1_lexer/tokens/bracket_rightw.ts.BracketRightW;class:src/abap/1_lexer/tokens/comment.ts.Comment;class:src/abap/1_lexer/tokens/dash.ts.Dash;class:src/abap/1_lexer/tokens/dashw.ts.DashW;class:src/abap/1_lexer/tokens/identifier.ts.Identifier;class:src/abap/1_lexer/tokens/instance_arrow.ts.InstanceArrow;class:src/abap/1_lexer/tokens/instance_arroww.ts.InstanceArrowW;class:src/abap/1_lexer/tokens/paren_left.ts.ParenLeft;class:src/abap/1_lexer/tokens/paren_leftw.ts.ParenLeftW;class:src/abap/1_lexer/tokens/paren_right.ts.ParenRight;class:src/abap/1_lexer/tokens/paren_rightw.ts.ParenRightW;class:src/abap/1_lexer/tokens/plus.ts.Plus;class:src/abap/1_lexer/tokens/plusw.ts.PlusW;class:src/abap/1_lexer/tokens/pragma.ts.Pragma;class:src/abap/1_lexer/tokens/punctuation.ts.Punctuation;class:src/abap/1_lexer/tokens/static_arrow.ts.StaticArrow;class:src/abap/1_lexer/tokens/static_arroww.ts.StaticArrowW;class:src/abap/1_lexer/tokens/string.ts.StringToken;class:src/abap/1_lexer/tokens/string_template.ts.StringTemplate;class:src/abap/1_lexer/tokens/string_template_begin.ts.StringTemplateBegin;class:src/abap/1_lexer/tokens/string_template_end.ts.StringTemplateEnd;class:src/abap/1_lexer/tokens/string_template_middle.ts.StringTemplateMiddle;class:src/abap/1_lexer/tokens/wat.ts.WAt;class:src/abap/1_lexer/tokens/watw.ts.WAtW;class:src/abap/1_lexer/tokens/wbracket_left.ts.WBracketLeft;class:src/abap/1_lexer/tokens/wbracket_leftw.ts.WBracketLeftW;class:src/abap/1_lexer/tokens/wbracket_right.ts.WBracketRight;class:src/abap/1_lexer/tokens/wbracket_rightw.ts.WBracketRightW;class:src/abap/1_lexer/tokens/wdash.ts.WDash;class:src/abap/1_lexer/tokens/wdashw.ts.WDashW;class:src/abap/1_lexer/tokens/winstance_arrow.ts.WInstanceArrow;class:src/abap/1_lexer/tokens/winstance_arroww.ts.WInstanceArrowW;class:src/abap/1_lexer/tokens/wparen_left.ts.WParenLeft;class:src/abap/1_lexer/tokens/wparen_leftw.ts.WParenLeftW;class:src/abap/1_lexer/tokens/wparen_right.ts.WParenRight;class:src/abap/1_lexer/tokens/wparen_rightw.ts.WParenRightW;class:src/abap/1_lexer/tokens/wplus.ts.WPlus;class:src/abap/1_lexer/tokens/wplusw.ts.WPlusW;class:src/abap/1_lexer/tokens/wstatic_arrow.ts.WStaticArrow;class:src/abap/1_lexer/tokens/wstatic_arroww.ts.WStaticArrowW,classref<src/abap/1_lexer/tokens/abstract_token.ts.AbstractToken>
src/abap/2_statements/expand_macros.ts.ExpandMacros::handleMacros,src/abap/2_statements/expand_macros.ts.ExpandMacros::handleMacros/body/s1/s0/x,src/abap/2_statements/expand_macros.ts:133:37,statements,new,classref<src/abap/nodes/statement_node.ts.StatementNode>,shared object table,,0,false,0,0,0,exact,class:src/abap/nodes/statement_node.ts.StatementNode,classref<src/abap/nodes/statement_node.ts.StatementNode>
src/abap/2_statements/expand_macros.ts.ExpandMacros::handleMacros,src/abap/2_statements/expand_macros.ts.ExpandMacros::handleMacros/body/s1/s3,src/abap/2_statements/expand_macros.ts:138:5,statements,foreach,classref<src/abap/nodes/statement_node.ts.StatementNode>,shared object table,classref<src/abap/nodes/statement_node.ts.StatementNode>,1,false,1,1,1,exact,class:src/abap/nodes/statement_node.ts.StatementNode,classref<src/abap/nodes/statement_node.ts.StatementNode>
src/abap/2_statements/expand_macros.ts.ExpandMacros::handleMacros,src/abap/2_statements/expand_macros.ts.ExpandMacros::handleMacros/body/s1/s3/body/s1/body/s1/body/s3/body/s3,src/abap/2_statements/expand_macros.ts:158:13,statements,foreach,classref<src/abap/nodes/statement_node.ts.StatementNode>,shared object table,classref<src/abap/nodes/statement_node.ts.StatementNode>,2,false,1,1,1,exact,class:src/abap/nodes/statement_node.ts.StatementNode,classref<src/abap/nodes/statement_node.ts.StatementNode>
src/abap/2_statements/expand_macros.ts.Macros::constructor,src/abap/2_statements/expand_macros.ts.Macros::constructor/body/s1/body/s0/x/arg1/arg0/1,src/abap/2_statements/expand_macros.ts:28:21,statements,new,classref<src/abap/nodes/statement_node.ts.StatementNode>,shared object table,,1,false,0,0,0,no non-null rows resolved (not an exact proof),,classref<src/abap/nodes/statement_node.ts.StatementNode>
src/abap/2_statements/expressions/_derived_types.ts.module::commonDerivedTypes,src/abap/2_statements/expressions/_derived_types.ts.module::commonDerivedTypes/body/s0/s1/x/seq/s0/x,src/abap/2_statements/expressions/_derived_types.ts:10:10,statements,new,interfaceref<src/abap/2_statements/statement_runnable.ts.IStatementRunnable>,shared object table,,0,false,0,0,0,hierarchy/mixed upper bound,class:src/abap/2_statements/combi.ts.Sequence;class:src/abap/2_statements/combi.ts.Vers,interfaceref<src/abap/2_statements/statement_runnable.ts.IStatementRunnable>
src/abap/2_statements/expressions/_derived_types.ts.module::derivedTypesAlt,src/abap/2_statements/expressions/_derived_types.ts.module::derivedTypesAlt/body/s0/s0/x/seq/s0/x,src/abap/2_statements/expressions/_derived_types.ts:56:15,statements,new,interfaceref<src/abap/2_statements/statement_runnable.ts.IStatementRunnable>,shared object table,,0,false,0,0,0,no non-null rows resolved (not an exact proof),,interfaceref<src/abap/2_statements/statement_runnable.ts.IStatementRunnable>
src/abap/2_statements/expressions/_derived_types.ts.module::derivedTypesAlt,src/abap/2_statements/expressions/_derived_types.ts.module::derivedTypesAlt/body/s0/s0/x/seq/s1/x,,statements,array.concat,interfaceref<src/abap/2_statements/statement_runnable.ts.IStatementRunnable>,shared object table,,0,false,0,0,0,hierarchy/mixed upper bound,class:src/abap/2_statements/combi.ts.Sequence;class:src/abap/2_statements/combi.ts.Vers,interfaceref<src/abap/2_statements/statement_runnable.ts.IStatementRunnable>
src/abap/2_statements/expressions/_derived_types.ts.module::derivedTypesAlt,src/abap/2_statements/expressions/_derived_types.ts.module::derivedTypesAlt/body/s0/s0/x/seq/s2/x,,statements,array.concat,interfaceref<src/abap/2_statements/statement_runnable.ts.IStatementRunnable>,shared object table,,0,false,0,0,0,hierarchy/mixed upper bound,class:src/abap/2_statements/combi.ts.Sequence;class:src/abap/2_statements/combi.ts.Vers,interfaceref<src/abap/2_statements/statement_runnable.ts.IStatementRunnable>
src/abap/2_statements/expressions/_derived_types.ts.module::derivedTypesAlt,src/abap/2_statements/expressions/_derived_types.ts.module::derivedTypesAlt/body/s0/s2/x,src/abap/2_statements/expressions/_derived_types.ts:57:10,statements,index,interfaceref<src/abap/2_statements/statement_runnable.ts.IStatementRunnable>,shared object table,interfaceref<src/abap/2_statements/statement_runnable.ts.IStatementRunnable>,0,false,1,1,1,hierarchy/mixed upper bound,class:src/abap/2_statements/combi.ts.Sequence;class:src/abap/2_statements/combi.ts.Vers,interfaceref<src/abap/2_statements/statement_runnable.ts.IStatementRunnable>
src/abap/2_statements/expressions/_derived_types.ts.module::derivedTypesAlt,src/abap/2_statements/expressions/_derived_types.ts.module::derivedTypesAlt/body/s0/s3/x,src/abap/2_statements/expressions/_derived_types.ts:57:17,statements,index,interfaceref<src/abap/2_statements/statement_runnable.ts.IStatementRunnable>,shared object table,interfaceref<src/abap/2_statements/statement_runnable.ts.IStatementRunnable>,0,false,1,1,1,hierarchy/mixed upper bound,class:src/abap/2_statements/combi.ts.Sequence;class:src/abap/2_statements/combi.ts.Vers,interfaceref<src/abap/2_statements/statement_runnable.ts.IStatementRunnable>
src/abap/2_statements/expressions/_derived_types.ts.module::derivedTypesAlt,src/abap/2_statements/expressions/_derived_types.ts.module::derivedTypesAlt/body/s0/s4/x,,statements,array.slice1,interfaceref<src/abap/2_statements/statement_runnable.ts.IStatementRunnable>,shared object table,,0,false,0,0,0,hierarchy/mixed upper bound,class:src/abap/2_statements/combi.ts.Sequence;class:src/abap/2_statements/combi.ts.Vers,interfaceref<src/abap/2_statements/statement_runnable.ts.IStatementRunnable>
src/abap/2_statements/expressions/_derived_types.ts.module::derivedTypesAlt,src/abap/2_statements/expressions/_derived_types.ts.module::derivedTypesAlt/body/s0/s5/x/seq/s3,src/abap/2_statements/expressions/_derived_types.ts:58:33,statements,foreach,interfaceref<src/abap/2_statements/statement_runnable.ts.IStatementRunnable>,shared object table,interfaceref<src/abap/2_statements/statement_runnable.ts.IStatementRunnable>,1,false,1,1,1,hierarchy/mixed upper bound,class:src/abap/2_statements/combi.ts.Sequence;class:src/abap/2_statements/combi.ts.Vers,interfaceref<src/abap/2_statements/statement_runnable.ts.IStatementRunnable>
src/abap/2_statements/expressions/_dynamic_access.ts.module::dynComp,src/abap/2_statements/expressions/_dynamic_access.ts.module::dynComp/body/s0/s0/x/arg1/0/seq/s4,src/abap/2_statements/expressions/_dynamic_access.ts:13:64,statements,foreach,interfaceref<src/abap/2_statements/statement_runnable.ts.IStatementRunnable>,shared object table,interfaceref<src/abap/2_statements/statement_runnable.ts.IStatementRunnable>,1,false,1,1,1,hierarchy/mixed upper bound,class:src/abap/2_statements/combi.ts.OptionalPriority,interfaceref<src/abap/2_statements/statement_runnable.ts.IStatementRunnable>
src/abap/2_statements/expressions/_select_core.ts.module::buildSelectCore,src/abap/2_statements/expressions/_select_core.ts.module::buildSelectCore/body/s2/s13/x/1/seq/s0/x,src/abap/2_statements/expressions/_select_core.ts:63:7,statements,new,interfaceref<src/abap/2_statements/statement_runnable.ts.IStatementRunnable>,shared object table,,0,false,0,0,0,hierarchy/mixed upper bound,class:src/abap/2_statements/combi.ts.OptionalPriority,interfaceref<src/abap/2_statements/statement_runnable.ts.IStatementRunnable>
src/abap/2_statements/expressions/_select_core.ts.module::buildSelectCore,src/abap/2_statements/expressions/_select_core.ts.module::buildSelectCore/body/s2/s13/x/2,src/abap/2_statements/expressions/_select_core.ts:64:7,statements,new,interfaceref<src/abap/2_statements/statement_runnable.ts.IStatementRunnable>,shared object table,,0,false,0,0,0,no non-null rows resolved (not an exact proof),,interfaceref<src/abap/2_statements/statement_runnable.ts.IStatementRunnable>
src/abap/2_statements/expressions/_select_core.ts.module::buildSelectCore,src/abap/2_statements/expressions/_select_core.ts.module::buildSelectCore/body/s2/s17/body/s0/x/seq/s4/x/arg0/0/seq/s5,src/abap/2_statements/expressions/_select_core.ts:73:62,statements,foreach,interfaceref<src/abap/2_statements/statement_runnable.ts.IStatementRunnable>,shared object table,interfaceref<src/abap/2_statements/statement_runnable.ts.IStatementRunnable>,1,false,1,1,1,hierarchy/mixed upper bound,class:src/abap/2_statements/combi.ts.OptionalPriority,interfaceref<src/abap/2_statements/statement_runnable.ts.IStatementRunnable>
src/abap/2_statements/expressions/_select_core.ts.module::buildSelectCore,src/abap/2_statements/expressions/_select_core.ts.module::buildSelectCore/body/s2/s20/x/seq/s5/x/arg0/0/seq/s0/x/0/seq/s11,src/abap/2_statements/expressions/_select_core.ts:95:82,statements,foreach,interfaceref<src/abap/2_statements/statement_runnable.ts.IStatementRunnable>,shared object table,interfaceref<src/abap/2_statements/statement_runnable.ts.IStatementRunnable>,1,false,1,1,1,hierarchy/mixed upper bound,class:src/abap/2_statements/combi.ts.OptionalPriority,interfaceref<src/abap/2_statements/statement_runnable.ts.IStatementRunnable>
src/abap/2_statements/expressions/_select_core.ts.module::buildSelectCore,src/abap/2_statements/expressions/_select_core.ts.module::buildSelectCore/body/s2/s20/x/seq/s5/x/arg0/0/seq/s1/x/0/seq/s11,src/abap/2_statements/expressions/_select_core.ts:97:54,statements,foreach,interfaceref<src/abap/2_statements/statement_runnable.ts.IStatementRunnable>,shared object table,interfaceref<src/abap/2_statements/statement_runnable.ts.IStatementRunnable>,1,false,1,1,1,hierarchy/mixed upper bound,class:src/abap/2_statements/combi.ts.OptionalPriority,interfaceref<src/abap/2_statements/statement_runnable.ts.IStatementRunnable>
src/abap/2_statements/expressions/_select_core.ts.module::buildSelectCore,src/abap/2_statements/expressions/_select_core.ts.module::buildSelectCore/body/s2/s20/x/seq/s5/x/arg0/0/seq/s3/x/arg0/0/seq/s5,src/abap/2_statements/expressions/_select_core.ts:98:62,statements,foreach,interfaceref<src/abap/2_statements/statement_runnable.ts.IStatementRunnable>,shared object table,interfaceref<src/abap/2_statements/statement_runnable.ts.IStatementRunnable>,1,false,1,1,1,hierarchy/mixed upper bound,class:src/abap/2_statements/combi.ts.OptionalPriority,interfaceref<src/abap/2_statements/statement_runnable.ts.IStatementRunnable>
src/abap/2_statements/expressions/field_chain.ts.FieldChain::getRunnable,src/abap/2_statements/expressions/field_chain.ts.FieldChain::getRunnable/body/s2/x/arg0/0/seq/s4/x/arg0/0/seq/s0/x,src/abap/2_statements/expressions/field_chain.ts:17:7,statements,new,interfaceref<src/abap/2_statements/statement_runnable.ts.IStatementRunnable>,shared object table,,0,false,0,0,0,hierarchy/mixed upper bound,class:src/abap/2_statements/combi.ts.OptionalPriority,interfaceref<src/abap/2_statements/statement_runnable.ts.IStatementRunnable>
src/abap/2_statements/expressions/source.ts.Source::getRunnable,src/abap/2_statements/expressions/source.ts.Source::getRunnable/body/s3/x/arg0/0/seq/s1/x/0/seq/s0/x,src/abap/2_statements/expressions/source.ts:22:46,statements,new,interfaceref<src/abap/2_statements/statement_runnable.ts.IStatementRunnable>,shared object table,,0,false,0,0,0,no non-null rows resolved (not an exact proof),,interfaceref<src/abap/2_statements/statement_runnable.ts.IStatementRunnable>
src/abap/2_statements/expressions/sql_function.ts.SQLFunction::fn_fn,src/abap/2_statements/expressions/sql_function.ts.SQLFunction::fn_fn/body/s1/else/else/s0/x,src/abap/2_statements/expressions/sql_function.ts:378:45,statements,new,interfaceref<src/abap/2_statements/statement_runnable.ts.IStatementRunnable>,shared object table,,0,false,0,0,0,hierarchy/mixed upper bound,class:src/abap/2_statements/combi.ts.Sequence,interfaceref<src/abap/2_statements/statement_runnable.ts.IStatementRunnable>
src/abap/2_statements/expressions/sql_function.ts.SQLFunction::fn_fn,src/abap/2_statements/expressions/sql_function.ts.SQLFunction::fn_fn/body/s1/else/else/s2/x/arg1/0/seq/s4,src/abap/2_statements/expressions/sql_function.ts:382:71,statements,foreach,interfaceref<src/abap/2_statements/statement_runnable.ts.IStatementRunnable>,shared object table,interfaceref<src/abap/2_statements/statement_runnable.ts.IStatementRunnable>,1,false,1,1,1,hierarchy/mixed upper bound,class:src/abap/2_statements/combi.ts.Sequence,interfaceref<src/abap/2_statements/statement_runnable.ts.IStatementRunnable>
src/abap/2_statements/expressions/sql_function.ts.SQLFunction::fn_namedFn,src/abap/2_statements/expressions/sql_function.ts.SQLFunction::fn_namedFn/body/s1/x/seq/s0/x,src/abap/2_statements/expressions/sql_function.ts:398:19,statements,new,interfaceref<src/abap/2_statements/statement_runnable.ts.IStatementRunnable>,shared object table,,0,false,0,0,0,hierarchy/mixed upper bound,class:src/abap/2_statements/combi.ts.Sequence,interfaceref<src/abap/2_statements/statement_runnable.ts.IStatementRunnable>
src/abap/2_statements/expressions/sql_function.ts.SQLFunction::fn_namedFn,src/abap/2_statements/expressions/sql_function.ts.SQLFunction::fn_namedFn/body/s1/x/seq/s1,src/abap/2_statements/expressions/sql_function.ts:398:19,statements,foreach,classref<src/abap/2_statements/expressions/sql_function.ts.SQLNamedParam>,shared object table,classref<src/abap/2_statements/expressions/sql_function.ts.SQLNamedParam>,1,false,1,1,1,exact,class:src/abap/2_statements/expressions/sql_function.ts.SQLNamedParam,classref<src/abap/2_statements/expressions/sql_function.ts.SQLNamedParam>
src/abap/2_statements/expressions/sql_function.ts.SQLFunction::fn_namedFn,src/abap/2_statements/expressions/sql_function.ts.SQLFunction::fn_namedFn/body/s2/x/1,src/abap/2_statements/expressions/sql_function.ts:399:40,statements,index,interfaceref<src/abap/2_statements/statement_runnable.ts.IStatementRunnable>,shared object table,interfaceref<src/abap/2_statements/statement_runnable.ts.IStatementRunnable>,0,false,1,1,1,hierarchy/mixed upper bound,class:src/abap/2_statements/combi.ts.Sequence,interfaceref<src/abap/2_statements/statement_runnable.ts.IStatementRunnable>
src/abap/2_statements/expressions/sql_function.ts.SQLFunction::fn_namedFn,src/abap/2_statements/expressions/sql_function.ts.SQLFunction::fn_namedFn/body/s2/x/2/seq/s0/x/0,src/abap/2_statements/expressions/sql_function.ts:399:57,statements,index,interfaceref<src/abap/2_statements/statement_runnable.ts.IStatementRunnable>,shared object table,interfaceref<src/abap/2_statements/statement_runnable.ts.IStatementRunnable>,0,false,1,1,1,hierarchy/mixed upper bound,class:src/abap/2_statements/combi.ts.Sequence,interfaceref<src/abap/2_statements/statement_runnable.ts.IStatementRunnable>
src/abap/2_statements/expressions/sql_function.ts.SQLFunction::fn_namedFn,src/abap/2_statements/expressions/sql_function.ts.SQLFunction::fn_namedFn/body/s2/x/2/seq/s1/x/0,src/abap/2_statements/expressions/sql_function.ts:399:65,statements,index,interfaceref<src/abap/2_statements/statement_runnable.ts.IStatementRunnable>,shared object table,interfaceref<src/abap/2_statements/statement_runnable.ts.IStatementRunnable>,0,false,1,1,1,hierarchy/mixed upper bound,class:src/abap/2_statements/combi.ts.Sequence,interfaceref<src/abap/2_statements/statement_runnable.ts.IStatementRunnable>
src/abap/2_statements/expressions/sql_function.ts.SQLFunction::fn_namedFn,src/abap/2_statements/expressions/sql_function.ts.SQLFunction::fn_namedFn/body/s2/x/2/seq/s3,src/abap/2_statements/expressions/sql_function.ts:399:73,statements,foreach,interfaceref<src/abap/2_statements/statement_runnable.ts.IStatementRunnable>,shared object table,interfaceref<src/abap/2_statements/statement_runnable.ts.IStatementRunnable>,1,false,1,1,1,hierarchy/mixed upper bound,class:src/abap/2_statements/combi.ts.Sequence,interfaceref<src/abap/2_statements/statement_runnable.ts.IStatementRunnable>
src/abap/2_statements/expressions/sql_function.ts.SQLFunction::fn_namedFn,src/abap/2_statements/expressions/sql_function.ts.SQLFunction::fn_namedFn/body/s2/x/2/seq/s3/x,src/abap/2_statements/expressions/sql_function.ts:399:76,statements,array.slice1,interfaceref<src/abap/2_statements/statement_runnable.ts.IStatementRunnable>,shared object table,,0,false,0,0,0,hierarchy/mixed upper bound,class:src/abap/2_statements/combi.ts.Sequence,interfaceref<src/abap/2_statements/statement_runnable.ts.IStatementRunnable>
src/abap/2_statements/expressions/sql_function.ts.SQLFunction::getRunnable,src/abap/2_statements/expressions/sql_function.ts.SQLFunction::getRunnable/body/s7/x/seq/s6,src/abap/2_statements/expressions/sql_function.ts:410:7,statements,foreach,interfaceref<src/abap/2_statements/statement_runnable.ts.IStatementRunnable>,shared object table,interfaceref<src/abap/2_statements/statement_runnable.ts.IStatementRunnable>,1,false,1,1,1,hierarchy/mixed upper bound,class:src/abap/2_statements/combi.ts.Vers,interfaceref<src/abap/2_statements/statement_runnable.ts.IStatementRunnable>
src/abap/2_statements/expressions/sql_function.ts.SQLFunction::getRunnable,src/abap/2_statements/expressions/sql_function.ts.SQLFunction::getRunnable/body/s7/x/seq/s6/x/seq/s0/x,src/abap/2_statements/expressions/sql_function.ts:410:10,statements,new,interfaceref<src/abap/2_statements/statement_runnable.ts.IStatementRunnable>,shared object table,,0,false,0,0,0,hierarchy/mixed upper bound,class:src/abap/2_statements/combi.ts.Vers,interfaceref<src/abap/2_statements/statement_runnable.ts.IStatementRunnable>
src/abap/2_statements/expressions/sql_function.ts.SQLFunction::getRunnable,src/abap/2_statements/expressions/sql_function.ts.SQLFunction::getRunnable/body/s7/x/seq/s6/x/seq/s1,src/abap/2_statements/expressions/sql_function.ts:410:10,statements,foreach,classref<tuple.473287f8298dba7163a897908958f7c0eae733e25d2e027992ea2edc9bed2fa8.12886f9d00055adf24c40579e22d31b2b45f2023f892954ffd5567beb60825f8.8f9108e347ad289a33aa5df99962abce4e6d371906c6508e3a0fcfd0983f8809>,shared object table,classref<tuple.473287f8298dba7163a897908958f7c0eae733e25d2e027992ea2edc9bed2fa8.12886f9d00055adf24c40579e22d31b2b45f2023f892954ffd5567beb60825f8.8f9108e347ad289a33aa5df99962abce4e6d371906c6508e3a0fcfd0983f8809>,1,false,1,1,1,exact,class:tuple.473287f8298dba7163a897908958f7c0eae733e25d2e027992ea2edc9bed2fa8.12886f9d00055adf24c40579e22d31b2b45f2023f892954ffd5567beb60825f8.8f9108e347ad289a33aa5df99962abce4e6d371906c6508e3a0fcfd0983f8809,classref<tuple.473287f8298dba7163a897908958f7c0eae733e25d2e027992ea2edc9bed2fa8.12886f9d00055adf24c40579e22d31b2b45f2023f892954ffd5567beb60825f8.8f9108e347ad289a33aa5df99962abce4e6d371906c6508e3a0fcfd0983f8809>
src/abap/2_statements/expressions/sql_function.ts.SQLFunction::getRunnable,src/abap/2_statements/expressions/sql_function.ts.SQLFunction::getRunnable/body/s7/x/seq/s7,src/abap/2_statements/expressions/sql_function.ts:411:7,statements,foreach,interfaceref<src/abap/2_statements/statement_runnable.ts.IStatementRunnable>,shared object table,interfaceref<src/abap/2_statements/statement_runnable.ts.IStatementRunnable>,1,false,1,1,1,hierarchy/mixed upper bound,class:src/abap/2_statements/combi.ts.Vers,interfaceref<src/abap/2_statements/statement_runnable.ts.IStatementRunnable>
src/abap/2_statements/expressions/sql_function.ts.SQLFunction::getRunnable,src/abap/2_statements/expressions/sql_function.ts.SQLFunction::getRunnable/body/s7/x/seq/s7/x/seq/s0/x,src/abap/2_statements/expressions/sql_function.ts:411:10,statements,new,interfaceref<src/abap/2_statements/statement_runnable.ts.IStatementRunnable>,shared object table,,0,false,0,0,0,hierarchy/mixed upper bound,class:src/abap/2_statements/combi.ts.Vers,interfaceref<src/abap/2_statements/statement_runnable.ts.IStatementRunnable>
src/abap/2_statements/expressions/sql_function.ts.SQLFunction::getRunnable,src/abap/2_statements/expressions/sql_function.ts.SQLFunction::getRunnable/body/s7/x/seq/s7/x/seq/s1,src/abap/2_statements/expressions/sql_function.ts:411:10,statements,foreach,classref<tuple.473287f8298dba7163a897908958f7c0eae733e25d2e027992ea2edc9bed2fa8.8f9108e347ad289a33aa5df99962abce4e6d371906c6508e3a0fcfd0983f8809.98b7639e585fae5238ff43662490d7623581819bd94f3e3d769d74b4152b48ee>,shared object table,classref<tuple.473287f8298dba7163a897908958f7c0eae733e25d2e027992ea2edc9bed2fa8.8f9108e347ad289a33aa5df99962abce4e6d371906c6508e3a0fcfd0983f8809.98b7639e585fae5238ff43662490d7623581819bd94f3e3d769d74b4152b48ee>,1,false,1,1,1,exact,class:tuple.473287f8298dba7163a897908958f7c0eae733e25d2e027992ea2edc9bed2fa8.8f9108e347ad289a33aa5df99962abce4e6d371906c6508e3a0fcfd0983f8809.98b7639e585fae5238ff43662490d7623581819bd94f3e3d769d74b4152b48ee,classref<tuple.473287f8298dba7163a897908958f7c0eae733e25d2e027992ea2edc9bed2fa8.8f9108e347ad289a33aa5df99962abce4e6d371906c6508e3a0fcfd0983f8809.98b7639e585fae5238ff43662490d7623581819bd94f3e3d769d74b4152b48ee>
src/abap/2_statements/expressions/sql_function.ts.SQLFunction::getRunnable,src/abap/2_statements/expressions/sql_function.ts.SQLFunction::getRunnable/body/s7/x/seq/s8,src/abap/2_statements/expressions/sql_function.ts:412:7,statements,foreach,interfaceref<src/abap/2_statements/statement_runnable.ts.IStatementRunnable>,shared object table,interfaceref<src/abap/2_statements/statement_runnable.ts.IStatementRunnable>,1,false,1,1,1,hierarchy/mixed upper bound,class:src/abap/2_statements/combi.ts.Vers,interfaceref<src/abap/2_statements/statement_runnable.ts.IStatementRunnable>
src/abap/2_statements/expressions/sql_function.ts.SQLFunction::getRunnable,src/abap/2_statements/expressions/sql_function.ts.SQLFunction::getRunnable/body/s7/x/seq/s8/x/seq/s0/x,src/abap/2_statements/expressions/sql_function.ts:412:10,statements,new,interfaceref<src/abap/2_statements/statement_runnable.ts.IStatementRunnable>,shared object table,,0,false,0,0,0,hierarchy/mixed upper bound,class:src/abap/2_statements/combi.ts.Vers,interfaceref<src/abap/2_statements/statement_runnable.ts.IStatementRunnable>
src/abap/2_statements/expressions/sql_function.ts.SQLFunction::getRunnable,src/abap/2_statements/expressions/sql_function.ts.SQLFunction::getRunnable/body/s7/x/seq/s8/x/seq/s1,src/abap/2_statements/expressions/sql_function.ts:412:10,statements,foreach,classref<tuple.473287f8298dba7163a897908958f7c0eae733e25d2e027992ea2edc9bed2fa8.12886f9d00055adf24c40579e22d31b2b45f2023f892954ffd5567beb60825f8.8f9108e347ad289a33aa5df99962abce4e6d371906c6508e3a0fcfd0983f8809>,shared object table,classref<tuple.473287f8298dba7163a897908958f7c0eae733e25d2e027992ea2edc9bed2fa8.12886f9d00055adf24c40579e22d31b2b45f2023f892954ffd5567beb60825f8.8f9108e347ad289a33aa5df99962abce4e6d371906c6508e3a0fcfd0983f8809>,1,false,1,1,1,exact,class:tuple.473287f8298dba7163a897908958f7c0eae733e25d2e027992ea2edc9bed2fa8.12886f9d00055adf24c40579e22d31b2b45f2023f892954ffd5567beb60825f8.8f9108e347ad289a33aa5df99962abce4e6d371906c6508e3a0fcfd0983f8809,classref<tuple.473287f8298dba7163a897908958f7c0eae733e25d2e027992ea2edc9bed2fa8.12886f9d00055adf24c40579e22d31b2b45f2023f892954ffd5567beb60825f8.8f9108e347ad289a33aa5df99962abce4e6d371906c6508e3a0fcfd0983f8809>
src/abap/2_statements/expressions/sql_function.ts.SQLFunction::getRunnable,src/abap/2_statements/expressions/sql_function.ts.SQLFunction::getRunnable/body/s7/x/seq/s9,src/abap/2_statements/expressions/sql_function.ts:413:7,statements,foreach,interfaceref<src/abap/2_statements/statement_runnable.ts.IStatementRunnable>,shared object table,interfaceref<src/abap/2_statements/statement_runnable.ts.IStatementRunnable>,1,false,1,1,1,hierarchy/mixed upper bound,class:src/abap/2_statements/combi.ts.Vers,interfaceref<src/abap/2_statements/statement_runnable.ts.IStatementRunnable>
src/abap/2_statements/expressions/sql_function.ts.SQLFunction::getRunnable,src/abap/2_statements/expressions/sql_function.ts.SQLFunction::getRunnable/body/s7/x/seq/s9/x/seq/s0/x,src/abap/2_statements/expressions/sql_function.ts:413:10,statements,new,interfaceref<src/abap/2_statements/statement_runnable.ts.IStatementRunnable>,shared object table,,0,false,0,0,0,hierarchy/mixed upper bound,class:src/abap/2_statements/combi.ts.Vers,interfaceref<src/abap/2_statements/statement_runnable.ts.IStatementRunnable>
src/abap/2_statements/expressions/sql_function.ts.SQLFunction::getRunnable,src/abap/2_statements/expressions/sql_function.ts.SQLFunction::getRunnable/body/s7/x/seq/s9/x/seq/s1,src/abap/2_statements/expressions/sql_function.ts:413:10,statements,foreach,classref<tuple.473287f8298dba7163a897908958f7c0eae733e25d2e027992ea2edc9bed2fa8.12886f9d00055adf24c40579e22d31b2b45f2023f892954ffd5567beb60825f8.8f9108e347ad289a33aa5df99962abce4e6d371906c6508e3a0fcfd0983f8809>,shared object table,classref<tuple.473287f8298dba7163a897908958f7c0eae733e25d2e027992ea2edc9bed2fa8.12886f9d00055adf24c40579e22d31b2b45f2023f892954ffd5567beb60825f8.8f9108e347ad289a33aa5df99962abce4e6d371906c6508e3a0fcfd0983f8809>,1,false,1,1,1,exact,class:tuple.473287f8298dba7163a897908958f7c0eae733e25d2e027992ea2edc9bed2fa8.12886f9d00055adf24c40579e22d31b2b45f2023f892954ffd5567beb60825f8.8f9108e347ad289a33aa5df99962abce4e6d371906c6508e3a0fcfd0983f8809,classref<tuple.473287f8298dba7163a897908958f7c0eae733e25d2e027992ea2edc9bed2fa8.12886f9d00055adf24c40579e22d31b2b45f2023f892954ffd5567beb60825f8.8f9108e347ad289a33aa5df99962abce4e6d371906c6508e3a0fcfd0983f8809>
src/abap/2_statements/expressions/sql_function.ts.module::class_constructor,src/abap/2_statements/expressions/sql_function.ts.module::class_constructor/body/s1/y/seq/s0/x,src/abap/2_statements/expressions/sql_function.ts:20:50,statements,new,classref<tuple.473287f8298dba7163a897908958f7c0eae733e25d2e027992ea2edc9bed2fa8.12886f9d00055adf24c40579e22d31b2b45f2023f892954ffd5567beb60825f8.8f9108e347ad289a33aa5df99962abce4e6d371906c6508e3a0fcfd0983f8809>,shared object table,,0,false,0,0,0,exact,class:tuple.473287f8298dba7163a897908958f7c0eae733e25d2e027992ea2edc9bed2fa8.12886f9d00055adf24c40579e22d31b2b45f2023f892954ffd5567beb60825f8.8f9108e347ad289a33aa5df99962abce4e6d371906c6508e3a0fcfd0983f8809,classref<tuple.473287f8298dba7163a897908958f7c0eae733e25d2e027992ea2edc9bed2fa8.12886f9d00055adf24c40579e22d31b2b45f2023f892954ffd5567beb60825f8.8f9108e347ad289a33aa5df99962abce4e6d371906c6508e3a0fcfd0983f8809>
src/abap/2_statements/expressions/sql_function.ts.module::class_constructor,src/abap/2_statements/expressions/sql_function.ts.module::class_constructor/body/s2/y/seq/s0/x,src/abap/2_statements/expressions/sql_function.ts:106:60,statements,new,classref<tuple.473287f8298dba7163a897908958f7c0eae733e25d2e027992ea2edc9bed2fa8.8f9108e347ad289a33aa5df99962abce4e6d371906c6508e3a0fcfd0983f8809.98b7639e585fae5238ff43662490d7623581819bd94f3e3d769d74b4152b48ee>,shared object table,,0,false,0,0,0,exact,class:tuple.473287f8298dba7163a897908958f7c0eae733e25d2e027992ea2edc9bed2fa8.8f9108e347ad289a33aa5df99962abce4e6d371906c6508e3a0fcfd0983f8809.98b7639e585fae5238ff43662490d7623581819bd94f3e3d769d74b4152b48ee,classref<tuple.473287f8298dba7163a897908958f7c0eae733e25d2e027992ea2edc9bed2fa8.8f9108e347ad289a33aa5df99962abce4e6d371906c6508e3a0fcfd0983f8809.98b7639e585fae5238ff43662490d7623581819bd94f3e3d769d74b4152b48ee>
src/abap/2_statements/expressions/sql_function.ts.module::class_constructor,src/abap/2_statements/expressions/sql_function.ts.module::class_constructor/body/s2/y/seq/s1/x/arg0/arg2/seq/s0/x,src/abap/2_statements/expressions/sql_function.ts:107:40,statements,new,classref<src/abap/2_statements/expressions/sql_function.ts.SQLNamedParam>,shared object table,,0,false,0,0,0,exact,class:src/abap/2_statements/expressions/sql_function.ts.SQLNamedParam,classref<src/abap/2_statements/expressions/sql_function.ts.SQLNamedParam>
src/abap/2_statements/expressions/sql_function.ts.module::class_constructor,src/abap/2_statements/expressions/sql_function.ts.module::class_constructor/body/s2/y/seq/s10/x/arg0/arg2/seq/s0/x,src/abap/2_statements/expressions/sql_function.ts:156:38,statements,new,classref<src/abap/2_statements/expressions/sql_function.ts.SQLNamedParam>,shared object table,,0,false,0,0,0,exact,class:src/abap/2_statements/expressions/sql_function.ts.SQLNamedParam,classref<src/abap/2_statements/expressions/sql_function.ts.SQLNamedParam>
src/abap/2_statements/expressions/sql_function.ts.module::class_constructor,src/abap/2_statements/expressions/sql_function.ts.module::class_constructor/body/s2/y/seq/s11/x/arg0/arg2/seq/s0/x,src/abap/2_statements/expressions/sql_function.ts:160:34,statements,new,classref<src/abap/2_statements/expressions/sql_function.ts.SQLNamedParam>,shared object table,,0,false,0,0,0,exact,class:src/abap/2_statements/expressions/sql_function.ts.SQLNamedParam,classref<src/abap/2_statements/expressions/sql_function.ts.SQLNamedParam>
src/abap/2_statements/expressions/sql_function.ts.module::class_constructor,src/abap/2_statements/expressions/sql_function.ts.module::class_constructor/body/s2/y/seq/s12/x/arg0/arg2/seq/s0/x,src/abap/2_statements/expressions/sql_function.ts:165:36,statements,new,classref<src/abap/2_statements/expressions/sql_function.ts.SQLNamedParam>,shared object table,,0,false,0,0,0,exact,class:src/abap/2_statements/expressions/sql_function.ts.SQLNamedParam,classref<src/abap/2_statements/expressions/sql_function.ts.SQLNamedParam>
src/abap/2_statements/expressions/sql_function.ts.module::class_constructor,src/abap/2_statements/expressions/sql_function.ts.module::class_constructor/body/s2/y/seq/s13/x/arg0/arg2/seq/s0/x,src/abap/2_statements/expressions/sql_function.ts:169:34,statements,new,classref<src/abap/2_statements/expressions/sql_function.ts.SQLNamedParam>,shared object table,,0,false,0,0,0,exact,class:src/abap/2_statements/expressions/sql_function.ts.SQLNamedParam,classref<src/abap/2_statements/expressions/sql_function.ts.SQLNamedParam>
src/abap/2_statements/expressions/sql_function.ts.module::class_constructor,src/abap/2_statements/expressions/sql_function.ts.module::class_constructor/body/s2/y/seq/s14/x/arg0/arg2/seq/s0/x,src/abap/2_statements/expressions/sql_function.ts:173:36,statements,new,classref<src/abap/2_statements/expressions/sql_function.ts.SQLNamedParam>,shared object table,,0,false,0,0,0,exact,class:src/abap/2_statements/expressions/sql_function.ts.SQLNamedParam,classref<src/abap/2_statements/expressions/sql_function.ts.SQLNamedParam>
src/abap/2_statements/expressions/sql_function.ts.module::class_constructor,src/abap/2_statements/expressions/sql_function.ts.module::class_constructor/body/s2/y/seq/s15/x/arg0/arg2/seq/s0/x,src/abap/2_statements/expressions/sql_function.ts:177:41,statements,new,classref<src/abap/2_statements/expressions/sql_function.ts.SQLNamedParam>,shared object table,,0,false,0,0,0,exact,class:src/abap/2_statements/expressions/sql_function.ts.SQLNamedParam,classref<src/abap/2_statements/expressions/sql_function.ts.SQLNamedParam>
src/abap/2_statements/expressions/sql_function.ts.module::class_constructor,src/abap/2_statements/expressions/sql_function.ts.module::class_constructor/body/s2/y/seq/s16/x/arg0/arg2/seq/s0/x,src/abap/2_statements/expressions/sql_function.ts:189:37,statements,new,classref<src/abap/2_statements/expressions/sql_function.ts.SQLNamedParam>,shared object table,,0,false,0,0,0,exact,class:src/abap/2_statements/expressions/sql_function.ts.SQLNamedParam,classref<src/abap/2_statements/expressions/sql_function.ts.SQLNamedParam>
src/abap/2_statements/expressions/sql_function.ts.module::class_constructor,src/abap/2_statements/expressions/sql_function.ts.module::class_constructor/body/s2/y/seq/s17/x/arg0/arg2/seq/s0/x,src/abap/2_statements/expressions/sql_function.ts:196:45,statements,new,classref<src/abap/2_statements/expressions/sql_function.ts.SQLNamedParam>,shared object table,,0,false,0,0,0,exact,class:src/abap/2_statements/expressions/sql_function.ts.SQLNamedParam,classref<src/abap/2_statements/expressions/sql_function.ts.SQLNamedParam>
src/abap/2_statements/expressions/sql_function.ts.module::class_constructor,src/abap/2_statements/expressions/sql_function.ts.module::class_constructor/body/s2/y/seq/s18/x/arg0/arg2/seq/s0/x,src/abap/2_statements/expressions/sql_function.ts:200:34,statements,new,classref<src/abap/2_statements/expressions/sql_function.ts.SQLNamedParam>,shared object table,,0,false,0,0,0,exact,class:src/abap/2_statements/expressions/sql_function.ts.SQLNamedParam,classref<src/abap/2_statements/expressions/sql_function.ts.SQLNamedParam>
src/abap/2_statements/expressions/sql_function.ts.module::class_constructor,src/abap/2_statements/expressions/sql_function.ts.module::class_constructor/body/s2/y/seq/s19/x/arg0/arg2/seq/s0/x,src/abap/2_statements/expressions/sql_function.ts:203:26,statements,new,classref<src/abap/2_statements/expressions/sql_function.ts.SQLNamedParam>,shared object table,,0,false,0,0,0,exact,class:src/abap/2_statements/expressions/sql_function.ts.SQLNamedParam,classref<src/abap/2_statements/expressions/sql_function.ts.SQLNamedParam>
src/abap/2_statements/expressions/sql_function.ts.module::class_constructor,src/abap/2_statements/expressions/sql_function.ts.module::class_constructor/body/s2/y/seq/s2/x/arg0/arg2/seq/s0/x,src/abap/2_statements/expressions/sql_function.ts:112:42,statements,new,classref<src/abap/2_statements/expressions/sql_function.ts.SQLNamedParam>,shared object table,,0,false,0,0,0,exact,class:src/abap/2_statements/expressions/sql_function.ts.SQLNamedParam,classref<src/abap/2_statements/expressions/sql_function.ts.SQLNamedParam>
src/abap/2_statements/expressions/sql_function.ts.module::class_constructor,src/abap/2_statements/expressions/sql_function.ts.module::class_constructor/body/s2/y/seq/s3/x/arg0/arg2/seq/s0/x,src/abap/2_statements/expressions/sql_function.ts:116:40,statements,new,classref<src/abap/2_statements/expressions/sql_function.ts.SQLNamedParam>,shared object table,,0,false,0,0,0,exact,class:src/abap/2_statements/expressions/sql_function.ts.SQLNamedParam,classref<src/abap/2_statements/expressions/sql_function.ts.SQLNamedParam>
src/abap/2_statements/expressions/sql_function.ts.module::class_constructor,src/abap/2_statements/expressions/sql_function.ts.module::class_constructor/body/s2/y/seq/s4/x/arg0/arg2/seq/s0/x,src/abap/2_statements/expressions/sql_function.ts:123:39,statements,new,classref<src/abap/2_statements/expressions/sql_function.ts.SQLNamedParam>,shared object table,,0,false,0,0,0,exact,class:src/abap/2_statements/expressions/sql_function.ts.SQLNamedParam,classref<src/abap/2_statements/expressions/sql_function.ts.SQLNamedParam>
src/abap/2_statements/expressions/sql_function.ts.module::class_constructor,src/abap/2_statements/expressions/sql_function.ts.module::class_constructor/body/s2/y/seq/s5/x/arg0/arg2/seq/s0/x,src/abap/2_statements/expressions/sql_function.ts:128:43,statements,new,classref<src/abap/2_statements/expressions/sql_function.ts.SQLNamedParam>,shared object table,,0,false,0,0,0,exact,class:src/abap/2_statements/expressions/sql_function.ts.SQLNamedParam,classref<src/abap/2_statements/expressions/sql_function.ts.SQLNamedParam>
src/abap/2_statements/expressions/sql_function.ts.module::class_constructor,src/abap/2_statements/expressions/sql_function.ts.module::class_constructor/body/s2/y/seq/s6/x/arg0/arg2/seq/s0/x,src/abap/2_statements/expressions/sql_function.ts:133:35,statements,new,classref<src/abap/2_statements/expressions/sql_function.ts.SQLNamedParam>,shared object table,,0,false,0,0,0,exact,class:src/abap/2_statements/expressions/sql_function.ts.SQLNamedParam,classref<src/abap/2_statements/expressions/sql_function.ts.SQLNamedParam>
src/abap/2_statements/expressions/sql_function.ts.module::class_constructor,src/abap/2_statements/expressions/sql_function.ts.module::class_constructor/body/s2/y/seq/s7/x/arg0/arg2/seq/s0/x,src/abap/2_statements/expressions/sql_function.ts:139:35,statements,new,classref<src/abap/2_statements/expressions/sql_function.ts.SQLNamedParam>,shared object table,,0,false,0,0,0,exact,class:src/abap/2_statements/expressions/sql_function.ts.SQLNamedParam,classref<src/abap/2_statements/expressions/sql_function.ts.SQLNamedParam>
src/abap/2_statements/expressions/sql_function.ts.module::class_constructor,src/abap/2_statements/expressions/sql_function.ts.module::class_constructor/body/s2/y/seq/s8/x/arg0/arg2/seq/s0/x,src/abap/2_statements/expressions/sql_function.ts:145:34,statements,new,classref<src/abap/2_statements/expressions/sql_function.ts.SQLNamedParam>,shared object table,,0,false,0,0,0,exact,class:src/abap/2_statements/expressions/sql_function.ts.SQLNamedParam,classref<src/abap/2_statements/expressions/sql_function.ts.SQLNamedParam>
src/abap/2_statements/expressions/sql_function.ts.module::class_constructor,src/abap/2_statements/expressions/sql_function.ts.module::class_constructor/body/s2/y/seq/s9/x/arg0/arg2/seq/s0/x,src/abap/2_statements/expressions/sql_function.ts:151:36,statements,new,classref<src/abap/2_statements/expressions/sql_function.ts.SQLNamedParam>,shared object table,,0,false,0,0,0,exact,class:src/abap/2_statements/expressions/sql_function.ts.SQLNamedParam,classref<src/abap/2_statements/expressions/sql_function.ts.SQLNamedParam>
src/abap/2_statements/expressions/sql_function.ts.module::class_constructor,src/abap/2_statements/expressions/sql_function.ts.module::class_constructor/body/s3/y/seq/s0/x,src/abap/2_statements/expressions/sql_function.ts:209:57,statements,new,classref<tuple.473287f8298dba7163a897908958f7c0eae733e25d2e027992ea2edc9bed2fa8.12886f9d00055adf24c40579e22d31b2b45f2023f892954ffd5567beb60825f8.8f9108e347ad289a33aa5df99962abce4e6d371906c6508e3a0fcfd0983f8809>,shared object table,,0,false,0,0,0,exact,class:tuple.473287f8298dba7163a897908958f7c0eae733e25d2e027992ea2edc9bed2fa8.12886f9d00055adf24c40579e22d31b2b45f2023f892954ffd5567beb60825f8.8f9108e347ad289a33aa5df99962abce4e6d371906c6508e3a0fcfd0983f8809,classref<tuple.473287f8298dba7163a897908958f7c0eae733e25d2e027992ea2edc9bed2fa8.12886f9d00055adf24c40579e22d31b2b45f2023f892954ffd5567beb60825f8.8f9108e347ad289a33aa5df99962abce4e6d371906c6508e3a0fcfd0983f8809>
src/abap/2_statements/expressions/sql_function.ts.module::class_constructor,src/abap/2_statements/expressions/sql_function.ts.module::class_constructor/body/s4/y/seq/s0/x,src/abap/2_statements/expressions/sql_function.ts:341:58,statements,new,classref<tuple.473287f8298dba7163a897908958f7c0eae733e25d2e027992ea2edc9bed2fa8.12886f9d00055adf24c40579e22d31b2b45f2023f892954ffd5567beb60825f8.8f9108e347ad289a33aa5df99962abce4e6d371906c6508e3a0fcfd0983f8809>,shared object table,,0,false,0,0,0,exact,class:tuple.473287f8298dba7163a897908958f7c0eae733e25d2e027992ea2edc9bed2fa8.12886f9d00055adf24c40579e22d31b2b45f2023f892954ffd5567beb60825f8.8f9108e347ad289a33aa5df99962abce4e6d371906c6508e3a0fcfd0983f8809,classref<tuple.473287f8298dba7163a897908958f7c0eae733e25d2e027992ea2edc9bed2fa8.12886f9d00055adf24c40579e22d31b2b45f2023f892954ffd5567beb60825f8.8f9108e347ad289a33aa5df99962abce4e6d371906c6508e3a0fcfd0983f8809>
src/abap/2_statements/expressions/target.ts.Target::getRunnable,src/abap/2_statements/expressions/target.ts.Target::getRunnable/body/s2/x/arg0/0/seq/s4/x/arg0/0/seq/s0/x,src/abap/2_statements/expressions/target.ts:14:70,statements,new,interfaceref<src/abap/2_statements/statement_runnable.ts.IStatementRunnable>,shared object table,,0,false,0,0,0,no non-null rows resolved (not an exact proof),,interfaceref<src/abap/2_statements/statement_runnable.ts.IStatementRunnable>
src/abap/2_statements/expressions/type_param.ts.TypeParam::getRunnable,src/abap/2_statements/expressions/type_param.ts.TypeParam::getRunnable/body/s6/x/arg1/0/seq/s3/x/arg0/0/seq/s0/x,src/abap/2_statements/expressions/type_param.ts:24:51,statements,new,interfaceref<src/abap/2_statements/statement_runnable.ts.IStatementRunnable>,shared object table,,0,false,0,0,0,hierarchy/mixed upper bound,class:src/abap/2_statements/combi.ts.Vers,interfaceref<src/abap/2_statements/statement_runnable.ts.IStatementRunnable>
src/abap/2_statements/expressions/type_structure.ts.TypeStructure::getRunnable,src/abap/2_statements/expressions/type_structure.ts.TypeStructure::getRunnable/body/s1/x/seq/s0/x,src/abap/2_statements/expressions/type_structure.ts:11:26,statements,new,interfaceref<src/abap/2_statements/statement_runnable.ts.IStatementRunnable>,shared object table,,0,false,0,0,0,hierarchy/mixed upper bound,class:src/abap/2_statements/combi.ts.Sequence;class:src/abap/2_statements/combi.ts.Vers,interfaceref<src/abap/2_statements/statement_runnable.ts.IStatementRunnable>
src/abap/2_statements/expressions/type_table.ts.TypeTable::getRunnable,src/abap/2_statements/expressions/type_table.ts.TypeTable::getRunnable/body/s10/x/seq/s0/x,src/abap/2_statements/expressions/type_table.ts:40:26,statements,new,interfaceref<src/abap/2_statements/statement_runnable.ts.IStatementRunnable>,shared object table,,0,false,0,0,0,hierarchy/mixed upper bound,class:src/abap/2_statements/combi.ts.Vers,interfaceref<src/abap/2_statements/statement_runnable.ts.IStatementRunnable>
src/abap/2_statements/result.ts.Result::getNodes,src/abap/2_statements/result.ts.Result::getNodes/body/s0/x,src/abap/2_statements/result.ts:78:17,statements,new,interfaceref<union.66719939903e43ae9586894a3271d3c1e0bc1a87886c0b01d3e32f95e19d70c3>,shared object table,,0,false,0,0,0,hierarchy/mixed upper bound,class:src/abap/nodes/expression_node.ts.ExpressionNode;class:src/abap/nodes/token_node.ts.TokenNode;class:src/abap/nodes/token_node_regex.ts.TokenNodeRegex,interfaceref<src/abap/nodes/_inode.ts.INode>;interfaceref<union.66719939903e43ae9586894a3271d3c1e0bc1a87886c0b01d3e32f95e19d70c3>
src/abap/2_statements/result.ts.Result::peek,src/abap/2_statements/result.ts.Result::peek/body/s0/x,src/abap/2_statements/result.ts:36:12,statements,index,classref<src/abap/1_lexer/tokens/abstract_token.ts.AbstractToken>,shared object table,classref<src/abap/1_lexer/tokens/abstract_token.ts.AbstractToken>,0,false,1,1,1,hierarchy/mixed upper bound,class:src/abap/1_lexer/tokens/association_name.ts.AssociationName;class:src/abap/1_lexer/tokens/at.ts.At;class:src/abap/1_lexer/tokens/atw.ts.AtW;class:src/abap/1_lexer/tokens/bracket_left.ts.BracketLeft;class:src/abap/1_lexer/tokens/bracket_leftw.ts.BracketLeftW;class:src/abap/1_lexer/tokens/bracket_right.ts.BracketRight;class:src/abap/1_lexer/tokens/bracket_rightw.ts.BracketRightW;class:src/abap/1_lexer/tokens/comment.ts.Comment;class:src/abap/1_lexer/tokens/dash.ts.Dash;class:src/abap/1_lexer/tokens/dashw.ts.DashW;class:src/abap/1_lexer/tokens/identifier.ts.Identifier;class:src/abap/1_lexer/tokens/instance_arrow.ts.InstanceArrow;class:src/abap/1_lexer/tokens/instance_arroww.ts.InstanceArrowW;class:src/abap/1_lexer/tokens/paren_left.ts.ParenLeft;class:src/abap/1_lexer/tokens/paren_leftw.ts.ParenLeftW;class:src/abap/1_lexer/tokens/paren_right.ts.ParenRight;class:src/abap/1_lexer/tokens/paren_rightw.ts.ParenRightW;class:src/abap/1_lexer/tokens/plus.ts.Plus;class:src/abap/1_lexer/tokens/plusw.ts.PlusW;class:src/abap/1_lexer/tokens/pragma.ts.Pragma;class:src/abap/1_lexer/tokens/punctuation.ts.Punctuation;class:src/abap/1_lexer/tokens/static_arrow.ts.StaticArrow;class:src/abap/1_lexer/tokens/static_arroww.ts.StaticArrowW;class:src/abap/1_lexer/tokens/string.ts.StringToken;class:src/abap/1_lexer/tokens/string_template.ts.StringTemplate;class:src/abap/1_lexer/tokens/string_template_begin.ts.StringTemplateBegin;class:src/abap/1_lexer/tokens/string_template_end.ts.StringTemplateEnd;class:src/abap/1_lexer/tokens/string_template_middle.ts.StringTemplateMiddle;class:src/abap/1_lexer/tokens/wat.ts.WAt;class:src/abap/1_lexer/tokens/watw.ts.WAtW;class:src/abap/1_lexer/tokens/wbracket_left.ts.WBracketLeft;class:src/abap/1_lexer/tokens/wbracket_leftw.ts.WBracketLeftW;class:src/abap/1_lexer/tokens/wbracket_right.ts.WBracketRight;class:src/abap/1_lexer/tokens/wbracket_rightw.ts.WBracketRightW;class:src/abap/1_lexer/tokens/wdash.ts.WDash;class:src/abap/1_lexer/tokens/wdashw.ts.WDashW;class:src/abap/1_lexer/tokens/winstance_arrow.ts.WInstanceArrow;class:src/abap/1_lexer/tokens/winstance_arroww.ts.WInstanceArrowW;class:src/abap/1_lexer/tokens/wparen_left.ts.WParenLeft;class:src/abap/1_lexer/tokens/wparen_leftw.ts.WParenLeftW;class:src/abap/1_lexer/tokens/wparen_right.ts.WParenRight;class:src/abap/1_lexer/tokens/wparen_rightw.ts.WParenRightW;class:src/abap/1_lexer/tokens/wplus.ts.WPlus;class:src/abap/1_lexer/tokens/wplusw.ts.WPlusW;class:src/abap/1_lexer/tokens/wstatic_arrow.ts.WStaticArrow;class:src/abap/1_lexer/tokens/wstatic_arroww.ts.WStaticArrowW,classref<src/abap/1_lexer/tokens/abstract_token.ts.AbstractToken>
src/abap/2_statements/result.ts.Result::peekAt,src/abap/2_statements/result.ts.Result::peekAt/body/s0/x/1,src/abap/2_statements/result.ts:40:12,statements,index,classref<src/abap/1_lexer/tokens/abstract_token.ts.AbstractToken>,shared object table,classref<src/abap/1_lexer/tokens/abstract_token.ts.AbstractToken>,0,false,1,1,1,hierarchy/mixed upper bound,class:src/abap/1_lexer/tokens/association_name.ts.AssociationName;class:src/abap/1_lexer/tokens/at.ts.At;class:src/abap/1_lexer/tokens/atw.ts.AtW;class:src/abap/1_lexer/tokens/bracket_left.ts.BracketLeft;class:src/abap/1_lexer/tokens/bracket_leftw.ts.BracketLeftW;class:src/abap/1_lexer/tokens/bracket_right.ts.BracketRight;class:src/abap/1_lexer/tokens/bracket_rightw.ts.BracketRightW;class:src/abap/1_lexer/tokens/comment.ts.Comment;class:src/abap/1_lexer/tokens/dash.ts.Dash;class:src/abap/1_lexer/tokens/dashw.ts.DashW;class:src/abap/1_lexer/tokens/identifier.ts.Identifier;class:src/abap/1_lexer/tokens/instance_arrow.ts.InstanceArrow;class:src/abap/1_lexer/tokens/instance_arroww.ts.InstanceArrowW;class:src/abap/1_lexer/tokens/paren_left.ts.ParenLeft;class:src/abap/1_lexer/tokens/paren_leftw.ts.ParenLeftW;class:src/abap/1_lexer/tokens/paren_right.ts.ParenRight;class:src/abap/1_lexer/tokens/paren_rightw.ts.ParenRightW;class:src/abap/1_lexer/tokens/plus.ts.Plus;class:src/abap/1_lexer/tokens/plusw.ts.PlusW;class:src/abap/1_lexer/tokens/pragma.ts.Pragma;class:src/abap/1_lexer/tokens/punctuation.ts.Punctuation;class:src/abap/1_lexer/tokens/static_arrow.ts.StaticArrow;class:src/abap/1_lexer/tokens/static_arroww.ts.StaticArrowW;class:src/abap/1_lexer/tokens/string.ts.StringToken;class:src/abap/1_lexer/tokens/string_template.ts.StringTemplate;class:src/abap/1_lexer/tokens/string_template_begin.ts.StringTemplateBegin;class:src/abap/1_lexer/tokens/string_template_end.ts.StringTemplateEnd;class:src/abap/1_lexer/tokens/string_template_middle.ts.StringTemplateMiddle;class:src/abap/1_lexer/tokens/wat.ts.WAt;class:src/abap/1_lexer/tokens/watw.ts.WAtW;class:src/abap/1_lexer/tokens/wbracket_left.ts.WBracketLeft;class:src/abap/1_lexer/tokens/wbracket_leftw.ts.WBracketLeftW;class:src/abap/1_lexer/tokens/wbracket_right.ts.WBracketRight;class:src/abap/1_lexer/tokens/wbracket_rightw.ts.WBracketRightW;class:src/abap/1_lexer/tokens/wdash.ts.WDash;class:src/abap/1_lexer/tokens/wdashw.ts.WDashW;class:src/abap/1_lexer/tokens/winstance_arrow.ts.WInstanceArrow;class:src/abap/1_lexer/tokens/winstance_arroww.ts.WInstanceArrowW;class:src/abap/1_lexer/tokens/wparen_left.ts.WParenLeft;class:src/abap/1_lexer/tokens/wparen_leftw.ts.WParenLeftW;class:src/abap/1_lexer/tokens/wparen_right.ts.WParenRight;class:src/abap/1_lexer/tokens/wparen_rightw.ts.WParenRightW;class:src/abap/1_lexer/tokens/wplus.ts.WPlus;class:src/abap/1_lexer/tokens/wplusw.ts.WPlusW;class:src/abap/1_lexer/tokens/wstatic_arrow.ts.WStaticArrow;class:src/abap/1_lexer/tokens/wstatic_arroww.ts.WStaticArrowW,classref<src/abap/1_lexer/tokens/abstract_token.ts.AbstractToken>
src/abap/2_statements/result.ts.Result::wrapConsumed,src/abap/2_statements/result.ts.Result::wrapConsumed/body/s2/x,src/abap/2_statements/result.ts:50:54,statements,new,interfaceref<union.66719939903e43ae9586894a3271d3c1e0bc1a87886c0b01d3e32f95e19d70c3>,shared object table,,0,false,0,0,0,hierarchy/mixed upper bound,class:src/abap/nodes/expression_node.ts.ExpressionNode;class:src/abap/nodes/token_node.ts.TokenNode;class:src/abap/nodes/token_node_regex.ts.TokenNodeRegex,interfaceref<src/abap/nodes/_inode.ts.INode>;interfaceref<union.66719939903e43ae9586894a3271d3c1e0bc1a87886c0b01d3e32f95e19d70c3>
src/abap/2_statements/statement_parser.ts.StatementMap::constructor,src/abap/2_statements/statement_parser.ts.StatementMap::constructor/body/s1,src/abap/2_statements/statement_parser.ts:30:5,statements,foreach,interfaceref<src/abap/2_statements/statements/_statement.ts.IStatement>,shared object table,interfaceref<src/abap/2_statements/statements/_statement.ts.IStatement>,1,false,1,1,1,no non-null rows resolved (not an exact proof),,interfaceref<src/abap/2_statements/statements/_statement.ts.IStatement>
src/abap/2_statements/statement_parser.ts.StatementMap::constructor,src/abap/2_statements/statement_parser.ts.StatementMap::constructor/body/s1/body/s2/body/s0/body/s0/x/0/0,src/abap/2_statements/statement_parser.ts:37:11,statements,map.get,classref<shape.7e8c4203d26cc50517941a28b5cbce37cdb0fb6abdee06ebaa72071cab7d32db>,shared object table,,2,false,0,0,0,unknown native/unresolved flow,class:shape.7e8c4203d26cc50517941a28b5cbce37cdb0fb6abdee06ebaa72071cab7d32db;unknown:classref<shape.7e8c4203d26cc50517941a28b5cbce37cdb0fb6abdee06ebaa72071cab7d32db>,classref<shape.7e8c4203d26cc50517941a28b5cbce37cdb0fb6abdee06ebaa72071cab7d32db>
src/abap/2_statements/statement_parser.ts.StatementMap::constructor,src/abap/2_statements/statement_parser.ts.StatementMap::constructor/body/s1/body/s2/body/s0/else/s0/x/arg1/seq/s0/x,src/abap/2_statements/statement_parser.ts:39:29,statements,new,classref<shape.7e8c4203d26cc50517941a28b5cbce37cdb0fb6abdee06ebaa72071cab7d32db>,shared object table,,2,false,0,0,0,exact,class:shape.7e8c4203d26cc50517941a28b5cbce37cdb0fb6abdee06ebaa72071cab7d32db,classref<shape.7e8c4203d26cc50517941a28b5cbce37cdb0fb6abdee06ebaa72071cab7d32db>
src/abap/2_statements/statement_parser.ts.StatementMap::constructor,src/abap/2_statements/statement_parser.ts.StatementMap::constructor/body/s1/body/s2/body/s0/x/0,src/abap/2_statements/statement_parser.ts:36:13,statements,map.get,classref<shape.7e8c4203d26cc50517941a28b5cbce37cdb0fb6abdee06ebaa72071cab7d32db>,shared object table,,2,false,0,0,0,unknown native/unresolved flow,unknown:classref<shape.7e8c4203d26cc50517941a28b5cbce37cdb0fb6abdee06ebaa72071cab7d32db>,classref<shape.7e8c4203d26cc50517941a28b5cbce37cdb0fb6abdee06ebaa72071cab7d32db>
src/abap/2_statements/statement_parser.ts.StatementMap::lookup,src/abap/2_statements/statement_parser.ts.StatementMap::lookup/body/s0/x,src/abap/2_statements/statement_parser.ts:46:17,statements,map.get,classref<shape.7e8c4203d26cc50517941a28b5cbce37cdb0fb6abdee06ebaa72071cab7d32db>,shared object table,,0,false,0,0,0,unknown native/unresolved flow,unknown:classref<shape.7e8c4203d26cc50517941a28b5cbce37cdb0fb6abdee06ebaa72071cab7d32db>,classref<shape.7e8c4203d26cc50517941a28b5cbce37cdb0fb6abdee06ebaa72071cab7d32db>
src/abap/2_statements/statement_parser.ts.StatementMap::lookup,src/abap/2_statements/statement_parser.ts.StatementMap::lookup/body/s1/body/s0/x,src/abap/2_statements/statement_parser.ts:48:14,statements,new,classref<shape.7e8c4203d26cc50517941a28b5cbce37cdb0fb6abdee06ebaa72071cab7d32db>,shared object table,,0,false,0,0,0,no non-null rows resolved (not an exact proof),,classref<shape.7e8c4203d26cc50517941a28b5cbce37cdb0fb6abdee06ebaa72071cab7d32db>
src/abap/2_statements/statement_parser.ts.StatementMap::lookup,src/abap/2_statements/statement_parser.ts.StatementMap::lookup/body/s2/body/s0,src/abap/2_statements/statement_parser.ts:51:7,statements,foreach,classref<shape.7e8c4203d26cc50517941a28b5cbce37cdb0fb6abdee06ebaa72071cab7d32db>,shared object table,classref<shape.7e8c4203d26cc50517941a28b5cbce37cdb0fb6abdee06ebaa72071cab7d32db>,1,false,1,1,1,unknown native/unresolved flow,unknown:classref<shape.7e8c4203d26cc50517941a28b5cbce37cdb0fb6abdee06ebaa72071cab7d32db>,classref<shape.7e8c4203d26cc50517941a28b5cbce37cdb0fb6abdee06ebaa72071cab7d32db>
src/abap/2_statements/statement_parser.ts.StatementMap::lookup,src/abap/2_statements/statement_parser.ts.StatementMap::lookup/body/s2/x/seq/s0/x/0,src/abap/2_statements/statement_parser.ts:50:9,statements,index,classref<shape.7e8c4203d26cc50517941a28b5cbce37cdb0fb6abdee06ebaa72071cab7d32db>,shared object table,classref<shape.7e8c4203d26cc50517941a28b5cbce37cdb0fb6abdee06ebaa72071cab7d32db>,0,false,1,1,1,unknown native/unresolved flow,unknown:classref<shape.7e8c4203d26cc50517941a28b5cbce37cdb0fb6abdee06ebaa72071cab7d32db>,classref<shape.7e8c4203d26cc50517941a28b5cbce37cdb0fb6abdee06ebaa72071cab7d32db>
src/abap/2_statements/statement_parser.ts.StatementParser::buildSplits,src/abap/2_statements/statement_parser.ts.StatementParser::buildSplits/body/s0/x,src/abap/2_statements/statement_parser.ts:181:70,statements,new,classref<shape.473586f1dc44c79d419996faa2ead4c9e89cb998867ac438e617815967c3af7d>,shared object table,,0,false,0,0,0,exact,class:shape.473586f1dc44c79d419996faa2ead4c9e89cb998867ac438e617815967c3af7d,classref<shape.473586f1dc44c79d419996faa2ead4c9e89cb998867ac438e617815967c3af7d>
src/abap/2_statements/statement_parser.ts.StatementParser::buildSplits,src/abap/2_statements/statement_parser.ts.StatementParser::buildSplits/body/s1/x,src/abap/2_statements/statement_parser.ts:182:37,statements,new,classref<src/abap/1_lexer/tokens/abstract_token.ts.AbstractToken>,shared object table,,0,false,0,0,0,hierarchy/mixed upper bound,class:src/abap/1_lexer/tokens/association_name.ts.AssociationName;class:src/abap/1_lexer/tokens/at.ts.At;class:src/abap/1_lexer/tokens/atw.ts.AtW;class:src/abap/1_lexer/tokens/bracket_left.ts.BracketLeft;class:src/abap/1_lexer/tokens/bracket_leftw.ts.BracketLeftW;class:src/abap/1_lexer/tokens/bracket_right.ts.BracketRight;class:src/abap/1_lexer/tokens/bracket_rightw.ts.BracketRightW;class:src/abap/1_lexer/tokens/comment.ts.Comment;class:src/abap/1_lexer/tokens/dash.ts.Dash;class:src/abap/1_lexer/tokens/dashw.ts.DashW;class:src/abap/1_lexer/tokens/identifier.ts.Identifier;class:src/abap/1_lexer/tokens/instance_arrow.ts.InstanceArrow;class:src/abap/1_lexer/tokens/instance_arroww.ts.InstanceArrowW;class:src/abap/1_lexer/tokens/paren_left.ts.ParenLeft;class:src/abap/1_lexer/tokens/paren_leftw.ts.ParenLeftW;class:src/abap/1_lexer/tokens/paren_right.ts.ParenRight;class:src/abap/1_lexer/tokens/paren_rightw.ts.ParenRightW;class:src/abap/1_lexer/tokens/plus.ts.Plus;class:src/abap/1_lexer/tokens/plusw.ts.PlusW;class:src/abap/1_lexer/tokens/pragma.ts.Pragma;class:src/abap/1_lexer/tokens/punctuation.ts.Punctuation;class:src/abap/1_lexer/tokens/static_arrow.ts.StaticArrow;class:src/abap/1_lexer/tokens/static_arroww.ts.StaticArrowW;class:src/abap/1_lexer/tokens/string.ts.StringToken;class:src/abap/1_lexer/tokens/string_template.ts.StringTemplate;class:src/abap/1_lexer/tokens/string_template_begin.ts.StringTemplateBegin;class:src/abap/1_lexer/tokens/string_template_end.ts.StringTemplateEnd;class:src/abap/1_lexer/tokens/string_template_middle.ts.StringTemplateMiddle;class:src/abap/1_lexer/tokens/wat.ts.WAt;class:src/abap/1_lexer/tokens/watw.ts.WAtW;class:src/abap/1_lexer/tokens/wbracket_left.ts.WBracketLeft;class:src/abap/1_lexer/tokens/wbracket_leftw.ts.WBracketLeftW;class:src/abap/1_lexer/tokens/wbracket_right.ts.WBracketRight;class:src/abap/1_lexer/tokens/wbracket_rightw.ts.WBracketRightW;class:src/abap/1_lexer/tokens/wdash.ts.WDash;class:src/abap/1_lexer/tokens/wdashw.ts.WDashW;class:src/abap/1_lexer/tokens/winstance_arrow.ts.WInstanceArrow;class:src/abap/1_lexer/tokens/winstance_arroww.ts.WInstanceArrowW;class:src/abap/1_lexer/tokens/wparen_left.ts.WParenLeft;class:src/abap/1_lexer/tokens/wparen_leftw.ts.WParenLeftW;class:src/abap/1_lexer/tokens/wparen_right.ts.WParenRight;class:src/abap/1_lexer/tokens/wparen_rightw.ts.WParenRightW;class:src/abap/1_lexer/tokens/wplus.ts.WPlus;class:src/abap/1_lexer/tokens/wplusw.ts.WPlusW;class:src/abap/1_lexer/tokens/wstatic_arrow.ts.WStaticArrow;class:src/abap/1_lexer/tokens/wstatic_arroww.ts.WStaticArrowW,classref<src/abap/1_lexer/tokens/abstract_token.ts.AbstractToken>
src/abap/2_statements/statement_parser.ts.StatementParser::buildSplits,src/abap/2_statements/statement_parser.ts.StatementParser::buildSplits/body/s2/x/0,src/abap/2_statements/statement_parser.ts:183:19,statements,index,classref<src/abap/1_lexer/tokens/abstract_token.ts.AbstractToken>,shared object table,classref<src/abap/1_lexer/tokens/abstract_token.ts.AbstractToken>,0,false,1,1,1,hierarchy/mixed upper bound,class:src/abap/1_lexer/tokens/association_name.ts.AssociationName;class:src/abap/1_lexer/tokens/at.ts.At;class:src/abap/1_lexer/tokens/atw.ts.AtW;class:src/abap/1_lexer/tokens/bracket_left.ts.BracketLeft;class:src/abap/1_lexer/tokens/bracket_leftw.ts.BracketLeftW;class:src/abap/1_lexer/tokens/bracket_right.ts.BracketRight;class:src/abap/1_lexer/tokens/bracket_rightw.ts.BracketRightW;class:src/abap/1_lexer/tokens/comment.ts.Comment;class:src/abap/1_lexer/tokens/dash.ts.Dash;class:src/abap/1_lexer/tokens/dashw.ts.DashW;class:src/abap/1_lexer/tokens/identifier.ts.Identifier;class:src/abap/1_lexer/tokens/instance_arrow.ts.InstanceArrow;class:src/abap/1_lexer/tokens/instance_arroww.ts.InstanceArrowW;class:src/abap/1_lexer/tokens/paren_left.ts.ParenLeft;class:src/abap/1_lexer/tokens/paren_leftw.ts.ParenLeftW;class:src/abap/1_lexer/tokens/paren_right.ts.ParenRight;class:src/abap/1_lexer/tokens/paren_rightw.ts.ParenRightW;class:src/abap/1_lexer/tokens/plus.ts.Plus;class:src/abap/1_lexer/tokens/plusw.ts.PlusW;class:src/abap/1_lexer/tokens/pragma.ts.Pragma;class:src/abap/1_lexer/tokens/punctuation.ts.Punctuation;class:src/abap/1_lexer/tokens/static_arrow.ts.StaticArrow;class:src/abap/1_lexer/tokens/static_arroww.ts.StaticArrowW;class:src/abap/1_lexer/tokens/string.ts.StringToken;class:src/abap/1_lexer/tokens/string_template.ts.StringTemplate;class:src/abap/1_lexer/tokens/string_template_begin.ts.StringTemplateBegin;class:src/abap/1_lexer/tokens/string_template_end.ts.StringTemplateEnd;class:src/abap/1_lexer/tokens/string_template_middle.ts.StringTemplateMiddle;class:src/abap/1_lexer/tokens/wat.ts.WAt;class:src/abap/1_lexer/tokens/watw.ts.WAtW;class:src/abap/1_lexer/tokens/wbracket_left.ts.WBracketLeft;class:src/abap/1_lexer/tokens/wbracket_leftw.ts.WBracketLeftW;class:src/abap/1_lexer/tokens/wbracket_right.ts.WBracketRight;class:src/abap/1_lexer/tokens/wbracket_rightw.ts.WBracketRightW;class:src/abap/1_lexer/tokens/wdash.ts.WDash;class:src/abap/1_lexer/tokens/wdashw.ts.WDashW;class:src/abap/1_lexer/tokens/winstance_arrow.ts.WInstanceArrow;class:src/abap/1_lexer/tokens/winstance_arroww.ts.WInstanceArrowW;class:src/abap/1_lexer/tokens/wparen_left.ts.WParenLeft;class:src/abap/1_lexer/tokens/wparen_leftw.ts.WParenLeftW;class:src/abap/1_lexer/tokens/wparen_right.ts.WParenRight;class:src/abap/1_lexer/tokens/wparen_rightw.ts.WParenRightW;class:src/abap/1_lexer/tokens/wplus.ts.WPlus;class:src/abap/1_lexer/tokens/wplusw.ts.WPlusW;class:src/abap/1_lexer/tokens/wstatic_arrow.ts.WStaticArrow;class:src/abap/1_lexer/tokens/wstatic_arroww.ts.WStaticArrowW,classref<src/abap/1_lexer/tokens/abstract_token.ts.AbstractToken>
src/abap/2_statements/statement_parser.ts.StatementParser::buildSplits,src/abap/2_statements/statement_parser.ts.StatementParser::buildSplits/body/s3/s1/body/s0/s0/body/s0/x/arg0/arg0/1/seq/s0/x,src/abap/2_statements/statement_parser.ts:187:26,statements,new,classref<src/abap/1_lexer/tokens/abstract_token.ts.AbstractToken>,shared object table,,1,false,0,0,0,no non-null rows resolved (not an exact proof),,classref<src/abap/1_lexer/tokens/abstract_token.ts.AbstractToken>
src/abap/2_statements/statement_parser.ts.StatementParser::buildSplits,src/abap/2_statements/statement_parser.ts.StatementParser::buildSplits/body/s3/s1/body/s0/s0/body/s0/x/arg0/arg0/1/seq/s1/x,,statements,array.concat,classref<src/abap/1_lexer/tokens/abstract_token.ts.AbstractToken>,shared object table,,1,false,0,0,0,hierarchy/mixed upper bound,class:src/abap/1_lexer/tokens/association_name.ts.AssociationName;class:src/abap/1_lexer/tokens/at.ts.At;class:src/abap/1_lexer/tokens/atw.ts.AtW;class:src/abap/1_lexer/tokens/bracket_left.ts.BracketLeft;class:src/abap/1_lexer/tokens/bracket_leftw.ts.BracketLeftW;class:src/abap/1_lexer/tokens/bracket_right.ts.BracketRight;class:src/abap/1_lexer/tokens/bracket_rightw.ts.BracketRightW;class:src/abap/1_lexer/tokens/comment.ts.Comment;class:src/abap/1_lexer/tokens/dash.ts.Dash;class:src/abap/1_lexer/tokens/dashw.ts.DashW;class:src/abap/1_lexer/tokens/identifier.ts.Identifier;class:src/abap/1_lexer/tokens/instance_arrow.ts.InstanceArrow;class:src/abap/1_lexer/tokens/instance_arroww.ts.InstanceArrowW;class:src/abap/1_lexer/tokens/paren_left.ts.ParenLeft;class:src/abap/1_lexer/tokens/paren_leftw.ts.ParenLeftW;class:src/abap/1_lexer/tokens/paren_right.ts.ParenRight;class:src/abap/1_lexer/tokens/paren_rightw.ts.ParenRightW;class:src/abap/1_lexer/tokens/plus.ts.Plus;class:src/abap/1_lexer/tokens/plusw.ts.PlusW;class:src/abap/1_lexer/tokens/pragma.ts.Pragma;class:src/abap/1_lexer/tokens/punctuation.ts.Punctuation;class:src/abap/1_lexer/tokens/static_arrow.ts.StaticArrow;class:src/abap/1_lexer/tokens/static_arroww.ts.StaticArrowW;class:src/abap/1_lexer/tokens/string.ts.StringToken;class:src/abap/1_lexer/tokens/string_template.ts.StringTemplate;class:src/abap/1_lexer/tokens/string_template_begin.ts.StringTemplateBegin;class:src/abap/1_lexer/tokens/string_template_end.ts.StringTemplateEnd;class:src/abap/1_lexer/tokens/string_template_middle.ts.StringTemplateMiddle;class:src/abap/1_lexer/tokens/wat.ts.WAt;class:src/abap/1_lexer/tokens/watw.ts.WAtW;class:src/abap/1_lexer/tokens/wbracket_left.ts.WBracketLeft;class:src/abap/1_lexer/tokens/wbracket_leftw.ts.WBracketLeftW;class:src/abap/1_lexer/tokens/wbracket_right.ts.WBracketRight;class:src/abap/1_lexer/tokens/wbracket_rightw.ts.WBracketRightW;class:src/abap/1_lexer/tokens/wdash.ts.WDash;class:src/abap/1_lexer/tokens/wdashw.ts.WDashW;class:src/abap/1_lexer/tokens/winstance_arrow.ts.WInstanceArrow;class:src/abap/1_lexer/tokens/winstance_arroww.ts.WInstanceArrowW;class:src/abap/1_lexer/tokens/wparen_left.ts.WParenLeft;class:src/abap/1_lexer/tokens/wparen_leftw.ts.WParenLeftW;class:src/abap/1_lexer/tokens/wparen_right.ts.WParenRight;class:src/abap/1_lexer/tokens/wparen_rightw.ts.WParenRightW;class:src/abap/1_lexer/tokens/wplus.ts.WPlus;class:src/abap/1_lexer/tokens/wplusw.ts.WPlusW;class:src/abap/1_lexer/tokens/wstatic_arrow.ts.WStaticArrow;class:src/abap/1_lexer/tokens/wstatic_arroww.ts.WStaticArrowW,classref<src/abap/1_lexer/tokens/abstract_token.ts.AbstractToken>
src/abap/2_statements/statement_parser.ts.StatementParser::buildSplits,src/abap/2_statements/statement_parser.ts.StatementParser::buildSplits/body/s3/s1/body/s0/s0/body/s0/x/arg0/arg1/1,src/abap/2_statements/statement_parser.ts:187:47,statements,array.splice1,classref<src/abap/1_lexer/tokens/abstract_token.ts.AbstractToken>,shared object table,,1,false,0,0,0,hierarchy/mixed upper bound,class:src/abap/1_lexer/tokens/association_name.ts.AssociationName;class:src/abap/1_lexer/tokens/at.ts.At;class:src/abap/1_lexer/tokens/atw.ts.AtW;class:src/abap/1_lexer/tokens/bracket_left.ts.BracketLeft;class:src/abap/1_lexer/tokens/bracket_leftw.ts.BracketLeftW;class:src/abap/1_lexer/tokens/bracket_right.ts.BracketRight;class:src/abap/1_lexer/tokens/bracket_rightw.ts.BracketRightW;class:src/abap/1_lexer/tokens/comment.ts.Comment;class:src/abap/1_lexer/tokens/dash.ts.Dash;class:src/abap/1_lexer/tokens/dashw.ts.DashW;class:src/abap/1_lexer/tokens/identifier.ts.Identifier;class:src/abap/1_lexer/tokens/instance_arrow.ts.InstanceArrow;class:src/abap/1_lexer/tokens/instance_arroww.ts.InstanceArrowW;class:src/abap/1_lexer/tokens/paren_left.ts.ParenLeft;class:src/abap/1_lexer/tokens/paren_leftw.ts.ParenLeftW;class:src/abap/1_lexer/tokens/paren_right.ts.ParenRight;class:src/abap/1_lexer/tokens/paren_rightw.ts.ParenRightW;class:src/abap/1_lexer/tokens/plus.ts.Plus;class:src/abap/1_lexer/tokens/plusw.ts.PlusW;class:src/abap/1_lexer/tokens/pragma.ts.Pragma;class:src/abap/1_lexer/tokens/punctuation.ts.Punctuation;class:src/abap/1_lexer/tokens/static_arrow.ts.StaticArrow;class:src/abap/1_lexer/tokens/static_arroww.ts.StaticArrowW;class:src/abap/1_lexer/tokens/string.ts.StringToken;class:src/abap/1_lexer/tokens/string_template.ts.StringTemplate;class:src/abap/1_lexer/tokens/string_template_begin.ts.StringTemplateBegin;class:src/abap/1_lexer/tokens/string_template_end.ts.StringTemplateEnd;class:src/abap/1_lexer/tokens/string_template_middle.ts.StringTemplateMiddle;class:src/abap/1_lexer/tokens/wat.ts.WAt;class:src/abap/1_lexer/tokens/watw.ts.WAtW;class:src/abap/1_lexer/tokens/wbracket_left.ts.WBracketLeft;class:src/abap/1_lexer/tokens/wbracket_leftw.ts.WBracketLeftW;class:src/abap/1_lexer/tokens/wbracket_right.ts.WBracketRight;class:src/abap/1_lexer/tokens/wbracket_rightw.ts.WBracketRightW;class:src/abap/1_lexer/tokens/wdash.ts.WDash;class:src/abap/1_lexer/tokens/wdashw.ts.WDashW;class:src/abap/1_lexer/tokens/winstance_arrow.ts.WInstanceArrow;class:src/abap/1_lexer/tokens/winstance_arroww.ts.WInstanceArrowW;class:src/abap/1_lexer/tokens/wparen_left.ts.WParenLeft;class:src/abap/1_lexer/tokens/wparen_leftw.ts.WParenLeftW;class:src/abap/1_lexer/tokens/wparen_right.ts.WParenRight;class:src/abap/1_lexer/tokens/wparen_rightw.ts.WParenRightW;class:src/abap/1_lexer/tokens/wplus.ts.WPlus;class:src/abap/1_lexer/tokens/wplusw.ts.WPlusW;class:src/abap/1_lexer/tokens/wstatic_arrow.ts.WStaticArrow;class:src/abap/1_lexer/tokens/wstatic_arroww.ts.WStaticArrowW,classref<src/abap/1_lexer/tokens/abstract_token.ts.AbstractToken>
src/abap/2_statements/statement_parser.ts.StatementParser::buildSplits,src/abap/2_statements/statement_parser.ts.StatementParser::buildSplits/body/s3/s1/body/s0/s0/body/s0/x/arg0/arg1/1/0/seq/s0/x,src/abap/2_statements/statement_parser.ts:187:47,statements,new,classref<src/abap/1_lexer/tokens/abstract_token.ts.AbstractToken>,shared object table,,1,false,0,0,0,no non-null rows resolved (not an exact proof),,classref<src/abap/1_lexer/tokens/abstract_token.ts.AbstractToken>
src/abap/2_statements/statement_parser.ts.StatementParser::buildSplits,src/abap/2_statements/statement_parser.ts.StatementParser::buildSplits/body/s3/s1/body/s0/s0/body/s0/x/arg0/arg1/1/0/seq/s1/x,,statements,array.concat,classref<src/abap/1_lexer/tokens/abstract_token.ts.AbstractToken>,shared object table,,1,false,0,0,0,hierarchy/mixed upper bound,class:src/abap/1_lexer/tokens/association_name.ts.AssociationName;class:src/abap/1_lexer/tokens/at.ts.At;class:src/abap/1_lexer/tokens/atw.ts.AtW;class:src/abap/1_lexer/tokens/bracket_left.ts.BracketLeft;class:src/abap/1_lexer/tokens/bracket_leftw.ts.BracketLeftW;class:src/abap/1_lexer/tokens/bracket_right.ts.BracketRight;class:src/abap/1_lexer/tokens/bracket_rightw.ts.BracketRightW;class:src/abap/1_lexer/tokens/comment.ts.Comment;class:src/abap/1_lexer/tokens/dash.ts.Dash;class:src/abap/1_lexer/tokens/dashw.ts.DashW;class:src/abap/1_lexer/tokens/identifier.ts.Identifier;class:src/abap/1_lexer/tokens/instance_arrow.ts.InstanceArrow;class:src/abap/1_lexer/tokens/instance_arroww.ts.InstanceArrowW;class:src/abap/1_lexer/tokens/paren_left.ts.ParenLeft;class:src/abap/1_lexer/tokens/paren_leftw.ts.ParenLeftW;class:src/abap/1_lexer/tokens/paren_right.ts.ParenRight;class:src/abap/1_lexer/tokens/paren_rightw.ts.ParenRightW;class:src/abap/1_lexer/tokens/plus.ts.Plus;class:src/abap/1_lexer/tokens/plusw.ts.PlusW;class:src/abap/1_lexer/tokens/pragma.ts.Pragma;class:src/abap/1_lexer/tokens/punctuation.ts.Punctuation;class:src/abap/1_lexer/tokens/static_arrow.ts.StaticArrow;class:src/abap/1_lexer/tokens/static_arroww.ts.StaticArrowW;class:src/abap/1_lexer/tokens/string.ts.StringToken;class:src/abap/1_lexer/tokens/string_template.ts.StringTemplate;class:src/abap/1_lexer/tokens/string_template_begin.ts.StringTemplateBegin;class:src/abap/1_lexer/tokens/string_template_end.ts.StringTemplateEnd;class:src/abap/1_lexer/tokens/string_template_middle.ts.StringTemplateMiddle;class:src/abap/1_lexer/tokens/wat.ts.WAt;class:src/abap/1_lexer/tokens/watw.ts.WAtW;class:src/abap/1_lexer/tokens/wbracket_left.ts.WBracketLeft;class:src/abap/1_lexer/tokens/wbracket_leftw.ts.WBracketLeftW;class:src/abap/1_lexer/tokens/wbracket_right.ts.WBracketRight;class:src/abap/1_lexer/tokens/wbracket_rightw.ts.WBracketRightW;class:src/abap/1_lexer/tokens/wdash.ts.WDash;class:src/abap/1_lexer/tokens/wdashw.ts.WDashW;class:src/abap/1_lexer/tokens/winstance_arrow.ts.WInstanceArrow;class:src/abap/1_lexer/tokens/winstance_arroww.ts.WInstanceArrowW;class:src/abap/1_lexer/tokens/wparen_left.ts.WParenLeft;class:src/abap/1_lexer/tokens/wparen_leftw.ts.WParenLeftW;class:src/abap/1_lexer/tokens/wparen_right.ts.WParenRight;class:src/abap/1_lexer/tokens/wparen_rightw.ts.WParenRightW;class:src/abap/1_lexer/tokens/wplus.ts.WPlus;class:src/abap/1_lexer/tokens/wplusw.ts.WPlusW;class:src/abap/1_lexer/tokens/wstatic_arrow.ts.WStaticArrow;class:src/abap/1_lexer/tokens/wstatic_arroww.ts.WStaticArrowW,classref<src/abap/1_lexer/tokens/abstract_token.ts.AbstractToken>
src/abap/2_statements/statement_parser.ts.StatementParser::buildSplits,src/abap/2_statements/statement_parser.ts.StatementParser::buildSplits/body/s3/s1/body/s0/s0/x/0/0,src/abap/2_statements/statement_parser.ts:186:11,statements,index,classref<src/abap/1_lexer/tokens/abstract_token.ts.AbstractToken>,shared object table,classref<src/abap/1_lexer/tokens/abstract_token.ts.AbstractToken>,1,false,1,1,1,hierarchy/mixed upper bound,class:src/abap/1_lexer/tokens/association_name.ts.AssociationName;class:src/abap/1_lexer/tokens/at.ts.At;class:src/abap/1_lexer/tokens/atw.ts.AtW;class:src/abap/1_lexer/tokens/bracket_left.ts.BracketLeft;class:src/abap/1_lexer/tokens/bracket_leftw.ts.BracketLeftW;class:src/abap/1_lexer/tokens/bracket_right.ts.BracketRight;class:src/abap/1_lexer/tokens/bracket_rightw.ts.BracketRightW;class:src/abap/1_lexer/tokens/comment.ts.Comment;class:src/abap/1_lexer/tokens/dash.ts.Dash;class:src/abap/1_lexer/tokens/dashw.ts.DashW;class:src/abap/1_lexer/tokens/identifier.ts.Identifier;class:src/abap/1_lexer/tokens/instance_arrow.ts.InstanceArrow;class:src/abap/1_lexer/tokens/instance_arroww.ts.InstanceArrowW;class:src/abap/1_lexer/tokens/paren_left.ts.ParenLeft;class:src/abap/1_lexer/tokens/paren_leftw.ts.ParenLeftW;class:src/abap/1_lexer/tokens/paren_right.ts.ParenRight;class:src/abap/1_lexer/tokens/paren_rightw.ts.ParenRightW;class:src/abap/1_lexer/tokens/plus.ts.Plus;class:src/abap/1_lexer/tokens/plusw.ts.PlusW;class:src/abap/1_lexer/tokens/pragma.ts.Pragma;class:src/abap/1_lexer/tokens/punctuation.ts.Punctuation;class:src/abap/1_lexer/tokens/static_arrow.ts.StaticArrow;class:src/abap/1_lexer/tokens/static_arroww.ts.StaticArrowW;class:src/abap/1_lexer/tokens/string.ts.StringToken;class:src/abap/1_lexer/tokens/string_template.ts.StringTemplate;class:src/abap/1_lexer/tokens/string_template_begin.ts.StringTemplateBegin;class:src/abap/1_lexer/tokens/string_template_end.ts.StringTemplateEnd;class:src/abap/1_lexer/tokens/string_template_middle.ts.StringTemplateMiddle;class:src/abap/1_lexer/tokens/wat.ts.WAt;class:src/abap/1_lexer/tokens/watw.ts.WAtW;class:src/abap/1_lexer/tokens/wbracket_left.ts.WBracketLeft;class:src/abap/1_lexer/tokens/wbracket_leftw.ts.WBracketLeftW;class:src/abap/1_lexer/tokens/wbracket_right.ts.WBracketRight;class:src/abap/1_lexer/tokens/wbracket_rightw.ts.WBracketRightW;class:src/abap/1_lexer/tokens/wdash.ts.WDash;class:src/abap/1_lexer/tokens/wdashw.ts.WDashW;class:src/abap/1_lexer/tokens/winstance_arrow.ts.WInstanceArrow;class:src/abap/1_lexer/tokens/winstance_arroww.ts.WInstanceArrowW;class:src/abap/1_lexer/tokens/wparen_left.ts.WParenLeft;class:src/abap/1_lexer/tokens/wparen_leftw.ts.WParenLeftW;class:src/abap/1_lexer/tokens/wparen_right.ts.WParenRight;class:src/abap/1_lexer/tokens/wparen_rightw.ts.WParenRightW;class:src/abap/1_lexer/tokens/wplus.ts.WPlus;class:src/abap/1_lexer/tokens/wplusw.ts.WPlusW;class:src/abap/1_lexer/tokens/wstatic_arrow.ts.WStaticArrow;class:src/abap/1_lexer/tokens/wstatic_arroww.ts.WStaticArrowW,classref<src/abap/1_lexer/tokens/abstract_token.ts.AbstractToken>
src/abap/2_statements/statement_parser.ts.StatementParser::buildSplits,src/abap/2_statements/statement_parser.ts.StatementParser::buildSplits/body/s3/s1/body/s0/s1/y/0,src/abap/2_statements/statement_parser.ts:189:17,statements,index,classref<src/abap/1_lexer/tokens/abstract_token.ts.AbstractToken>,shared object table,classref<src/abap/1_lexer/tokens/abstract_token.ts.AbstractToken>,1,false,1,1,1,hierarchy/mixed upper bound,class:src/abap/1_lexer/tokens/association_name.ts.AssociationName;class:src/abap/1_lexer/tokens/at.ts.At;class:src/abap/1_lexer/tokens/atw.ts.AtW;class:src/abap/1_lexer/tokens/bracket_left.ts.BracketLeft;class:src/abap/1_lexer/tokens/bracket_leftw.ts.BracketLeftW;class:src/abap/1_lexer/tokens/bracket_right.ts.BracketRight;class:src/abap/1_lexer/tokens/bracket_rightw.ts.BracketRightW;class:src/abap/1_lexer/tokens/comment.ts.Comment;class:src/abap/1_lexer/tokens/dash.ts.Dash;class:src/abap/1_lexer/tokens/dashw.ts.DashW;class:src/abap/1_lexer/tokens/identifier.ts.Identifier;class:src/abap/1_lexer/tokens/instance_arrow.ts.InstanceArrow;class:src/abap/1_lexer/tokens/instance_arroww.ts.InstanceArrowW;class:src/abap/1_lexer/tokens/paren_left.ts.ParenLeft;class:src/abap/1_lexer/tokens/paren_leftw.ts.ParenLeftW;class:src/abap/1_lexer/tokens/paren_right.ts.ParenRight;class:src/abap/1_lexer/tokens/paren_rightw.ts.ParenRightW;class:src/abap/1_lexer/tokens/plus.ts.Plus;class:src/abap/1_lexer/tokens/plusw.ts.PlusW;class:src/abap/1_lexer/tokens/pragma.ts.Pragma;class:src/abap/1_lexer/tokens/punctuation.ts.Punctuation;class:src/abap/1_lexer/tokens/static_arrow.ts.StaticArrow;class:src/abap/1_lexer/tokens/static_arroww.ts.StaticArrowW;class:src/abap/1_lexer/tokens/string.ts.StringToken;class:src/abap/1_lexer/tokens/string_template.ts.StringTemplate;class:src/abap/1_lexer/tokens/string_template_begin.ts.StringTemplateBegin;class:src/abap/1_lexer/tokens/string_template_end.ts.StringTemplateEnd;class:src/abap/1_lexer/tokens/string_template_middle.ts.StringTemplateMiddle;class:src/abap/1_lexer/tokens/wat.ts.WAt;class:src/abap/1_lexer/tokens/watw.ts.WAtW;class:src/abap/1_lexer/tokens/wbracket_left.ts.WBracketLeft;class:src/abap/1_lexer/tokens/wbracket_leftw.ts.WBracketLeftW;class:src/abap/1_lexer/tokens/wbracket_right.ts.WBracketRight;class:src/abap/1_lexer/tokens/wbracket_rightw.ts.WBracketRightW;class:src/abap/1_lexer/tokens/wdash.ts.WDash;class:src/abap/1_lexer/tokens/wdashw.ts.WDashW;class:src/abap/1_lexer/tokens/winstance_arrow.ts.WInstanceArrow;class:src/abap/1_lexer/tokens/winstance_arroww.ts.WInstanceArrowW;class:src/abap/1_lexer/tokens/wparen_left.ts.WParenLeft;class:src/abap/1_lexer/tokens/wparen_leftw.ts.WParenLeftW;class:src/abap/1_lexer/tokens/wparen_right.ts.WParenRight;class:src/abap/1_lexer/tokens/wparen_rightw.ts.WParenRightW;class:src/abap/1_lexer/tokens/wplus.ts.WPlus;class:src/abap/1_lexer/tokens/wplusw.ts.WPlusW;class:src/abap/1_lexer/tokens/wstatic_arrow.ts.WStaticArrow;class:src/abap/1_lexer/tokens/wstatic_arroww.ts.WStaticArrowW,classref<src/abap/1_lexer/tokens/abstract_token.ts.AbstractToken>
src/abap/2_statements/statement_parser.ts.StatementParser::buildSplits,src/abap/2_statements/statement_parser.ts.StatementParser::buildSplits/body/s3/s1/body/s0/s2/x/arg0,src/abap/2_statements/statement_parser.ts:190:19,statements,index,classref<src/abap/1_lexer/tokens/abstract_token.ts.AbstractToken>,shared object table,classref<src/abap/1_lexer/tokens/abstract_token.ts.AbstractToken>,1,false,1,1,1,hierarchy/mixed upper bound,class:src/abap/1_lexer/tokens/association_name.ts.AssociationName;class:src/abap/1_lexer/tokens/at.ts.At;class:src/abap/1_lexer/tokens/atw.ts.AtW;class:src/abap/1_lexer/tokens/bracket_left.ts.BracketLeft;class:src/abap/1_lexer/tokens/bracket_leftw.ts.BracketLeftW;class:src/abap/1_lexer/tokens/bracket_right.ts.BracketRight;class:src/abap/1_lexer/tokens/bracket_rightw.ts.BracketRightW;class:src/abap/1_lexer/tokens/comment.ts.Comment;class:src/abap/1_lexer/tokens/dash.ts.Dash;class:src/abap/1_lexer/tokens/dashw.ts.DashW;class:src/abap/1_lexer/tokens/identifier.ts.Identifier;class:src/abap/1_lexer/tokens/instance_arrow.ts.InstanceArrow;class:src/abap/1_lexer/tokens/instance_arroww.ts.InstanceArrowW;class:src/abap/1_lexer/tokens/paren_left.ts.ParenLeft;class:src/abap/1_lexer/tokens/paren_leftw.ts.ParenLeftW;class:src/abap/1_lexer/tokens/paren_right.ts.ParenRight;class:src/abap/1_lexer/tokens/paren_rightw.ts.ParenRightW;class:src/abap/1_lexer/tokens/plus.ts.Plus;class:src/abap/1_lexer/tokens/plusw.ts.PlusW;class:src/abap/1_lexer/tokens/pragma.ts.Pragma;class:src/abap/1_lexer/tokens/punctuation.ts.Punctuation;class:src/abap/1_lexer/tokens/static_arrow.ts.StaticArrow;class:src/abap/1_lexer/tokens/static_arroww.ts.StaticArrowW;class:src/abap/1_lexer/tokens/string.ts.StringToken;class:src/abap/1_lexer/tokens/string_template.ts.StringTemplate;class:src/abap/1_lexer/tokens/string_template_begin.ts.StringTemplateBegin;class:src/abap/1_lexer/tokens/string_template_end.ts.StringTemplateEnd;class:src/abap/1_lexer/tokens/string_template_middle.ts.StringTemplateMiddle;class:src/abap/1_lexer/tokens/wat.ts.WAt;class:src/abap/1_lexer/tokens/watw.ts.WAtW;class:src/abap/1_lexer/tokens/wbracket_left.ts.WBracketLeft;class:src/abap/1_lexer/tokens/wbracket_leftw.ts.WBracketLeftW;class:src/abap/1_lexer/tokens/wbracket_right.ts.WBracketRight;class:src/abap/1_lexer/tokens/wbracket_rightw.ts.WBracketRightW;class:src/abap/1_lexer/tokens/wdash.ts.WDash;class:src/abap/1_lexer/tokens/wdashw.ts.WDashW;class:src/abap/1_lexer/tokens/winstance_arrow.ts.WInstanceArrow;class:src/abap/1_lexer/tokens/winstance_arroww.ts.WInstanceArrowW;class:src/abap/1_lexer/tokens/wparen_left.ts.WParenLeft;class:src/abap/1_lexer/tokens/wparen_leftw.ts.WParenLeftW;class:src/abap/1_lexer/tokens/wparen_right.ts.WParenRight;class:src/abap/1_lexer/tokens/wparen_rightw.ts.WParenRightW;class:src/abap/1_lexer/tokens/wplus.ts.WPlus;class:src/abap/1_lexer/tokens/wplusw.ts.WPlusW;class:src/abap/1_lexer/tokens/wstatic_arrow.ts.WStaticArrow;class:src/abap/1_lexer/tokens/wstatic_arroww.ts.WStaticArrowW,classref<src/abap/1_lexer/tokens/abstract_token.ts.AbstractToken>
src/abap/2_statements/statement_parser.ts.StatementParser::categorize,src/abap/2_statements/statement_parser.ts.StatementParser::categorize/body/s0/x,src/abap/2_statements/statement_parser.ts:228:37,statements,new,classref<src/abap/nodes/statement_node.ts.StatementNode>,shared object table,,0,false,0,0,0,exact,class:src/abap/nodes/statement_node.ts.StatementNode,classref<src/abap/nodes/statement_node.ts.StatementNode>
src/abap/2_statements/statement_parser.ts.StatementParser::categorize,src/abap/2_statements/statement_parser.ts.StatementParser::categorize/body/s1,src/abap/2_statements/statement_parser.ts:230:5,statements,foreach,classref<src/abap/nodes/statement_node.ts.StatementNode>,shared object table,classref<src/abap/nodes/statement_node.ts.StatementNode>,1,false,1,1,1,exact,class:src/abap/nodes/statement_node.ts.StatementNode,classref<src/abap/nodes/statement_node.ts.StatementNode>
src/abap/2_statements/statement_parser.ts.StatementParser::categorizeStatement,src/abap/2_statements/statement_parser.ts.StatementParser::categorizeStatement/body/s4/else/body/s0/else/else/body/s0/y/0/arg2/1/seq/s0/x,src/abap/2_statements/statement_parser.ts:254:63,statements,new,classref<src/abap/1_lexer/tokens/abstract_token.ts.AbstractToken>,shared object table,,0,false,0,0,0,hierarchy/mixed upper bound,class:src/abap/1_lexer/tokens/association_name.ts.AssociationName;class:src/abap/1_lexer/tokens/at.ts.At;class:src/abap/1_lexer/tokens/atw.ts.AtW;class:src/abap/1_lexer/tokens/bracket_left.ts.BracketLeft;class:src/abap/1_lexer/tokens/bracket_leftw.ts.BracketLeftW;class:src/abap/1_lexer/tokens/bracket_right.ts.BracketRight;class:src/abap/1_lexer/tokens/bracket_rightw.ts.BracketRightW;class:src/abap/1_lexer/tokens/comment.ts.Comment;class:src/abap/1_lexer/tokens/dash.ts.Dash;class:src/abap/1_lexer/tokens/dashw.ts.DashW;class:src/abap/1_lexer/tokens/identifier.ts.Identifier;class:src/abap/1_lexer/tokens/instance_arrow.ts.InstanceArrow;class:src/abap/1_lexer/tokens/instance_arroww.ts.InstanceArrowW;class:src/abap/1_lexer/tokens/paren_left.ts.ParenLeft;class:src/abap/1_lexer/tokens/paren_leftw.ts.ParenLeftW;class:src/abap/1_lexer/tokens/paren_right.ts.ParenRight;class:src/abap/1_lexer/tokens/paren_rightw.ts.ParenRightW;class:src/abap/1_lexer/tokens/plus.ts.Plus;class:src/abap/1_lexer/tokens/plusw.ts.PlusW;class:src/abap/1_lexer/tokens/pragma.ts.Pragma;class:src/abap/1_lexer/tokens/punctuation.ts.Punctuation;class:src/abap/1_lexer/tokens/static_arrow.ts.StaticArrow;class:src/abap/1_lexer/tokens/static_arroww.ts.StaticArrowW;class:src/abap/1_lexer/tokens/string.ts.StringToken;class:src/abap/1_lexer/tokens/string_template.ts.StringTemplate;class:src/abap/1_lexer/tokens/string_template_begin.ts.StringTemplateBegin;class:src/abap/1_lexer/tokens/string_template_end.ts.StringTemplateEnd;class:src/abap/1_lexer/tokens/string_template_middle.ts.StringTemplateMiddle;class:src/abap/1_lexer/tokens/wat.ts.WAt;class:src/abap/1_lexer/tokens/watw.ts.WAtW;class:src/abap/1_lexer/tokens/wbracket_left.ts.WBracketLeft;class:src/abap/1_lexer/tokens/wbracket_leftw.ts.WBracketLeftW;class:src/abap/1_lexer/tokens/wbracket_right.ts.WBracketRight;class:src/abap/1_lexer/tokens/wbracket_rightw.ts.WBracketRightW;class:src/abap/1_lexer/tokens/wdash.ts.WDash;class:src/abap/1_lexer/tokens/wdashw.ts.WDashW;class:src/abap/1_lexer/tokens/winstance_arrow.ts.WInstanceArrow;class:src/abap/1_lexer/tokens/winstance_arroww.ts.WInstanceArrowW;class:src/abap/1_lexer/tokens/wparen_left.ts.WParenLeft;class:src/abap/1_lexer/tokens/wparen_leftw.ts.WParenLeftW;class:src/abap/1_lexer/tokens/wparen_right.ts.WParenRight;class:src/abap/1_lexer/tokens/wparen_rightw.ts.WParenRightW;class:src/abap/1_lexer/tokens/wplus.ts.WPlus;class:src/abap/1_lexer/tokens/wplusw.ts.WPlusW;class:src/abap/1_lexer/tokens/wstatic_arrow.ts.WStaticArrow;class:src/abap/1_lexer/tokens/wstatic_arroww.ts.WStaticArrowW,classref<src/abap/1_lexer/tokens/abstract_token.ts.AbstractToken>
src/abap/2_statements/statement_parser.ts.StatementParser::categorizeStatement,src/abap/2_statements/statement_parser.ts.StatementParser::categorizeStatement/body/s4/else/body/s0/else/else/body/s0/y/arg0/arg0/seq/s0/x,src/abap/2_statements/statement_parser.ts:255:43,statements,new,classref<src/abap/1_lexer/tokens/abstract_token.ts.AbstractToken>,shared object table,,0,false,0,0,0,hierarchy/mixed upper bound,class:src/abap/1_lexer/tokens/association_name.ts.AssociationName;class:src/abap/1_lexer/tokens/at.ts.At;class:src/abap/1_lexer/tokens/atw.ts.AtW;class:src/abap/1_lexer/tokens/bracket_left.ts.BracketLeft;class:src/abap/1_lexer/tokens/bracket_leftw.ts.BracketLeftW;class:src/abap/1_lexer/tokens/bracket_right.ts.BracketRight;class:src/abap/1_lexer/tokens/bracket_rightw.ts.BracketRightW;class:src/abap/1_lexer/tokens/comment.ts.Comment;class:src/abap/1_lexer/tokens/dash.ts.Dash;class:src/abap/1_lexer/tokens/dashw.ts.DashW;class:src/abap/1_lexer/tokens/identifier.ts.Identifier;class:src/abap/1_lexer/tokens/instance_arrow.ts.InstanceArrow;class:src/abap/1_lexer/tokens/instance_arroww.ts.InstanceArrowW;class:src/abap/1_lexer/tokens/paren_left.ts.ParenLeft;class:src/abap/1_lexer/tokens/paren_leftw.ts.ParenLeftW;class:src/abap/1_lexer/tokens/paren_right.ts.ParenRight;class:src/abap/1_lexer/tokens/paren_rightw.ts.ParenRightW;class:src/abap/1_lexer/tokens/plus.ts.Plus;class:src/abap/1_lexer/tokens/plusw.ts.PlusW;class:src/abap/1_lexer/tokens/pragma.ts.Pragma;class:src/abap/1_lexer/tokens/punctuation.ts.Punctuation;class:src/abap/1_lexer/tokens/static_arrow.ts.StaticArrow;class:src/abap/1_lexer/tokens/static_arroww.ts.StaticArrowW;class:src/abap/1_lexer/tokens/string.ts.StringToken;class:src/abap/1_lexer/tokens/string_template.ts.StringTemplate;class:src/abap/1_lexer/tokens/string_template_begin.ts.StringTemplateBegin;class:src/abap/1_lexer/tokens/string_template_end.ts.StringTemplateEnd;class:src/abap/1_lexer/tokens/string_template_middle.ts.StringTemplateMiddle;class:src/abap/1_lexer/tokens/wat.ts.WAt;class:src/abap/1_lexer/tokens/watw.ts.WAtW;class:src/abap/1_lexer/tokens/wbracket_left.ts.WBracketLeft;class:src/abap/1_lexer/tokens/wbracket_leftw.ts.WBracketLeftW;class:src/abap/1_lexer/tokens/wbracket_right.ts.WBracketRight;class:src/abap/1_lexer/tokens/wbracket_rightw.ts.WBracketRightW;class:src/abap/1_lexer/tokens/wdash.ts.WDash;class:src/abap/1_lexer/tokens/wdashw.ts.WDashW;class:src/abap/1_lexer/tokens/winstance_arrow.ts.WInstanceArrow;class:src/abap/1_lexer/tokens/winstance_arroww.ts.WInstanceArrowW;class:src/abap/1_lexer/tokens/wparen_left.ts.WParenLeft;class:src/abap/1_lexer/tokens/wparen_leftw.ts.WParenLeftW;class:src/abap/1_lexer/tokens/wparen_right.ts.WParenRight;class:src/abap/1_lexer/tokens/wparen_rightw.ts.WParenRightW;class:src/abap/1_lexer/tokens/wplus.ts.WPlus;class:src/abap/1_lexer/tokens/wplusw.ts.WPlusW;class:src/abap/1_lexer/tokens/wstatic_arrow.ts.WStaticArrow;class:src/abap/1_lexer/tokens/wstatic_arroww.ts.WStaticArrowW,classref<src/abap/1_lexer/tokens/abstract_token.ts.AbstractToken>
src/abap/2_statements/statement_parser.ts.StatementParser::lazyUnknown,src/abap/2_statements/statement_parser.ts.StatementParser::lazyUnknown/body/s0/x,src/abap/2_statements/statement_parser.ts:149:37,statements,new,classref<src/abap/nodes/statement_node.ts.StatementNode>,shared object table,,0,false,0,0,0,exact,class:src/abap/nodes/statement_node.ts.StatementNode,classref<src/abap/nodes/statement_node.ts.StatementNode>
src/abap/2_statements/statement_parser.ts.StatementParser::lazyUnknown,src/abap/2_statements/statement_parser.ts.StatementParser::lazyUnknown/body/s1,src/abap/2_statements/statement_parser.ts:151:5,statements,foreach,classref<src/abap/nodes/statement_node.ts.StatementNode>,shared object table,classref<src/abap/nodes/statement_node.ts.StatementNode>,1,false,1,1,1,exact,class:src/abap/nodes/statement_node.ts.StatementNode,classref<src/abap/nodes/statement_node.ts.StatementNode>
src/abap/2_statements/statement_parser.ts.StatementParser::lazyUnknown,src/abap/2_statements/statement_parser.ts.StatementParser::lazyUnknown/body/s1/body/s0/body/s1/body/s0,src/abap/2_statements/statement_parser.ts:161:11,statements,foreach,classref<shape.473586f1dc44c79d419996faa2ead4c9e89cb998867ac438e617815967c3af7d>,shared object table,classref<shape.473586f1dc44c79d419996faa2ead4c9e89cb998867ac438e617815967c3af7d>,2,false,1,1,1,exact,class:shape.473586f1dc44c79d419996faa2ead4c9e89cb998867ac438e617815967c3af7d,classref<shape.473586f1dc44c79d419996faa2ead4c9e89cb998867ac438e617815967c3af7d>
src/abap/2_statements/statement_parser.ts.StatementParser::match,src/abap/2_statements/statement_parser.ts.StatementParser::match/body/s5,src/abap/2_statements/statement_parser.ts:296:5,statements,foreach,classref<shape.7e8c4203d26cc50517941a28b5cbce37cdb0fb6abdee06ebaa72071cab7d32db>,shared object table,classref<shape.7e8c4203d26cc50517941a28b5cbce37cdb0fb6abdee06ebaa72071cab7d32db>,1,false,1,1,1,unknown native/unresolved flow,unknown:classref<shape.7e8c4203d26cc50517941a28b5cbce37cdb0fb6abdee06ebaa72071cab7d32db>,classref<shape.7e8c4203d26cc50517941a28b5cbce37cdb0fb6abdee06ebaa72071cab7d32db>
src/abap/2_statements/statement_parser.ts.StatementParser::match,src/abap/2_statements/statement_parser.ts.StatementParser::match/body/s5/body/s1/body/s0/x,src/abap/2_statements/statement_parser.ts:299:22,statements,index,classref<src/abap/1_lexer/tokens/abstract_token.ts.AbstractToken>,shared object table,classref<src/abap/1_lexer/tokens/abstract_token.ts.AbstractToken>,1,false,1,1,1,hierarchy/mixed upper bound,class:src/abap/1_lexer/tokens/association_name.ts.AssociationName;class:src/abap/1_lexer/tokens/at.ts.At;class:src/abap/1_lexer/tokens/atw.ts.AtW;class:src/abap/1_lexer/tokens/bracket_left.ts.BracketLeft;class:src/abap/1_lexer/tokens/bracket_leftw.ts.BracketLeftW;class:src/abap/1_lexer/tokens/bracket_right.ts.BracketRight;class:src/abap/1_lexer/tokens/bracket_rightw.ts.BracketRightW;class:src/abap/1_lexer/tokens/comment.ts.Comment;class:src/abap/1_lexer/tokens/dash.ts.Dash;class:src/abap/1_lexer/tokens/dashw.ts.DashW;class:src/abap/1_lexer/tokens/identifier.ts.Identifier;class:src/abap/1_lexer/tokens/instance_arrow.ts.InstanceArrow;class:src/abap/1_lexer/tokens/instance_arroww.ts.InstanceArrowW;class:src/abap/1_lexer/tokens/paren_left.ts.ParenLeft;class:src/abap/1_lexer/tokens/paren_leftw.ts.ParenLeftW;class:src/abap/1_lexer/tokens/paren_right.ts.ParenRight;class:src/abap/1_lexer/tokens/paren_rightw.ts.ParenRightW;class:src/abap/1_lexer/tokens/plus.ts.Plus;class:src/abap/1_lexer/tokens/plusw.ts.PlusW;class:src/abap/1_lexer/tokens/pragma.ts.Pragma;class:src/abap/1_lexer/tokens/punctuation.ts.Punctuation;class:src/abap/1_lexer/tokens/static_arrow.ts.StaticArrow;class:src/abap/1_lexer/tokens/static_arroww.ts.StaticArrowW;class:src/abap/1_lexer/tokens/string.ts.StringToken;class:src/abap/1_lexer/tokens/string_template.ts.StringTemplate;class:src/abap/1_lexer/tokens/string_template_begin.ts.StringTemplateBegin;class:src/abap/1_lexer/tokens/string_template_end.ts.StringTemplateEnd;class:src/abap/1_lexer/tokens/string_template_middle.ts.StringTemplateMiddle;class:src/abap/1_lexer/tokens/wat.ts.WAt;class:src/abap/1_lexer/tokens/watw.ts.WAtW;class:src/abap/1_lexer/tokens/wbracket_left.ts.WBracketLeft;class:src/abap/1_lexer/tokens/wbracket_leftw.ts.WBracketLeftW;class:src/abap/1_lexer/tokens/wbracket_right.ts.WBracketRight;class:src/abap/1_lexer/tokens/wbracket_rightw.ts.WBracketRightW;class:src/abap/1_lexer/tokens/wdash.ts.WDash;class:src/abap/1_lexer/tokens/wdashw.ts.WDashW;class:src/abap/1_lexer/tokens/winstance_arrow.ts.WInstanceArrow;class:src/abap/1_lexer/tokens/winstance_arroww.ts.WInstanceArrowW;class:src/abap/1_lexer/tokens/wparen_left.ts.WParenLeft;class:src/abap/1_lexer/tokens/wparen_leftw.ts.WParenLeftW;class:src/abap/1_lexer/tokens/wparen_right.ts.WParenRight;class:src/abap/1_lexer/tokens/wparen_rightw.ts.WParenRightW;class:src/abap/1_lexer/tokens/wplus.ts.WPlus;class:src/abap/1_lexer/tokens/wplusw.ts.WPlusW;class:src/abap/1_lexer/tokens/wstatic_arrow.ts.WStaticArrow;class:src/abap/1_lexer/tokens/wstatic_arroww.ts.WStaticArrowW,classref<src/abap/1_lexer/tokens/abstract_token.ts.AbstractToken>
src/abap/2_statements/statement_parser.ts.StatementParser::match,src/abap/2_statements/statement_parser.ts.StatementParser::match/body/s5/x/arg0/0,src/abap/2_statements/statement_parser.ts:296:49,statements,index,classref<src/abap/1_lexer/tokens/abstract_token.ts.AbstractToken>,shared object table,classref<src/abap/1_lexer/tokens/abstract_token.ts.AbstractToken>,0,false,1,1,1,hierarchy/mixed upper bound,class:src/abap/1_lexer/tokens/association_name.ts.AssociationName;class:src/abap/1_lexer/tokens/at.ts.At;class:src/abap/1_lexer/tokens/atw.ts.AtW;class:src/abap/1_lexer/tokens/bracket_left.ts.BracketLeft;class:src/abap/1_lexer/tokens/bracket_leftw.ts.BracketLeftW;class:src/abap/1_lexer/tokens/bracket_right.ts.BracketRight;class:src/abap/1_lexer/tokens/bracket_rightw.ts.BracketRightW;class:src/abap/1_lexer/tokens/comment.ts.Comment;class:src/abap/1_lexer/tokens/dash.ts.Dash;class:src/abap/1_lexer/tokens/dashw.ts.DashW;class:src/abap/1_lexer/tokens/identifier.ts.Identifier;class:src/abap/1_lexer/tokens/instance_arrow.ts.InstanceArrow;class:src/abap/1_lexer/tokens/instance_arroww.ts.InstanceArrowW;class:src/abap/1_lexer/tokens/paren_left.ts.ParenLeft;class:src/abap/1_lexer/tokens/paren_leftw.ts.ParenLeftW;class:src/abap/1_lexer/tokens/paren_right.ts.ParenRight;class:src/abap/1_lexer/tokens/paren_rightw.ts.ParenRightW;class:src/abap/1_lexer/tokens/plus.ts.Plus;class:src/abap/1_lexer/tokens/plusw.ts.PlusW;class:src/abap/1_lexer/tokens/pragma.ts.Pragma;class:src/abap/1_lexer/tokens/punctuation.ts.Punctuation;class:src/abap/1_lexer/tokens/static_arrow.ts.StaticArrow;class:src/abap/1_lexer/tokens/static_arroww.ts.StaticArrowW;class:src/abap/1_lexer/tokens/string.ts.StringToken;class:src/abap/1_lexer/tokens/string_template.ts.StringTemplate;class:src/abap/1_lexer/tokens/string_template_begin.ts.StringTemplateBegin;class:src/abap/1_lexer/tokens/string_template_end.ts.StringTemplateEnd;class:src/abap/1_lexer/tokens/string_template_middle.ts.StringTemplateMiddle;class:src/abap/1_lexer/tokens/wat.ts.WAt;class:src/abap/1_lexer/tokens/watw.ts.WAtW;class:src/abap/1_lexer/tokens/wbracket_left.ts.WBracketLeft;class:src/abap/1_lexer/tokens/wbracket_leftw.ts.WBracketLeftW;class:src/abap/1_lexer/tokens/wbracket_right.ts.WBracketRight;class:src/abap/1_lexer/tokens/wbracket_rightw.ts.WBracketRightW;class:src/abap/1_lexer/tokens/wdash.ts.WDash;class:src/abap/1_lexer/tokens/wdashw.ts.WDashW;class:src/abap/1_lexer/tokens/winstance_arrow.ts.WInstanceArrow;class:src/abap/1_lexer/tokens/winstance_arroww.ts.WInstanceArrowW;class:src/abap/1_lexer/tokens/wparen_left.ts.WParenLeft;class:src/abap/1_lexer/tokens/wparen_leftw.ts.WParenLeftW;class:src/abap/1_lexer/tokens/wparen_right.ts.WParenRight;class:src/abap/1_lexer/tokens/wparen_rightw.ts.WParenRightW;class:src/abap/1_lexer/tokens/wplus.ts.WPlus;class:src/abap/1_lexer/tokens/wplusw.ts.WPlusW;class:src/abap/1_lexer/tokens/wstatic_arrow.ts.WStaticArrow;class:src/abap/1_lexer/tokens/wstatic_arroww.ts.WStaticArrowW,classref<src/abap/1_lexer/tokens/abstract_token.ts.AbstractToken>
src/abap/2_statements/statement_parser.ts.StatementParser::match,src/abap/2_statements/statement_parser.ts.StatementParser::match/body/s6,src/abap/2_statements/statement_parser.ts:306:5,statements,foreach,classref<shape.7e8c4203d26cc50517941a28b5cbce37cdb0fb6abdee06ebaa72071cab7d32db>,shared object table,classref<shape.7e8c4203d26cc50517941a28b5cbce37cdb0fb6abdee06ebaa72071cab7d32db>,1,false,1,1,1,unknown native/unresolved flow,unknown:classref<shape.7e8c4203d26cc50517941a28b5cbce37cdb0fb6abdee06ebaa72071cab7d32db>,classref<shape.7e8c4203d26cc50517941a28b5cbce37cdb0fb6abdee06ebaa72071cab7d32db>
src/abap/2_statements/statement_parser.ts.StatementParser::match,src/abap/2_statements/statement_parser.ts.StatementParser::match/body/s6/body/s1/body/s0/x,src/abap/2_statements/statement_parser.ts:309:22,statements,index,classref<src/abap/1_lexer/tokens/abstract_token.ts.AbstractToken>,shared object table,classref<src/abap/1_lexer/tokens/abstract_token.ts.AbstractToken>,1,false,1,1,1,hierarchy/mixed upper bound,class:src/abap/1_lexer/tokens/association_name.ts.AssociationName;class:src/abap/1_lexer/tokens/at.ts.At;class:src/abap/1_lexer/tokens/atw.ts.AtW;class:src/abap/1_lexer/tokens/bracket_left.ts.BracketLeft;class:src/abap/1_lexer/tokens/bracket_leftw.ts.BracketLeftW;class:src/abap/1_lexer/tokens/bracket_right.ts.BracketRight;class:src/abap/1_lexer/tokens/bracket_rightw.ts.BracketRightW;class:src/abap/1_lexer/tokens/comment.ts.Comment;class:src/abap/1_lexer/tokens/dash.ts.Dash;class:src/abap/1_lexer/tokens/dashw.ts.DashW;class:src/abap/1_lexer/tokens/identifier.ts.Identifier;class:src/abap/1_lexer/tokens/instance_arrow.ts.InstanceArrow;class:src/abap/1_lexer/tokens/instance_arroww.ts.InstanceArrowW;class:src/abap/1_lexer/tokens/paren_left.ts.ParenLeft;class:src/abap/1_lexer/tokens/paren_leftw.ts.ParenLeftW;class:src/abap/1_lexer/tokens/paren_right.ts.ParenRight;class:src/abap/1_lexer/tokens/paren_rightw.ts.ParenRightW;class:src/abap/1_lexer/tokens/plus.ts.Plus;class:src/abap/1_lexer/tokens/plusw.ts.PlusW;class:src/abap/1_lexer/tokens/pragma.ts.Pragma;class:src/abap/1_lexer/tokens/punctuation.ts.Punctuation;class:src/abap/1_lexer/tokens/static_arrow.ts.StaticArrow;class:src/abap/1_lexer/tokens/static_arroww.ts.StaticArrowW;class:src/abap/1_lexer/tokens/string.ts.StringToken;class:src/abap/1_lexer/tokens/string_template.ts.StringTemplate;class:src/abap/1_lexer/tokens/string_template_begin.ts.StringTemplateBegin;class:src/abap/1_lexer/tokens/string_template_end.ts.StringTemplateEnd;class:src/abap/1_lexer/tokens/string_template_middle.ts.StringTemplateMiddle;class:src/abap/1_lexer/tokens/wat.ts.WAt;class:src/abap/1_lexer/tokens/watw.ts.WAtW;class:src/abap/1_lexer/tokens/wbracket_left.ts.WBracketLeft;class:src/abap/1_lexer/tokens/wbracket_leftw.ts.WBracketLeftW;class:src/abap/1_lexer/tokens/wbracket_right.ts.WBracketRight;class:src/abap/1_lexer/tokens/wbracket_rightw.ts.WBracketRightW;class:src/abap/1_lexer/tokens/wdash.ts.WDash;class:src/abap/1_lexer/tokens/wdashw.ts.WDashW;class:src/abap/1_lexer/tokens/winstance_arrow.ts.WInstanceArrow;class:src/abap/1_lexer/tokens/winstance_arroww.ts.WInstanceArrowW;class:src/abap/1_lexer/tokens/wparen_left.ts.WParenLeft;class:src/abap/1_lexer/tokens/wparen_leftw.ts.WParenLeftW;class:src/abap/1_lexer/tokens/wparen_right.ts.WParenRight;class:src/abap/1_lexer/tokens/wparen_rightw.ts.WParenRightW;class:src/abap/1_lexer/tokens/wplus.ts.WPlus;class:src/abap/1_lexer/tokens/wplusw.ts.WPlusW;class:src/abap/1_lexer/tokens/wstatic_arrow.ts.WStaticArrow;class:src/abap/1_lexer/tokens/wstatic_arroww.ts.WStaticArrowW,classref<src/abap/1_lexer/tokens/abstract_token.ts.AbstractToken>
src/abap/2_statements/statement_parser.ts.StatementParser::nativeAfter,src/abap/2_statements/statement_parser.ts.StatementParser::nativeAfter/body/s0/x/seq/s1,src/abap/2_statements/statement_parser.ts:371:19,statements,foreach,classref<src/abap/1_lexer/tokens/abstract_token.ts.AbstractToken>,shared object table,classref<src/abap/1_lexer/tokens/abstract_token.ts.AbstractToken>,1,false,1,1,1,hierarchy/mixed upper bound,class:src/abap/1_lexer/tokens/association_name.ts.AssociationName;class:src/abap/1_lexer/tokens/at.ts.At;class:src/abap/1_lexer/tokens/atw.ts.AtW;class:src/abap/1_lexer/tokens/bracket_left.ts.BracketLeft;class:src/abap/1_lexer/tokens/bracket_leftw.ts.BracketLeftW;class:src/abap/1_lexer/tokens/bracket_right.ts.BracketRight;class:src/abap/1_lexer/tokens/bracket_rightw.ts.BracketRightW;class:src/abap/1_lexer/tokens/comment.ts.Comment;class:src/abap/1_lexer/tokens/dash.ts.Dash;class:src/abap/1_lexer/tokens/dashw.ts.DashW;class:src/abap/1_lexer/tokens/identifier.ts.Identifier;class:src/abap/1_lexer/tokens/instance_arrow.ts.InstanceArrow;class:src/abap/1_lexer/tokens/instance_arroww.ts.InstanceArrowW;class:src/abap/1_lexer/tokens/paren_left.ts.ParenLeft;class:src/abap/1_lexer/tokens/paren_leftw.ts.ParenLeftW;class:src/abap/1_lexer/tokens/paren_right.ts.ParenRight;class:src/abap/1_lexer/tokens/paren_rightw.ts.ParenRightW;class:src/abap/1_lexer/tokens/plus.ts.Plus;class:src/abap/1_lexer/tokens/plusw.ts.PlusW;class:src/abap/1_lexer/tokens/pragma.ts.Pragma;class:src/abap/1_lexer/tokens/punctuation.ts.Punctuation;class:src/abap/1_lexer/tokens/static_arrow.ts.StaticArrow;class:src/abap/1_lexer/tokens/static_arroww.ts.StaticArrowW;class:src/abap/1_lexer/tokens/string.ts.StringToken;class:src/abap/1_lexer/tokens/string_template.ts.StringTemplate;class:src/abap/1_lexer/tokens/string_template_begin.ts.StringTemplateBegin;class:src/abap/1_lexer/tokens/string_template_end.ts.StringTemplateEnd;class:src/abap/1_lexer/tokens/string_template_middle.ts.StringTemplateMiddle;class:src/abap/1_lexer/tokens/wat.ts.WAt;class:src/abap/1_lexer/tokens/watw.ts.WAtW;class:src/abap/1_lexer/tokens/wbracket_left.ts.WBracketLeft;class:src/abap/1_lexer/tokens/wbracket_leftw.ts.WBracketLeftW;class:src/abap/1_lexer/tokens/wbracket_right.ts.WBracketRight;class:src/abap/1_lexer/tokens/wbracket_rightw.ts.WBracketRightW;class:src/abap/1_lexer/tokens/wdash.ts.WDash;class:src/abap/1_lexer/tokens/wdashw.ts.WDashW;class:src/abap/1_lexer/tokens/winstance_arrow.ts.WInstanceArrow;class:src/abap/1_lexer/tokens/winstance_arroww.ts.WInstanceArrowW;class:src/abap/1_lexer/tokens/wparen_left.ts.WParenLeft;class:src/abap/1_lexer/tokens/wparen_leftw.ts.WParenLeftW;class:src/abap/1_lexer/tokens/wparen_right.ts.WParenRight;class:src/abap/1_lexer/tokens/wparen_rightw.ts.WParenRightW;class:src/abap/1_lexer/tokens/wplus.ts.WPlus;class:src/abap/1_lexer/tokens/wplusw.ts.WPlusW;class:src/abap/1_lexer/tokens/wstatic_arrow.ts.WStaticArrow;class:src/abap/1_lexer/tokens/wstatic_arroww.ts.WStaticArrowW,classref<src/abap/1_lexer/tokens/abstract_token.ts.AbstractToken>
src/abap/2_statements/statement_parser.ts.StatementParser::nativeAfter,src/abap/2_statements/statement_parser.ts.StatementParser::nativeAfter/body/s0/x/seq/s1/x/seq/s0/x,src/abap/2_statements/statement_parser.ts:371:19,statements,new,classref<src/abap/1_lexer/tokens/abstract_token.ts.AbstractToken>,shared object table,,0,false,0,0,0,hierarchy/mixed upper bound,class:src/abap/1_lexer/tokens/association_name.ts.AssociationName;class:src/abap/1_lexer/tokens/at.ts.At;class:src/abap/1_lexer/tokens/atw.ts.AtW;class:src/abap/1_lexer/tokens/bracket_left.ts.BracketLeft;class:src/abap/1_lexer/tokens/bracket_leftw.ts.BracketLeftW;class:src/abap/1_lexer/tokens/bracket_right.ts.BracketRight;class:src/abap/1_lexer/tokens/bracket_rightw.ts.BracketRightW;class:src/abap/1_lexer/tokens/comment.ts.Comment;class:src/abap/1_lexer/tokens/dash.ts.Dash;class:src/abap/1_lexer/tokens/dashw.ts.DashW;class:src/abap/1_lexer/tokens/identifier.ts.Identifier;class:src/abap/1_lexer/tokens/instance_arrow.ts.InstanceArrow;class:src/abap/1_lexer/tokens/instance_arroww.ts.InstanceArrowW;class:src/abap/1_lexer/tokens/paren_left.ts.ParenLeft;class:src/abap/1_lexer/tokens/paren_leftw.ts.ParenLeftW;class:src/abap/1_lexer/tokens/paren_right.ts.ParenRight;class:src/abap/1_lexer/tokens/paren_rightw.ts.ParenRightW;class:src/abap/1_lexer/tokens/plus.ts.Plus;class:src/abap/1_lexer/tokens/plusw.ts.PlusW;class:src/abap/1_lexer/tokens/pragma.ts.Pragma;class:src/abap/1_lexer/tokens/punctuation.ts.Punctuation;class:src/abap/1_lexer/tokens/static_arrow.ts.StaticArrow;class:src/abap/1_lexer/tokens/static_arroww.ts.StaticArrowW;class:src/abap/1_lexer/tokens/string.ts.StringToken;class:src/abap/1_lexer/tokens/string_template.ts.StringTemplate;class:src/abap/1_lexer/tokens/string_template_begin.ts.StringTemplateBegin;class:src/abap/1_lexer/tokens/string_template_end.ts.StringTemplateEnd;class:src/abap/1_lexer/tokens/string_template_middle.ts.StringTemplateMiddle;class:src/abap/1_lexer/tokens/wat.ts.WAt;class:src/abap/1_lexer/tokens/watw.ts.WAtW;class:src/abap/1_lexer/tokens/wbracket_left.ts.WBracketLeft;class:src/abap/1_lexer/tokens/wbracket_leftw.ts.WBracketLeftW;class:src/abap/1_lexer/tokens/wbracket_right.ts.WBracketRight;class:src/abap/1_lexer/tokens/wbracket_rightw.ts.WBracketRightW;class:src/abap/1_lexer/tokens/wdash.ts.WDash;class:src/abap/1_lexer/tokens/wdashw.ts.WDashW;class:src/abap/1_lexer/tokens/winstance_arrow.ts.WInstanceArrow;class:src/abap/1_lexer/tokens/winstance_arroww.ts.WInstanceArrowW;class:src/abap/1_lexer/tokens/wparen_left.ts.WParenLeft;class:src/abap/1_lexer/tokens/wparen_leftw.ts.WParenLeftW;class:src/abap/1_lexer/tokens/wparen_right.ts.WParenRight;class:src/abap/1_lexer/tokens/wparen_rightw.ts.WParenRightW;class:src/abap/1_lexer/tokens/wplus.ts.WPlus;class:src/abap/1_lexer/tokens/wplusw.ts.WPlusW;class:src/abap/1_lexer/tokens/wstatic_arrow.ts.WStaticArrow;class:src/abap/1_lexer/tokens/wstatic_arroww.ts.WStaticArrowW,classref<src/abap/1_lexer/tokens/abstract_token.ts.AbstractToken>
src/abap/2_statements/statement_parser.ts.StatementParser::nativeAfter,src/abap/2_statements/statement_parser.ts.StatementParser::nativeAfter/body/s0/x/seq/s1/x/seq/s1,src/abap/2_statements/statement_parser.ts:371:19,statements,foreach,classref<src/abap/1_lexer/tokens/abstract_token.ts.AbstractToken>,shared object table,classref<src/abap/1_lexer/tokens/abstract_token.ts.AbstractToken>,1,false,1,1,1,hierarchy/mixed upper bound,class:src/abap/1_lexer/tokens/association_name.ts.AssociationName;class:src/abap/1_lexer/tokens/at.ts.At;class:src/abap/1_lexer/tokens/atw.ts.AtW;class:src/abap/1_lexer/tokens/bracket_left.ts.BracketLeft;class:src/abap/1_lexer/tokens/bracket_leftw.ts.BracketLeftW;class:src/abap/1_lexer/tokens/bracket_right.ts.BracketRight;class:src/abap/1_lexer/tokens/bracket_rightw.ts.BracketRightW;class:src/abap/1_lexer/tokens/comment.ts.Comment;class:src/abap/1_lexer/tokens/dash.ts.Dash;class:src/abap/1_lexer/tokens/dashw.ts.DashW;class:src/abap/1_lexer/tokens/identifier.ts.Identifier;class:src/abap/1_lexer/tokens/instance_arrow.ts.InstanceArrow;class:src/abap/1_lexer/tokens/instance_arroww.ts.InstanceArrowW;class:src/abap/1_lexer/tokens/paren_left.ts.ParenLeft;class:src/abap/1_lexer/tokens/paren_leftw.ts.ParenLeftW;class:src/abap/1_lexer/tokens/paren_right.ts.ParenRight;class:src/abap/1_lexer/tokens/paren_rightw.ts.ParenRightW;class:src/abap/1_lexer/tokens/plus.ts.Plus;class:src/abap/1_lexer/tokens/plusw.ts.PlusW;class:src/abap/1_lexer/tokens/pragma.ts.Pragma;class:src/abap/1_lexer/tokens/punctuation.ts.Punctuation;class:src/abap/1_lexer/tokens/static_arrow.ts.StaticArrow;class:src/abap/1_lexer/tokens/static_arroww.ts.StaticArrowW;class:src/abap/1_lexer/tokens/string.ts.StringToken;class:src/abap/1_lexer/tokens/string_template.ts.StringTemplate;class:src/abap/1_lexer/tokens/string_template_begin.ts.StringTemplateBegin;class:src/abap/1_lexer/tokens/string_template_end.ts.StringTemplateEnd;class:src/abap/1_lexer/tokens/string_template_middle.ts.StringTemplateMiddle;class:src/abap/1_lexer/tokens/wat.ts.WAt;class:src/abap/1_lexer/tokens/watw.ts.WAtW;class:src/abap/1_lexer/tokens/wbracket_left.ts.WBracketLeft;class:src/abap/1_lexer/tokens/wbracket_leftw.ts.WBracketLeftW;class:src/abap/1_lexer/tokens/wbracket_right.ts.WBracketRight;class:src/abap/1_lexer/tokens/wbracket_rightw.ts.WBracketRightW;class:src/abap/1_lexer/tokens/wdash.ts.WDash;class:src/abap/1_lexer/tokens/wdashw.ts.WDashW;class:src/abap/1_lexer/tokens/winstance_arrow.ts.WInstanceArrow;class:src/abap/1_lexer/tokens/winstance_arroww.ts.WInstanceArrowW;class:src/abap/1_lexer/tokens/wparen_left.ts.WParenLeft;class:src/abap/1_lexer/tokens/wparen_leftw.ts.WParenLeftW;class:src/abap/1_lexer/tokens/wparen_right.ts.WParenRight;class:src/abap/1_lexer/tokens/wparen_rightw.ts.WParenRightW;class:src/abap/1_lexer/tokens/wplus.ts.WPlus;class:src/abap/1_lexer/tokens/wplusw.ts.WPlusW;class:src/abap/1_lexer/tokens/wstatic_arrow.ts.WStaticArrow;class:src/abap/1_lexer/tokens/wstatic_arroww.ts.WStaticArrowW,classref<src/abap/1_lexer/tokens/abstract_token.ts.AbstractToken>
src/abap/2_statements/statement_parser.ts.StatementParser::nativeSQL,src/abap/2_statements/statement_parser.ts.StatementParser::nativeSQL/body/s1/s1/body/s0/s0/x,src/abap/2_statements/statement_parser.ts:200:25,statements,index,classref<src/abap/nodes/statement_node.ts.StatementNode>,shared object table,classref<src/abap/nodes/statement_node.ts.StatementNode>,1,false,1,1,1,exact,class:src/abap/nodes/statement_node.ts.StatementNode,classref<src/abap/nodes/statement_node.ts.StatementNode>
src/abap/2_statements/statement_parser.ts.StatementParser::nativeSQL,src/abap/2_statements/statement_parser.ts.StatementParser::nativeSQL/body/s1/s1/body/s0/s2/else/body/s0/else/s1/body/s1/x/arg0,src/abap/2_statements/statement_parser.ts:214:52,statements,array.slice2,classref<src/abap/1_lexer/tokens/abstract_token.ts.AbstractToken>,shared object table,,1,false,0,0,0,hierarchy/mixed upper bound,class:src/abap/1_lexer/tokens/association_name.ts.AssociationName;class:src/abap/1_lexer/tokens/at.ts.At;class:src/abap/1_lexer/tokens/atw.ts.AtW;class:src/abap/1_lexer/tokens/bracket_left.ts.BracketLeft;class:src/abap/1_lexer/tokens/bracket_leftw.ts.BracketLeftW;class:src/abap/1_lexer/tokens/bracket_right.ts.BracketRight;class:src/abap/1_lexer/tokens/bracket_rightw.ts.BracketRightW;class:src/abap/1_lexer/tokens/comment.ts.Comment;class:src/abap/1_lexer/tokens/dash.ts.Dash;class:src/abap/1_lexer/tokens/dashw.ts.DashW;class:src/abap/1_lexer/tokens/identifier.ts.Identifier;class:src/abap/1_lexer/tokens/instance_arrow.ts.InstanceArrow;class:src/abap/1_lexer/tokens/instance_arroww.ts.InstanceArrowW;class:src/abap/1_lexer/tokens/paren_left.ts.ParenLeft;class:src/abap/1_lexer/tokens/paren_leftw.ts.ParenLeftW;class:src/abap/1_lexer/tokens/paren_right.ts.ParenRight;class:src/abap/1_lexer/tokens/paren_rightw.ts.ParenRightW;class:src/abap/1_lexer/tokens/plus.ts.Plus;class:src/abap/1_lexer/tokens/plusw.ts.PlusW;class:src/abap/1_lexer/tokens/pragma.ts.Pragma;class:src/abap/1_lexer/tokens/punctuation.ts.Punctuation;class:src/abap/1_lexer/tokens/static_arrow.ts.StaticArrow;class:src/abap/1_lexer/tokens/static_arroww.ts.StaticArrowW;class:src/abap/1_lexer/tokens/string.ts.StringToken;class:src/abap/1_lexer/tokens/string_template.ts.StringTemplate;class:src/abap/1_lexer/tokens/string_template_begin.ts.StringTemplateBegin;class:src/abap/1_lexer/tokens/string_template_end.ts.StringTemplateEnd;class:src/abap/1_lexer/tokens/string_template_middle.ts.StringTemplateMiddle;class:src/abap/1_lexer/tokens/wat.ts.WAt;class:src/abap/1_lexer/tokens/watw.ts.WAtW;class:src/abap/1_lexer/tokens/wbracket_left.ts.WBracketLeft;class:src/abap/1_lexer/tokens/wbracket_leftw.ts.WBracketLeftW;class:src/abap/1_lexer/tokens/wbracket_right.ts.WBracketRight;class:src/abap/1_lexer/tokens/wbracket_rightw.ts.WBracketRightW;class:src/abap/1_lexer/tokens/wdash.ts.WDash;class:src/abap/1_lexer/tokens/wdashw.ts.WDashW;class:src/abap/1_lexer/tokens/winstance_arrow.ts.WInstanceArrow;class:src/abap/1_lexer/tokens/winstance_arroww.ts.WInstanceArrowW;class:src/abap/1_lexer/tokens/wparen_left.ts.WParenLeft;class:src/abap/1_lexer/tokens/wparen_leftw.ts.WParenLeftW;class:src/abap/1_lexer/tokens/wparen_right.ts.WParenRight;class:src/abap/1_lexer/tokens/wparen_rightw.ts.WParenRightW;class:src/abap/1_lexer/tokens/wplus.ts.WPlus;class:src/abap/1_lexer/tokens/wplusw.ts.WPlusW;class:src/abap/1_lexer/tokens/wstatic_arrow.ts.WStaticArrow;class:src/abap/1_lexer/tokens/wstatic_arroww.ts.WStaticArrowW,classref<src/abap/1_lexer/tokens/abstract_token.ts.AbstractToken>
src/abap/2_statements/statement_parser.ts.StatementParser::nativeSQL,src/abap/2_statements/statement_parser.ts.StatementParser::nativeSQL/body/s1/s1/body/s0/s2/else/body/s0/else/s1/body/s2/x/arg0,src/abap/2_statements/statement_parser.ts:215:50,statements,array.slice2,classref<src/abap/1_lexer/tokens/abstract_token.ts.AbstractToken>,shared object table,,1,false,0,0,0,hierarchy/mixed upper bound,class:src/abap/1_lexer/tokens/association_name.ts.AssociationName;class:src/abap/1_lexer/tokens/at.ts.At;class:src/abap/1_lexer/tokens/atw.ts.AtW;class:src/abap/1_lexer/tokens/bracket_left.ts.BracketLeft;class:src/abap/1_lexer/tokens/bracket_leftw.ts.BracketLeftW;class:src/abap/1_lexer/tokens/bracket_right.ts.BracketRight;class:src/abap/1_lexer/tokens/bracket_rightw.ts.BracketRightW;class:src/abap/1_lexer/tokens/comment.ts.Comment;class:src/abap/1_lexer/tokens/dash.ts.Dash;class:src/abap/1_lexer/tokens/dashw.ts.DashW;class:src/abap/1_lexer/tokens/identifier.ts.Identifier;class:src/abap/1_lexer/tokens/instance_arrow.ts.InstanceArrow;class:src/abap/1_lexer/tokens/instance_arroww.ts.InstanceArrowW;class:src/abap/1_lexer/tokens/paren_left.ts.ParenLeft;class:src/abap/1_lexer/tokens/paren_leftw.ts.ParenLeftW;class:src/abap/1_lexer/tokens/paren_right.ts.ParenRight;class:src/abap/1_lexer/tokens/paren_rightw.ts.ParenRightW;class:src/abap/1_lexer/tokens/plus.ts.Plus;class:src/abap/1_lexer/tokens/plusw.ts.PlusW;class:src/abap/1_lexer/tokens/pragma.ts.Pragma;class:src/abap/1_lexer/tokens/punctuation.ts.Punctuation;class:src/abap/1_lexer/tokens/static_arrow.ts.StaticArrow;class:src/abap/1_lexer/tokens/static_arroww.ts.StaticArrowW;class:src/abap/1_lexer/tokens/string.ts.StringToken;class:src/abap/1_lexer/tokens/string_template.ts.StringTemplate;class:src/abap/1_lexer/tokens/string_template_begin.ts.StringTemplateBegin;class:src/abap/1_lexer/tokens/string_template_end.ts.StringTemplateEnd;class:src/abap/1_lexer/tokens/string_template_middle.ts.StringTemplateMiddle;class:src/abap/1_lexer/tokens/wat.ts.WAt;class:src/abap/1_lexer/tokens/watw.ts.WAtW;class:src/abap/1_lexer/tokens/wbracket_left.ts.WBracketLeft;class:src/abap/1_lexer/tokens/wbracket_leftw.ts.WBracketLeftW;class:src/abap/1_lexer/tokens/wbracket_right.ts.WBracketRight;class:src/abap/1_lexer/tokens/wbracket_rightw.ts.WBracketRightW;class:src/abap/1_lexer/tokens/wdash.ts.WDash;class:src/abap/1_lexer/tokens/wdashw.ts.WDashW;class:src/abap/1_lexer/tokens/winstance_arrow.ts.WInstanceArrow;class:src/abap/1_lexer/tokens/winstance_arroww.ts.WInstanceArrowW;class:src/abap/1_lexer/tokens/wparen_left.ts.WParenLeft;class:src/abap/1_lexer/tokens/wparen_leftw.ts.WParenLeftW;class:src/abap/1_lexer/tokens/wparen_right.ts.WParenRight;class:src/abap/1_lexer/tokens/wparen_rightw.ts.WParenRightW;class:src/abap/1_lexer/tokens/wplus.ts.WPlus;class:src/abap/1_lexer/tokens/wplusw.ts.WPlusW;class:src/abap/1_lexer/tokens/wstatic_arrow.ts.WStaticArrow;class:src/abap/1_lexer/tokens/wstatic_arroww.ts.WStaticArrowW,classref<src/abap/1_lexer/tokens/abstract_token.ts.AbstractToken>
src/abap/2_statements/statement_parser.ts.StatementParser::nativeSQL,src/abap/2_statements/statement_parser.ts.StatementParser::nativeSQL/body/s1/s1/body/s0/s2/else/body/s0/else/s1/body/s5/x,src/abap/2_statements/statement_parser.ts:218:13,statements,array.splice3,classref<src/abap/nodes/statement_node.ts.StatementNode>,shared object table,,1,false,0,0,0,exact,class:src/abap/nodes/statement_node.ts.StatementNode,classref<src/abap/nodes/statement_node.ts.StatementNode>
src/abap/2_statements/statement_parser.ts.StatementParser::process,src/abap/2_statements/statement_parser.ts.StatementParser::process/body/s0/x,src/abap/2_statements/statement_parser.ts:323:32,statements,new,classref<src/abap/1_lexer/tokens/abstract_token.ts.AbstractToken>,shared object table,,0,false,0,0,0,hierarchy/mixed upper bound,class:src/abap/1_lexer/tokens/association_name.ts.AssociationName;class:src/abap/1_lexer/tokens/at.ts.At;class:src/abap/1_lexer/tokens/atw.ts.AtW;class:src/abap/1_lexer/tokens/bracket_left.ts.BracketLeft;class:src/abap/1_lexer/tokens/bracket_leftw.ts.BracketLeftW;class:src/abap/1_lexer/tokens/bracket_right.ts.BracketRight;class:src/abap/1_lexer/tokens/bracket_rightw.ts.BracketRightW;class:src/abap/1_lexer/tokens/comment.ts.Comment;class:src/abap/1_lexer/tokens/dash.ts.Dash;class:src/abap/1_lexer/tokens/dashw.ts.DashW;class:src/abap/1_lexer/tokens/identifier.ts.Identifier;class:src/abap/1_lexer/tokens/instance_arrow.ts.InstanceArrow;class:src/abap/1_lexer/tokens/instance_arroww.ts.InstanceArrowW;class:src/abap/1_lexer/tokens/paren_left.ts.ParenLeft;class:src/abap/1_lexer/tokens/paren_leftw.ts.ParenLeftW;class:src/abap/1_lexer/tokens/paren_right.ts.ParenRight;class:src/abap/1_lexer/tokens/paren_rightw.ts.ParenRightW;class:src/abap/1_lexer/tokens/plus.ts.Plus;class:src/abap/1_lexer/tokens/plusw.ts.PlusW;class:src/abap/1_lexer/tokens/pragma.ts.Pragma;class:src/abap/1_lexer/tokens/punctuation.ts.Punctuation;class:src/abap/1_lexer/tokens/static_arrow.ts.StaticArrow;class:src/abap/1_lexer/tokens/static_arroww.ts.StaticArrowW;class:src/abap/1_lexer/tokens/string.ts.StringToken;class:src/abap/1_lexer/tokens/string_template.ts.StringTemplate;class:src/abap/1_lexer/tokens/string_template_begin.ts.StringTemplateBegin;class:src/abap/1_lexer/tokens/string_template_end.ts.StringTemplateEnd;class:src/abap/1_lexer/tokens/string_template_middle.ts.StringTemplateMiddle;class:src/abap/1_lexer/tokens/wat.ts.WAt;class:src/abap/1_lexer/tokens/watw.ts.WAtW;class:src/abap/1_lexer/tokens/wbracket_left.ts.WBracketLeft;class:src/abap/1_lexer/tokens/wbracket_leftw.ts.WBracketLeftW;class:src/abap/1_lexer/tokens/wbracket_right.ts.WBracketRight;class:src/abap/1_lexer/tokens/wbracket_rightw.ts.WBracketRightW;class:src/abap/1_lexer/tokens/wdash.ts.WDash;class:src/abap/1_lexer/tokens/wdashw.ts.WDashW;class:src/abap/1_lexer/tokens/winstance_arrow.ts.WInstanceArrow;class:src/abap/1_lexer/tokens/winstance_arroww.ts.WInstanceArrowW;class:src/abap/1_lexer/tokens/wparen_left.ts.WParenLeft;class:src/abap/1_lexer/tokens/wparen_leftw.ts.WParenLeftW;class:src/abap/1_lexer/tokens/wparen_right.ts.WParenRight;class:src/abap/1_lexer/tokens/wparen_rightw.ts.WParenRightW;class:src/abap/1_lexer/tokens/wplus.ts.WPlus;class:src/abap/1_lexer/tokens/wplusw.ts.WPlusW;class:src/abap/1_lexer/tokens/wstatic_arrow.ts.WStaticArrow;class:src/abap/1_lexer/tokens/wstatic_arroww.ts.WStaticArrowW,classref<src/abap/1_lexer/tokens/abstract_token.ts.AbstractToken>
src/abap/2_statements/statement_parser.ts.StatementParser::process,src/abap/2_statements/statement_parser.ts.StatementParser::process/body/s1/x,src/abap/2_statements/statement_parser.ts:324:32,statements,new,classref<src/abap/1_lexer/tokens/abstract_token.ts.AbstractToken>,shared object table,,0,false,0,0,0,hierarchy/mixed upper bound,class:src/abap/1_lexer/tokens/association_name.ts.AssociationName;class:src/abap/1_lexer/tokens/at.ts.At;class:src/abap/1_lexer/tokens/atw.ts.AtW;class:src/abap/1_lexer/tokens/bracket_left.ts.BracketLeft;class:src/abap/1_lexer/tokens/bracket_leftw.ts.BracketLeftW;class:src/abap/1_lexer/tokens/bracket_right.ts.BracketRight;class:src/abap/1_lexer/tokens/bracket_rightw.ts.BracketRightW;class:src/abap/1_lexer/tokens/comment.ts.Comment;class:src/abap/1_lexer/tokens/dash.ts.Dash;class:src/abap/1_lexer/tokens/dashw.ts.DashW;class:src/abap/1_lexer/tokens/identifier.ts.Identifier;class:src/abap/1_lexer/tokens/instance_arrow.ts.InstanceArrow;class:src/abap/1_lexer/tokens/instance_arroww.ts.InstanceArrowW;class:src/abap/1_lexer/tokens/paren_left.ts.ParenLeft;class:src/abap/1_lexer/tokens/paren_leftw.ts.ParenLeftW;class:src/abap/1_lexer/tokens/paren_right.ts.ParenRight;class:src/abap/1_lexer/tokens/paren_rightw.ts.ParenRightW;class:src/abap/1_lexer/tokens/plus.ts.Plus;class:src/abap/1_lexer/tokens/plusw.ts.PlusW;class:src/abap/1_lexer/tokens/pragma.ts.Pragma;class:src/abap/1_lexer/tokens/punctuation.ts.Punctuation;class:src/abap/1_lexer/tokens/static_arrow.ts.StaticArrow;class:src/abap/1_lexer/tokens/static_arroww.ts.StaticArrowW;class:src/abap/1_lexer/tokens/string.ts.StringToken;class:src/abap/1_lexer/tokens/string_template.ts.StringTemplate;class:src/abap/1_lexer/tokens/string_template_begin.ts.StringTemplateBegin;class:src/abap/1_lexer/tokens/string_template_end.ts.StringTemplateEnd;class:src/abap/1_lexer/tokens/string_template_middle.ts.StringTemplateMiddle;class:src/abap/1_lexer/tokens/wat.ts.WAt;class:src/abap/1_lexer/tokens/watw.ts.WAtW;class:src/abap/1_lexer/tokens/wbracket_left.ts.WBracketLeft;class:src/abap/1_lexer/tokens/wbracket_leftw.ts.WBracketLeftW;class:src/abap/1_lexer/tokens/wbracket_right.ts.WBracketRight;class:src/abap/1_lexer/tokens/wbracket_rightw.ts.WBracketRightW;class:src/abap/1_lexer/tokens/wdash.ts.WDash;class:src/abap/1_lexer/tokens/wdashw.ts.WDashW;class:src/abap/1_lexer/tokens/winstance_arrow.ts.WInstanceArrow;class:src/abap/1_lexer/tokens/winstance_arroww.ts.WInstanceArrowW;class:src/abap/1_lexer/tokens/wparen_left.ts.WParenLeft;class:src/abap/1_lexer/tokens/wparen_leftw.ts.WParenLeftW;class:src/abap/1_lexer/tokens/wparen_right.ts.WParenRight;class:src/abap/1_lexer/tokens/wparen_rightw.ts.WParenRightW;class:src/abap/1_lexer/tokens/wplus.ts.WPlus;class:src/abap/1_lexer/tokens/wplusw.ts.WPlusW;class:src/abap/1_lexer/tokens/wstatic_arrow.ts.WStaticArrow;class:src/abap/1_lexer/tokens/wstatic_arroww.ts.WStaticArrowW,classref<src/abap/1_lexer/tokens/abstract_token.ts.AbstractToken>
src/abap/2_statements/statement_parser.ts.StatementParser::process,src/abap/2_statements/statement_parser.ts.StatementParser::process/body/s4,src/abap/2_statements/statement_parser.ts:331:5,statements,foreach,classref<src/abap/1_lexer/tokens/abstract_token.ts.AbstractToken>,shared object table,classref<src/abap/1_lexer/tokens/abstract_token.ts.AbstractToken>,1,false,1,1,1,hierarchy/mixed upper bound,class:src/abap/1_lexer/tokens/association_name.ts.AssociationName;class:src/abap/1_lexer/tokens/at.ts.At;class:src/abap/1_lexer/tokens/atw.ts.AtW;class:src/abap/1_lexer/tokens/bracket_left.ts.BracketLeft;class:src/abap/1_lexer/tokens/bracket_leftw.ts.BracketLeftW;class:src/abap/1_lexer/tokens/bracket_right.ts.BracketRight;class:src/abap/1_lexer/tokens/bracket_rightw.ts.BracketRightW;class:src/abap/1_lexer/tokens/comment.ts.Comment;class:src/abap/1_lexer/tokens/dash.ts.Dash;class:src/abap/1_lexer/tokens/dashw.ts.DashW;class:src/abap/1_lexer/tokens/identifier.ts.Identifier;class:src/abap/1_lexer/tokens/instance_arrow.ts.InstanceArrow;class:src/abap/1_lexer/tokens/instance_arroww.ts.InstanceArrowW;class:src/abap/1_lexer/tokens/paren_left.ts.ParenLeft;class:src/abap/1_lexer/tokens/paren_leftw.ts.ParenLeftW;class:src/abap/1_lexer/tokens/paren_right.ts.ParenRight;class:src/abap/1_lexer/tokens/paren_rightw.ts.ParenRightW;class:src/abap/1_lexer/tokens/plus.ts.Plus;class:src/abap/1_lexer/tokens/plusw.ts.PlusW;class:src/abap/1_lexer/tokens/pragma.ts.Pragma;class:src/abap/1_lexer/tokens/punctuation.ts.Punctuation;class:src/abap/1_lexer/tokens/static_arrow.ts.StaticArrow;class:src/abap/1_lexer/tokens/static_arroww.ts.StaticArrowW;class:src/abap/1_lexer/tokens/string.ts.StringToken;class:src/abap/1_lexer/tokens/string_template.ts.StringTemplate;class:src/abap/1_lexer/tokens/string_template_begin.ts.StringTemplateBegin;class:src/abap/1_lexer/tokens/string_template_end.ts.StringTemplateEnd;class:src/abap/1_lexer/tokens/string_template_middle.ts.StringTemplateMiddle;class:src/abap/1_lexer/tokens/wat.ts.WAt;class:src/abap/1_lexer/tokens/watw.ts.WAtW;class:src/abap/1_lexer/tokens/wbracket_left.ts.WBracketLeft;class:src/abap/1_lexer/tokens/wbracket_leftw.ts.WBracketLeftW;class:src/abap/1_lexer/tokens/wbracket_right.ts.WBracketRight;class:src/abap/1_lexer/tokens/wbracket_rightw.ts.WBracketRightW;class:src/abap/1_lexer/tokens/wdash.ts.WDash;class:src/abap/1_lexer/tokens/wdashw.ts.WDashW;class:src/abap/1_lexer/tokens/winstance_arrow.ts.WInstanceArrow;class:src/abap/1_lexer/tokens/winstance_arroww.ts.WInstanceArrowW;class:src/abap/1_lexer/tokens/wparen_left.ts.WParenLeft;class:src/abap/1_lexer/tokens/wparen_leftw.ts.WParenLeftW;class:src/abap/1_lexer/tokens/wparen_right.ts.WParenRight;class:src/abap/1_lexer/tokens/wparen_rightw.ts.WParenRightW;class:src/abap/1_lexer/tokens/wplus.ts.WPlus;class:src/abap/1_lexer/tokens/wplusw.ts.WPlusW;class:src/abap/1_lexer/tokens/wstatic_arrow.ts.WStaticArrow;class:src/abap/1_lexer/tokens/wstatic_arroww.ts.WStaticArrowW,classref<src/abap/1_lexer/tokens/abstract_token.ts.AbstractToken>
src/abap/2_statements/statement_parser.ts.StatementParser::process,src/abap/2_statements/statement_parser.ts.StatementParser::process/body/s4/body/s0/body/s0/x/arg0/arg0/arg0/seq/s0/x,src/abap/2_statements/statement_parser.ts:333:92,statements,new,classref<src/abap/1_lexer/tokens/abstract_token.ts.AbstractToken>,shared object table,,1,false,0,0,0,hierarchy/mixed upper bound,class:src/abap/1_lexer/tokens/association_name.ts.AssociationName;class:src/abap/1_lexer/tokens/at.ts.At;class:src/abap/1_lexer/tokens/atw.ts.AtW;class:src/abap/1_lexer/tokens/bracket_left.ts.BracketLeft;class:src/abap/1_lexer/tokens/bracket_leftw.ts.BracketLeftW;class:src/abap/1_lexer/tokens/bracket_right.ts.BracketRight;class:src/abap/1_lexer/tokens/bracket_rightw.ts.BracketRightW;class:src/abap/1_lexer/tokens/comment.ts.Comment;class:src/abap/1_lexer/tokens/dash.ts.Dash;class:src/abap/1_lexer/tokens/dashw.ts.DashW;class:src/abap/1_lexer/tokens/identifier.ts.Identifier;class:src/abap/1_lexer/tokens/instance_arrow.ts.InstanceArrow;class:src/abap/1_lexer/tokens/instance_arroww.ts.InstanceArrowW;class:src/abap/1_lexer/tokens/paren_left.ts.ParenLeft;class:src/abap/1_lexer/tokens/paren_leftw.ts.ParenLeftW;class:src/abap/1_lexer/tokens/paren_right.ts.ParenRight;class:src/abap/1_lexer/tokens/paren_rightw.ts.ParenRightW;class:src/abap/1_lexer/tokens/plus.ts.Plus;class:src/abap/1_lexer/tokens/plusw.ts.PlusW;class:src/abap/1_lexer/tokens/pragma.ts.Pragma;class:src/abap/1_lexer/tokens/punctuation.ts.Punctuation;class:src/abap/1_lexer/tokens/static_arrow.ts.StaticArrow;class:src/abap/1_lexer/tokens/static_arroww.ts.StaticArrowW;class:src/abap/1_lexer/tokens/string.ts.StringToken;class:src/abap/1_lexer/tokens/string_template.ts.StringTemplate;class:src/abap/1_lexer/tokens/string_template_begin.ts.StringTemplateBegin;class:src/abap/1_lexer/tokens/string_template_end.ts.StringTemplateEnd;class:src/abap/1_lexer/tokens/string_template_middle.ts.StringTemplateMiddle;class:src/abap/1_lexer/tokens/wat.ts.WAt;class:src/abap/1_lexer/tokens/watw.ts.WAtW;class:src/abap/1_lexer/tokens/wbracket_left.ts.WBracketLeft;class:src/abap/1_lexer/tokens/wbracket_leftw.ts.WBracketLeftW;class:src/abap/1_lexer/tokens/wbracket_right.ts.WBracketRight;class:src/abap/1_lexer/tokens/wbracket_rightw.ts.WBracketRightW;class:src/abap/1_lexer/tokens/wdash.ts.WDash;class:src/abap/1_lexer/tokens/wdashw.ts.WDashW;class:src/abap/1_lexer/tokens/winstance_arrow.ts.WInstanceArrow;class:src/abap/1_lexer/tokens/winstance_arroww.ts.WInstanceArrowW;class:src/abap/1_lexer/tokens/wparen_left.ts.WParenLeft;class:src/abap/1_lexer/tokens/wparen_leftw.ts.WParenLeftW;class:src/abap/1_lexer/tokens/wparen_right.ts.WParenRight;class:src/abap/1_lexer/tokens/wparen_rightw.ts.WParenRightW;class:src/abap/1_lexer/tokens/wplus.ts.WPlus;class:src/abap/1_lexer/tokens/wplusw.ts.WPlusW;class:src/abap/1_lexer/tokens/wstatic_arrow.ts.WStaticArrow;class:src/abap/1_lexer/tokens/wstatic_arroww.ts.WStaticArrowW,classref<src/abap/1_lexer/tokens/abstract_token.ts.AbstractToken>
src/abap/2_statements/statement_parser.ts.StatementParser::process,src/abap/2_statements/statement_parser.ts.StatementParser::process/body/s4/body/s3/body/s0/body/s2/y,src/abap/2_statements/statement_parser.ts:344:17,statements,new,classref<src/abap/1_lexer/tokens/abstract_token.ts.AbstractToken>,shared object table,,1,false,0,0,0,hierarchy/mixed upper bound,class:src/abap/1_lexer/tokens/association_name.ts.AssociationName;class:src/abap/1_lexer/tokens/at.ts.At;class:src/abap/1_lexer/tokens/atw.ts.AtW;class:src/abap/1_lexer/tokens/bracket_left.ts.BracketLeft;class:src/abap/1_lexer/tokens/bracket_leftw.ts.BracketLeftW;class:src/abap/1_lexer/tokens/bracket_right.ts.BracketRight;class:src/abap/1_lexer/tokens/bracket_rightw.ts.BracketRightW;class:src/abap/1_lexer/tokens/comment.ts.Comment;class:src/abap/1_lexer/tokens/dash.ts.Dash;class:src/abap/1_lexer/tokens/dashw.ts.DashW;class:src/abap/1_lexer/tokens/identifier.ts.Identifier;class:src/abap/1_lexer/tokens/instance_arrow.ts.InstanceArrow;class:src/abap/1_lexer/tokens/instance_arroww.ts.InstanceArrowW;class:src/abap/1_lexer/tokens/paren_left.ts.ParenLeft;class:src/abap/1_lexer/tokens/paren_leftw.ts.ParenLeftW;class:src/abap/1_lexer/tokens/paren_right.ts.ParenRight;class:src/abap/1_lexer/tokens/paren_rightw.ts.ParenRightW;class:src/abap/1_lexer/tokens/plus.ts.Plus;class:src/abap/1_lexer/tokens/plusw.ts.PlusW;class:src/abap/1_lexer/tokens/pragma.ts.Pragma;class:src/abap/1_lexer/tokens/punctuation.ts.Punctuation;class:src/abap/1_lexer/tokens/static_arrow.ts.StaticArrow;class:src/abap/1_lexer/tokens/static_arroww.ts.StaticArrowW;class:src/abap/1_lexer/tokens/string.ts.StringToken;class:src/abap/1_lexer/tokens/string_template.ts.StringTemplate;class:src/abap/1_lexer/tokens/string_template_begin.ts.StringTemplateBegin;class:src/abap/1_lexer/tokens/string_template_end.ts.StringTemplateEnd;class:src/abap/1_lexer/tokens/string_template_middle.ts.StringTemplateMiddle;class:src/abap/1_lexer/tokens/wat.ts.WAt;class:src/abap/1_lexer/tokens/watw.ts.WAtW;class:src/abap/1_lexer/tokens/wbracket_left.ts.WBracketLeft;class:src/abap/1_lexer/tokens/wbracket_leftw.ts.WBracketLeftW;class:src/abap/1_lexer/tokens/wbracket_right.ts.WBracketRight;class:src/abap/1_lexer/tokens/wbracket_rightw.ts.WBracketRightW;class:src/abap/1_lexer/tokens/wdash.ts.WDash;class:src/abap/1_lexer/tokens/wdashw.ts.WDashW;class:src/abap/1_lexer/tokens/winstance_arrow.ts.WInstanceArrow;class:src/abap/1_lexer/tokens/winstance_arroww.ts.WInstanceArrowW;class:src/abap/1_lexer/tokens/wparen_left.ts.WParenLeft;class:src/abap/1_lexer/tokens/wparen_leftw.ts.WParenLeftW;class:src/abap/1_lexer/tokens/wparen_right.ts.WParenRight;class:src/abap/1_lexer/tokens/wparen_rightw.ts.WParenRightW;class:src/abap/1_lexer/tokens/wplus.ts.WPlus;class:src/abap/1_lexer/tokens/wplusw.ts.WPlusW;class:src/abap/1_lexer/tokens/wstatic_arrow.ts.WStaticArrow;class:src/abap/1_lexer/tokens/wstatic_arroww.ts.WStaticArrowW,classref<src/abap/1_lexer/tokens/abstract_token.ts.AbstractToken>
src/abap/2_statements/statement_parser.ts.StatementParser::process,src/abap/2_statements/statement_parser.ts.StatementParser::process/body/s4/body/s3/body/s0/body/s3/y,src/abap/2_statements/statement_parser.ts:345:17,statements,new,classref<src/abap/1_lexer/tokens/abstract_token.ts.AbstractToken>,shared object table,,1,false,0,0,0,hierarchy/mixed upper bound,class:src/abap/1_lexer/tokens/association_name.ts.AssociationName;class:src/abap/1_lexer/tokens/at.ts.At;class:src/abap/1_lexer/tokens/atw.ts.AtW;class:src/abap/1_lexer/tokens/bracket_left.ts.BracketLeft;class:src/abap/1_lexer/tokens/bracket_leftw.ts.BracketLeftW;class:src/abap/1_lexer/tokens/bracket_right.ts.BracketRight;class:src/abap/1_lexer/tokens/bracket_rightw.ts.BracketRightW;class:src/abap/1_lexer/tokens/comment.ts.Comment;class:src/abap/1_lexer/tokens/dash.ts.Dash;class:src/abap/1_lexer/tokens/dashw.ts.DashW;class:src/abap/1_lexer/tokens/identifier.ts.Identifier;class:src/abap/1_lexer/tokens/instance_arrow.ts.InstanceArrow;class:src/abap/1_lexer/tokens/instance_arroww.ts.InstanceArrowW;class:src/abap/1_lexer/tokens/paren_left.ts.ParenLeft;class:src/abap/1_lexer/tokens/paren_leftw.ts.ParenLeftW;class:src/abap/1_lexer/tokens/paren_right.ts.ParenRight;class:src/abap/1_lexer/tokens/paren_rightw.ts.ParenRightW;class:src/abap/1_lexer/tokens/plus.ts.Plus;class:src/abap/1_lexer/tokens/plusw.ts.PlusW;class:src/abap/1_lexer/tokens/pragma.ts.Pragma;class:src/abap/1_lexer/tokens/punctuation.ts.Punctuation;class:src/abap/1_lexer/tokens/static_arrow.ts.StaticArrow;class:src/abap/1_lexer/tokens/static_arroww.ts.StaticArrowW;class:src/abap/1_lexer/tokens/string.ts.StringToken;class:src/abap/1_lexer/tokens/string_template.ts.StringTemplate;class:src/abap/1_lexer/tokens/string_template_begin.ts.StringTemplateBegin;class:src/abap/1_lexer/tokens/string_template_end.ts.StringTemplateEnd;class:src/abap/1_lexer/tokens/string_template_middle.ts.StringTemplateMiddle;class:src/abap/1_lexer/tokens/wat.ts.WAt;class:src/abap/1_lexer/tokens/watw.ts.WAtW;class:src/abap/1_lexer/tokens/wbracket_left.ts.WBracketLeft;class:src/abap/1_lexer/tokens/wbracket_leftw.ts.WBracketLeftW;class:src/abap/1_lexer/tokens/wbracket_right.ts.WBracketRight;class:src/abap/1_lexer/tokens/wbracket_rightw.ts.WBracketRightW;class:src/abap/1_lexer/tokens/wdash.ts.WDash;class:src/abap/1_lexer/tokens/wdashw.ts.WDashW;class:src/abap/1_lexer/tokens/winstance_arrow.ts.WInstanceArrow;class:src/abap/1_lexer/tokens/winstance_arroww.ts.WInstanceArrowW;class:src/abap/1_lexer/tokens/wparen_left.ts.WParenLeft;class:src/abap/1_lexer/tokens/wparen_leftw.ts.WParenLeftW;class:src/abap/1_lexer/tokens/wparen_right.ts.WParenRight;class:src/abap/1_lexer/tokens/wparen_rightw.ts.WParenRightW;class:src/abap/1_lexer/tokens/wplus.ts.WPlus;class:src/abap/1_lexer/tokens/wplusw.ts.WPlusW;class:src/abap/1_lexer/tokens/wstatic_arrow.ts.WStaticArrow;class:src/abap/1_lexer/tokens/wstatic_arroww.ts.WStaticArrowW,classref<src/abap/1_lexer/tokens/abstract_token.ts.AbstractToken>
src/abap/2_statements/statement_parser.ts.StatementParser::process,src/abap/2_statements/statement_parser.ts.StatementParser::process/body/s4/body/s3/body/s0/else/body/s1/y,src/abap/2_statements/statement_parser.ts:349:17,statements,new,classref<src/abap/1_lexer/tokens/abstract_token.ts.AbstractToken>,shared object table,,1,false,0,0,0,hierarchy/mixed upper bound,class:src/abap/1_lexer/tokens/association_name.ts.AssociationName;class:src/abap/1_lexer/tokens/at.ts.At;class:src/abap/1_lexer/tokens/atw.ts.AtW;class:src/abap/1_lexer/tokens/bracket_left.ts.BracketLeft;class:src/abap/1_lexer/tokens/bracket_leftw.ts.BracketLeftW;class:src/abap/1_lexer/tokens/bracket_right.ts.BracketRight;class:src/abap/1_lexer/tokens/bracket_rightw.ts.BracketRightW;class:src/abap/1_lexer/tokens/comment.ts.Comment;class:src/abap/1_lexer/tokens/dash.ts.Dash;class:src/abap/1_lexer/tokens/dashw.ts.DashW;class:src/abap/1_lexer/tokens/identifier.ts.Identifier;class:src/abap/1_lexer/tokens/instance_arrow.ts.InstanceArrow;class:src/abap/1_lexer/tokens/instance_arroww.ts.InstanceArrowW;class:src/abap/1_lexer/tokens/paren_left.ts.ParenLeft;class:src/abap/1_lexer/tokens/paren_leftw.ts.ParenLeftW;class:src/abap/1_lexer/tokens/paren_right.ts.ParenRight;class:src/abap/1_lexer/tokens/paren_rightw.ts.ParenRightW;class:src/abap/1_lexer/tokens/plus.ts.Plus;class:src/abap/1_lexer/tokens/plusw.ts.PlusW;class:src/abap/1_lexer/tokens/pragma.ts.Pragma;class:src/abap/1_lexer/tokens/punctuation.ts.Punctuation;class:src/abap/1_lexer/tokens/static_arrow.ts.StaticArrow;class:src/abap/1_lexer/tokens/static_arroww.ts.StaticArrowW;class:src/abap/1_lexer/tokens/string.ts.StringToken;class:src/abap/1_lexer/tokens/string_template.ts.StringTemplate;class:src/abap/1_lexer/tokens/string_template_begin.ts.StringTemplateBegin;class:src/abap/1_lexer/tokens/string_template_end.ts.StringTemplateEnd;class:src/abap/1_lexer/tokens/string_template_middle.ts.StringTemplateMiddle;class:src/abap/1_lexer/tokens/wat.ts.WAt;class:src/abap/1_lexer/tokens/watw.ts.WAtW;class:src/abap/1_lexer/tokens/wbracket_left.ts.WBracketLeft;class:src/abap/1_lexer/tokens/wbracket_leftw.ts.WBracketLeftW;class:src/abap/1_lexer/tokens/wbracket_right.ts.WBracketRight;class:src/abap/1_lexer/tokens/wbracket_rightw.ts.WBracketRightW;class:src/abap/1_lexer/tokens/wdash.ts.WDash;class:src/abap/1_lexer/tokens/wdashw.ts.WDashW;class:src/abap/1_lexer/tokens/winstance_arrow.ts.WInstanceArrow;class:src/abap/1_lexer/tokens/winstance_arroww.ts.WInstanceArrowW;class:src/abap/1_lexer/tokens/wparen_left.ts.WParenLeft;class:src/abap/1_lexer/tokens/wparen_leftw.ts.WParenLeftW;class:src/abap/1_lexer/tokens/wparen_right.ts.WParenRight;class:src/abap/1_lexer/tokens/wparen_rightw.ts.WParenRightW;class:src/abap/1_lexer/tokens/wplus.ts.WPlus;class:src/abap/1_lexer/tokens/wplusw.ts.WPlusW;class:src/abap/1_lexer/tokens/wstatic_arrow.ts.WStaticArrow;class:src/abap/1_lexer/tokens/wstatic_arroww.ts.WStaticArrowW,classref<src/abap/1_lexer/tokens/abstract_token.ts.AbstractToken>
src/abap/2_statements/statement_parser.ts.StatementParser::process,src/abap/2_statements/statement_parser.ts.StatementParser::process/body/s4/body/s3/body/s0/else/else/body/s1/x,src/abap/2_statements/statement_parser.ts:352:11,statements,array.pop,classref<src/abap/1_lexer/tokens/abstract_token.ts.AbstractToken>,shared object table,optional<classref<src/abap/1_lexer/tokens/abstract_token.ts.AbstractToken>>,1,false,1,1,1,hierarchy/mixed upper bound,class:src/abap/1_lexer/tokens/association_name.ts.AssociationName;class:src/abap/1_lexer/tokens/at.ts.At;class:src/abap/1_lexer/tokens/atw.ts.AtW;class:src/abap/1_lexer/tokens/bracket_left.ts.BracketLeft;class:src/abap/1_lexer/tokens/bracket_leftw.ts.BracketLeftW;class:src/abap/1_lexer/tokens/bracket_right.ts.BracketRight;class:src/abap/1_lexer/tokens/bracket_rightw.ts.BracketRightW;class:src/abap/1_lexer/tokens/comment.ts.Comment;class:src/abap/1_lexer/tokens/dash.ts.Dash;class:src/abap/1_lexer/tokens/dashw.ts.DashW;class:src/abap/1_lexer/tokens/identifier.ts.Identifier;class:src/abap/1_lexer/tokens/instance_arrow.ts.InstanceArrow;class:src/abap/1_lexer/tokens/instance_arroww.ts.InstanceArrowW;class:src/abap/1_lexer/tokens/paren_left.ts.ParenLeft;class:src/abap/1_lexer/tokens/paren_leftw.ts.ParenLeftW;class:src/abap/1_lexer/tokens/paren_right.ts.ParenRight;class:src/abap/1_lexer/tokens/paren_rightw.ts.ParenRightW;class:src/abap/1_lexer/tokens/plus.ts.Plus;class:src/abap/1_lexer/tokens/plusw.ts.PlusW;class:src/abap/1_lexer/tokens/pragma.ts.Pragma;class:src/abap/1_lexer/tokens/punctuation.ts.Punctuation;class:src/abap/1_lexer/tokens/static_arrow.ts.StaticArrow;class:src/abap/1_lexer/tokens/static_arroww.ts.StaticArrowW;class:src/abap/1_lexer/tokens/string.ts.StringToken;class:src/abap/1_lexer/tokens/string_template.ts.StringTemplate;class:src/abap/1_lexer/tokens/string_template_begin.ts.StringTemplateBegin;class:src/abap/1_lexer/tokens/string_template_end.ts.StringTemplateEnd;class:src/abap/1_lexer/tokens/string_template_middle.ts.StringTemplateMiddle;class:src/abap/1_lexer/tokens/wat.ts.WAt;class:src/abap/1_lexer/tokens/watw.ts.WAtW;class:src/abap/1_lexer/tokens/wbracket_left.ts.WBracketLeft;class:src/abap/1_lexer/tokens/wbracket_leftw.ts.WBracketLeftW;class:src/abap/1_lexer/tokens/wbracket_right.ts.WBracketRight;class:src/abap/1_lexer/tokens/wbracket_rightw.ts.WBracketRightW;class:src/abap/1_lexer/tokens/wdash.ts.WDash;class:src/abap/1_lexer/tokens/wdashw.ts.WDashW;class:src/abap/1_lexer/tokens/winstance_arrow.ts.WInstanceArrow;class:src/abap/1_lexer/tokens/winstance_arroww.ts.WInstanceArrowW;class:src/abap/1_lexer/tokens/wparen_left.ts.WParenLeft;class:src/abap/1_lexer/tokens/wparen_leftw.ts.WParenLeftW;class:src/abap/1_lexer/tokens/wparen_right.ts.WParenRight;class:src/abap/1_lexer/tokens/wparen_rightw.ts.WParenRightW;class:src/abap/1_lexer/tokens/wplus.ts.WPlus;class:src/abap/1_lexer/tokens/wplusw.ts.WPlusW;class:src/abap/1_lexer/tokens/wstatic_arrow.ts.WStaticArrow;class:src/abap/1_lexer/tokens/wstatic_arroww.ts.WStaticArrowW,classref<src/abap/1_lexer/tokens/abstract_token.ts.AbstractToken>
src/abap/2_statements/statement_parser.ts.StatementParser::process,src/abap/2_statements/statement_parser.ts.StatementParser::process/body/s4/body/s3/body/s0/else/else/body/s2/x/seq/s0,src/abap/2_statements/statement_parser.ts:353:11,statements,foreach,classref<src/abap/1_lexer/tokens/abstract_token.ts.AbstractToken>,shared object table,classref<src/abap/1_lexer/tokens/abstract_token.ts.AbstractToken>,2,false,1,1,1,hierarchy/mixed upper bound,class:src/abap/1_lexer/tokens/association_name.ts.AssociationName;class:src/abap/1_lexer/tokens/at.ts.At;class:src/abap/1_lexer/tokens/atw.ts.AtW;class:src/abap/1_lexer/tokens/bracket_left.ts.BracketLeft;class:src/abap/1_lexer/tokens/bracket_leftw.ts.BracketLeftW;class:src/abap/1_lexer/tokens/bracket_right.ts.BracketRight;class:src/abap/1_lexer/tokens/bracket_rightw.ts.BracketRightW;class:src/abap/1_lexer/tokens/comment.ts.Comment;class:src/abap/1_lexer/tokens/dash.ts.Dash;class:src/abap/1_lexer/tokens/dashw.ts.DashW;class:src/abap/1_lexer/tokens/identifier.ts.Identifier;class:src/abap/1_lexer/tokens/instance_arrow.ts.InstanceArrow;class:src/abap/1_lexer/tokens/instance_arroww.ts.InstanceArrowW;class:src/abap/1_lexer/tokens/paren_left.ts.ParenLeft;class:src/abap/1_lexer/tokens/paren_leftw.ts.ParenLeftW;class:src/abap/1_lexer/tokens/paren_right.ts.ParenRight;class:src/abap/1_lexer/tokens/paren_rightw.ts.ParenRightW;class:src/abap/1_lexer/tokens/plus.ts.Plus;class:src/abap/1_lexer/tokens/plusw.ts.PlusW;class:src/abap/1_lexer/tokens/pragma.ts.Pragma;class:src/abap/1_lexer/tokens/punctuation.ts.Punctuation;class:src/abap/1_lexer/tokens/static_arrow.ts.StaticArrow;class:src/abap/1_lexer/tokens/static_arroww.ts.StaticArrowW;class:src/abap/1_lexer/tokens/string.ts.StringToken;class:src/abap/1_lexer/tokens/string_template.ts.StringTemplate;class:src/abap/1_lexer/tokens/string_template_begin.ts.StringTemplateBegin;class:src/abap/1_lexer/tokens/string_template_end.ts.StringTemplateEnd;class:src/abap/1_lexer/tokens/string_template_middle.ts.StringTemplateMiddle;class:src/abap/1_lexer/tokens/wat.ts.WAt;class:src/abap/1_lexer/tokens/watw.ts.WAtW;class:src/abap/1_lexer/tokens/wbracket_left.ts.WBracketLeft;class:src/abap/1_lexer/tokens/wbracket_leftw.ts.WBracketLeftW;class:src/abap/1_lexer/tokens/wbracket_right.ts.WBracketRight;class:src/abap/1_lexer/tokens/wbracket_rightw.ts.WBracketRightW;class:src/abap/1_lexer/tokens/wdash.ts.WDash;class:src/abap/1_lexer/tokens/wdashw.ts.WDashW;class:src/abap/1_lexer/tokens/winstance_arrow.ts.WInstanceArrow;class:src/abap/1_lexer/tokens/winstance_arroww.ts.WInstanceArrowW;class:src/abap/1_lexer/tokens/wparen_left.ts.WParenLeft;class:src/abap/1_lexer/tokens/wparen_leftw.ts.WParenLeftW;class:src/abap/1_lexer/tokens/wparen_right.ts.WParenRight;class:src/abap/1_lexer/tokens/wparen_rightw.ts.WParenRightW;class:src/abap/1_lexer/tokens/wplus.ts.WPlus;class:src/abap/1_lexer/tokens/wplusw.ts.WPlusW;class:src/abap/1_lexer/tokens/wstatic_arrow.ts.WStaticArrow;class:src/abap/1_lexer/tokens/wstatic_arroww.ts.WStaticArrowW,classref<src/abap/1_lexer/tokens/abstract_token.ts.AbstractToken>
src/abap/2_statements/statement_parser.ts.StatementParser::process,src/abap/2_statements/statement_parser.ts.StatementParser::process/body/s4/body/s3/body/s0/else/else/body/s3/y,src/abap/2_statements/statement_parser.ts:354:17,statements,new,classref<src/abap/1_lexer/tokens/abstract_token.ts.AbstractToken>,shared object table,,1,false,0,0,0,hierarchy/mixed upper bound,class:src/abap/1_lexer/tokens/association_name.ts.AssociationName;class:src/abap/1_lexer/tokens/at.ts.At;class:src/abap/1_lexer/tokens/atw.ts.AtW;class:src/abap/1_lexer/tokens/bracket_left.ts.BracketLeft;class:src/abap/1_lexer/tokens/bracket_leftw.ts.BracketLeftW;class:src/abap/1_lexer/tokens/bracket_right.ts.BracketRight;class:src/abap/1_lexer/tokens/bracket_rightw.ts.BracketRightW;class:src/abap/1_lexer/tokens/comment.ts.Comment;class:src/abap/1_lexer/tokens/dash.ts.Dash;class:src/abap/1_lexer/tokens/dashw.ts.DashW;class:src/abap/1_lexer/tokens/identifier.ts.Identifier;class:src/abap/1_lexer/tokens/instance_arrow.ts.InstanceArrow;class:src/abap/1_lexer/tokens/instance_arroww.ts.InstanceArrowW;class:src/abap/1_lexer/tokens/paren_left.ts.ParenLeft;class:src/abap/1_lexer/tokens/paren_leftw.ts.ParenLeftW;class:src/abap/1_lexer/tokens/paren_right.ts.ParenRight;class:src/abap/1_lexer/tokens/paren_rightw.ts.ParenRightW;class:src/abap/1_lexer/tokens/plus.ts.Plus;class:src/abap/1_lexer/tokens/plusw.ts.PlusW;class:src/abap/1_lexer/tokens/pragma.ts.Pragma;class:src/abap/1_lexer/tokens/punctuation.ts.Punctuation;class:src/abap/1_lexer/tokens/static_arrow.ts.StaticArrow;class:src/abap/1_lexer/tokens/static_arroww.ts.StaticArrowW;class:src/abap/1_lexer/tokens/string.ts.StringToken;class:src/abap/1_lexer/tokens/string_template.ts.StringTemplate;class:src/abap/1_lexer/tokens/string_template_begin.ts.StringTemplateBegin;class:src/abap/1_lexer/tokens/string_template_end.ts.StringTemplateEnd;class:src/abap/1_lexer/tokens/string_template_middle.ts.StringTemplateMiddle;class:src/abap/1_lexer/tokens/wat.ts.WAt;class:src/abap/1_lexer/tokens/watw.ts.WAtW;class:src/abap/1_lexer/tokens/wbracket_left.ts.WBracketLeft;class:src/abap/1_lexer/tokens/wbracket_leftw.ts.WBracketLeftW;class:src/abap/1_lexer/tokens/wbracket_right.ts.WBracketRight;class:src/abap/1_lexer/tokens/wbracket_rightw.ts.WBracketRightW;class:src/abap/1_lexer/tokens/wdash.ts.WDash;class:src/abap/1_lexer/tokens/wdashw.ts.WDashW;class:src/abap/1_lexer/tokens/winstance_arrow.ts.WInstanceArrow;class:src/abap/1_lexer/tokens/winstance_arroww.ts.WInstanceArrowW;class:src/abap/1_lexer/tokens/wparen_left.ts.WParenLeft;class:src/abap/1_lexer/tokens/wparen_leftw.ts.WParenLeftW;class:src/abap/1_lexer/tokens/wparen_right.ts.WParenRight;class:src/abap/1_lexer/tokens/wparen_rightw.ts.WParenRightW;class:src/abap/1_lexer/tokens/wplus.ts.WPlus;class:src/abap/1_lexer/tokens/wplusw.ts.WPlusW;class:src/abap/1_lexer/tokens/wstatic_arrow.ts.WStaticArrow;class:src/abap/1_lexer/tokens/wstatic_arroww.ts.WStaticArrowW,classref<src/abap/1_lexer/tokens/abstract_token.ts.AbstractToken>
src/abap/2_statements/statement_parser.ts.StatementParser::process,src/abap/2_statements/statement_parser.ts.StatementParser::process/body/s4/body/s3/body/s0/else/else/else/body/s0/x,src/abap/2_statements/statement_parser.ts:356:11,statements,array.pop,classref<src/abap/1_lexer/tokens/abstract_token.ts.AbstractToken>,shared object table,optional<classref<src/abap/1_lexer/tokens/abstract_token.ts.AbstractToken>>,1,false,1,1,1,hierarchy/mixed upper bound,class:src/abap/1_lexer/tokens/association_name.ts.AssociationName;class:src/abap/1_lexer/tokens/at.ts.At;class:src/abap/1_lexer/tokens/atw.ts.AtW;class:src/abap/1_lexer/tokens/bracket_left.ts.BracketLeft;class:src/abap/1_lexer/tokens/bracket_leftw.ts.BracketLeftW;class:src/abap/1_lexer/tokens/bracket_right.ts.BracketRight;class:src/abap/1_lexer/tokens/bracket_rightw.ts.BracketRightW;class:src/abap/1_lexer/tokens/comment.ts.Comment;class:src/abap/1_lexer/tokens/dash.ts.Dash;class:src/abap/1_lexer/tokens/dashw.ts.DashW;class:src/abap/1_lexer/tokens/identifier.ts.Identifier;class:src/abap/1_lexer/tokens/instance_arrow.ts.InstanceArrow;class:src/abap/1_lexer/tokens/instance_arroww.ts.InstanceArrowW;class:src/abap/1_lexer/tokens/paren_left.ts.ParenLeft;class:src/abap/1_lexer/tokens/paren_leftw.ts.ParenLeftW;class:src/abap/1_lexer/tokens/paren_right.ts.ParenRight;class:src/abap/1_lexer/tokens/paren_rightw.ts.ParenRightW;class:src/abap/1_lexer/tokens/plus.ts.Plus;class:src/abap/1_lexer/tokens/plusw.ts.PlusW;class:src/abap/1_lexer/tokens/pragma.ts.Pragma;class:src/abap/1_lexer/tokens/punctuation.ts.Punctuation;class:src/abap/1_lexer/tokens/static_arrow.ts.StaticArrow;class:src/abap/1_lexer/tokens/static_arroww.ts.StaticArrowW;class:src/abap/1_lexer/tokens/string.ts.StringToken;class:src/abap/1_lexer/tokens/string_template.ts.StringTemplate;class:src/abap/1_lexer/tokens/string_template_begin.ts.StringTemplateBegin;class:src/abap/1_lexer/tokens/string_template_end.ts.StringTemplateEnd;class:src/abap/1_lexer/tokens/string_template_middle.ts.StringTemplateMiddle;class:src/abap/1_lexer/tokens/wat.ts.WAt;class:src/abap/1_lexer/tokens/watw.ts.WAtW;class:src/abap/1_lexer/tokens/wbracket_left.ts.WBracketLeft;class:src/abap/1_lexer/tokens/wbracket_leftw.ts.WBracketLeftW;class:src/abap/1_lexer/tokens/wbracket_right.ts.WBracketRight;class:src/abap/1_lexer/tokens/wbracket_rightw.ts.WBracketRightW;class:src/abap/1_lexer/tokens/wdash.ts.WDash;class:src/abap/1_lexer/tokens/wdashw.ts.WDashW;class:src/abap/1_lexer/tokens/winstance_arrow.ts.WInstanceArrow;class:src/abap/1_lexer/tokens/winstance_arroww.ts.WInstanceArrowW;class:src/abap/1_lexer/tokens/wparen_left.ts.WParenLeft;class:src/abap/1_lexer/tokens/wparen_leftw.ts.WParenLeftW;class:src/abap/1_lexer/tokens/wparen_right.ts.WParenRight;class:src/abap/1_lexer/tokens/wparen_rightw.ts.WParenRightW;class:src/abap/1_lexer/tokens/wplus.ts.WPlus;class:src/abap/1_lexer/tokens/wplusw.ts.WPlusW;class:src/abap/1_lexer/tokens/wstatic_arrow.ts.WStaticArrow;class:src/abap/1_lexer/tokens/wstatic_arroww.ts.WStaticArrowW,classref<src/abap/1_lexer/tokens/abstract_token.ts.AbstractToken>
src/abap/2_statements/statement_parser.ts.StatementParser::removePragma,src/abap/2_statements/statement_parser.ts.StatementParser::removePragma/body/s1/s1/body/s0/s0/x/0,src/abap/2_statements/statement_parser.ts:266:11,statements,index,classref<src/abap/1_lexer/tokens/abstract_token.ts.AbstractToken>,shared object table,classref<src/abap/1_lexer/tokens/abstract_token.ts.AbstractToken>,1,false,1,1,1,hierarchy/mixed upper bound,class:src/abap/1_lexer/tokens/association_name.ts.AssociationName;class:src/abap/1_lexer/tokens/at.ts.At;class:src/abap/1_lexer/tokens/atw.ts.AtW;class:src/abap/1_lexer/tokens/bracket_left.ts.BracketLeft;class:src/abap/1_lexer/tokens/bracket_leftw.ts.BracketLeftW;class:src/abap/1_lexer/tokens/bracket_right.ts.BracketRight;class:src/abap/1_lexer/tokens/bracket_rightw.ts.BracketRightW;class:src/abap/1_lexer/tokens/comment.ts.Comment;class:src/abap/1_lexer/tokens/dash.ts.Dash;class:src/abap/1_lexer/tokens/dashw.ts.DashW;class:src/abap/1_lexer/tokens/identifier.ts.Identifier;class:src/abap/1_lexer/tokens/instance_arrow.ts.InstanceArrow;class:src/abap/1_lexer/tokens/instance_arroww.ts.InstanceArrowW;class:src/abap/1_lexer/tokens/paren_left.ts.ParenLeft;class:src/abap/1_lexer/tokens/paren_leftw.ts.ParenLeftW;class:src/abap/1_lexer/tokens/paren_right.ts.ParenRight;class:src/abap/1_lexer/tokens/paren_rightw.ts.ParenRightW;class:src/abap/1_lexer/tokens/plus.ts.Plus;class:src/abap/1_lexer/tokens/plusw.ts.PlusW;class:src/abap/1_lexer/tokens/pragma.ts.Pragma;class:src/abap/1_lexer/tokens/punctuation.ts.Punctuation;class:src/abap/1_lexer/tokens/static_arrow.ts.StaticArrow;class:src/abap/1_lexer/tokens/static_arroww.ts.StaticArrowW;class:src/abap/1_lexer/tokens/string.ts.StringToken;class:src/abap/1_lexer/tokens/string_template.ts.StringTemplate;class:src/abap/1_lexer/tokens/string_template_begin.ts.StringTemplateBegin;class:src/abap/1_lexer/tokens/string_template_end.ts.StringTemplateEnd;class:src/abap/1_lexer/tokens/string_template_middle.ts.StringTemplateMiddle;class:src/abap/1_lexer/tokens/wat.ts.WAt;class:src/abap/1_lexer/tokens/watw.ts.WAtW;class:src/abap/1_lexer/tokens/wbracket_left.ts.WBracketLeft;class:src/abap/1_lexer/tokens/wbracket_leftw.ts.WBracketLeftW;class:src/abap/1_lexer/tokens/wbracket_right.ts.WBracketRight;class:src/abap/1_lexer/tokens/wbracket_rightw.ts.WBracketRightW;class:src/abap/1_lexer/tokens/wdash.ts.WDash;class:src/abap/1_lexer/tokens/wdashw.ts.WDashW;class:src/abap/1_lexer/tokens/winstance_arrow.ts.WInstanceArrow;class:src/abap/1_lexer/tokens/winstance_arroww.ts.WInstanceArrowW;class:src/abap/1_lexer/tokens/wparen_left.ts.WParenLeft;class:src/abap/1_lexer/tokens/wparen_leftw.ts.WParenLeftW;class:src/abap/1_lexer/tokens/wparen_right.ts.WParenRight;class:src/abap/1_lexer/tokens/wparen_rightw.ts.WParenRightW;class:src/abap/1_lexer/tokens/wplus.ts.WPlus;class:src/abap/1_lexer/tokens/wplusw.ts.WPlusW;class:src/abap/1_lexer/tokens/wstatic_arrow.ts.WStaticArrow;class:src/abap/1_lexer/tokens/wstatic_arroww.ts.WStaticArrowW,classref<src/abap/1_lexer/tokens/abstract_token.ts.AbstractToken>
src/abap/2_statements/statement_parser.ts.StatementParser::removePragma,src/abap/2_statements/statement_parser.ts.StatementParser::removePragma/body/s2/body/s0/x/arg0/1,src/abap/2_statements/statement_parser.ts:272:23,statements,array.slice2,classref<src/abap/1_lexer/tokens/abstract_token.ts.AbstractToken>,shared object table,,0,false,0,0,0,hierarchy/mixed upper bound,class:src/abap/1_lexer/tokens/association_name.ts.AssociationName;class:src/abap/1_lexer/tokens/at.ts.At;class:src/abap/1_lexer/tokens/atw.ts.AtW;class:src/abap/1_lexer/tokens/bracket_left.ts.BracketLeft;class:src/abap/1_lexer/tokens/bracket_leftw.ts.BracketLeftW;class:src/abap/1_lexer/tokens/bracket_right.ts.BracketRight;class:src/abap/1_lexer/tokens/bracket_rightw.ts.BracketRightW;class:src/abap/1_lexer/tokens/comment.ts.Comment;class:src/abap/1_lexer/tokens/dash.ts.Dash;class:src/abap/1_lexer/tokens/dashw.ts.DashW;class:src/abap/1_lexer/tokens/identifier.ts.Identifier;class:src/abap/1_lexer/tokens/instance_arrow.ts.InstanceArrow;class:src/abap/1_lexer/tokens/instance_arroww.ts.InstanceArrowW;class:src/abap/1_lexer/tokens/paren_left.ts.ParenLeft;class:src/abap/1_lexer/tokens/paren_leftw.ts.ParenLeftW;class:src/abap/1_lexer/tokens/paren_right.ts.ParenRight;class:src/abap/1_lexer/tokens/paren_rightw.ts.ParenRightW;class:src/abap/1_lexer/tokens/plus.ts.Plus;class:src/abap/1_lexer/tokens/plusw.ts.PlusW;class:src/abap/1_lexer/tokens/pragma.ts.Pragma;class:src/abap/1_lexer/tokens/punctuation.ts.Punctuation;class:src/abap/1_lexer/tokens/static_arrow.ts.StaticArrow;class:src/abap/1_lexer/tokens/static_arroww.ts.StaticArrowW;class:src/abap/1_lexer/tokens/string.ts.StringToken;class:src/abap/1_lexer/tokens/string_template.ts.StringTemplate;class:src/abap/1_lexer/tokens/string_template_begin.ts.StringTemplateBegin;class:src/abap/1_lexer/tokens/string_template_end.ts.StringTemplateEnd;class:src/abap/1_lexer/tokens/string_template_middle.ts.StringTemplateMiddle;class:src/abap/1_lexer/tokens/wat.ts.WAt;class:src/abap/1_lexer/tokens/watw.ts.WAtW;class:src/abap/1_lexer/tokens/wbracket_left.ts.WBracketLeft;class:src/abap/1_lexer/tokens/wbracket_leftw.ts.WBracketLeftW;class:src/abap/1_lexer/tokens/wbracket_right.ts.WBracketRight;class:src/abap/1_lexer/tokens/wbracket_rightw.ts.WBracketRightW;class:src/abap/1_lexer/tokens/wdash.ts.WDash;class:src/abap/1_lexer/tokens/wdashw.ts.WDashW;class:src/abap/1_lexer/tokens/winstance_arrow.ts.WInstanceArrow;class:src/abap/1_lexer/tokens/winstance_arroww.ts.WInstanceArrowW;class:src/abap/1_lexer/tokens/wparen_left.ts.WParenLeft;class:src/abap/1_lexer/tokens/wparen_leftw.ts.WParenLeftW;class:src/abap/1_lexer/tokens/wparen_right.ts.WParenRight;class:src/abap/1_lexer/tokens/wparen_rightw.ts.WParenRightW;class:src/abap/1_lexer/tokens/wplus.ts.WPlus;class:src/abap/1_lexer/tokens/wplusw.ts.WPlusW;class:src/abap/1_lexer/tokens/wstatic_arrow.ts.WStaticArrow;class:src/abap/1_lexer/tokens/wstatic_arroww.ts.WStaticArrowW,classref<src/abap/1_lexer/tokens/abstract_token.ts.AbstractToken>
src/abap/2_statements/statement_parser.ts.StatementParser::removePragma,src/abap/2_statements/statement_parser.ts.StatementParser::removePragma/body/s3/x,src/abap/2_statements/statement_parser.ts:275:37,statements,new,classref<src/abap/1_lexer/tokens/abstract_token.ts.AbstractToken>,shared object table,,0,false,0,0,0,hierarchy/mixed upper bound,class:src/abap/1_lexer/tokens/association_name.ts.AssociationName;class:src/abap/1_lexer/tokens/at.ts.At;class:src/abap/1_lexer/tokens/atw.ts.AtW;class:src/abap/1_lexer/tokens/bracket_left.ts.BracketLeft;class:src/abap/1_lexer/tokens/bracket_leftw.ts.BracketLeftW;class:src/abap/1_lexer/tokens/bracket_right.ts.BracketRight;class:src/abap/1_lexer/tokens/bracket_rightw.ts.BracketRightW;class:src/abap/1_lexer/tokens/comment.ts.Comment;class:src/abap/1_lexer/tokens/dash.ts.Dash;class:src/abap/1_lexer/tokens/dashw.ts.DashW;class:src/abap/1_lexer/tokens/identifier.ts.Identifier;class:src/abap/1_lexer/tokens/instance_arrow.ts.InstanceArrow;class:src/abap/1_lexer/tokens/instance_arroww.ts.InstanceArrowW;class:src/abap/1_lexer/tokens/paren_left.ts.ParenLeft;class:src/abap/1_lexer/tokens/paren_leftw.ts.ParenLeftW;class:src/abap/1_lexer/tokens/paren_right.ts.ParenRight;class:src/abap/1_lexer/tokens/paren_rightw.ts.ParenRightW;class:src/abap/1_lexer/tokens/plus.ts.Plus;class:src/abap/1_lexer/tokens/plusw.ts.PlusW;class:src/abap/1_lexer/tokens/pragma.ts.Pragma;class:src/abap/1_lexer/tokens/punctuation.ts.Punctuation;class:src/abap/1_lexer/tokens/static_arrow.ts.StaticArrow;class:src/abap/1_lexer/tokens/static_arroww.ts.StaticArrowW;class:src/abap/1_lexer/tokens/string.ts.StringToken;class:src/abap/1_lexer/tokens/string_template.ts.StringTemplate;class:src/abap/1_lexer/tokens/string_template_begin.ts.StringTemplateBegin;class:src/abap/1_lexer/tokens/string_template_end.ts.StringTemplateEnd;class:src/abap/1_lexer/tokens/string_template_middle.ts.StringTemplateMiddle;class:src/abap/1_lexer/tokens/wat.ts.WAt;class:src/abap/1_lexer/tokens/watw.ts.WAtW;class:src/abap/1_lexer/tokens/wbracket_left.ts.WBracketLeft;class:src/abap/1_lexer/tokens/wbracket_leftw.ts.WBracketLeftW;class:src/abap/1_lexer/tokens/wbracket_right.ts.WBracketRight;class:src/abap/1_lexer/tokens/wbracket_rightw.ts.WBracketRightW;class:src/abap/1_lexer/tokens/wdash.ts.WDash;class:src/abap/1_lexer/tokens/wdashw.ts.WDashW;class:src/abap/1_lexer/tokens/winstance_arrow.ts.WInstanceArrow;class:src/abap/1_lexer/tokens/winstance_arroww.ts.WInstanceArrowW;class:src/abap/1_lexer/tokens/wparen_left.ts.WParenLeft;class:src/abap/1_lexer/tokens/wparen_leftw.ts.WParenLeftW;class:src/abap/1_lexer/tokens/wparen_right.ts.WParenRight;class:src/abap/1_lexer/tokens/wparen_rightw.ts.WParenRightW;class:src/abap/1_lexer/tokens/wplus.ts.WPlus;class:src/abap/1_lexer/tokens/wplusw.ts.WPlusW;class:src/abap/1_lexer/tokens/wstatic_arrow.ts.WStaticArrow;class:src/abap/1_lexer/tokens/wstatic_arroww.ts.WStaticArrowW,classref<src/abap/1_lexer/tokens/abstract_token.ts.AbstractToken>
src/abap/2_statements/statement_parser.ts.StatementParser::removePragma,src/abap/2_statements/statement_parser.ts.StatementParser::removePragma/body/s4/x,src/abap/2_statements/statement_parser.ts:276:38,statements,new,classref<src/abap/1_lexer/tokens/abstract_token.ts.AbstractToken>,shared object table,,0,false,0,0,0,hierarchy/mixed upper bound,class:src/abap/1_lexer/tokens/association_name.ts.AssociationName;class:src/abap/1_lexer/tokens/at.ts.At;class:src/abap/1_lexer/tokens/atw.ts.AtW;class:src/abap/1_lexer/tokens/bracket_left.ts.BracketLeft;class:src/abap/1_lexer/tokens/bracket_leftw.ts.BracketLeftW;class:src/abap/1_lexer/tokens/bracket_right.ts.BracketRight;class:src/abap/1_lexer/tokens/bracket_rightw.ts.BracketRightW;class:src/abap/1_lexer/tokens/comment.ts.Comment;class:src/abap/1_lexer/tokens/dash.ts.Dash;class:src/abap/1_lexer/tokens/dashw.ts.DashW;class:src/abap/1_lexer/tokens/identifier.ts.Identifier;class:src/abap/1_lexer/tokens/instance_arrow.ts.InstanceArrow;class:src/abap/1_lexer/tokens/instance_arroww.ts.InstanceArrowW;class:src/abap/1_lexer/tokens/paren_left.ts.ParenLeft;class:src/abap/1_lexer/tokens/paren_leftw.ts.ParenLeftW;class:src/abap/1_lexer/tokens/paren_right.ts.ParenRight;class:src/abap/1_lexer/tokens/paren_rightw.ts.ParenRightW;class:src/abap/1_lexer/tokens/plus.ts.Plus;class:src/abap/1_lexer/tokens/plusw.ts.PlusW;class:src/abap/1_lexer/tokens/pragma.ts.Pragma;class:src/abap/1_lexer/tokens/punctuation.ts.Punctuation;class:src/abap/1_lexer/tokens/static_arrow.ts.StaticArrow;class:src/abap/1_lexer/tokens/static_arroww.ts.StaticArrowW;class:src/abap/1_lexer/tokens/string.ts.StringToken;class:src/abap/1_lexer/tokens/string_template.ts.StringTemplate;class:src/abap/1_lexer/tokens/string_template_begin.ts.StringTemplateBegin;class:src/abap/1_lexer/tokens/string_template_end.ts.StringTemplateEnd;class:src/abap/1_lexer/tokens/string_template_middle.ts.StringTemplateMiddle;class:src/abap/1_lexer/tokens/wat.ts.WAt;class:src/abap/1_lexer/tokens/watw.ts.WAtW;class:src/abap/1_lexer/tokens/wbracket_left.ts.WBracketLeft;class:src/abap/1_lexer/tokens/wbracket_leftw.ts.WBracketLeftW;class:src/abap/1_lexer/tokens/wbracket_right.ts.WBracketRight;class:src/abap/1_lexer/tokens/wbracket_rightw.ts.WBracketRightW;class:src/abap/1_lexer/tokens/wdash.ts.WDash;class:src/abap/1_lexer/tokens/wdashw.ts.WDashW;class:src/abap/1_lexer/tokens/winstance_arrow.ts.WInstanceArrow;class:src/abap/1_lexer/tokens/winstance_arroww.ts.WInstanceArrowW;class:src/abap/1_lexer/tokens/wparen_left.ts.WParenLeft;class:src/abap/1_lexer/tokens/wparen_leftw.ts.WParenLeftW;class:src/abap/1_lexer/tokens/wparen_right.ts.WParenRight;class:src/abap/1_lexer/tokens/wparen_rightw.ts.WParenRightW;class:src/abap/1_lexer/tokens/wplus.ts.WPlus;class:src/abap/1_lexer/tokens/wplusw.ts.WPlusW;class:src/abap/1_lexer/tokens/wstatic_arrow.ts.WStaticArrow;class:src/abap/1_lexer/tokens/wstatic_arroww.ts.WStaticArrowW,classref<src/abap/1_lexer/tokens/abstract_token.ts.AbstractToken>
src/abap/2_statements/statement_parser.ts.StatementParser::removePragma,src/abap/2_statements/statement_parser.ts.StatementParser::removePragma/body/s5/s1/body/s0/s0/x,src/abap/2_statements/statement_parser.ts:278:17,statements,index,classref<src/abap/1_lexer/tokens/abstract_token.ts.AbstractToken>,shared object table,classref<src/abap/1_lexer/tokens/abstract_token.ts.AbstractToken>,1,false,1,1,1,hierarchy/mixed upper bound,class:src/abap/1_lexer/tokens/association_name.ts.AssociationName;class:src/abap/1_lexer/tokens/at.ts.At;class:src/abap/1_lexer/tokens/atw.ts.AtW;class:src/abap/1_lexer/tokens/bracket_left.ts.BracketLeft;class:src/abap/1_lexer/tokens/bracket_leftw.ts.BracketLeftW;class:src/abap/1_lexer/tokens/bracket_right.ts.BracketRight;class:src/abap/1_lexer/tokens/bracket_rightw.ts.BracketRightW;class:src/abap/1_lexer/tokens/comment.ts.Comment;class:src/abap/1_lexer/tokens/dash.ts.Dash;class:src/abap/1_lexer/tokens/dashw.ts.DashW;class:src/abap/1_lexer/tokens/identifier.ts.Identifier;class:src/abap/1_lexer/tokens/instance_arrow.ts.InstanceArrow;class:src/abap/1_lexer/tokens/instance_arroww.ts.InstanceArrowW;class:src/abap/1_lexer/tokens/paren_left.ts.ParenLeft;class:src/abap/1_lexer/tokens/paren_leftw.ts.ParenLeftW;class:src/abap/1_lexer/tokens/paren_right.ts.ParenRight;class:src/abap/1_lexer/tokens/paren_rightw.ts.ParenRightW;class:src/abap/1_lexer/tokens/plus.ts.Plus;class:src/abap/1_lexer/tokens/plusw.ts.PlusW;class:src/abap/1_lexer/tokens/pragma.ts.Pragma;class:src/abap/1_lexer/tokens/punctuation.ts.Punctuation;class:src/abap/1_lexer/tokens/static_arrow.ts.StaticArrow;class:src/abap/1_lexer/tokens/static_arroww.ts.StaticArrowW;class:src/abap/1_lexer/tokens/string.ts.StringToken;class:src/abap/1_lexer/tokens/string_template.ts.StringTemplate;class:src/abap/1_lexer/tokens/string_template_begin.ts.StringTemplateBegin;class:src/abap/1_lexer/tokens/string_template_end.ts.StringTemplateEnd;class:src/abap/1_lexer/tokens/string_template_middle.ts.StringTemplateMiddle;class:src/abap/1_lexer/tokens/wat.ts.WAt;class:src/abap/1_lexer/tokens/watw.ts.WAtW;class:src/abap/1_lexer/tokens/wbracket_left.ts.WBracketLeft;class:src/abap/1_lexer/tokens/wbracket_leftw.ts.WBracketLeftW;class:src/abap/1_lexer/tokens/wbracket_right.ts.WBracketRight;class:src/abap/1_lexer/tokens/wbracket_rightw.ts.WBracketRightW;class:src/abap/1_lexer/tokens/wdash.ts.WDash;class:src/abap/1_lexer/tokens/wdashw.ts.WDashW;class:src/abap/1_lexer/tokens/winstance_arrow.ts.WInstanceArrow;class:src/abap/1_lexer/tokens/winstance_arroww.ts.WInstanceArrowW;class:src/abap/1_lexer/tokens/wparen_left.ts.WParenLeft;class:src/abap/1_lexer/tokens/wparen_leftw.ts.WParenLeftW;class:src/abap/1_lexer/tokens/wparen_right.ts.WParenRight;class:src/abap/1_lexer/tokens/wparen_rightw.ts.WParenRightW;class:src/abap/1_lexer/tokens/wplus.ts.WPlus;class:src/abap/1_lexer/tokens/wplusw.ts.WPlusW;class:src/abap/1_lexer/tokens/wstatic_arrow.ts.WStaticArrow;class:src/abap/1_lexer/tokens/wstatic_arroww.ts.WStaticArrowW,classref<src/abap/1_lexer/tokens/abstract_token.ts.AbstractToken>
src/abap/2_statements/statement_parser.ts.StatementParser::run,src/abap/2_statements/statement_parser.ts.StatementParser::run/body/s1/x/seq/s0/x,src/abap/2_statements/statement_parser.ts:114:16,statements,new,classref<src/abap/2_statements/statement_parser.ts.WorkArea>,shared object table,,0,false,0,0,0,exact,class:src/abap/2_statements/statement_parser.ts.WorkArea,classref<src/abap/2_statements/statement_parser.ts.WorkArea>
src/abap/2_statements/statement_parser.ts.StatementParser::run,src/abap/2_statements/statement_parser.ts.StatementParser::run/body/s1/x/seq/s1,src/abap/2_statements/statement_parser.ts:114:16,statements,foreach,classref<src/abap/1_lexer/lexer_result.ts.IABAPLexerResult>,shared object table,classref<src/abap/1_lexer/lexer_result.ts.IABAPLexerResult>,1,false,1,1,1,exact,class:src/abap/1_lexer/lexer_result.ts.IABAPLexerResult,classref<src/abap/1_lexer/lexer_result.ts.IABAPLexerResult>
src/abap/2_statements/statement_parser.ts.StatementParser::run,src/abap/2_statements/statement_parser.ts.StatementParser::run/body/s2,src/abap/2_statements/statement_parser.ts:116:5,statements,foreach,classref<src/abap/2_statements/statement_parser.ts.WorkArea>,shared object table,classref<src/abap/2_statements/statement_parser.ts.WorkArea>,1,false,1,1,1,exact,class:src/abap/2_statements/statement_parser.ts.WorkArea,classref<src/abap/2_statements/statement_parser.ts.WorkArea>
src/abap/2_statements/statement_parser.ts.StatementParser::run,src/abap/2_statements/statement_parser.ts.StatementParser::run/body/s3,src/abap/2_statements/statement_parser.ts:122:5,statements,foreach,classref<src/abap/2_statements/statement_parser.ts.WorkArea>,shared object table,classref<src/abap/2_statements/statement_parser.ts.WorkArea>,1,false,1,1,1,exact,class:src/abap/2_statements/statement_parser.ts.WorkArea,classref<src/abap/2_statements/statement_parser.ts.WorkArea>
src/abap/2_statements/statement_parser.ts.StatementParser::run,src/abap/2_statements/statement_parser.ts.StatementParser::run/body/s4/x/seq/s0/x,src/abap/2_statements/statement_parser.ts:131:12,statements,new,classref<src/abap/2_statements/statement_result.ts.IStatementResult>,shared object table,,0,false,0,0,0,exact,class:src/abap/2_statements/statement_result.ts.IStatementResult,classref<src/abap/2_statements/statement_result.ts.IStatementResult>
src/abap/2_statements/statement_parser.ts.StatementParser::run,src/abap/2_statements/statement_parser.ts.StatementParser::run/body/s4/x/seq/s1,src/abap/2_statements/statement_parser.ts:131:12,statements,foreach,classref<src/abap/2_statements/statement_parser.ts.WorkArea>,shared object table,classref<src/abap/2_statements/statement_parser.ts.WorkArea>,1,false,1,1,1,exact,class:src/abap/2_statements/statement_parser.ts.WorkArea,classref<src/abap/2_statements/statement_parser.ts.WorkArea>
src/abap/2_statements/statement_parser.ts.StatementParser::tokensToNodes,src/abap/2_statements/statement_parser.ts.StatementParser::tokensToNodes/body/s0/x,src/abap/2_statements/statement_parser.ts:136:30,statements,new,classref<src/abap/nodes/token_node.ts.TokenNode>,shared object table,,0,false,0,0,0,exact,class:src/abap/nodes/token_node.ts.TokenNode,classref<src/abap/nodes/token_node.ts.TokenNode>;interfaceref<src/abap/nodes/_inode.ts.INode>;interfaceref<union.66719939903e43ae9586894a3271d3c1e0bc1a87886c0b01d3e32f95e19d70c3>
src/abap/2_statements/statement_parser.ts.StatementParser::tokensToNodes,src/abap/2_statements/statement_parser.ts.StatementParser::tokensToNodes/body/s1,src/abap/2_statements/statement_parser.ts:138:5,statements,foreach,classref<src/abap/1_lexer/tokens/abstract_token.ts.AbstractToken>,shared object table,classref<src/abap/1_lexer/tokens/abstract_token.ts.AbstractToken>,1,false,1,1,1,hierarchy/mixed upper bound,class:src/abap/1_lexer/tokens/association_name.ts.AssociationName;class:src/abap/1_lexer/tokens/at.ts.At;class:src/abap/1_lexer/tokens/atw.ts.AtW;class:src/abap/1_lexer/tokens/bracket_left.ts.BracketLeft;class:src/abap/1_lexer/tokens/bracket_leftw.ts.BracketLeftW;class:src/abap/1_lexer/tokens/bracket_right.ts.BracketRight;class:src/abap/1_lexer/tokens/bracket_rightw.ts.BracketRightW;class:src/abap/1_lexer/tokens/comment.ts.Comment;class:src/abap/1_lexer/tokens/dash.ts.Dash;class:src/abap/1_lexer/tokens/dashw.ts.DashW;class:src/abap/1_lexer/tokens/identifier.ts.Identifier;class:src/abap/1_lexer/tokens/instance_arrow.ts.InstanceArrow;class:src/abap/1_lexer/tokens/instance_arroww.ts.InstanceArrowW;class:src/abap/1_lexer/tokens/paren_left.ts.ParenLeft;class:src/abap/1_lexer/tokens/paren_leftw.ts.ParenLeftW;class:src/abap/1_lexer/tokens/paren_right.ts.ParenRight;class:src/abap/1_lexer/tokens/paren_rightw.ts.ParenRightW;class:src/abap/1_lexer/tokens/plus.ts.Plus;class:src/abap/1_lexer/tokens/plusw.ts.PlusW;class:src/abap/1_lexer/tokens/pragma.ts.Pragma;class:src/abap/1_lexer/tokens/punctuation.ts.Punctuation;class:src/abap/1_lexer/tokens/static_arrow.ts.StaticArrow;class:src/abap/1_lexer/tokens/static_arroww.ts.StaticArrowW;class:src/abap/1_lexer/tokens/string.ts.StringToken;class:src/abap/1_lexer/tokens/string_template.ts.StringTemplate;class:src/abap/1_lexer/tokens/string_template_begin.ts.StringTemplateBegin;class:src/abap/1_lexer/tokens/string_template_end.ts.StringTemplateEnd;class:src/abap/1_lexer/tokens/string_template_middle.ts.StringTemplateMiddle;class:src/abap/1_lexer/tokens/wat.ts.WAt;class:src/abap/1_lexer/tokens/watw.ts.WAtW;class:src/abap/1_lexer/tokens/wbracket_left.ts.WBracketLeft;class:src/abap/1_lexer/tokens/wbracket_leftw.ts.WBracketLeftW;class:src/abap/1_lexer/tokens/wbracket_right.ts.WBracketRight;class:src/abap/1_lexer/tokens/wbracket_rightw.ts.WBracketRightW;class:src/abap/1_lexer/tokens/wdash.ts.WDash;class:src/abap/1_lexer/tokens/wdashw.ts.WDashW;class:src/abap/1_lexer/tokens/winstance_arrow.ts.WInstanceArrow;class:src/abap/1_lexer/tokens/winstance_arroww.ts.WInstanceArrowW;class:src/abap/1_lexer/tokens/wparen_left.ts.WParenLeft;class:src/abap/1_lexer/tokens/wparen_leftw.ts.WParenLeftW;class:src/abap/1_lexer/tokens/wparen_right.ts.WParenRight;class:src/abap/1_lexer/tokens/wparen_rightw.ts.WParenRightW;class:src/abap/1_lexer/tokens/wplus.ts.WPlus;class:src/abap/1_lexer/tokens/wplusw.ts.WPlusW;class:src/abap/1_lexer/tokens/wstatic_arrow.ts.WStaticArrow;class:src/abap/1_lexer/tokens/wstatic_arroww.ts.WStaticArrowW,classref<src/abap/1_lexer/tokens/abstract_token.ts.AbstractToken>
src/abap/2_statements/statement_parser.ts.WorkArea::constructor,src/abap/2_statements/statement_parser.ts.WorkArea::constructor/body/s2/y,src/abap/2_statements/statement_parser.ts:67:23,statements,new,classref<src/abap/nodes/statement_node.ts.StatementNode>,shared object table,,0,false,0,0,0,exact,class:src/abap/nodes/statement_node.ts.StatementNode,classref<src/abap/nodes/statement_node.ts.StatementNode>
src/abap/2_statements/statement_parser.ts.WorkArea::tokensToNodes,src/abap/2_statements/statement_parser.ts.WorkArea::tokensToNodes/body/s0/x,src/abap/2_statements/statement_parser.ts:81:30,statements,new,classref<src/abap/nodes/token_node.ts.TokenNode>,shared object table,,0,false,0,0,0,exact,class:src/abap/nodes/token_node.ts.TokenNode,classref<src/abap/nodes/token_node.ts.TokenNode>;interfaceref<src/abap/nodes/_inode.ts.INode>;interfaceref<union.66719939903e43ae9586894a3271d3c1e0bc1a87886c0b01d3e32f95e19d70c3>
src/abap/2_statements/statement_parser.ts.WorkArea::tokensToNodes,src/abap/2_statements/statement_parser.ts.WorkArea::tokensToNodes/body/s1,src/abap/2_statements/statement_parser.ts:83:5,statements,foreach,classref<src/abap/1_lexer/tokens/abstract_token.ts.AbstractToken>,shared object table,classref<src/abap/1_lexer/tokens/abstract_token.ts.AbstractToken>,1,false,1,1,1,hierarchy/mixed upper bound,class:src/abap/1_lexer/tokens/association_name.ts.AssociationName;class:src/abap/1_lexer/tokens/at.ts.At;class:src/abap/1_lexer/tokens/atw.ts.AtW;class:src/abap/1_lexer/tokens/bracket_left.ts.BracketLeft;class:src/abap/1_lexer/tokens/bracket_leftw.ts.BracketLeftW;class:src/abap/1_lexer/tokens/bracket_right.ts.BracketRight;class:src/abap/1_lexer/tokens/bracket_rightw.ts.BracketRightW;class:src/abap/1_lexer/tokens/comment.ts.Comment;class:src/abap/1_lexer/tokens/dash.ts.Dash;class:src/abap/1_lexer/tokens/dashw.ts.DashW;class:src/abap/1_lexer/tokens/identifier.ts.Identifier;class:src/abap/1_lexer/tokens/instance_arrow.ts.InstanceArrow;class:src/abap/1_lexer/tokens/instance_arroww.ts.InstanceArrowW;class:src/abap/1_lexer/tokens/paren_left.ts.ParenLeft;class:src/abap/1_lexer/tokens/paren_leftw.ts.ParenLeftW;class:src/abap/1_lexer/tokens/paren_right.ts.ParenRight;class:src/abap/1_lexer/tokens/paren_rightw.ts.ParenRightW;class:src/abap/1_lexer/tokens/plus.ts.Plus;class:src/abap/1_lexer/tokens/plusw.ts.PlusW;class:src/abap/1_lexer/tokens/pragma.ts.Pragma;class:src/abap/1_lexer/tokens/punctuation.ts.Punctuation;class:src/abap/1_lexer/tokens/static_arrow.ts.StaticArrow;class:src/abap/1_lexer/tokens/static_arroww.ts.StaticArrowW;class:src/abap/1_lexer/tokens/string.ts.StringToken;class:src/abap/1_lexer/tokens/string_template.ts.StringTemplate;class:src/abap/1_lexer/tokens/string_template_begin.ts.StringTemplateBegin;class:src/abap/1_lexer/tokens/string_template_end.ts.StringTemplateEnd;class:src/abap/1_lexer/tokens/string_template_middle.ts.StringTemplateMiddle;class:src/abap/1_lexer/tokens/wat.ts.WAt;class:src/abap/1_lexer/tokens/watw.ts.WAtW;class:src/abap/1_lexer/tokens/wbracket_left.ts.WBracketLeft;class:src/abap/1_lexer/tokens/wbracket_leftw.ts.WBracketLeftW;class:src/abap/1_lexer/tokens/wbracket_right.ts.WBracketRight;class:src/abap/1_lexer/tokens/wbracket_rightw.ts.WBracketRightW;class:src/abap/1_lexer/tokens/wdash.ts.WDash;class:src/abap/1_lexer/tokens/wdashw.ts.WDashW;class:src/abap/1_lexer/tokens/winstance_arrow.ts.WInstanceArrow;class:src/abap/1_lexer/tokens/winstance_arroww.ts.WInstanceArrowW;class:src/abap/1_lexer/tokens/wparen_left.ts.WParenLeft;class:src/abap/1_lexer/tokens/wparen_leftw.ts.WParenLeftW;class:src/abap/1_lexer/tokens/wparen_right.ts.WParenRight;class:src/abap/1_lexer/tokens/wparen_rightw.ts.WParenRightW;class:src/abap/1_lexer/tokens/wplus.ts.WPlus;class:src/abap/1_lexer/tokens/wplusw.ts.WPlusW;class:src/abap/1_lexer/tokens/wstatic_arrow.ts.WStaticArrow;class:src/abap/1_lexer/tokens/wstatic_arroww.ts.WStaticArrowW,classref<src/abap/1_lexer/tokens/abstract_token.ts.AbstractToken>
src/abap/2_statements/statement_parser.ts.WorkArea::tokensToNodes,src/abap/2_statements/statement_parser.ts.WorkArea::tokensToNodes/body/s2,src/abap/2_statements/statement_parser.ts:86:5,statements,foreach,classref<src/abap/1_lexer/tokens/abstract_token.ts.AbstractToken>,shared object table,classref<src/abap/1_lexer/tokens/abstract_token.ts.AbstractToken>,1,false,1,1,1,hierarchy/mixed upper bound,class:src/abap/1_lexer/tokens/association_name.ts.AssociationName;class:src/abap/1_lexer/tokens/at.ts.At;class:src/abap/1_lexer/tokens/atw.ts.AtW;class:src/abap/1_lexer/tokens/bracket_left.ts.BracketLeft;class:src/abap/1_lexer/tokens/bracket_leftw.ts.BracketLeftW;class:src/abap/1_lexer/tokens/bracket_right.ts.BracketRight;class:src/abap/1_lexer/tokens/bracket_rightw.ts.BracketRightW;class:src/abap/1_lexer/tokens/comment.ts.Comment;class:src/abap/1_lexer/tokens/dash.ts.Dash;class:src/abap/1_lexer/tokens/dashw.ts.DashW;class:src/abap/1_lexer/tokens/identifier.ts.Identifier;class:src/abap/1_lexer/tokens/instance_arrow.ts.InstanceArrow;class:src/abap/1_lexer/tokens/instance_arroww.ts.InstanceArrowW;class:src/abap/1_lexer/tokens/paren_left.ts.ParenLeft;class:src/abap/1_lexer/tokens/paren_leftw.ts.ParenLeftW;class:src/abap/1_lexer/tokens/paren_right.ts.ParenRight;class:src/abap/1_lexer/tokens/paren_rightw.ts.ParenRightW;class:src/abap/1_lexer/tokens/plus.ts.Plus;class:src/abap/1_lexer/tokens/plusw.ts.PlusW;class:src/abap/1_lexer/tokens/pragma.ts.Pragma;class:src/abap/1_lexer/tokens/punctuation.ts.Punctuation;class:src/abap/1_lexer/tokens/static_arrow.ts.StaticArrow;class:src/abap/1_lexer/tokens/static_arroww.ts.StaticArrowW;class:src/abap/1_lexer/tokens/string.ts.StringToken;class:src/abap/1_lexer/tokens/string_template.ts.StringTemplate;class:src/abap/1_lexer/tokens/string_template_begin.ts.StringTemplateBegin;class:src/abap/1_lexer/tokens/string_template_end.ts.StringTemplateEnd;class:src/abap/1_lexer/tokens/string_template_middle.ts.StringTemplateMiddle;class:src/abap/1_lexer/tokens/wat.ts.WAt;class:src/abap/1_lexer/tokens/watw.ts.WAtW;class:src/abap/1_lexer/tokens/wbracket_left.ts.WBracketLeft;class:src/abap/1_lexer/tokens/wbracket_leftw.ts.WBracketLeftW;class:src/abap/1_lexer/tokens/wbracket_right.ts.WBracketRight;class:src/abap/1_lexer/tokens/wbracket_rightw.ts.WBracketRightW;class:src/abap/1_lexer/tokens/wdash.ts.WDash;class:src/abap/1_lexer/tokens/wdashw.ts.WDashW;class:src/abap/1_lexer/tokens/winstance_arrow.ts.WInstanceArrow;class:src/abap/1_lexer/tokens/winstance_arroww.ts.WInstanceArrowW;class:src/abap/1_lexer/tokens/wparen_left.ts.WParenLeft;class:src/abap/1_lexer/tokens/wparen_leftw.ts.WParenLeftW;class:src/abap/1_lexer/tokens/wparen_right.ts.WParenRight;class:src/abap/1_lexer/tokens/wparen_rightw.ts.WParenRightW;class:src/abap/1_lexer/tokens/wplus.ts.WPlus;class:src/abap/1_lexer/tokens/wplusw.ts.WPlusW;class:src/abap/1_lexer/tokens/wstatic_arrow.ts.WStaticArrow;class:src/abap/1_lexer/tokens/wstatic_arroww.ts.WStaticArrowW,classref<src/abap/1_lexer/tokens/abstract_token.ts.AbstractToken>
src/abap/2_statements/statement_parser.ts.module::class_constructor,src/abap/2_statements/statement_parser.ts.module::class_constructor/body/s1/y,src/abap/2_statements/statement_parser.ts:21:63,statements,new,classref<src/abap/1_lexer/tokens/abstract_token.ts.AbstractToken>,shared object table,,0,false,0,0,0,no non-null rows resolved (not an exact proof),,classref<src/abap/1_lexer/tokens/abstract_token.ts.AbstractToken>
src/abap/3_structures/structure_parser.ts.StructureParser::run,src/abap/3_structures/structure_parser.ts.StructureParser::run/body/s1/x,src/abap/3_structures/structure_parser.ts:19:39,structures,new,classref<src/abap/nodes/statement_node.ts.StatementNode>,shared object table,,0,false,0,0,0,exact,class:src/abap/nodes/statement_node.ts.StatementNode,classref<src/abap/nodes/statement_node.ts.StatementNode>
src/abap/3_structures/structure_parser.ts.StructureParser::run,src/abap/3_structures/structure_parser.ts.StructureParser::run/body/s2,src/abap/3_structures/structure_parser.ts:20:5,structures,foreach,classref<src/abap/nodes/statement_node.ts.StatementNode>,shared object table,classref<src/abap/nodes/statement_node.ts.StatementNode>,1,false,1,1,1,exact,class:src/abap/nodes/statement_node.ts.StatementNode,classref<src/abap/nodes/statement_node.ts.StatementNode>
src/abap/3_structures/structure_parser.ts.StructureParser::runFile,src/abap/3_structures/structure_parser.ts.StructureParser::runFile/body/s3/body/s1/x/arg0/seq/s0/x,src/abap/3_structures/structure_parser.ts:56:23,structures,new,classref<src/issue.ts.Issue>,shared object table,,0,false,0,0,0,exact,class:src/issue.ts.Issue,classref<src/issue.ts.Issue>
src/abap/3_structures/structure_parser.ts.StructureParser::runFile,src/abap/3_structures/structure_parser.ts.StructureParser::runFile/body/s4/body/s0/x,src/abap/3_structures/structure_parser.ts:59:25,structures,index,classref<src/abap/nodes/statement_node.ts.StatementNode>,shared object table,classref<src/abap/nodes/statement_node.ts.StatementNode>,0,false,1,1,1,exact,class:src/abap/nodes/statement_node.ts.StatementNode,classref<src/abap/nodes/statement_node.ts.StatementNode>
src/abap/3_structures/structure_parser.ts.StructureParser::runFile,src/abap/3_structures/structure_parser.ts.StructureParser::runFile/body/s4/body/s3/x/arg0/seq/s0/x,src/abap/3_structures/structure_parser.ts:62:23,structures,new,classref<src/issue.ts.Issue>,shared object table,,0,false,0,0,0,exact,class:src/issue.ts.Issue,classref<src/issue.ts.Issue>
src/abap/3_structures/structure_parser.ts.StructureParser::runFile,src/abap/3_structures/structure_parser.ts.StructureParser::runFile/body/s5/x/arg0,src/abap/3_structures/structure_parser.ts:65:21,structures,new,classref<src/issue.ts.Issue>,shared object table,,0,false,0,0,0,no non-null rows resolved (not an exact proof),,classref<src/issue.ts.Issue>
src/abap/3_structures/structures/_combi.ts.Alternative::run,src/abap/3_structures/structures/_combi.ts.Alternative::run/body/s3/body/s0/x/arg0,src/abap/3_structures/structures/_combi.ts:115:18,structures,new,classref<src/abap/nodes/statement_node.ts.StatementNode>,shared object table,,0,false,0,0,0,no non-null rows resolved (not an exact proof),,classref<src/abap/nodes/statement_node.ts.StatementNode>
src/abap/3_structures/structures/_combi.ts.Alternative::run,src/abap/3_structures/structures/_combi.ts.Alternative::run/body/s4/x/0/0/0,src/abap/3_structures/structures/_combi.ts:123:19,structures,index,classref<src/abap/nodes/statement_node.ts.StatementNode>,shared object table,classref<src/abap/nodes/statement_node.ts.StatementNode>,0,false,1,1,1,exact,class:src/abap/nodes/statement_node.ts.StatementNode,classref<src/abap/nodes/statement_node.ts.StatementNode>
src/abap/3_structures/structures/_combi.ts.Alternative::run,src/abap/3_structures/structures/_combi.ts.Alternative::run/body/s5,src/abap/3_structures/structures/_combi.ts:124:5,structures,foreach,interfaceref<src/abap/3_structures/structures/_structure_runnable.ts.IStructureRunnable>,shared object table,interfaceref<src/abap/3_structures/structures/_structure_runnable.ts.IStructureRunnable>,1,false,1,1,1,unknown native/unresolved flow,unknown:interfaceref<src/abap/3_structures/structures/_structure_runnable.ts.IStructureRunnable>,interfaceref<src/abap/3_structures/structures/_structure_runnable.ts.IStructureRunnable>
src/abap/3_structures/structures/_combi.ts.Alternative::run,src/abap/3_structures/structures/_combi.ts.Alternative::run/body/s5/x/1/2,src/abap/3_structures/structures/_combi.ts:124:40,structures,new,interfaceref<src/abap/3_structures/structures/_structure_runnable.ts.IStructureRunnable>,shared object table,,0,false,0,0,0,no non-null rows resolved (not an exact proof),,interfaceref<src/abap/3_structures/structures/_structure_runnable.ts.IStructureRunnable>
src/abap/3_structures/structures/_combi.ts.Alternative::run,src/abap/3_structures/structures/_combi.ts.Alternative::run/body/s5/x/seq/s0/x,src/abap/3_structures/structures/_combi.ts:124:21,structures,map.get,interfaceref<src/abap/3_structures/structures/_structure_runnable.ts.IStructureRunnable>,shared object table,,0,false,0,0,0,unknown native/unresolved flow,unknown:interfaceref<src/abap/3_structures/structures/_structure_runnable.ts.IStructureRunnable>,interfaceref<src/abap/3_structures/structures/_structure_runnable.ts.IStructureRunnable>
src/abap/3_structures/structures/_combi.ts.Alternative::run,src/abap/3_structures/structures/_combi.ts.Alternative::run/body/s6,src/abap/3_structures/structures/_combi.ts:135:5,structures,foreach,interfaceref<src/abap/3_structures/structures/_structure_runnable.ts.IStructureRunnable>,shared object table,interfaceref<src/abap/3_structures/structures/_structure_runnable.ts.IStructureRunnable>,1,false,1,1,1,unknown native/unresolved flow,unknown:interfaceref<src/abap/3_structures/structures/_structure_runnable.ts.IStructureRunnable>,interfaceref<src/abap/3_structures/structures/_structure_runnable.ts.IStructureRunnable>
src/abap/3_structures/structures/_combi.ts.Alternative::run,src/abap/3_structures/structures/_combi.ts.Alternative::run/body/s6/x/1/2,src/abap/3_structures/structures/_combi.ts:135:37,structures,new,interfaceref<src/abap/3_structures/structures/_structure_runnable.ts.IStructureRunnable>,shared object table,,0,false,0,0,0,no non-null rows resolved (not an exact proof),,interfaceref<src/abap/3_structures/structures/_structure_runnable.ts.IStructureRunnable>
src/abap/3_structures/structures/_combi.ts.Alternative::run,src/abap/3_structures/structures/_combi.ts.Alternative::run/body/s6/x/seq/s0/x,src/abap/3_structures/structures/_combi.ts:135:21,structures,map.get,interfaceref<src/abap/3_structures/structures/_structure_runnable.ts.IStructureRunnable>,shared object table,,0,false,0,0,0,unknown native/unresolved flow,unknown:interfaceref<src/abap/3_structures/structures/_structure_runnable.ts.IStructureRunnable>,interfaceref<src/abap/3_structures/structures/_structure_runnable.ts.IStructureRunnable>
src/abap/3_structures/structures/_combi.ts.Alternative::run,src/abap/3_structures/structures/_combi.ts.Alternative::run/body/s7/body/s0/x/arg0,src/abap/3_structures/structures/_combi.ts:148:18,structures,new,classref<src/abap/nodes/statement_node.ts.StatementNode>,shared object table,,0,false,0,0,0,no non-null rows resolved (not an exact proof),,classref<src/abap/nodes/statement_node.ts.StatementNode>
src/abap/3_structures/structures/_combi.ts.Alternative::run,src/abap/3_structures/structures/_combi.ts.Alternative::run/body/s7/else/s0/x/arg0,src/abap/3_structures/structures/_combi.ts:156:18,structures,new,classref<src/abap/nodes/statement_node.ts.StatementNode>,shared object table,,0,false,0,0,0,no non-null rows resolved (not an exact proof),,classref<src/abap/nodes/statement_node.ts.StatementNode>
src/abap/3_structures/structures/_combi.ts.Alternative::setupMap,src/abap/3_structures/structures/_combi.ts.Alternative::setupMap/body/s0/body/s1,src/abap/3_structures/structures/_combi.ts:83:7,structures,foreach,interfaceref<src/abap/3_structures/structures/_structure_runnable.ts.IStructureRunnable>,shared object table,interfaceref<src/abap/3_structures/structures/_structure_runnable.ts.IStructureRunnable>,1,false,1,1,1,hierarchy/mixed upper bound,class:src/abap/3_structures/structures/_combi.ts.Star;class:src/abap/3_structures/structures/_combi.ts.SubStatement,interfaceref<src/abap/3_structures/structures/_structure_runnable.ts.IStructureRunnable>
src/abap/3_structures/structures/_combi.ts.Alternative::setupMap,src/abap/3_structures/structures/_combi.ts.Alternative::setupMap/body/s0/body/s1/body/s0/body/s0/body/s0/x/0/0,src/abap/3_structures/structures/_combi.ts:86:13,structures,map.get,interfaceref<src/abap/3_structures/structures/_structure_runnable.ts.IStructureRunnable>,shared object table,,2,false,0,0,0,unknown native/unresolved flow,class:src/abap/3_structures/structures/_combi.ts.Star;class:src/abap/3_structures/structures/_combi.ts.SubStatement;unknown:interfaceref<src/abap/3_structures/structures/_structure_runnable.ts.IStructureRunnable>,interfaceref<src/abap/3_structures/structures/_structure_runnable.ts.IStructureRunnable>
src/abap/3_structures/structures/_combi.ts.Alternative::setupMap,src/abap/3_structures/structures/_combi.ts.Alternative::setupMap/body/s0/body/s1/body/s0/body/s0/else/s0/x/arg1/seq/s0/x,src/abap/3_structures/structures/_combi.ts:88:31,structures,new,interfaceref<src/abap/3_structures/structures/_structure_runnable.ts.IStructureRunnable>,shared object table,,2,false,0,0,0,hierarchy/mixed upper bound,class:src/abap/3_structures/structures/_combi.ts.Star;class:src/abap/3_structures/structures/_combi.ts.SubStatement,interfaceref<src/abap/3_structures/structures/_structure_runnable.ts.IStructureRunnable>
src/abap/3_structures/structures/_combi.ts.Alternative::setupMap,src/abap/3_structures/structures/_combi.ts.Alternative::setupMap/body/s0/body/s1/body/s0/body/s0/x/0,src/abap/3_structures/structures/_combi.ts:85:15,structures,map.get,interfaceref<src/abap/3_structures/structures/_structure_runnable.ts.IStructureRunnable>,shared object table,,2,false,0,0,0,unknown native/unresolved flow,unknown:interfaceref<src/abap/3_structures/structures/_structure_runnable.ts.IStructureRunnable>,interfaceref<src/abap/3_structures/structures/_structure_runnable.ts.IStructureRunnable>
src/abap/3_structures/structures/_combi.ts.Sequence::first,src/abap/3_structures/structures/_combi.ts.Sequence::first/body/s0/x/0,src/abap/3_structures/structures/_combi.ts:28:12,structures,index,interfaceref<src/abap/3_structures/structures/_structure_runnable.ts.IStructureRunnable>,shared object table,interfaceref<src/abap/3_structures/structures/_structure_runnable.ts.IStructureRunnable>,0,false,1,1,1,hierarchy/mixed upper bound,class:src/abap/3_structures/structures/_combi.ts.Alternative;class:src/abap/3_structures/structures/_combi.ts.Optional;class:src/abap/3_structures/structures/_combi.ts.Sequence;class:src/abap/3_structures/structures/_combi.ts.Star;class:src/abap/3_structures/structures/_combi.ts.SubStatement,interfaceref<src/abap/3_structures/structures/_structure_runnable.ts.IStructureRunnable>
src/abap/3_structures/structures/_combi.ts.Sequence::run,src/abap/3_structures/structures/_combi.ts.Sequence::run/body/s1/x,src/abap/3_structures/structures/_combi.ts:33:32,structures,new,classref<src/abap/nodes/statement_node.ts.StatementNode>,shared object table,,0,false,0,0,0,exact,class:src/abap/nodes/statement_node.ts.StatementNode,classref<src/abap/nodes/statement_node.ts.StatementNode>
src/abap/3_structures/structures/_combi.ts.Sequence::run,src/abap/3_structures/structures/_combi.ts.Sequence::run/body/s2,src/abap/3_structures/structures/_combi.ts:34:5,structures,foreach,interfaceref<src/abap/3_structures/structures/_structure_runnable.ts.IStructureRunnable>,shared object table,interfaceref<src/abap/3_structures/structures/_structure_runnable.ts.IStructureRunnable>,1,false,1,1,1,hierarchy/mixed upper bound,class:src/abap/3_structures/structures/_combi.ts.Alternative;class:src/abap/3_structures/structures/_combi.ts.Optional;class:src/abap/3_structures/structures/_combi.ts.Sequence;class:src/abap/3_structures/structures/_combi.ts.Star;class:src/abap/3_structures/structures/_combi.ts.SubStatement,interfaceref<src/abap/3_structures/structures/_structure_runnable.ts.IStructureRunnable>
src/abap/3_structures/structures/_combi.ts.Sequence::run,src/abap/3_structures/structures/_combi.ts.Sequence::run/body/s2/body/s1/body/s0/x/arg0,src/abap/3_structures/structures/_combi.ts:38:20,structures,new,classref<src/abap/nodes/statement_node.ts.StatementNode>,shared object table,,1,false,0,0,0,no non-null rows resolved (not an exact proof),,classref<src/abap/nodes/statement_node.ts.StatementNode>
src/abap/3_structures/structures/_combi.ts.Sequence::run,src/abap/3_structures/structures/_combi.ts.Sequence::run/body/s2/body/s2/body/s0/x/seq/s0,src/abap/3_structures/structures/_combi.ts:47:9,structures,foreach,classref<src/abap/nodes/statement_node.ts.StatementNode>,shared object table,classref<src/abap/nodes/statement_node.ts.StatementNode>,2,false,1,1,1,exact,class:src/abap/nodes/statement_node.ts.StatementNode,classref<src/abap/nodes/statement_node.ts.StatementNode>
src/abap/3_structures/structures/_combi.ts.Sequence::run,src/abap/3_structures/structures/_combi.ts.Sequence::run/body/s2/body/s2/else/s0/y,src/abap/3_structures/structures/_combi.ts:51:15,structures,array.concat,classref<src/abap/nodes/statement_node.ts.StatementNode>,shared object table,,1,false,0,0,0,exact,class:src/abap/nodes/statement_node.ts.StatementNode,classref<src/abap/nodes/statement_node.ts.StatementNode>
src/abap/3_structures/structures/_combi.ts.Star::run,src/abap/3_structures/structures/_combi.ts.Star::run/body/s1/x,src/abap/3_structures/structures/_combi.ts:209:32,structures,new,classref<src/abap/nodes/statement_node.ts.StatementNode>,shared object table,,0,false,0,0,0,exact,class:src/abap/nodes/statement_node.ts.StatementNode,classref<src/abap/nodes/statement_node.ts.StatementNode>
src/abap/3_structures/structures/_combi.ts.Star::run,src/abap/3_structures/structures/_combi.ts.Star::run/body/s2/body/s3/body/s0/x/seq/s0,src/abap/3_structures/structures/_combi.ts:244:9,structures,foreach,classref<src/abap/nodes/statement_node.ts.StatementNode>,shared object table,classref<src/abap/nodes/statement_node.ts.StatementNode>,2,false,1,1,1,exact,class:src/abap/nodes/statement_node.ts.StatementNode,classref<src/abap/nodes/statement_node.ts.StatementNode>
src/abap/3_structures/structures/_combi.ts.Star::run,src/abap/3_structures/structures/_combi.ts.Star::run/body/s2/body/s3/else/s0/y,src/abap/3_structures/structures/_combi.ts:248:15,structures,array.concat,classref<src/abap/nodes/statement_node.ts.StatementNode>,shared object table,,1,false,0,0,0,exact,class:src/abap/nodes/statement_node.ts.StatementNode,classref<src/abap/nodes/statement_node.ts.StatementNode>
src/abap/3_structures/structures/_combi.ts.SubStatement::run,src/abap/3_structures/structures/_combi.ts.SubStatement::run/body/s0/body/s0/x/arg0,src/abap/3_structures/structures/_combi.ts:332:18,structures,new,classref<src/abap/nodes/statement_node.ts.StatementNode>,shared object table,,0,false,0,0,0,no non-null rows resolved (not an exact proof),,classref<src/abap/nodes/statement_node.ts.StatementNode>
src/abap/3_structures/structures/_combi.ts.SubStatement::run,src/abap/3_structures/structures/_combi.ts.SubStatement::run/body/s0/body/s0/x/arg1,src/abap/3_structures/structures/_combi.ts:333:20,structures,new,classref<src/abap/nodes/statement_node.ts.StatementNode>,shared object table,,0,false,0,0,0,no non-null rows resolved (not an exact proof),,classref<src/abap/nodes/statement_node.ts.StatementNode>
src/abap/3_structures/structures/_combi.ts.SubStatement::run,src/abap/3_structures/structures/_combi.ts.SubStatement::run/body/s0/else/body/s0/x/arg0,src/abap/3_structures/structures/_combi.ts:339:23,structures,index,classref<src/abap/nodes/statement_node.ts.StatementNode>,shared object table,classref<src/abap/nodes/statement_node.ts.StatementNode>,0,false,1,1,1,exact,class:src/abap/nodes/statement_node.ts.StatementNode,classref<src/abap/nodes/statement_node.ts.StatementNode>
src/abap/3_structures/structures/_combi.ts.SubStatement::run,src/abap/3_structures/structures/_combi.ts.SubStatement::run/body/s0/else/body/s1/x/arg0/seq/s0/x,src/abap/3_structures/structures/_combi.ts:341:18,structures,new,classref<src/abap/nodes/statement_node.ts.StatementNode>,shared object table,,0,false,0,0,0,exact,class:src/abap/nodes/statement_node.ts.StatementNode,classref<src/abap/nodes/statement_node.ts.StatementNode>
src/abap/3_structures/structures/_combi.ts.SubStatement::run,src/abap/3_structures/structures/_combi.ts.SubStatement::run/body/s0/else/body/s1/x/arg0/seq/s1/x/arg0,src/abap/3_structures/structures/_combi.ts:341:19,structures,index,classref<src/abap/nodes/statement_node.ts.StatementNode>,shared object table,classref<src/abap/nodes/statement_node.ts.StatementNode>,0,false,1,1,1,exact,class:src/abap/nodes/statement_node.ts.StatementNode,classref<src/abap/nodes/statement_node.ts.StatementNode>
src/abap/3_structures/structures/_combi.ts.SubStatement::run,src/abap/3_structures/structures/_combi.ts.SubStatement::run/body/s0/else/body/s1/x/arg1,src/abap/3_structures/structures/_combi.ts:342:20,structures,array.splice1_view,classref<src/abap/nodes/statement_node.ts.StatementNode>,shared object table,,0,false,0,0,0,exact,class:src/abap/nodes/statement_node.ts.StatementNode,classref<src/abap/nodes/statement_node.ts.StatementNode>
src/abap/3_structures/structures/_combi.ts.SubStatement::run,src/abap/3_structures/structures/_combi.ts.SubStatement::run/body/s0/else/else/s0/x/arg0,src/abap/3_structures/structures/_combi.ts:349:18,structures,new,classref<src/abap/nodes/statement_node.ts.StatementNode>,shared object table,,0,false,0,0,0,no non-null rows resolved (not an exact proof),,classref<src/abap/nodes/statement_node.ts.StatementNode>
src/abap/3_structures/structures/_combi.ts.SubStatement::run,src/abap/3_structures/structures/_combi.ts.SubStatement::run/body/s0/else/x/0/0,src/abap/3_structures/structures/_combi.ts:338:16,structures,index,classref<src/abap/nodes/statement_node.ts.StatementNode>,shared object table,classref<src/abap/nodes/statement_node.ts.StatementNode>,0,false,1,1,1,exact,class:src/abap/nodes/statement_node.ts.StatementNode,classref<src/abap/nodes/statement_node.ts.StatementNode>
src/abap/3_structures/structures/_combi.ts.module::alt,src/abap/3_structures/structures/_combi.ts.module::alt/body/s0/s0/x/arg0,src/abap/3_structures/structures/_combi.ts:364:26,structures,array.concat,interfaceref<src/abap/3_structures/structures/_structure_runnable.ts.IStructureRunnable>,shared object table,,0,false,0,0,0,hierarchy/mixed upper bound,class:src/abap/3_structures/structures/_combi.ts.Star;class:src/abap/3_structures/structures/_combi.ts.SubStatement,interfaceref<src/abap/3_structures/structures/_structure_runnable.ts.IStructureRunnable>
src/abap/3_structures/structures/_combi.ts.module::alt,src/abap/3_structures/structures/_combi.ts.module::alt/body/s0/s0/x/arg0/0/seq/s0/x,src/abap/3_structures/structures/_combi.ts:364:26,structures,new,interfaceref<src/abap/3_structures/structures/_structure_runnable.ts.IStructureRunnable>,shared object table,,0,false,0,0,0,hierarchy/mixed upper bound,class:src/abap/3_structures/structures/_combi.ts.SubStatement,interfaceref<src/abap/3_structures/structures/_structure_runnable.ts.IStructureRunnable>
src/abap/3_structures/structures/_combi.ts.module::beginEnd,src/abap/3_structures/structures/_combi.ts.module::beginEnd/body/s0/s0/x/arg0/seq/s0/x,src/abap/3_structures/structures/_combi.ts:368:23,structures,new,interfaceref<src/abap/3_structures/structures/_structure_runnable.ts.IStructureRunnable>,shared object table,,0,false,0,0,0,hierarchy/mixed upper bound,class:src/abap/3_structures/structures/_combi.ts.Optional;class:src/abap/3_structures/structures/_combi.ts.Sequence;class:src/abap/3_structures/structures/_combi.ts.Star;class:src/abap/3_structures/structures/_combi.ts.SubStatement,interfaceref<src/abap/3_structures/structures/_structure_runnable.ts.IStructureRunnable>
src/abap/3_structures/structures/_combi.ts.module::seq,src/abap/3_structures/structures/_combi.ts.module::seq/body/s0/s0/x/arg0,src/abap/3_structures/structures/_combi.ts:360:23,structures,array.concat,interfaceref<src/abap/3_structures/structures/_structure_runnable.ts.IStructureRunnable>,shared object table,,0,false,0,0,0,hierarchy/mixed upper bound,class:src/abap/3_structures/structures/_combi.ts.Alternative;class:src/abap/3_structures/structures/_combi.ts.Optional;class:src/abap/3_structures/structures/_combi.ts.Star;class:src/abap/3_structures/structures/_combi.ts.SubStatement,interfaceref<src/abap/3_structures/structures/_structure_runnable.ts.IStructureRunnable>
src/abap/3_structures/structures/_combi.ts.module::seq,src/abap/3_structures/structures/_combi.ts.module::seq/body/s0/s0/x/arg0/0/seq/s0/x,src/abap/3_structures/structures/_combi.ts:360:23,structures,new,interfaceref<src/abap/3_structures/structures/_structure_runnable.ts.IStructureRunnable>,shared object table,,0,false,0,0,0,hierarchy/mixed upper bound,class:src/abap/3_structures/structures/_combi.ts.Alternative;class:src/abap/3_structures/structures/_combi.ts.Optional;class:src/abap/3_structures/structures/_combi.ts.Star;class:src/abap/3_structures/structures/_combi.ts.SubStatement,interfaceref<src/abap/3_structures/structures/_structure_runnable.ts.IStructureRunnable>
src/abap/3_structures/structures/any.ts.Any::getMatcher,src/abap/3_structures/structures/any.ts.Any::getMatcher/body/s0/x/arg0/seq/s1/x,src/abap/3_structures/structures/any.ts:11:17,structures,new,interfaceref<src/abap/3_structures/structures/_structure_runnable.ts.IStructureRunnable>,shared object table,,0,false,0,0,0,hierarchy/mixed upper bound,class:src/abap/3_structures/structures/_combi.ts.SubStatement,interfaceref<src/abap/3_structures/structures/_structure_runnable.ts.IStructureRunnable>
src/abap/3_structures/structures/case.ts.Case::getMatcher,src/abap/3_structures/structures/case.ts.Case::getMatcher/body/s0/x/arg1/seq/s1/x,src/abap/3_structures/structures/case.ts:13:21,structures,new,interfaceref<src/abap/3_structures/structures/_structure_runnable.ts.IStructureRunnable>,shared object table,,0,false,0,0,0,hierarchy/mixed upper bound,class:src/abap/3_structures/structures/_combi.ts.Star,interfaceref<src/abap/3_structures/structures/_structure_runnable.ts.IStructureRunnable>
src/abap/3_structures/structures/case.ts.Case::getMatcher,src/abap/3_structures/structures/case.ts.Case::getMatcher/body/s0/x/arg1/seq/s2/x/arg0/arg0/seq/s1/x,src/abap/3_structures/structures/case.ts:13:49,structures,new,interfaceref<src/abap/3_structures/structures/_structure_runnable.ts.IStructureRunnable>,shared object table,,0,false,0,0,0,hierarchy/mixed upper bound,class:src/abap/3_structures/structures/_combi.ts.SubStatement,interfaceref<src/abap/3_structures/structures/_structure_runnable.ts.IStructureRunnable>
src/abap/3_structures/structures/case_type.ts.CaseType::getMatcher,src/abap/3_structures/structures/case_type.ts.CaseType::getMatcher/body/s0/x/arg1/arg0/seq/s1/x,src/abap/3_structures/structures/case_type.ts:11:26,structures,new,interfaceref<src/abap/3_structures/structures/_structure_runnable.ts.IStructureRunnable>,shared object table,,0,false,0,0,0,hierarchy/mixed upper bound,class:src/abap/3_structures/structures/_combi.ts.SubStatement,interfaceref<src/abap/3_structures/structures/_structure_runnable.ts.IStructureRunnable>
src/abap/3_structures/structures/catch.ts.Catch::getMatcher,src/abap/3_structures/structures/catch.ts.Catch::getMatcher/body/s0/x/seq/s1/x,src/abap/3_structures/structures/catch.ts:10:17,structures,new,interfaceref<src/abap/3_structures/structures/_structure_runnable.ts.IStructureRunnable>,shared object table,,0,false,0,0,0,hierarchy/mixed upper bound,class:src/abap/3_structures/structures/_combi.ts.Optional,interfaceref<src/abap/3_structures/structures/_structure_runnable.ts.IStructureRunnable>
src/abap/3_structures/structures/chain.ts.Chain::getMatcher,src/abap/3_structures/structures/chain.ts.Chain::getMatcher/body/s0/x/arg1/arg0/seq/s1/x,src/abap/3_structures/structures/chain.ts:10:26,structures,new,interfaceref<src/abap/3_structures/structures/_structure_runnable.ts.IStructureRunnable>,shared object table,,0,false,0,0,0,hierarchy/mixed upper bound,class:src/abap/3_structures/structures/_combi.ts.SubStatement,interfaceref<src/abap/3_structures/structures/_structure_runnable.ts.IStructureRunnable>
src/abap/3_structures/structures/class_data.ts.ClassData::getMatcher,src/abap/3_structures/structures/class_data.ts.ClassData::getMatcher/body/s0/x/arg1/arg0/seq/s1/x,src/abap/3_structures/structures/class_data.ts:10:26,structures,new,interfaceref<src/abap/3_structures/structures/_structure_runnable.ts.IStructureRunnable>,shared object table,,0,false,0,0,0,no non-null rows resolved (not an exact proof),,interfaceref<src/abap/3_structures/structures/_structure_runnable.ts.IStructureRunnable>
src/abap/3_structures/structures/class_definition.ts.ClassDefinition::getMatcher,src/abap/3_structures/structures/class_definition.ts.ClassDefinition::getMatcher/body/s0/x/seq/s1/x,src/abap/3_structures/structures/class_definition.ts:12:18,structures,new,interfaceref<src/abap/3_structures/structures/_structure_runnable.ts.IStructureRunnable>,shared object table,,0,false,0,0,0,hierarchy/mixed upper bound,class:src/abap/3_structures/structures/_combi.ts.Optional;class:src/abap/3_structures/structures/_combi.ts.Star,interfaceref<src/abap/3_structures/structures/_structure_runnable.ts.IStructureRunnable>
src/abap/3_structures/structures/class_global.ts.ClassGlobal::getMatcher,src/abap/3_structures/structures/class_global.ts.ClassGlobal::getMatcher/body/s0/x/seq/s1/x,src/abap/3_structures/structures/class_global.ts:10:12,structures,new,interfaceref<src/abap/3_structures/structures/_structure_runnable.ts.IStructureRunnable>,shared object table,,0,false,0,0,0,no non-null rows resolved (not an exact proof),,interfaceref<src/abap/3_structures/structures/_structure_runnable.ts.IStructureRunnable>
src/abap/3_structures/structures/class_implementation.ts.ClassImplementation::getMatcher,src/abap/3_structures/structures/class_implementation.ts.ClassImplementation::getMatcher/body/s0/x/arg0/seq/s1/x,src/abap/3_structures/structures/class_implementation.ts:11:23,structures,new,interfaceref<src/abap/3_structures/structures/_structure_runnable.ts.IStructureRunnable>,shared object table,,0,false,0,0,0,hierarchy/mixed upper bound,class:src/abap/3_structures/structures/_combi.ts.SubStatement,interfaceref<src/abap/3_structures/structures/_structure_runnable.ts.IStructureRunnable>
src/abap/3_structures/structures/cleanup.ts.Cleanup::getMatcher,src/abap/3_structures/structures/cleanup.ts.Cleanup::getMatcher/body/s0/x/seq/s1/x,src/abap/3_structures/structures/cleanup.ts:10:21,structures,new,interfaceref<src/abap/3_structures/structures/_structure_runnable.ts.IStructureRunnable>,shared object table,,0,false,0,0,0,hierarchy/mixed upper bound,class:src/abap/3_structures/structures/_combi.ts.Optional,interfaceref<src/abap/3_structures/structures/_structure_runnable.ts.IStructureRunnable>
src/abap/3_structures/structures/constants.ts.Constants::getMatcher,src/abap/3_structures/structures/constants.ts.Constants::getMatcher/body/s0/x/arg1/arg0/seq/s1/x,src/abap/3_structures/structures/constants.ts:10:26,structures,new,interfaceref<src/abap/3_structures/structures/_structure_runnable.ts.IStructureRunnable>,shared object table,,0,false,0,0,0,hierarchy/mixed upper bound,class:src/abap/3_structures/structures/_combi.ts.SubStatement,interfaceref<src/abap/3_structures/structures/_structure_runnable.ts.IStructureRunnable>
src/abap/3_structures/structures/data.ts.Data::getMatcher,src/abap/3_structures/structures/data.ts.Data::getMatcher/body/s0/x/arg1/arg0/seq/s1/x,src/abap/3_structures/structures/data.ts:14:26,structures,new,interfaceref<src/abap/3_structures/structures/_structure_runnable.ts.IStructureRunnable>,shared object table,,0,false,0,0,0,hierarchy/mixed upper bound,class:src/abap/3_structures/structures/_combi.ts.SubStatement,interfaceref<src/abap/3_structures/structures/_structure_runnable.ts.IStructureRunnable>
src/abap/3_structures/structures/else.ts.Else::getMatcher,src/abap/3_structures/structures/else.ts.Else::getMatcher/body/s1/x/seq/s1/x,src/abap/3_structures/structures/else.ts:11:20,structures,new,interfaceref<src/abap/3_structures/structures/_structure_runnable.ts.IStructureRunnable>,shared object table,,0,false,0,0,0,hierarchy/mixed upper bound,class:src/abap/3_structures/structures/_combi.ts.Optional,interfaceref<src/abap/3_structures/structures/_structure_runnable.ts.IStructureRunnable>
src/abap/3_structures/structures/elseif.ts.ElseIf::getMatcher,src/abap/3_structures/structures/elseif.ts.ElseIf::getMatcher/body/s1/x/seq/s1/x,src/abap/3_structures/structures/elseif.ts:11:20,structures,new,interfaceref<src/abap/3_structures/structures/_structure_runnable.ts.IStructureRunnable>,shared object table,,0,false,0,0,0,hierarchy/mixed upper bound,class:src/abap/3_structures/structures/_combi.ts.Optional,interfaceref<src/abap/3_structures/structures/_structure_runnable.ts.IStructureRunnable>
src/abap/3_structures/structures/if.ts.If::getMatcher,src/abap/3_structures/structures/if.ts.If::getMatcher/body/s0/x/seq/s1/x,src/abap/3_structures/structures/if.ts:12:22,structures,new,interfaceref<src/abap/3_structures/structures/_structure_runnable.ts.IStructureRunnable>,shared object table,,0,false,0,0,0,hierarchy/mixed upper bound,class:src/abap/3_structures/structures/_combi.ts.Optional;class:src/abap/3_structures/structures/_combi.ts.Star,interfaceref<src/abap/3_structures/structures/_structure_runnable.ts.IStructureRunnable>
src/abap/3_structures/structures/interface_global.ts.InterfaceGlobal::getMatcher,src/abap/3_structures/structures/interface_global.ts.InterfaceGlobal::getMatcher/body/s0/x/seq/s1/x,src/abap/3_structures/structures/interface_global.ts:10:12,structures,new,interfaceref<src/abap/3_structures/structures/_structure_runnable.ts.IStructureRunnable>,shared object table,,0,false,0,0,0,hierarchy/mixed upper bound,class:src/abap/3_structures/structures/_combi.ts.Star,interfaceref<src/abap/3_structures/structures/_structure_runnable.ts.IStructureRunnable>
src/abap/3_structures/structures/method.ts.Method::getMatcher,src/abap/3_structures/structures/method.ts.Method::getMatcher/body/s0/x/arg1/arg0/seq/s1/x,src/abap/3_structures/structures/method.ts:12:25,structures,new,interfaceref<src/abap/3_structures/structures/_structure_runnable.ts.IStructureRunnable>,shared object table,,0,false,0,0,0,hierarchy/mixed upper bound,class:src/abap/3_structures/structures/_combi.ts.Star,interfaceref<src/abap/3_structures/structures/_structure_runnable.ts.IStructureRunnable>
src/abap/3_structures/structures/normal.ts.Normal::getMatcher,src/abap/3_structures/structures/normal.ts.Normal::getMatcher/body/s0/x/seq/s1/x,src/abap/3_structures/structures/normal.ts:12:12,structures,new,interfaceref<src/abap/3_structures/structures/_structure_runnable.ts.IStructureRunnable>,shared object table,,0,false,0,0,0,hierarchy/mixed upper bound,class:src/abap/3_structures/structures/_combi.ts.SubStatement,interfaceref<src/abap/3_structures/structures/_structure_runnable.ts.IStructureRunnable>
src/abap/3_structures/structures/on_change.ts.OnChange::getMatcher,src/abap/3_structures/structures/on_change.ts.OnChange::getMatcher/body/s0/x/arg1/seq/s1/x,src/abap/3_structures/structures/on_change.ts:12:21,structures,new,interfaceref<src/abap/3_structures/structures/_structure_runnable.ts.IStructureRunnable>,shared object table,,0,false,0,0,0,hierarchy/mixed upper bound,class:src/abap/3_structures/structures/_combi.ts.Optional,interfaceref<src/abap/3_structures/structures/_structure_runnable.ts.IStructureRunnable>
src/abap/3_structures/structures/private_section.ts.PrivateSection::getMatcher,src/abap/3_structures/structures/private_section.ts.PrivateSection::getMatcher/body/s0/x/seq/s1/x,src/abap/3_structures/structures/private_section.ts:9:12,structures,new,interfaceref<src/abap/3_structures/structures/_structure_runnable.ts.IStructureRunnable>,shared object table,,0,false,0,0,0,hierarchy/mixed upper bound,class:src/abap/3_structures/structures/_combi.ts.Optional,interfaceref<src/abap/3_structures/structures/_structure_runnable.ts.IStructureRunnable>
src/abap/3_structures/structures/protected_section.ts.ProtectedSection::getMatcher,src/abap/3_structures/structures/protected_section.ts.ProtectedSection::getMatcher/body/s0/x/seq/s1/x,src/abap/3_structures/structures/protected_section.ts:9:12,structures,new,interfaceref<src/abap/3_structures/structures/_structure_runnable.ts.IStructureRunnable>,shared object table,,0,false,0,0,0,hierarchy/mixed upper bound,class:src/abap/3_structures/structures/_combi.ts.Optional,interfaceref<src/abap/3_structures/structures/_structure_runnable.ts.IStructureRunnable>
src/abap/3_structures/structures/public_section.ts.PublicSection::getMatcher,src/abap/3_structures/structures/public_section.ts.PublicSection::getMatcher/body/s0/x/seq/s1/x,src/abap/3_structures/structures/public_section.ts:9:12,structures,new,interfaceref<src/abap/3_structures/structures/_structure_runnable.ts.IStructureRunnable>,shared object table,,0,false,0,0,0,hierarchy/mixed upper bound,class:src/abap/3_structures/structures/_combi.ts.Optional,interfaceref<src/abap/3_structures/structures/_structure_runnable.ts.IStructureRunnable>
src/abap/3_structures/structures/section_contents.ts.SectionContents::getMatcher,src/abap/3_structures/structures/section_contents.ts.SectionContents::getMatcher/body/s0/x/arg0/seq/s1/x,src/abap/3_structures/structures/section_contents.ts:15:17,structures,new,interfaceref<src/abap/3_structures/structures/_structure_runnable.ts.IStructureRunnable>,shared object table,,0,false,0,0,0,hierarchy/mixed upper bound,class:src/abap/3_structures/structures/_combi.ts.SubStatement,interfaceref<src/abap/3_structures/structures/_structure_runnable.ts.IStructureRunnable>
src/abap/3_structures/structures/statics.ts.Statics::getMatcher,src/abap/3_structures/structures/statics.ts.Statics::getMatcher/body/s0/x/arg1/arg0/seq/s1/x,src/abap/3_structures/structures/statics.ts:10:26,structures,new,interfaceref<src/abap/3_structures/structures/_structure_runnable.ts.IStructureRunnable>,shared object table,,0,false,0,0,0,hierarchy/mixed upper bound,class:src/abap/3_structures/structures/_combi.ts.SubStatement,interfaceref<src/abap/3_structures/structures/_structure_runnable.ts.IStructureRunnable>
src/abap/3_structures/structures/try.ts.Try::getMatcher,src/abap/3_structures/structures/try.ts.Try::getMatcher/body/s0/x/seq/s1/x,src/abap/3_structures/structures/try.ts:12:19,structures,new,interfaceref<src/abap/3_structures/structures/_structure_runnable.ts.IStructureRunnable>,shared object table,,0,false,0,0,0,hierarchy/mixed upper bound,class:src/abap/3_structures/structures/_combi.ts.Optional;class:src/abap/3_structures/structures/_combi.ts.Star,interfaceref<src/abap/3_structures/structures/_structure_runnable.ts.IStructureRunnable>
src/abap/3_structures/structures/type_enum.ts.TypeEnum::getMatcher,src/abap/3_structures/structures/type_enum.ts.TypeEnum::getMatcher/body/s0/x/arg1/arg0/seq/s1/x,src/abap/3_structures/structures/type_enum.ts:10:26,structures,new,interfaceref<src/abap/3_structures/structures/_structure_runnable.ts.IStructureRunnable>,shared object table,,0,false,0,0,0,hierarchy/mixed upper bound,class:src/abap/3_structures/structures/_combi.ts.SubStatement,interfaceref<src/abap/3_structures/structures/_structure_runnable.ts.IStructureRunnable>
src/abap/3_structures/structures/type_mesh.ts.TypeMesh::getMatcher,src/abap/3_structures/structures/type_mesh.ts.TypeMesh::getMatcher/body/s0/x/arg1/arg0/seq/s1/x,src/abap/3_structures/structures/type_mesh.ts:10:26,structures,new,interfaceref<src/abap/3_structures/structures/_structure_runnable.ts.IStructureRunnable>,shared object table,,0,false,0,0,0,hierarchy/mixed upper bound,class:src/abap/3_structures/structures/_combi.ts.SubStatement,interfaceref<src/abap/3_structures/structures/_structure_runnable.ts.IStructureRunnable>
src/abap/3_structures/structures/types.ts.Types::getMatcher,src/abap/3_structures/structures/types.ts.Types::getMatcher/body/s0/x/arg1/arg0/seq/s1/x,src/abap/3_structures/structures/types.ts:11:26,structures,new,interfaceref<src/abap/3_structures/structures/_structure_runnable.ts.IStructureRunnable>,shared object table,,0,false,0,0,0,hierarchy/mixed upper bound,class:src/abap/3_structures/structures/_combi.ts.SubStatement,interfaceref<src/abap/3_structures/structures/_structure_runnable.ts.IStructureRunnable>
src/abap/3_structures/structures/when.ts.When::getMatcher,src/abap/3_structures/structures/when.ts.When::getMatcher/body/s0/x/seq/s0/x/seq/s1/x,src/abap/3_structures/structures/when.ts:10:22,structures,new,interfaceref<src/abap/3_structures/structures/_structure_runnable.ts.IStructureRunnable>,shared object table,,0,false,0,0,0,hierarchy/mixed upper bound,class:src/abap/3_structures/structures/_combi.ts.SubStatement,interfaceref<src/abap/3_structures/structures/_structure_runnable.ts.IStructureRunnable>
src/abap/3_structures/structures/when.ts.When::getMatcher,src/abap/3_structures/structures/when.ts.When::getMatcher/body/s0/x/seq/s1/x,src/abap/3_structures/structures/when.ts:10:18,structures,new,interfaceref<src/abap/3_structures/structures/_structure_runnable.ts.IStructureRunnable>,shared object table,,0,false,0,0,0,hierarchy/mixed upper bound,class:src/abap/3_structures/structures/_combi.ts.Optional,interfaceref<src/abap/3_structures/structures/_structure_runnable.ts.IStructureRunnable>
src/abap/4_file_information/abap_file_information.ts.ABAPFileInformation::getClassDefinitionByName,src/abap/4_file_information/abap_file_information.ts.ABAPFileInformation::getClassDefinitionByName/body/s1,src/abap/4_file_information/abap_file_information.ts:35:5,other,foreach,classref<src/abap/4_file_information/_abap_file_information.ts.InfoClassDefinition>,shared object table,classref<src/abap/4_file_information/_abap_file_information.ts.InfoClassDefinition>,1,false,1,1,1,exact,class:src/abap/4_file_information/_abap_file_information.ts.InfoClassDefinition,classref<src/abap/4_file_information/_abap_file_information.ts.InfoClassDefinition>
src/abap/4_file_information/abap_file_information.ts.ABAPFileInformation::getClassImplementationByName,src/abap/4_file_information/abap_file_information.ts.ABAPFileInformation::getClassImplementationByName/body/s1,src/abap/4_file_information/abap_file_information.ts:45:5,other,foreach,classref<src/abap/4_file_information/_abap_file_information.ts.InfoClassImplementation>,shared object table,classref<src/abap/4_file_information/_abap_file_information.ts.InfoClassImplementation>,1,false,1,1,1,exact,class:src/abap/4_file_information/_abap_file_information.ts.InfoClassImplementation,classref<src/abap/4_file_information/_abap_file_information.ts.InfoClassImplementation>
src/abap/4_file_information/abap_file_information.ts.ABAPFileInformation::getInterfaceDefinitionByName,src/abap/4_file_information/abap_file_information.ts.ABAPFileInformation::getInterfaceDefinitionByName/body/s1,src/abap/4_file_information/abap_file_information.ts:21:5,other,foreach,classref<src/abap/4_file_information/_abap_file_information.ts.InfoInterfaceDefinition>,shared object table,classref<src/abap/4_file_information/_abap_file_information.ts.InfoInterfaceDefinition>,1,false,1,1,1,exact,class:src/abap/4_file_information/_abap_file_information.ts.InfoInterfaceDefinition,classref<src/abap/4_file_information/_abap_file_information.ts.InfoInterfaceDefinition>
src/abap/4_file_information/abap_file_information_parser.ts.ABAPFileInformationParser::findBehaviorDefinitionName,src/abap/4_file_information/abap_file_information_parser.ts.ABAPFileInformationParser::findBehaviorDefinitionName/body/s0/x/1/2,src/abap/4_file_information/abap_file_information_parser.ts:183:45,other,new,interfaceref<union.66719939903e43ae9586894a3271d3c1e0bc1a87886c0b01d3e32f95e19d70c3>,shared object table,,0,false,0,0,0,no non-null rows resolved (not an exact proof),,interfaceref<union.66719939903e43ae9586894a3271d3c1e0bc1a87886c0b01d3e32f95e19d70c3>
src/abap/4_file_information/abap_file_information_parser.ts.ABAPFileInformationParser::findBehaviorDefinitionName,src/abap/4_file_information/abap_file_information_parser.ts.ABAPFileInformationParser::findBehaviorDefinitionName/body/s1/s1/body/s0/s0/x,src/abap/4_file_information/abap_file_information_parser.ts:185:21,other,index,interfaceref<union.66719939903e43ae9586894a3271d3c1e0bc1a87886c0b01d3e32f95e19d70c3>,shared object table,interfaceref<union.66719939903e43ae9586894a3271d3c1e0bc1a87886c0b01d3e32f95e19d70c3>,1,false,1,1,0,hierarchy/mixed upper bound,class:src/abap/nodes/expression_node.ts.ExpressionNode;class:src/abap/nodes/statement_node.ts.StatementNode;class:src/abap/nodes/structure_node.ts.StructureNode;class:src/abap/nodes/token_node.ts.TokenNode;class:src/abap/nodes/token_node_regex.ts.TokenNodeRegex,interfaceref<src/abap/nodes/_inode.ts.INode>;interfaceref<union.66719939903e43ae9586894a3271d3c1e0bc1a87886c0b01d3e32f95e19d70c3>;interfaceref<union.ef34b1fae8df131c6c97185482820bb32cd957a6b0ed51ce6b23465fc63eb844>
src/abap/4_file_information/abap_file_information_parser.ts.ABAPFileInformationParser::findBehaviorDefinitionName,src/abap/4_file_information/abap_file_information_parser.ts.ABAPFileInformationParser::findBehaviorDefinitionName/body/s1/s1/body/s0/s1/x/1/0/0/0,src/abap/4_file_information/abap_file_information_parser.ts:188:14,other,index,interfaceref<union.66719939903e43ae9586894a3271d3c1e0bc1a87886c0b01d3e32f95e19d70c3>,shared object table,interfaceref<union.66719939903e43ae9586894a3271d3c1e0bc1a87886c0b01d3e32f95e19d70c3>,1,false,1,1,0,hierarchy/mixed upper bound,class:src/abap/nodes/expression_node.ts.ExpressionNode;class:src/abap/nodes/statement_node.ts.StatementNode;class:src/abap/nodes/structure_node.ts.StructureNode;class:src/abap/nodes/token_node.ts.TokenNode;class:src/abap/nodes/token_node_regex.ts.TokenNodeRegex,interfaceref<src/abap/nodes/_inode.ts.INode>;interfaceref<union.66719939903e43ae9586894a3271d3c1e0bc1a87886c0b01d3e32f95e19d70c3>;interfaceref<union.ef34b1fae8df131c6c97185482820bb32cd957a6b0ed51ce6b23465fc63eb844>
src/abap/4_file_information/abap_file_information_parser.ts.ABAPFileInformationParser::getImplementing,src/abap/4_file_information/abap_file_information_parser.ts.ABAPFileInformationParser::getImplementing/body/s0/x,src/abap/4_file_information/abap_file_information_parser.ts:196:37,other,new,classref<src/abap/4_file_information/_abap_file_information.ts.InfoImplementing>,shared object table,,0,false,0,0,0,exact,class:src/abap/4_file_information/_abap_file_information.ts.InfoImplementing,classref<src/abap/4_file_information/_abap_file_information.ts.InfoImplementing>
src/abap/4_file_information/abap_file_information_parser.ts.ABAPFileInformationParser::getImplementing,src/abap/4_file_information/abap_file_information_parser.ts.ABAPFileInformationParser::getImplementing/body/s1,src/abap/4_file_information/abap_file_information_parser.ts:197:5,other,foreach,classref<src/abap/nodes/statement_node.ts.StatementNode>,shared object table,classref<src/abap/nodes/statement_node.ts.StatementNode>,1,false,1,1,1,hierarchy/mixed upper bound,class:src/abap/nodes/expression_node.ts.ExpressionNode;class:src/abap/nodes/statement_node.ts.StatementNode;class:src/abap/nodes/structure_node.ts.StructureNode;class:src/abap/nodes/token_node.ts.TokenNode;class:src/abap/nodes/token_node_regex.ts.TokenNodeRegex,classref<src/abap/nodes/statement_node.ts.StatementNode>
src/abap/4_file_information/abap_file_information_parser.ts.ABAPFileInformationParser::getImplementing,src/abap/4_file_information/abap_file_information_parser.ts.ABAPFileInformationParser::getImplementing/body/s1/body/s2/body/s0,src/abap/4_file_information/abap_file_information_parser.ts:201:9,other,foreach,classref<src/abap/nodes/expression_node.ts.ExpressionNode>,shared object table,classref<src/abap/nodes/expression_node.ts.ExpressionNode>,2,false,1,1,1,hierarchy/mixed upper bound,class:src/abap/nodes/expression_node.ts.ExpressionNode;class:src/abap/nodes/statement_node.ts.StatementNode;class:src/abap/nodes/structure_node.ts.StructureNode;class:src/abap/nodes/token_node.ts.TokenNode;class:src/abap/nodes/token_node_regex.ts.TokenNodeRegex,classref<src/abap/nodes/expression_node.ts.ExpressionNode>
src/abap/4_file_information/abap_file_information_parser.ts.ABAPFileInformationParser::getImplementing,src/abap/4_file_information/abap_file_information_parser.ts.ABAPFileInformationParser::getImplementing/body/s1/body/s5/body/s0,src/abap/4_file_information/abap_file_information_parser.ts:209:9,other,foreach,classref<src/abap/nodes/expression_node.ts.ExpressionNode>,shared object table,classref<src/abap/nodes/expression_node.ts.ExpressionNode>,2,false,1,1,1,hierarchy/mixed upper bound,class:src/abap/nodes/expression_node.ts.ExpressionNode;class:src/abap/nodes/statement_node.ts.StatementNode;class:src/abap/nodes/structure_node.ts.StructureNode;class:src/abap/nodes/token_node.ts.TokenNode;class:src/abap/nodes/token_node_regex.ts.TokenNodeRegex,classref<src/abap/nodes/expression_node.ts.ExpressionNode>
src/abap/4_file_information/abap_file_information_parser.ts.ABAPFileInformationParser::parse,src/abap/4_file_information/abap_file_information_parser.ts.ABAPFileInformationParser::parse/body/s0/x/arg0,src/abap/4_file_information/abap_file_information_parser.ts:20:19,other,new,classref<src/abap/4_file_information/_abap_file_information.ts.InfoInterfaceDefinition>,shared object table,,0,false,0,0,0,no non-null rows resolved (not an exact proof),,classref<src/abap/4_file_information/_abap_file_information.ts.InfoInterfaceDefinition>
src/abap/4_file_information/abap_file_information_parser.ts.ABAPFileInformationParser::parse,src/abap/4_file_information/abap_file_information_parser.ts.ABAPFileInformationParser::parse/body/s0/x/arg1,src/abap/4_file_information/abap_file_information_parser.ts:21:16,other,new,classref<src/abap/4_file_information/_abap_file_information.ts.InfoClassDefinition>,shared object table,,0,false,0,0,0,no non-null rows resolved (not an exact proof),,classref<src/abap/4_file_information/_abap_file_information.ts.InfoClassDefinition>
src/abap/4_file_information/abap_file_information_parser.ts.ABAPFileInformationParser::parse,src/abap/4_file_information/abap_file_information_parser.ts.ABAPFileInformationParser::parse/body/s0/x/arg2,src/abap/4_file_information/abap_file_information_parser.ts:22:14,other,new,classref<src/abap/4_file_information/_abap_file_information.ts.InfoFormDefinition>,shared object table,,0,false,0,0,0,no non-null rows resolved (not an exact proof),,classref<src/abap/4_file_information/_abap_file_information.ts.InfoFormDefinition>
src/abap/4_file_information/abap_file_information_parser.ts.ABAPFileInformationParser::parse,src/abap/4_file_information/abap_file_information_parser.ts.ABAPFileInformationParser::parse/body/s0/x/arg3,src/abap/4_file_information/abap_file_information_parser.ts:23:24,other,new,classref<src/abap/4_file_information/_abap_file_information.ts.InfoClassImplementation>,shared object table,,0,false,0,0,0,no non-null rows resolved (not an exact proof),,classref<src/abap/4_file_information/_abap_file_information.ts.InfoClassImplementation>
src/abap/4_file_information/abap_file_information_parser.ts.ABAPFileInformationParser::parseAliases,src/abap/4_file_information/abap_file_information_parser.ts.ABAPFileInformationParser::parseAliases/body/s0/body/s0/x,src/abap/4_file_information/abap_file_information_parser.ts:231:14,other,new,classref<src/abap/4_file_information/_abap_file_information.ts.InfoAlias>,shared object table,,0,false,0,0,0,exact,class:src/abap/4_file_information/_abap_file_information.ts.InfoAlias,classref<src/abap/4_file_information/_abap_file_information.ts.InfoAlias>
src/abap/4_file_information/abap_file_information_parser.ts.ABAPFileInformationParser::parseAliases,src/abap/4_file_information/abap_file_information_parser.ts.ABAPFileInformationParser::parseAliases/body/s1/x,src/abap/4_file_information/abap_file_information_parser.ts:234:30,other,new,classref<src/abap/4_file_information/_abap_file_information.ts.InfoAlias>,shared object table,,0,false,0,0,0,exact,class:src/abap/4_file_information/_abap_file_information.ts.InfoAlias,classref<src/abap/4_file_information/_abap_file_information.ts.InfoAlias>
src/abap/4_file_information/abap_file_information_parser.ts.ABAPFileInformationParser::parseAliases,src/abap/4_file_information/abap_file_information_parser.ts.ABAPFileInformationParser::parseAliases/body/s2,src/abap/4_file_information/abap_file_information_parser.ts:235:5,other,foreach,classref<src/abap/nodes/statement_node.ts.StatementNode>,shared object table,classref<src/abap/nodes/statement_node.ts.StatementNode>,1,false,1,1,1,hierarchy/mixed upper bound,class:src/abap/nodes/expression_node.ts.ExpressionNode;class:src/abap/nodes/statement_node.ts.StatementNode;class:src/abap/nodes/structure_node.ts.StructureNode;class:src/abap/nodes/token_node.ts.TokenNode;class:src/abap/nodes/token_node_regex.ts.TokenNodeRegex,classref<src/abap/nodes/statement_node.ts.StatementNode>
src/abap/4_file_information/abap_file_information_parser.ts.ABAPFileInformationParser::parseAttributes,src/abap/4_file_information/abap_file_information_parser.ts.ABAPFileInformationParser::parseAttributes/body/s0/body/s0/x,src/abap/4_file_information/abap_file_information_parser.ts:279:14,other,new,classref<src/abap/4_file_information/_abap_file_information.ts.InfoAttribute>,shared object table,,0,false,0,0,0,exact,class:src/abap/4_file_information/_abap_file_information.ts.InfoAttribute,classref<src/abap/4_file_information/_abap_file_information.ts.InfoAttribute>
src/abap/4_file_information/abap_file_information_parser.ts.ABAPFileInformationParser::parseAttributes,src/abap/4_file_information/abap_file_information_parser.ts.ABAPFileInformationParser::parseAttributes/body/s2/body/s0/x,src/abap/4_file_information/abap_file_information_parser.ts:284:14,other,new,classref<src/abap/4_file_information/_abap_file_information.ts.InfoAttribute>,shared object table,,0,false,0,0,0,exact,class:src/abap/4_file_information/_abap_file_information.ts.InfoAttribute,classref<src/abap/4_file_information/_abap_file_information.ts.InfoAttribute>
src/abap/4_file_information/abap_file_information_parser.ts.ABAPFileInformationParser::parseAttributes,src/abap/4_file_information/abap_file_information_parser.ts.ABAPFileInformationParser::parseAttributes/body/s3/x,src/abap/4_file_information/abap_file_information_parser.ts:287:34,other,new,classref<src/abap/4_file_information/_abap_file_information.ts.InfoAttribute>,shared object table,,0,false,0,0,0,exact,class:src/abap/4_file_information/_abap_file_information.ts.InfoAttribute,classref<src/abap/4_file_information/_abap_file_information.ts.InfoAttribute>
src/abap/4_file_information/abap_file_information_parser.ts.ABAPFileInformationParser::parseAttributes,src/abap/4_file_information/abap_file_information_parser.ts.ABAPFileInformationParser::parseAttributes/body/s4,src/abap/4_file_information/abap_file_information_parser.ts:288:5,other,foreach,classref<src/abap/nodes/statement_node.ts.StatementNode>,shared object table,classref<src/abap/nodes/statement_node.ts.StatementNode>,1,false,1,1,1,hierarchy/mixed upper bound,class:src/abap/nodes/expression_node.ts.ExpressionNode;class:src/abap/nodes/statement_node.ts.StatementNode;class:src/abap/nodes/structure_node.ts.StructureNode;class:src/abap/nodes/token_node.ts.TokenNode;class:src/abap/nodes/token_node_regex.ts.TokenNodeRegex,classref<src/abap/nodes/statement_node.ts.StatementNode>
src/abap/4_file_information/abap_file_information_parser.ts.ABAPFileInformationParser::parseAttributes,src/abap/4_file_information/abap_file_information_parser.ts.ABAPFileInformationParser::parseAttributes/body/s5,src/abap/4_file_information/abap_file_information_parser.ts:298:5,other,foreach,classref<src/abap/nodes/statement_node.ts.StatementNode>,shared object table,classref<src/abap/nodes/statement_node.ts.StatementNode>,1,false,1,1,1,hierarchy/mixed upper bound,class:src/abap/nodes/expression_node.ts.ExpressionNode;class:src/abap/nodes/statement_node.ts.StatementNode;class:src/abap/nodes/structure_node.ts.StructureNode;class:src/abap/nodes/token_node.ts.TokenNode;class:src/abap/nodes/token_node_regex.ts.TokenNodeRegex,classref<src/abap/nodes/statement_node.ts.StatementNode>
src/abap/4_file_information/abap_file_information_parser.ts.ABAPFileInformationParser::parseAttributes,src/abap/4_file_information/abap_file_information_parser.ts.ABAPFileInformationParser::parseAttributes/body/s6,src/abap/4_file_information/abap_file_information_parser.ts:308:5,other,foreach,classref<src/abap/nodes/statement_node.ts.StatementNode>,shared object table,classref<src/abap/nodes/statement_node.ts.StatementNode>,1,false,1,1,1,hierarchy/mixed upper bound,class:src/abap/nodes/expression_node.ts.ExpressionNode;class:src/abap/nodes/statement_node.ts.StatementNode;class:src/abap/nodes/structure_node.ts.StructureNode;class:src/abap/nodes/token_node.ts.TokenNode;class:src/abap/nodes/token_node_regex.ts.TokenNodeRegex,classref<src/abap/nodes/statement_node.ts.StatementNode>
src/abap/4_file_information/abap_file_information_parser.ts.ABAPFileInformationParser::parseClassImplementations,src/abap/4_file_information/abap_file_information_parser.ts.ABAPFileInformationParser::parseClassImplementations/body/s0/x,src/abap/4_file_information/abap_file_information_parser.ts:39:56,other,new,classref<src/abap/4_file_information/_abap_file_information.ts.InfoClassImplementation>,shared object table,,0,false,0,0,0,exact,class:src/abap/4_file_information/_abap_file_information.ts.InfoClassImplementation,classref<src/abap/4_file_information/_abap_file_information.ts.InfoClassImplementation>
src/abap/4_file_information/abap_file_information_parser.ts.ABAPFileInformationParser::parseClassImplementations,src/abap/4_file_information/abap_file_information_parser.ts.ABAPFileInformationParser::parseClassImplementations/body/s1,src/abap/4_file_information/abap_file_information_parser.ts:41:5,other,foreach,classref<src/abap/nodes/structure_node.ts.StructureNode>,shared object table,classref<src/abap/nodes/structure_node.ts.StructureNode>,1,false,1,1,1,hierarchy/mixed upper bound,class:src/abap/nodes/expression_node.ts.ExpressionNode;class:src/abap/nodes/statement_node.ts.StatementNode;class:src/abap/nodes/structure_node.ts.StructureNode;class:src/abap/nodes/token_node.ts.TokenNode;class:src/abap/nodes/token_node_regex.ts.TokenNodeRegex,classref<src/abap/nodes/structure_node.ts.StructureNode>
src/abap/4_file_information/abap_file_information_parser.ts.ABAPFileInformationParser::parseClassImplementations,src/abap/4_file_information/abap_file_information_parser.ts.ABAPFileInformationParser::parseClassImplementations/body/s1/body/s0/x,src/abap/4_file_information/abap_file_information_parser.ts:42:23,other,new,classref<src/abap/4_file_information/_identifier.ts.Identifier>,shared object table,,1,false,0,0,0,exact,class:src/abap/4_file_information/_identifier.ts.Identifier,classref<src/abap/4_file_information/_identifier.ts.Identifier>
src/abap/4_file_information/abap_file_information_parser.ts.ABAPFileInformationParser::parseClassImplementations,src/abap/4_file_information/abap_file_information_parser.ts.ABAPFileInformationParser::parseClassImplementations/body/s1/body/s1,src/abap/4_file_information/abap_file_information_parser.ts:43:7,other,foreach,classref<src/abap/nodes/structure_node.ts.StructureNode>,shared object table,classref<src/abap/nodes/structure_node.ts.StructureNode>,2,false,1,1,1,hierarchy/mixed upper bound,class:src/abap/nodes/expression_node.ts.ExpressionNode;class:src/abap/nodes/statement_node.ts.StatementNode;class:src/abap/nodes/structure_node.ts.StructureNode;class:src/abap/nodes/token_node.ts.TokenNode;class:src/abap/nodes/token_node_regex.ts.TokenNodeRegex,classref<src/abap/nodes/structure_node.ts.StructureNode>
src/abap/4_file_information/abap_file_information_parser.ts.ABAPFileInformationParser::parseClasses,src/abap/4_file_information/abap_file_information_parser.ts.ABAPFileInformationParser::parseClasses/body/s0/x,src/abap/4_file_information/abap_file_information_parser.ts:110:44,other,new,classref<src/abap/4_file_information/_abap_file_information.ts.InfoClassDefinition>,shared object table,,0,false,0,0,0,exact,class:src/abap/4_file_information/_abap_file_information.ts.InfoClassDefinition,classref<src/abap/4_file_information/_abap_file_information.ts.InfoClassDefinition>
src/abap/4_file_information/abap_file_information_parser.ts.ABAPFileInformationParser::parseClasses,src/abap/4_file_information/abap_file_information_parser.ts.ABAPFileInformationParser::parseClasses/body/s1,src/abap/4_file_information/abap_file_information_parser.ts:112:5,other,foreach,classref<src/abap/nodes/structure_node.ts.StructureNode>,shared object table,classref<src/abap/nodes/structure_node.ts.StructureNode>,1,false,1,1,1,hierarchy/mixed upper bound,class:src/abap/nodes/expression_node.ts.ExpressionNode;class:src/abap/nodes/statement_node.ts.StatementNode;class:src/abap/nodes/structure_node.ts.StructureNode;class:src/abap/nodes/token_node.ts.TokenNode;class:src/abap/nodes/token_node_regex.ts.TokenNodeRegex,classref<src/abap/nodes/structure_node.ts.StructureNode>
src/abap/4_file_information/abap_file_information_parser.ts.ABAPFileInformationParser::parseClasses,src/abap/4_file_information/abap_file_information_parser.ts.ABAPFileInformationParser::parseClasses/body/s1/body/s11/x/seq/s0,src/abap/4_file_information/abap_file_information_parser.ts:128:7,other,foreach,classref<src/abap/4_file_information/_abap_file_information.ts.InfoConstant>,shared object table,classref<src/abap/4_file_information/_abap_file_information.ts.InfoConstant>,2,false,1,1,1,exact,class:src/abap/4_file_information/_abap_file_information.ts.InfoConstant,classref<src/abap/4_file_information/_abap_file_information.ts.InfoConstant>
src/abap/4_file_information/abap_file_information_parser.ts.ABAPFileInformationParser::parseClasses,src/abap/4_file_information/abap_file_information_parser.ts.ABAPFileInformationParser::parseClasses/body/s1/body/s12/x/seq/s0,src/abap/4_file_information/abap_file_information_parser.ts:129:7,other,foreach,classref<src/abap/4_file_information/_abap_file_information.ts.InfoConstant>,shared object table,classref<src/abap/4_file_information/_abap_file_information.ts.InfoConstant>,2,false,1,1,1,exact,class:src/abap/4_file_information/_abap_file_information.ts.InfoConstant,classref<src/abap/4_file_information/_abap_file_information.ts.InfoConstant>
src/abap/4_file_information/abap_file_information_parser.ts.ABAPFileInformationParser::parseClasses,src/abap/4_file_information/abap_file_information_parser.ts.ABAPFileInformationParser::parseClasses/body/s1/body/s2/x/seq/s0,src/abap/4_file_information/abap_file_information_parser.ts:116:7,other,foreach,classref<src/abap/4_file_information/_abap_file_information.ts.InfoMethodDefinition>,shared object table,classref<src/abap/4_file_information/_abap_file_information.ts.InfoMethodDefinition>,2,false,1,1,1,exact,class:src/abap/4_file_information/_abap_file_information.ts.InfoMethodDefinition,classref<src/abap/4_file_information/_abap_file_information.ts.InfoMethodDefinition>
src/abap/4_file_information/abap_file_information_parser.ts.ABAPFileInformationParser::parseClasses,src/abap/4_file_information/abap_file_information_parser.ts.ABAPFileInformationParser::parseClasses/body/s1/body/s3/x/seq/s0,src/abap/4_file_information/abap_file_information_parser.ts:117:7,other,foreach,classref<src/abap/4_file_information/_abap_file_information.ts.InfoMethodDefinition>,shared object table,classref<src/abap/4_file_information/_abap_file_information.ts.InfoMethodDefinition>,2,false,1,1,1,exact,class:src/abap/4_file_information/_abap_file_information.ts.InfoMethodDefinition,classref<src/abap/4_file_information/_abap_file_information.ts.InfoMethodDefinition>
src/abap/4_file_information/abap_file_information_parser.ts.ABAPFileInformationParser::parseClasses,src/abap/4_file_information/abap_file_information_parser.ts.ABAPFileInformationParser::parseClasses/body/s1/body/s5/x/seq/s0,src/abap/4_file_information/abap_file_information_parser.ts:120:7,other,foreach,classref<src/abap/4_file_information/_abap_file_information.ts.InfoAttribute>,shared object table,classref<src/abap/4_file_information/_abap_file_information.ts.InfoAttribute>,2,false,1,1,1,exact,class:src/abap/4_file_information/_abap_file_information.ts.InfoAttribute,classref<src/abap/4_file_information/_abap_file_information.ts.InfoAttribute>
src/abap/4_file_information/abap_file_information_parser.ts.ABAPFileInformationParser::parseClasses,src/abap/4_file_information/abap_file_information_parser.ts.ABAPFileInformationParser::parseClasses/body/s1/body/s6/x/seq/s0,src/abap/4_file_information/abap_file_information_parser.ts:121:7,other,foreach,classref<src/abap/4_file_information/_abap_file_information.ts.InfoAttribute>,shared object table,classref<src/abap/4_file_information/_abap_file_information.ts.InfoAttribute>,2,false,1,1,1,exact,class:src/abap/4_file_information/_abap_file_information.ts.InfoAttribute,classref<src/abap/4_file_information/_abap_file_information.ts.InfoAttribute>
src/abap/4_file_information/abap_file_information_parser.ts.ABAPFileInformationParser::parseClasses,src/abap/4_file_information/abap_file_information_parser.ts.ABAPFileInformationParser::parseClasses/body/s1/body/s8/x/seq/s0,src/abap/4_file_information/abap_file_information_parser.ts:124:7,other,foreach,classref<src/abap/4_file_information/_abap_file_information.ts.InfoAlias>,shared object table,classref<src/abap/4_file_information/_abap_file_information.ts.InfoAlias>,2,false,1,1,1,exact,class:src/abap/4_file_information/_abap_file_information.ts.InfoAlias,classref<src/abap/4_file_information/_abap_file_information.ts.InfoAlias>
src/abap/4_file_information/abap_file_information_parser.ts.ABAPFileInformationParser::parseClasses,src/abap/4_file_information/abap_file_information_parser.ts.ABAPFileInformationParser::parseClasses/body/s1/body/s9/x/seq/s0,src/abap/4_file_information/abap_file_information_parser.ts:125:7,other,foreach,classref<src/abap/4_file_information/_abap_file_information.ts.InfoAlias>,shared object table,classref<src/abap/4_file_information/_abap_file_information.ts.InfoAlias>,2,false,1,1,1,exact,class:src/abap/4_file_information/_abap_file_information.ts.InfoAlias,classref<src/abap/4_file_information/_abap_file_information.ts.InfoAlias>
src/abap/4_file_information/abap_file_information_parser.ts.ABAPFileInformationParser::parseConstants,src/abap/4_file_information/abap_file_information_parser.ts.ABAPFileInformationParser::parseConstants/body/s0/body/s0/x,src/abap/4_file_information/abap_file_information_parser.ts:252:14,other,new,classref<src/abap/4_file_information/_abap_file_information.ts.InfoConstant>,shared object table,,0,false,0,0,0,exact,class:src/abap/4_file_information/_abap_file_information.ts.InfoConstant,classref<src/abap/4_file_information/_abap_file_information.ts.InfoConstant>
src/abap/4_file_information/abap_file_information_parser.ts.ABAPFileInformationParser::parseConstants,src/abap/4_file_information/abap_file_information_parser.ts.ABAPFileInformationParser::parseConstants/body/s1/x,src/abap/4_file_information/abap_file_information_parser.ts:255:37,other,new,classref<src/abap/4_file_information/_abap_file_information.ts.InfoConstant>,shared object table,,0,false,0,0,0,exact,class:src/abap/4_file_information/_abap_file_information.ts.InfoConstant,classref<src/abap/4_file_information/_abap_file_information.ts.InfoConstant>
src/abap/4_file_information/abap_file_information_parser.ts.ABAPFileInformationParser::parseConstants,src/abap/4_file_information/abap_file_information_parser.ts.ABAPFileInformationParser::parseConstants/body/s2,src/abap/4_file_information/abap_file_information_parser.ts:256:5,other,foreach,classref<src/abap/nodes/statement_node.ts.StatementNode>,shared object table,classref<src/abap/nodes/statement_node.ts.StatementNode>,1,false,1,1,1,hierarchy/mixed upper bound,class:src/abap/nodes/expression_node.ts.ExpressionNode;class:src/abap/nodes/statement_node.ts.StatementNode;class:src/abap/nodes/structure_node.ts.StructureNode;class:src/abap/nodes/token_node.ts.TokenNode;class:src/abap/nodes/token_node_regex.ts.TokenNodeRegex,classref<src/abap/nodes/statement_node.ts.StatementNode>
src/abap/4_file_information/abap_file_information_parser.ts.ABAPFileInformationParser::parseConstants,src/abap/4_file_information/abap_file_information_parser.ts.ABAPFileInformationParser::parseConstants/body/s2/body/s2/x/seq/s0/x/seq/s0/x/1/2,src/abap/4_file_information/abap_file_information_parser.ts:261:23,other,index,classref<src/abap/1_lexer/tokens/abstract_token.ts.AbstractToken>,shared object table,classref<src/abap/1_lexer/tokens/abstract_token.ts.AbstractToken>,1,false,1,1,1,hierarchy/mixed upper bound,class:src/abap/1_lexer/tokens/association_name.ts.AssociationName;class:src/abap/1_lexer/tokens/at.ts.At;class:src/abap/1_lexer/tokens/atw.ts.AtW;class:src/abap/1_lexer/tokens/bracket_left.ts.BracketLeft;class:src/abap/1_lexer/tokens/bracket_leftw.ts.BracketLeftW;class:src/abap/1_lexer/tokens/bracket_right.ts.BracketRight;class:src/abap/1_lexer/tokens/bracket_rightw.ts.BracketRightW;class:src/abap/1_lexer/tokens/comment.ts.Comment;class:src/abap/1_lexer/tokens/dash.ts.Dash;class:src/abap/1_lexer/tokens/dashw.ts.DashW;class:src/abap/1_lexer/tokens/identifier.ts.Identifier;class:src/abap/1_lexer/tokens/instance_arrow.ts.InstanceArrow;class:src/abap/1_lexer/tokens/instance_arroww.ts.InstanceArrowW;class:src/abap/1_lexer/tokens/paren_left.ts.ParenLeft;class:src/abap/1_lexer/tokens/paren_leftw.ts.ParenLeftW;class:src/abap/1_lexer/tokens/paren_right.ts.ParenRight;class:src/abap/1_lexer/tokens/paren_rightw.ts.ParenRightW;class:src/abap/1_lexer/tokens/plus.ts.Plus;class:src/abap/1_lexer/tokens/plusw.ts.PlusW;class:src/abap/1_lexer/tokens/pragma.ts.Pragma;class:src/abap/1_lexer/tokens/punctuation.ts.Punctuation;class:src/abap/1_lexer/tokens/static_arrow.ts.StaticArrow;class:src/abap/1_lexer/tokens/static_arroww.ts.StaticArrowW;class:src/abap/1_lexer/tokens/string.ts.StringToken;class:src/abap/1_lexer/tokens/string_template.ts.StringTemplate;class:src/abap/1_lexer/tokens/string_template_begin.ts.StringTemplateBegin;class:src/abap/1_lexer/tokens/string_template_end.ts.StringTemplateEnd;class:src/abap/1_lexer/tokens/string_template_middle.ts.StringTemplateMiddle;class:src/abap/1_lexer/tokens/wat.ts.WAt;class:src/abap/1_lexer/tokens/watw.ts.WAtW;class:src/abap/1_lexer/tokens/wbracket_left.ts.WBracketLeft;class:src/abap/1_lexer/tokens/wbracket_leftw.ts.WBracketLeftW;class:src/abap/1_lexer/tokens/wbracket_right.ts.WBracketRight;class:src/abap/1_lexer/tokens/wbracket_rightw.ts.WBracketRightW;class:src/abap/1_lexer/tokens/wdash.ts.WDash;class:src/abap/1_lexer/tokens/wdashw.ts.WDashW;class:src/abap/1_lexer/tokens/winstance_arrow.ts.WInstanceArrow;class:src/abap/1_lexer/tokens/winstance_arroww.ts.WInstanceArrowW;class:src/abap/1_lexer/tokens/wparen_left.ts.WParenLeft;class:src/abap/1_lexer/tokens/wparen_leftw.ts.WParenLeftW;class:src/abap/1_lexer/tokens/wparen_right.ts.WParenRight;class:src/abap/1_lexer/tokens/wparen_rightw.ts.WParenRightW;class:src/abap/1_lexer/tokens/wplus.ts.WPlus;class:src/abap/1_lexer/tokens/wplusw.ts.WPlusW;class:src/abap/1_lexer/tokens/wstatic_arrow.ts.WStaticArrow;class:src/abap/1_lexer/tokens/wstatic_arroww.ts.WStaticArrowW,classref<src/abap/1_lexer/tokens/abstract_token.ts.AbstractToken>
src/abap/4_file_information/abap_file_information_parser.ts.ABAPFileInformationParser::parseForms,src/abap/4_file_information/abap_file_information_parser.ts.ABAPFileInformationParser::parseForms/body/s0/x,src/abap/4_file_information/abap_file_information_parser.ts:62:41,other,new,classref<src/abap/4_file_information/_abap_file_information.ts.InfoFormDefinition>,shared object table,,0,false,0,0,0,exact,class:src/abap/4_file_information/_abap_file_information.ts.InfoFormDefinition,classref<src/abap/4_file_information/_abap_file_information.ts.InfoFormDefinition>
src/abap/4_file_information/abap_file_information_parser.ts.ABAPFileInformationParser::parseForms,src/abap/4_file_information/abap_file_information_parser.ts.ABAPFileInformationParser::parseForms/body/s1,src/abap/4_file_information/abap_file_information_parser.ts:64:5,other,foreach,classref<src/abap/nodes/structure_node.ts.StructureNode>,shared object table,classref<src/abap/nodes/structure_node.ts.StructureNode>,1,false,1,1,1,hierarchy/mixed upper bound,class:src/abap/nodes/expression_node.ts.ExpressionNode;class:src/abap/nodes/statement_node.ts.StatementNode;class:src/abap/nodes/structure_node.ts.StructureNode;class:src/abap/nodes/token_node.ts.TokenNode;class:src/abap/nodes/token_node_regex.ts.TokenNodeRegex,classref<src/abap/nodes/structure_node.ts.StructureNode>
src/abap/4_file_information/abap_file_information_parser.ts.ABAPFileInformationParser::parseInterfaces,src/abap/4_file_information/abap_file_information_parser.ts.ABAPFileInformationParser::parseInterfaces/body/s0/x,src/abap/4_file_information/abap_file_information_parser.ts:79:51,other,new,classref<src/abap/4_file_information/_abap_file_information.ts.InfoInterfaceDefinition>,shared object table,,0,false,0,0,0,exact,class:src/abap/4_file_information/_abap_file_information.ts.InfoInterfaceDefinition,classref<src/abap/4_file_information/_abap_file_information.ts.InfoInterfaceDefinition>
src/abap/4_file_information/abap_file_information_parser.ts.ABAPFileInformationParser::parseInterfaces,src/abap/4_file_information/abap_file_information_parser.ts.ABAPFileInformationParser::parseInterfaces/body/s1,src/abap/4_file_information/abap_file_information_parser.ts:81:5,other,foreach,classref<src/abap/nodes/structure_node.ts.StructureNode>,shared object table,classref<src/abap/nodes/structure_node.ts.StructureNode>,1,false,1,1,1,hierarchy/mixed upper bound,class:src/abap/nodes/expression_node.ts.ExpressionNode;class:src/abap/nodes/statement_node.ts.StatementNode;class:src/abap/nodes/structure_node.ts.StructureNode;class:src/abap/nodes/token_node.ts.TokenNode;class:src/abap/nodes/token_node_regex.ts.TokenNodeRegex,classref<src/abap/nodes/structure_node.ts.StructureNode>
src/abap/4_file_information/abap_file_information_parser.ts.ABAPFileInformationParser::parseMethodDefinition,src/abap/4_file_information/abap_file_information_parser.ts.ABAPFileInformationParser::parseMethodDefinition/body/s0/body/s0/x,src/abap/4_file_information/abap_file_information_parser.ts:324:14,other,new,classref<src/abap/4_file_information/_abap_file_information.ts.InfoMethodDefinition>,shared object table,,0,false,0,0,0,exact,class:src/abap/4_file_information/_abap_file_information.ts.InfoMethodDefinition,classref<src/abap/4_file_information/_abap_file_information.ts.InfoMethodDefinition>
src/abap/4_file_information/abap_file_information_parser.ts.ABAPFileInformationParser::parseMethodDefinition,src/abap/4_file_information/abap_file_information_parser.ts.ABAPFileInformationParser::parseMethodDefinition/body/s1/x,src/abap/4_file_information/abap_file_information_parser.ts:327:45,other,new,classref<src/abap/4_file_information/_abap_file_information.ts.InfoMethodDefinition>,shared object table,,0,false,0,0,0,exact,class:src/abap/4_file_information/_abap_file_information.ts.InfoMethodDefinition,classref<src/abap/4_file_information/_abap_file_information.ts.InfoMethodDefinition>
src/abap/4_file_information/abap_file_information_parser.ts.ABAPFileInformationParser::parseMethodDefinition,src/abap/4_file_information/abap_file_information_parser.ts.ABAPFileInformationParser::parseMethodDefinition/body/s2,src/abap/4_file_information/abap_file_information_parser.ts:328:5,other,foreach,classref<src/abap/nodes/statement_node.ts.StatementNode>,shared object table,classref<src/abap/nodes/statement_node.ts.StatementNode>,1,false,1,1,1,hierarchy/mixed upper bound,class:src/abap/nodes/expression_node.ts.ExpressionNode;class:src/abap/nodes/statement_node.ts.StatementNode;class:src/abap/nodes/structure_node.ts.StructureNode;class:src/abap/nodes/token_node.ts.TokenNode;class:src/abap/nodes/token_node_regex.ts.TokenNodeRegex,classref<src/abap/nodes/statement_node.ts.StatementNode>
src/abap/4_file_information/abap_file_information_parser.ts.ABAPFileInformationParser::parseMethodParameters,src/abap/4_file_information/abap_file_information_parser.ts.ABAPFileInformationParser::parseMethodParameters/body/s0/x,src/abap/4_file_information/abap_file_information_parser.ts:357:40,other,new,classref<src/abap/4_file_information/_abap_file_information.ts.InfoMethodParameter>,shared object table,,0,false,0,0,0,exact,class:src/abap/4_file_information/_abap_file_information.ts.InfoMethodParameter,classref<src/abap/4_file_information/_abap_file_information.ts.InfoMethodParameter>
src/abap/4_file_information/abap_file_information_parser.ts.ABAPFileInformationParser::parseMethodParameters,src/abap/4_file_information/abap_file_information_parser.ts.ABAPFileInformationParser::parseMethodParameters/body/s2/body/s0,src/abap/4_file_information/abap_file_information_parser.ts:361:7,other,foreach,classref<src/abap/nodes/expression_node.ts.ExpressionNode>,shared object table,classref<src/abap/nodes/expression_node.ts.ExpressionNode>,1,false,1,1,1,hierarchy/mixed upper bound,class:src/abap/nodes/expression_node.ts.ExpressionNode;class:src/abap/nodes/statement_node.ts.StatementNode;class:src/abap/nodes/structure_node.ts.StructureNode;class:src/abap/nodes/token_node.ts.TokenNode;class:src/abap/nodes/token_node_regex.ts.TokenNodeRegex,classref<src/abap/nodes/expression_node.ts.ExpressionNode>
src/abap/4_file_information/abap_file_information_parser.ts.ABAPFileInformationParser::parseMethodParameters,src/abap/4_file_information/abap_file_information_parser.ts.ABAPFileInformationParser::parseMethodParameters/body/s4/body/s0,src/abap/4_file_information/abap_file_information_parser.ts:375:7,other,foreach,classref<src/abap/nodes/expression_node.ts.ExpressionNode>,shared object table,classref<src/abap/nodes/expression_node.ts.ExpressionNode>,1,false,1,1,1,hierarchy/mixed upper bound,class:src/abap/nodes/expression_node.ts.ExpressionNode;class:src/abap/nodes/statement_node.ts.StatementNode;class:src/abap/nodes/structure_node.ts.StructureNode;class:src/abap/nodes/token_node.ts.TokenNode;class:src/abap/nodes/token_node_regex.ts.TokenNodeRegex,classref<src/abap/nodes/expression_node.ts.ExpressionNode>
src/abap/4_file_information/abap_file_information_parser.ts.ABAPFileInformationParser::parseMethodParameters,src/abap/4_file_information/abap_file_information_parser.ts.ABAPFileInformationParser::parseMethodParameters/body/s6/body/s0,src/abap/4_file_information/abap_file_information_parser.ts:389:7,other,foreach,classref<src/abap/nodes/expression_node.ts.ExpressionNode>,shared object table,classref<src/abap/nodes/expression_node.ts.ExpressionNode>,1,false,1,1,1,hierarchy/mixed upper bound,class:src/abap/nodes/expression_node.ts.ExpressionNode;class:src/abap/nodes/statement_node.ts.StatementNode;class:src/abap/nodes/structure_node.ts.StructureNode;class:src/abap/nodes/token_node.ts.TokenNode;class:src/abap/nodes/token_node_regex.ts.TokenNodeRegex,classref<src/abap/nodes/expression_node.ts.ExpressionNode>
src/abap/5_syntax/_builtin.ts.BuiltIn::buildSY,src/abap/5_syntax/_builtin.ts.BuiltIn::buildSY/body/s0/x,src/abap/5_syntax/_builtin.ts:1161:47,syntax,new,classref<src/abap/types/basic/structure_type.ts.IStructureComponent>,shared object table,,0,false,0,0,0,exact,class:src/abap/types/basic/structure_type.ts.IStructureComponent,classref<src/abap/types/basic/structure_type.ts.IStructureComponent>
src/abap/5_syntax/_builtin.ts.BuiltIn::buildSY,src/abap/5_syntax/_builtin.ts.BuiltIn::buildSY/body/s181/x/seq/s0/x,src/abap/5_syntax/_builtin.ts:1349:12,syntax,new,classref<src/abap/types/_typed_identifier.ts.TypedIdentifier>,shared object table,,0,false,0,0,0,exact,class:src/abap/types/_typed_identifier.ts.TypedIdentifier,classref<src/abap/types/_typed_identifier.ts.TypedIdentifier>
src/abap/5_syntax/_builtin.ts.BuiltIn::class_constructor,src/abap/5_syntax/_builtin.ts.BuiltIn::class_constructor/body/s2/y,src/abap/5_syntax/_builtin.ts:135:57,syntax,new,classref<src/abap/types/_typed_identifier.ts.TypedIdentifier>,shared object table,,0,false,0,0,0,exact,class:src/abap/types/_typed_identifier.ts.TypedIdentifier,classref<src/abap/types/_typed_identifier.ts.TypedIdentifier>
src/abap/5_syntax/_builtin.ts.BuiltIn::class_constructor,src/abap/5_syntax/_builtin.ts.BuiltIn::class_constructor/body/s5/y,src/abap/5_syntax/_builtin.ts:138:51,syntax,new,classref<src/abap/types/_typed_identifier.ts.TypedIdentifier>,shared object table,,0,false,0,0,0,exact,class:src/abap/types/_typed_identifier.ts.TypedIdentifier,classref<src/abap/types/_typed_identifier.ts.TypedIdentifier>
src/abap/5_syntax/_builtin.ts.BuiltIn::get,src/abap/5_syntax/_builtin.ts.BuiltIn::get/body/s0/x,src/abap/5_syntax/_builtin.ts:1099:36,syntax,new,classref<src/abap/types/_typed_identifier.ts.TypedIdentifier>,shared object table,,0,false,0,0,0,exact,class:src/abap/types/_typed_identifier.ts.TypedIdentifier,classref<src/abap/types/_typed_identifier.ts.TypedIdentifier>
src/abap/5_syntax/_builtin.ts.BuiltIn::get,src/abap/5_syntax/_builtin.ts.BuiltIn::get/body/s1/body/s0/x/seq/s0,src/abap/5_syntax/_builtin.ts:1102:7,syntax,foreach,classref<src/abap/types/_typed_identifier.ts.TypedIdentifier>,shared object table,classref<src/abap/types/_typed_identifier.ts.TypedIdentifier>,1,false,1,1,1,exact,class:src/abap/types/_typed_identifier.ts.TypedIdentifier,classref<src/abap/types/_typed_identifier.ts.TypedIdentifier>
src/abap/5_syntax/_builtin.ts.BuiltIn::get,src/abap/5_syntax/_builtin.ts.BuiltIn::get/body/s2/x/seq/s0,src/abap/5_syntax/_builtin.ts:1136:5,syntax,foreach,classref<src/abap/types/_typed_identifier.ts.TypedIdentifier>,shared object table,classref<src/abap/types/_typed_identifier.ts.TypedIdentifier>,1,false,1,1,1,exact,class:src/abap/types/_typed_identifier.ts.TypedIdentifier,classref<src/abap/types/_typed_identifier.ts.TypedIdentifier>
src/abap/5_syntax/_builtin.ts.BuiltIn::get,src/abap/5_syntax/_builtin.ts.BuiltIn::get/body/s4/body/s1/y,src/abap/5_syntax/_builtin.ts:1142:29,syntax,new,classref<src/abap/types/_typed_identifier.ts.TypedIdentifier>,shared object table,,0,false,0,0,0,exact,class:src/abap/types/_typed_identifier.ts.TypedIdentifier,classref<src/abap/types/_typed_identifier.ts.TypedIdentifier>
src/abap/5_syntax/_builtin.ts.BuiltIn::get,src/abap/5_syntax/_builtin.ts.BuiltIn::get/body/s5/x/seq/s0,src/abap/5_syntax/_builtin.ts:1148:5,syntax,foreach,classref<src/abap/types/_typed_identifier.ts.TypedIdentifier>,shared object table,classref<src/abap/types/_typed_identifier.ts.TypedIdentifier>,1,false,1,1,1,exact,class:src/abap/types/_typed_identifier.ts.TypedIdentifier,classref<src/abap/types/_typed_identifier.ts.TypedIdentifier>
src/abap/5_syntax/_builtin.ts.BuiltInMethod::getImporting,src/abap/5_syntax/_builtin.ts.BuiltInMethod::getImporting/body/s0/x,src/abap/5_syntax/_builtin.ts:59:36,syntax,new,classref<src/abap/types/_typed_identifier.ts.TypedIdentifier>,shared object table,,0,false,0,0,0,exact,class:src/abap/types/_typed_identifier.ts.TypedIdentifier,classref<src/abap/types/_typed_identifier.ts.TypedIdentifier>
src/abap/5_syntax/_builtin.ts.BuiltInMethod::getRequiredParameters,src/abap/5_syntax/_builtin.ts.BuiltInMethod::getRequiredParameters/body/s0/x,src/abap/5_syntax/_builtin.ts:34:36,syntax,new,classref<src/abap/types/_typed_identifier.ts.TypedIdentifier>,shared object table,,0,false,0,0,0,exact,class:src/abap/types/_typed_identifier.ts.TypedIdentifier,classref<src/abap/types/_typed_identifier.ts.TypedIdentifier>
src/abap/5_syntax/_current_scope.ts.CurrentScope::addBuiltIn,src/abap/5_syntax/_current_scope.ts.CurrentScope::addBuiltIn/body/s3,src/abap/5_syntax/_current_scope.ts:55:5,syntax,foreach,classref<src/abap/types/_typed_identifier.ts.TypedIdentifier>,shared object table,classref<src/abap/types/_typed_identifier.ts.TypedIdentifier>,1,false,1,1,1,exact,class:src/abap/types/_typed_identifier.ts.TypedIdentifier,classref<src/abap/types/_typed_identifier.ts.TypedIdentifier>
src/abap/5_syntax/_current_scope.ts.CurrentScope::addFormDefinitions,src/abap/5_syntax/_current_scope.ts.CurrentScope::addFormDefinitions/body/s1/x/seq/s0,src/abap/5_syntax/_current_scope.ts:147:5,syntax,foreach,interfaceref<src/abap/types/_form_definition.ts.IFormDefinition>,shared object table,interfaceref<src/abap/types/_form_definition.ts.IFormDefinition>,1,false,1,1,1,hierarchy/mixed upper bound,class:src/abap/types/form_definition.ts.FormDefinition,interfaceref<src/abap/types/_form_definition.ts.IFormDefinition>
src/abap/5_syntax/_current_scope.ts.CurrentScope::addList,src/abap/5_syntax/_current_scope.ts.CurrentScope::addList/body/s0,src/abap/5_syntax/_current_scope.ts:231:5,syntax,foreach,classref<src/abap/types/_typed_identifier.ts.TypedIdentifier>,shared object table,classref<src/abap/types/_typed_identifier.ts.TypedIdentifier>,1,false,1,1,0,hierarchy/mixed upper bound,class:src/abap/types/_typed_identifier.ts.TypedIdentifier;class:src/abap/types/class_attribute.ts.ClassAttribute;class:src/abap/types/class_constant.ts.ClassConstant,classref<src/abap/types/_typed_identifier.ts.TypedIdentifier>;classref<src/abap/types/class_attribute.ts.ClassAttribute>;classref<src/abap/types/class_constant.ts.ClassConstant>
src/abap/5_syntax/_current_scope.ts.CurrentScope::addListPrefix,src/abap/5_syntax/_current_scope.ts.CurrentScope::addListPrefix/body/s0,src/abap/5_syntax/_current_scope.ts:225:5,syntax,foreach,classref<src/abap/types/_typed_identifier.ts.TypedIdentifier>,shared object table,classref<src/abap/types/_typed_identifier.ts.TypedIdentifier>,1,false,1,1,0,hierarchy/mixed upper bound,class:src/abap/types/class_attribute.ts.ClassAttribute;class:src/abap/types/class_constant.ts.ClassConstant,classref<src/abap/types/_typed_identifier.ts.TypedIdentifier>;classref<src/abap/types/class_attribute.ts.ClassAttribute>;classref<src/abap/types/class_constant.ts.ClassConstant>
src/abap/5_syntax/_current_scope.ts.CurrentScope::updateFormDefinition,src/abap/5_syntax/_current_scope.ts.CurrentScope::updateFormDefinition/body/s1/body/s1/s1/body/s0/s0/x/0,src/abap/5_syntax/_current_scope.ts:157:13,syntax,index,interfaceref<src/abap/types/_form_definition.ts.IFormDefinition>,shared object table,interfaceref<src/abap/types/_form_definition.ts.IFormDefinition>,2,false,1,1,1,hierarchy/mixed upper bound,class:src/abap/types/form_definition.ts.FormDefinition,interfaceref<src/abap/types/_form_definition.ts.IFormDefinition>
src/abap/5_syntax/_object_oriented.ts.ObjectOriented::addAliasedAttributes,src/abap/5_syntax/_object_oriented.ts.ObjectOriented::addAliasedAttributes/body/s0,src/abap/5_syntax/_object_oriented.ts:53:5,syntax,foreach,classref<src/abap/types/alias.ts.Alias>,shared object table,classref<src/abap/types/alias.ts.Alias>,1,false,1,1,1,exact,class:src/abap/types/alias.ts.Alias,classref<src/abap/types/alias.ts.Alias>
src/abap/5_syntax/_object_oriented.ts.ObjectOriented::addAliasedAttributes,src/abap/5_syntax/_object_oriented.ts.ObjectOriented::addAliasedAttributes/body/s0/x/1/2,src/abap/5_syntax/_object_oriented.ts:53:57,syntax,new,classref<src/abap/types/alias.ts.Alias>,shared object table,,0,false,0,0,0,no non-null rows resolved (not an exact proof),,classref<src/abap/types/alias.ts.Alias>
src/abap/5_syntax/_object_oriented.ts.ObjectOriented::addAliasedTypes,src/abap/5_syntax/_object_oriented.ts.ObjectOriented::addAliasedTypes/body/s0,src/abap/5_syntax/_object_oriented.ts:73:5,syntax,foreach,classref<src/abap/types/alias.ts.Alias>,shared object table,classref<src/abap/types/alias.ts.Alias>,1,false,1,1,1,exact,class:src/abap/types/alias.ts.Alias,classref<src/abap/types/alias.ts.Alias>
src/abap/5_syntax/_object_oriented.ts.ObjectOriented::addAliasedTypes,src/abap/5_syntax/_object_oriented.ts.ObjectOriented::addAliasedTypes/body/s0/x/1/2,src/abap/5_syntax/_object_oriented.ts:73:57,syntax,new,classref<src/abap/types/alias.ts.Alias>,shared object table,,0,false,0,0,0,no non-null rows resolved (not an exact proof),,classref<src/abap/types/alias.ts.Alias>
src/abap/5_syntax/_object_oriented.ts.ObjectOriented::findInterfaces,src/abap/5_syntax/_object_oriented.ts.ObjectOriented::findInterfaces/body/s0/x/seq/s0/x,src/abap/5_syntax/_object_oriented.ts:148:17,syntax,new,classref<src/abap/types/_interface_definition.ts.IImplementing>,shared object table,,0,false,0,0,0,no non-null rows resolved (not an exact proof),,classref<src/abap/types/_interface_definition.ts.IImplementing>
src/abap/5_syntax/_object_oriented.ts.ObjectOriented::findInterfaces,src/abap/5_syntax/_object_oriented.ts.ObjectOriented::findInterfaces/body/s0/x/seq/s1/x,,syntax,array.concat,classref<src/abap/types/_interface_definition.ts.IImplementing>,shared object table,,0,false,0,0,0,exact,class:src/abap/types/_interface_definition.ts.IImplementing,classref<src/abap/types/_interface_definition.ts.IImplementing>
src/abap/5_syntax/_object_oriented.ts.ObjectOriented::findInterfaces,src/abap/5_syntax/_object_oriented.ts.ObjectOriented::findInterfaces/body/s1,src/abap/5_syntax/_object_oriented.ts:150:5,syntax,foreach,classref<src/abap/types/_interface_definition.ts.IImplementing>,shared object table,classref<src/abap/types/_interface_definition.ts.IImplementing>,1,false,1,1,1,exact,class:src/abap/types/_interface_definition.ts.IImplementing,classref<src/abap/types/_interface_definition.ts.IImplementing>
src/abap/5_syntax/_object_oriented.ts.ObjectOriented::findInterfaces,src/abap/5_syntax/_object_oriented.ts.ObjectOriented::findInterfaces/body/s1/body/s1/body/s0/x/seq/s0,src/abap/5_syntax/_object_oriented.ts:153:9,syntax,foreach,classref<src/abap/types/_interface_definition.ts.IImplementing>,shared object table,classref<src/abap/types/_interface_definition.ts.IImplementing>,2,false,1,1,1,exact,class:src/abap/types/_interface_definition.ts.IImplementing,classref<src/abap/types/_interface_definition.ts.IImplementing>
src/abap/5_syntax/_object_oriented.ts.ObjectOriented::findInterfaces,src/abap/5_syntax/_object_oriented.ts.ObjectOriented::findInterfaces/body/s3/body/s0/body/s0/x/seq/s0,src/abap/5_syntax/_object_oriented.ts:160:9,syntax,foreach,classref<src/abap/types/_interface_definition.ts.IImplementing>,shared object table,classref<src/abap/types/_interface_definition.ts.IImplementing>,1,false,1,1,1,exact,class:src/abap/types/_interface_definition.ts.IImplementing,classref<src/abap/types/_interface_definition.ts.IImplementing>
src/abap/5_syntax/_object_oriented.ts.ObjectOriented::findMethodViaAlias,src/abap/5_syntax/_object_oriented.ts.ObjectOriented::findMethodViaAlias/body/s0,src/abap/5_syntax/_object_oriented.ts:109:5,syntax,foreach,classref<src/abap/types/alias.ts.Alias>,shared object table,classref<src/abap/types/alias.ts.Alias>,1,false,1,1,1,exact,class:src/abap/types/alias.ts.Alias,classref<src/abap/types/alias.ts.Alias>
src/abap/5_syntax/_object_oriented.ts.ObjectOriented::findMethodViaAlias,src/abap/5_syntax/_object_oriented.ts.ObjectOriented::findMethodViaAlias/body/s0/x/1/2,src/abap/5_syntax/_object_oriented.ts:109:41,syntax,new,classref<src/abap/types/alias.ts.Alias>,shared object table,,0,false,0,0,0,no non-null rows resolved (not an exact proof),,classref<src/abap/types/alias.ts.Alias>
src/abap/5_syntax/_object_oriented.ts.ObjectOriented::fromInterfaceByName,src/abap/5_syntax/_object_oriented.ts.ObjectOriented::fromInterfaceByName/body/s3,src/abap/5_syntax/_object_oriented.ts:32:5,syntax,foreach,classref<src/abap/types/_type_definitions.ts.TypeDefinitionsEntry>,shared object table,classref<src/abap/types/_type_definitions.ts.TypeDefinitionsEntry>,1,false,1,1,1,exact,class:src/abap/types/_type_definitions.ts.TypeDefinitionsEntry,classref<src/abap/types/_type_definitions.ts.TypeDefinitionsEntry>
src/abap/5_syntax/_object_oriented.ts.ObjectOriented::fromInterfaceByName,src/abap/5_syntax/_object_oriented.ts.ObjectOriented::fromInterfaceByName/body/s7,src/abap/5_syntax/_object_oriented.ts:41:5,syntax,foreach,classref<src/abap/types/_interface_definition.ts.IImplementing>,shared object table,classref<src/abap/types/_interface_definition.ts.IImplementing>,1,false,1,1,1,exact,class:src/abap/types/_interface_definition.ts.IImplementing,classref<src/abap/types/_interface_definition.ts.IImplementing>
src/abap/5_syntax/_object_oriented.ts.ObjectOriented::fromInterfaces,src/abap/5_syntax/_object_oriented.ts.ObjectOriented::fromInterfaces/body/s1,src/abap/5_syntax/_object_oriented.ts:497:5,syntax,foreach,classref<src/abap/types/_interface_definition.ts.IImplementing>,shared object table,classref<src/abap/types/_interface_definition.ts.IImplementing>,1,false,1,1,1,exact,class:src/abap/types/_interface_definition.ts.IImplementing,classref<src/abap/types/_interface_definition.ts.IImplementing>
src/abap/5_syntax/_object_oriented.ts.ObjectOriented::fromSuperClasses,src/abap/5_syntax/_object_oriented.ts.ObjectOriented::fromSuperClasses/body/s2/body/s1,src/abap/5_syntax/_object_oriented.ts:456:7,syntax,foreach,classref<src/abap/types/class_attribute.ts.ClassAttribute>,shared object table,classref<src/abap/types/class_attribute.ts.ClassAttribute>,2,false,1,1,1,exact,class:src/abap/types/class_attribute.ts.ClassAttribute,classref<src/abap/types/class_attribute.ts.ClassAttribute>
src/abap/5_syntax/_object_oriented.ts.ObjectOriented::fromSuperClasses,src/abap/5_syntax/_object_oriented.ts.ObjectOriented::fromSuperClasses/body/s2/body/s2,src/abap/5_syntax/_object_oriented.ts:462:7,syntax,foreach,classref<src/abap/types/class_constant.ts.ClassConstant>,shared object table,classref<src/abap/types/class_constant.ts.ClassConstant>,2,false,1,1,0,exact,class:src/abap/types/class_constant.ts.ClassConstant,classref<src/abap/types/_typed_identifier.ts.TypedIdentifier>;classref<src/abap/types/class_constant.ts.ClassConstant>
src/abap/5_syntax/_object_oriented.ts.ObjectOriented::fromSuperClasses,src/abap/5_syntax/_object_oriented.ts.ObjectOriented::fromSuperClasses/body/s2/body/s3,src/abap/5_syntax/_object_oriented.ts:467:7,syntax,foreach,classref<src/abap/types/_type_definitions.ts.TypeDefinitionsEntry>,shared object table,classref<src/abap/types/_type_definitions.ts.TypeDefinitionsEntry>,2,false,1,1,1,exact,class:src/abap/types/_type_definitions.ts.TypeDefinitionsEntry,classref<src/abap/types/_type_definitions.ts.TypeDefinitionsEntry>
src/abap/5_syntax/_object_oriented.ts.ObjectOriented::hasFriendship,src/abap/5_syntax/_object_oriented.ts.ObjectOriented::hasFriendship/body/s4/x/seq/s1,src/abap/5_syntax/_object_oriented.ts:185:9,syntax,foreach,classref<src/abap/types/_interface_definition.ts.IImplementing>,shared object table,classref<src/abap/types/_interface_definition.ts.IImplementing>,1,false,1,1,1,exact,class:src/abap/types/_interface_definition.ts.IImplementing,classref<src/abap/types/_interface_definition.ts.IImplementing>
src/abap/5_syntax/_object_oriented.ts.ObjectOriented::listInterfacesRecursive,src/abap/5_syntax/_object_oriented.ts.ObjectOriented::listInterfacesRecursive/body/s1,src/abap/5_syntax/_object_oriented.ts:482:5,syntax,foreach,classref<src/abap/types/_interface_definition.ts.IImplementing>,shared object table,classref<src/abap/types/_interface_definition.ts.IImplementing>,1,false,1,1,1,exact,class:src/abap/types/_interface_definition.ts.IImplementing,classref<src/abap/types/_interface_definition.ts.IImplementing>
src/abap/5_syntax/_object_oriented.ts.ObjectOriented::searchAttributeName,src/abap/5_syntax/_object_oriented.ts.ObjectOriented::searchAttributeName/body/s3/body/s0,src/abap/5_syntax/_object_oriented.ts:249:7,syntax,foreach,classref<src/abap/types/class_attribute.ts.ClassAttribute>,shared object table,classref<src/abap/types/class_attribute.ts.ClassAttribute>,1,false,1,1,1,exact,class:src/abap/types/class_attribute.ts.ClassAttribute,classref<src/abap/types/class_attribute.ts.ClassAttribute>
src/abap/5_syntax/_object_oriented.ts.ObjectOriented::searchAttributeName,src/abap/5_syntax/_object_oriented.ts.ObjectOriented::searchAttributeName/body/s4,src/abap/5_syntax/_object_oriented.ts:256:5,syntax,foreach,classref<src/abap/types/alias.ts.Alias>,shared object table,classref<src/abap/types/alias.ts.Alias>,1,false,1,1,1,exact,class:src/abap/types/alias.ts.Alias,classref<src/abap/types/alias.ts.Alias>
src/abap/5_syntax/_object_oriented.ts.ObjectOriented::searchAttributeName,src/abap/5_syntax/_object_oriented.ts.ObjectOriented::searchAttributeName/body/s4/x/1/2,src/abap/5_syntax/_object_oriented.ts:256:41,syntax,new,classref<src/abap/types/alias.ts.Alias>,shared object table,,0,false,0,0,0,no non-null rows resolved (not an exact proof),,classref<src/abap/types/alias.ts.Alias>
src/abap/5_syntax/_object_oriented.ts.ObjectOriented::searchConstantName,src/abap/5_syntax/_object_oriented.ts.ObjectOriented::searchConstantName/body/s2,src/abap/5_syntax/_object_oriented.ts:330:5,syntax,foreach,classref<src/abap/types/class_constant.ts.ClassConstant>,shared object table,classref<src/abap/types/class_constant.ts.ClassConstant>,1,false,1,1,0,exact,class:src/abap/types/class_constant.ts.ClassConstant,classref<src/abap/types/_typed_identifier.ts.TypedIdentifier>;classref<src/abap/types/class_constant.ts.ClassConstant>
src/abap/5_syntax/_object_oriented.ts.ObjectOriented::searchConstantName,src/abap/5_syntax/_object_oriented.ts.ObjectOriented::searchConstantName/body/s3,src/abap/5_syntax/_object_oriented.ts:336:5,syntax,foreach,classref<src/abap/types/alias.ts.Alias>,shared object table,classref<src/abap/types/alias.ts.Alias>,1,false,1,1,1,exact,class:src/abap/types/alias.ts.Alias,classref<src/abap/types/alias.ts.Alias>
src/abap/5_syntax/_object_oriented.ts.ObjectOriented::searchConstantName,src/abap/5_syntax/_object_oriented.ts.ObjectOriented::searchConstantName/body/s4/body/s1/x/seq/s1,src/abap/5_syntax/_object_oriented.ts:348:11,syntax,foreach,classref<src/abap/types/_interface_definition.ts.IImplementing>,shared object table,classref<src/abap/types/_interface_definition.ts.IImplementing>,1,false,1,1,1,exact,class:src/abap/types/_interface_definition.ts.IImplementing,classref<src/abap/types/_interface_definition.ts.IImplementing>
src/abap/5_syntax/_object_oriented.ts.ObjectOriented::searchEvent,src/abap/5_syntax/_object_oriented.ts.ObjectOriented::searchEvent/body/s1/x/seq/s4/body/s0/x/0,,syntax,array.get,interfaceref<src/abap/types/_event_definition.ts.IEventDefinition>,shared object table,optional<interfaceref<src/abap/types/_event_definition.ts.IEventDefinition>>,1,false,1,1,1,hierarchy/mixed upper bound,class:src/abap/types/event_definition.ts.EventDefinition,interfaceref<src/abap/types/_event_definition.ts.IEventDefinition>
src/abap/5_syntax/_object_oriented.ts.ObjectOriented::searchEvent,src/abap/5_syntax/_object_oriented.ts.ObjectOriented::searchEvent/body/s4,src/abap/5_syntax/_object_oriented.ts:219:5,syntax,foreach,classref<src/abap/types/alias.ts.Alias>,shared object table,classref<src/abap/types/alias.ts.Alias>,1,false,1,1,1,exact,class:src/abap/types/alias.ts.Alias,classref<src/abap/types/alias.ts.Alias>
src/abap/5_syntax/_object_oriented.ts.ObjectOriented::searchEvent,src/abap/5_syntax/_object_oriented.ts.ObjectOriented::searchEvent/body/s4/x/1/2,src/abap/5_syntax/_object_oriented.ts:219:41,syntax,new,classref<src/abap/types/alias.ts.Alias>,shared object table,,0,false,0,0,0,no non-null rows resolved (not an exact proof),,classref<src/abap/types/alias.ts.Alias>
src/abap/5_syntax/_object_oriented.ts.ObjectOriented::searchMethodName,src/abap/5_syntax/_object_oriented.ts.ObjectOriented::searchMethodName/body/s4/body/s1/x/1/0/seq/s1,src/abap/5_syntax/_object_oriented.ts:378:28,syntax,foreach,classref<src/abap/types/_interface_definition.ts.IImplementing>,shared object table,classref<src/abap/types/_interface_definition.ts.IImplementing>,1,false,1,1,1,exact,class:src/abap/types/_interface_definition.ts.IImplementing,classref<src/abap/types/_interface_definition.ts.IImplementing>
src/abap/5_syntax/_object_oriented.ts.ObjectOriented::searchTypeName,src/abap/5_syntax/_object_oriented.ts.ObjectOriented::searchTypeName/body/s3,src/abap/5_syntax/_object_oriented.ts:295:5,syntax,foreach,classref<src/abap/types/alias.ts.Alias>,shared object table,classref<src/abap/types/alias.ts.Alias>,1,false,1,1,1,exact,class:src/abap/types/alias.ts.Alias,classref<src/abap/types/alias.ts.Alias>
src/abap/5_syntax/_object_oriented.ts.ObjectOriented::searchTypeName,src/abap/5_syntax/_object_oriented.ts.ObjectOriented::searchTypeName/body/s4/body/s1/x/seq/s1,src/abap/5_syntax/_object_oriented.ts:307:11,syntax,foreach,classref<src/abap/types/_interface_definition.ts.IImplementing>,shared object table,classref<src/abap/types/_interface_definition.ts.IImplementing>,1,false,1,1,1,exact,class:src/abap/types/_interface_definition.ts.IImplementing,classref<src/abap/types/_interface_definition.ts.IImplementing>
src/abap/5_syntax/_procedural.ts.Procedural::addAllFormDefinitions,src/abap/5_syntax/_procedural.ts.Procedural::addAllFormDefinitions/body/s1/body/s0/x/arg2,src/abap/5_syntax/_procedural.ts:36:17,syntax,new,classref<src/issue.ts.Issue>,shared object table,,0,false,0,0,0,exact,class:src/issue.ts.Issue,classref<src/issue.ts.Issue>
src/abap/5_syntax/_procedural.ts.Procedural::addAllFormDefinitions,src/abap/5_syntax/_procedural.ts.Procedural::addAllFormDefinitions/body/s1/body/s0/x/arg3,src/abap/5_syntax/_procedural.ts:37:19,syntax,new,interfaceref<closure.thunk>,shared object table,,0,false,0,0,0,hierarchy/mixed upper bound,class:closure.106339,interfaceref<closure.thunk>
src/abap/5_syntax/_procedural.ts.Procedural::addAllFormDefinitions,src/abap/5_syntax/_procedural.ts.Procedural::addAllFormDefinitions/body/s1/body/s1,src/abap/5_syntax/_procedural.ts:39:7,syntax,foreach,classref<src/abap/nodes/structure_node.ts.StructureNode>,shared object table,classref<src/abap/nodes/structure_node.ts.StructureNode>,1,false,1,1,1,hierarchy/mixed upper bound,class:src/abap/nodes/expression_node.ts.ExpressionNode;class:src/abap/nodes/statement_node.ts.StatementNode;class:src/abap/nodes/structure_node.ts.StructureNode;class:src/abap/nodes/token_node.ts.TokenNode;class:src/abap/nodes/token_node_regex.ts.TokenNodeRegex,classref<src/abap/nodes/structure_node.ts.StructureNode>
src/abap/5_syntax/_procedural.ts.Procedural::addAllFormDefinitions,src/abap/5_syntax/_procedural.ts.Procedural::addAllFormDefinitions/body/s1/body/s1/body/s0/x/arg0/seq/s0/x,src/abap/5_syntax/_procedural.ts:40:39,syntax,new,interfaceref<src/abap/types/_form_definition.ts.IFormDefinition>,shared object table,,1,false,0,0,0,hierarchy/mixed upper bound,class:src/abap/types/form_definition.ts.FormDefinition,interfaceref<src/abap/types/_form_definition.ts.IFormDefinition>
src/abap/5_syntax/_procedural.ts.Procedural::addAllFormDefinitions,src/abap/5_syntax/_procedural.ts.Procedural::addAllFormDefinitions/body/s5,src/abap/5_syntax/_procedural.ts:50:5,syntax,foreach,classref<src/abap/nodes/statement_node.ts.StatementNode>,shared object table,classref<src/abap/nodes/statement_node.ts.StatementNode>,1,false,1,1,1,hierarchy/mixed upper bound,class:src/abap/nodes/expression_node.ts.ExpressionNode;class:src/abap/nodes/statement_node.ts.StatementNode;class:src/abap/nodes/structure_node.ts.StructureNode;class:src/abap/nodes/token_node.ts.TokenNode;class:src/abap/nodes/token_node_regex.ts.TokenNodeRegex,classref<src/abap/nodes/statement_node.ts.StatementNode>
src/abap/5_syntax/_procedural.ts.Procedural::findInclude,src/abap/5_syntax/_procedural.ts.Procedural::findInclude/body/s5/body/s0/x/1,src/abap/5_syntax/_procedural.ts:77:14,syntax,index,classref<src/abap/abap_file.ts.ABAPFile>,shared object table,classref<src/abap/abap_file.ts.ABAPFile>,0,false,1,1,1,exact,class:src/abap/abap_file.ts.ABAPFile,classref<src/abap/abap_file.ts.ABAPFile>
src/abap/5_syntax/_procedural.ts.Procedural::findInclude,src/abap/5_syntax/_procedural.ts.Procedural::findInclude/body/s6,src/abap/5_syntax/_procedural.ts:81:5,syntax,foreach,interfaceref<src/objects/_iobject.ts.IObject>,shared object table,interfaceref<src/objects/_iobject.ts.IObject>,1,false,1,1,1,no non-null rows resolved (not an exact proof),,interfaceref<src/objects/_iobject.ts.IObject>
src/abap/5_syntax/_type_utils.ts.TypeUtils::isAssignable,src/abap/5_syntax/_type_utils.ts.TypeUtils::isAssignable/body/s2/else/else/else/else/body/s0/else/else/body/s6/s1/body/s0/s0/x/seq/s0/x,src/abap/5_syntax/_type_utils.ts:691:15,syntax,index,classref<src/abap/types/basic/structure_type.ts.IStructureComponent>,shared object table,classref<src/abap/types/basic/structure_type.ts.IStructureComponent>,1,false,1,1,1,unknown native/unresolved flow,class:src/abap/types/basic/structure_type.ts.IStructureComponent;unknown:classref<src/abap/types/basic/structure_type.ts.IStructureComponent>,classref<src/abap/types/basic/structure_type.ts.IStructureComponent>
src/abap/5_syntax/_type_utils.ts.TypeUtils::isAssignable,src/abap/5_syntax/_type_utils.ts.TypeUtils::isAssignable/body/s2/else/else/else/else/body/s0/else/else/body/s6/s1/body/s0/s1/else/x/0/0/0/0,src/abap/5_syntax/_type_utils.ts:697:24,syntax,index,classref<src/abap/types/basic/structure_type.ts.IStructureComponent>,shared object table,classref<src/abap/types/basic/structure_type.ts.IStructureComponent>,1,false,1,1,1,unknown native/unresolved flow,class:src/abap/types/basic/structure_type.ts.IStructureComponent;unknown:classref<src/abap/types/basic/structure_type.ts.IStructureComponent>,classref<src/abap/types/basic/structure_type.ts.IStructureComponent>
src/abap/5_syntax/_type_utils.ts.TypeUtils::isAssignable,src/abap/5_syntax/_type_utils.ts.TypeUtils::isAssignable/body/s2/else/else/else/else/body/s0/else/else/body/s6/s1/body/s0/s1/else/x/1/0/0,src/abap/5_syntax/_type_utils.ts:697:75,syntax,index,classref<src/abap/types/basic/structure_type.ts.IStructureComponent>,shared object table,classref<src/abap/types/basic/structure_type.ts.IStructureComponent>,1,false,1,1,1,unknown native/unresolved flow,class:src/abap/types/basic/structure_type.ts.IStructureComponent;unknown:classref<src/abap/types/basic/structure_type.ts.IStructureComponent>,classref<src/abap/types/basic/structure_type.ts.IStructureComponent>
src/abap/5_syntax/_type_utils.ts.TypeUtils::isAssignable,src/abap/5_syntax/_type_utils.ts.TypeUtils::isAssignable/body/s2/else/else/else/else/body/s0/else/else/body/s6/s1/body/s0/s1/x/0/0/0,src/abap/5_syntax/_type_utils.ts:695:15,syntax,index,classref<src/abap/types/basic/structure_type.ts.IStructureComponent>,shared object table,classref<src/abap/types/basic/structure_type.ts.IStructureComponent>,1,false,1,1,1,unknown native/unresolved flow,class:src/abap/types/basic/structure_type.ts.IStructureComponent;unknown:classref<src/abap/types/basic/structure_type.ts.IStructureComponent>,classref<src/abap/types/basic/structure_type.ts.IStructureComponent>
src/abap/5_syntax/_type_utils.ts.TypeUtils::isAssignable,src/abap/5_syntax/_type_utils.ts.TypeUtils::isAssignable/body/s2/else/else/else/else/body/s0/else/else/body/s6/s1/body/s0/s1/x/1/0/0/0,src/abap/5_syntax/_type_utils.ts:695:67,syntax,index,classref<src/abap/types/basic/structure_type.ts.IStructureComponent>,shared object table,classref<src/abap/types/basic/structure_type.ts.IStructureComponent>,1,false,1,1,1,unknown native/unresolved flow,class:src/abap/types/basic/structure_type.ts.IStructureComponent;unknown:classref<src/abap/types/basic/structure_type.ts.IStructureComponent>,classref<src/abap/types/basic/structure_type.ts.IStructureComponent>
src/abap/5_syntax/_type_utils.ts.TypeUtils::isAssignableStrict,src/abap/5_syntax/_type_utils.ts.TypeUtils::isAssignableStrict/body/s7/else/else/else/else/else/body/s0/body/s3/s1/body/s0/s0/x/0/arg0/1/0,src/abap/5_syntax/_type_utils.ts:477:39,syntax,index,classref<src/abap/types/basic/structure_type.ts.IStructureComponent>,shared object table,classref<src/abap/types/basic/structure_type.ts.IStructureComponent>,1,false,1,1,1,unknown native/unresolved flow,class:src/abap/types/basic/structure_type.ts.IStructureComponent;unknown:classref<src/abap/types/basic/structure_type.ts.IStructureComponent>,classref<src/abap/types/basic/structure_type.ts.IStructureComponent>
src/abap/5_syntax/_type_utils.ts.TypeUtils::isAssignableStrict,src/abap/5_syntax/_type_utils.ts.TypeUtils::isAssignableStrict/body/s7/else/else/else/else/else/body/s0/body/s3/s1/body/s0/s0/x/0/arg1/1/0,src/abap/5_syntax/_type_utils.ts:477:65,syntax,index,classref<src/abap/types/basic/structure_type.ts.IStructureComponent>,shared object table,classref<src/abap/types/basic/structure_type.ts.IStructureComponent>,1,false,1,1,1,unknown native/unresolved flow,class:src/abap/types/basic/structure_type.ts.IStructureComponent;unknown:classref<src/abap/types/basic/structure_type.ts.IStructureComponent>,classref<src/abap/types/basic/structure_type.ts.IStructureComponent>
src/abap/5_syntax/_type_utils.ts.TypeUtils::isCalculated,src/abap/5_syntax/_type_utils.ts.TypeUtils::isCalculated/body/s1/body/s0/x,src/abap/5_syntax/_type_utils.ts:314:22,syntax,index,interfaceref<union.66719939903e43ae9586894a3271d3c1e0bc1a87886c0b01d3e32f95e19d70c3>,shared object table,interfaceref<union.66719939903e43ae9586894a3271d3c1e0bc1a87886c0b01d3e32f95e19d70c3>,0,false,1,1,0,hierarchy/mixed upper bound,class:src/abap/nodes/expression_node.ts.ExpressionNode;class:src/abap/nodes/statement_node.ts.StatementNode;class:src/abap/nodes/structure_node.ts.StructureNode;class:src/abap/nodes/token_node.ts.TokenNode;class:src/abap/nodes/token_node_regex.ts.TokenNodeRegex,interfaceref<src/abap/nodes/_inode.ts.INode>;interfaceref<union.66719939903e43ae9586894a3271d3c1e0bc1a87886c0b01d3e32f95e19d70c3>;interfaceref<union.ef34b1fae8df131c6c97185482820bb32cd957a6b0ed51ce6b23465fc63eb844>
src/abap/5_syntax/_type_utils.ts.TypeUtils::isCharLike,src/abap/5_syntax/_type_utils.ts.TypeUtils::isCharLike/body/s0/else/else/body/s0,src/abap/5_syntax/_type_utils.ts:81:7,syntax,foreach,classref<src/abap/types/basic/structure_type.ts.IStructureComponent>,shared object table,classref<src/abap/types/basic/structure_type.ts.IStructureComponent>,1,false,1,1,1,unknown native/unresolved flow,class:src/abap/types/basic/structure_type.ts.IStructureComponent;unknown:classref<src/abap/types/basic/structure_type.ts.IStructureComponent>,classref<src/abap/types/basic/structure_type.ts.IStructureComponent>
src/abap/5_syntax/_type_utils.ts.TypeUtils::isCharLikeStrict,src/abap/5_syntax/_type_utils.ts.TypeUtils::isCharLikeStrict/body/s0/else/body/s0,src/abap/5_syntax/_type_utils.ts:24:7,syntax,foreach,classref<src/abap/types/basic/structure_type.ts.IStructureComponent>,shared object table,classref<src/abap/types/basic/structure_type.ts.IStructureComponent>,1,false,1,1,1,unknown native/unresolved flow,class:src/abap/types/basic/structure_type.ts.IStructureComponent;unknown:classref<src/abap/types/basic/structure_type.ts.IStructureComponent>,classref<src/abap/types/basic/structure_type.ts.IStructureComponent>
src/abap/5_syntax/_type_utils.ts.TypeUtils::isHexLike,src/abap/5_syntax/_type_utils.ts.TypeUtils::isHexLike/body/s0/else/body/s0,src/abap/5_syntax/_type_utils.ts:120:7,syntax,foreach,classref<src/abap/types/basic/structure_type.ts.IStructureComponent>,shared object table,classref<src/abap/types/basic/structure_type.ts.IStructureComponent>,1,false,1,1,1,unknown native/unresolved flow,class:src/abap/types/basic/structure_type.ts.IStructureComponent;unknown:classref<src/abap/types/basic/structure_type.ts.IStructureComponent>,classref<src/abap/types/basic/structure_type.ts.IStructureComponent>
src/abap/5_syntax/_type_utils.ts.TypeUtils::isOOAssignable,src/abap/5_syntax/_type_utils.ts.TypeUtils::isOOAssignable/body/s7/else/body/s0/x/seq/s1,src/abap/5_syntax/_type_utils.ts:181:11,syntax,foreach,classref<src/abap/types/_interface_definition.ts.IImplementing>,shared object table,classref<src/abap/types/_interface_definition.ts.IImplementing>,1,false,1,1,1,exact,class:src/abap/types/_interface_definition.ts.IImplementing,classref<src/abap/types/_interface_definition.ts.IImplementing>
src/abap/5_syntax/_type_utils.ts.TypeUtils::isOOAssignable,src/abap/5_syntax/_type_utils.ts.TypeUtils::isOOAssignable/body/s7/else/else/body/s1/x/seq/s1,src/abap/5_syntax/_type_utils.ts:192:11,syntax,foreach,classref<src/abap/types/_interface_definition.ts.IImplementing>,shared object table,classref<src/abap/types/_interface_definition.ts.IImplementing>,1,false,1,1,1,exact,class:src/abap/types/_interface_definition.ts.IImplementing,classref<src/abap/types/_interface_definition.ts.IImplementing>
src/abap/5_syntax/_type_utils.ts.TypeUtils::listAllInterfaces,src/abap/5_syntax/_type_utils.ts.TypeUtils::listAllInterfaces/body/s2/x/seq/s3/body/s0/x/0,,syntax,array.get,classref<src/abap/types/_interface_definition.ts.IImplementing>,shared object table,optional<classref<src/abap/types/_interface_definition.ts.IImplementing>>,1,false,1,1,1,exact,class:src/abap/types/_interface_definition.ts.IImplementing,classref<src/abap/types/_interface_definition.ts.IImplementing>
src/abap/5_syntax/_type_utils.ts.TypeUtils::listAllInterfaces,src/abap/5_syntax/_type_utils.ts.TypeUtils::listAllInterfaces/body/s3/body/s1/body/s0/x/1/2/seq/s3/body/s0/x/0,,syntax,array.get,classref<src/abap/types/_interface_definition.ts.IImplementing>,shared object table,optional<classref<src/abap/types/_interface_definition.ts.IImplementing>>,2,false,1,1,1,exact,class:src/abap/types/_interface_definition.ts.IImplementing,classref<src/abap/types/_interface_definition.ts.IImplementing>
src/abap/5_syntax/_type_utils.ts.TypeUtils::listAllInterfaces,src/abap/5_syntax/_type_utils.ts.TypeUtils::listAllInterfaces/body/s4/body/s3/x/1/2/seq/s3/body/s0/x/0,,syntax,array.get,classref<src/abap/types/_interface_definition.ts.IImplementing>,shared object table,optional<classref<src/abap/types/_interface_definition.ts.IImplementing>>,2,false,1,1,1,exact,class:src/abap/types/_interface_definition.ts.IImplementing,classref<src/abap/types/_interface_definition.ts.IImplementing>
src/abap/5_syntax/_type_utils.ts.TypeUtils::structureContainsString,src/abap/5_syntax/_type_utils.ts.TypeUtils::structureContainsString/body/s0,src/abap/5_syntax/_type_utils.ts:281:5,syntax,foreach,classref<src/abap/types/basic/structure_type.ts.IStructureComponent>,shared object table,classref<src/abap/types/basic/structure_type.ts.IStructureComponent>,1,false,1,1,1,unknown native/unresolved flow,class:src/abap/types/basic/structure_type.ts.IStructureComponent;unknown:classref<src/abap/types/basic/structure_type.ts.IStructureComponent>,classref<src/abap/types/basic/structure_type.ts.IStructureComponent>
src/abap/5_syntax/basic_types.ts.BasicTypes::findValue,src/abap/5_syntax/basic_types.ts.BasicTypes::findValue/body/s4/body/s1/body/s2,src/abap/5_syntax/basic_types.ts:1007:9,syntax,foreach,classref<src/abap/1_lexer/tokens/abstract_token.ts.AbstractToken>,shared object table,classref<src/abap/1_lexer/tokens/abstract_token.ts.AbstractToken>,1,false,1,1,1,hierarchy/mixed upper bound,class:src/abap/1_lexer/tokens/association_name.ts.AssociationName;class:src/abap/1_lexer/tokens/at.ts.At;class:src/abap/1_lexer/tokens/atw.ts.AtW;class:src/abap/1_lexer/tokens/bracket_left.ts.BracketLeft;class:src/abap/1_lexer/tokens/bracket_leftw.ts.BracketLeftW;class:src/abap/1_lexer/tokens/bracket_right.ts.BracketRight;class:src/abap/1_lexer/tokens/bracket_rightw.ts.BracketRightW;class:src/abap/1_lexer/tokens/comment.ts.Comment;class:src/abap/1_lexer/tokens/dash.ts.Dash;class:src/abap/1_lexer/tokens/dashw.ts.DashW;class:src/abap/1_lexer/tokens/identifier.ts.Identifier;class:src/abap/1_lexer/tokens/instance_arrow.ts.InstanceArrow;class:src/abap/1_lexer/tokens/instance_arroww.ts.InstanceArrowW;class:src/abap/1_lexer/tokens/paren_left.ts.ParenLeft;class:src/abap/1_lexer/tokens/paren_leftw.ts.ParenLeftW;class:src/abap/1_lexer/tokens/paren_right.ts.ParenRight;class:src/abap/1_lexer/tokens/paren_rightw.ts.ParenRightW;class:src/abap/1_lexer/tokens/plus.ts.Plus;class:src/abap/1_lexer/tokens/plusw.ts.PlusW;class:src/abap/1_lexer/tokens/pragma.ts.Pragma;class:src/abap/1_lexer/tokens/punctuation.ts.Punctuation;class:src/abap/1_lexer/tokens/static_arrow.ts.StaticArrow;class:src/abap/1_lexer/tokens/static_arroww.ts.StaticArrowW;class:src/abap/1_lexer/tokens/string.ts.StringToken;class:src/abap/1_lexer/tokens/string_template.ts.StringTemplate;class:src/abap/1_lexer/tokens/string_template_begin.ts.StringTemplateBegin;class:src/abap/1_lexer/tokens/string_template_end.ts.StringTemplateEnd;class:src/abap/1_lexer/tokens/string_template_middle.ts.StringTemplateMiddle;class:src/abap/1_lexer/tokens/wat.ts.WAt;class:src/abap/1_lexer/tokens/watw.ts.WAtW;class:src/abap/1_lexer/tokens/wbracket_left.ts.WBracketLeft;class:src/abap/1_lexer/tokens/wbracket_leftw.ts.WBracketLeftW;class:src/abap/1_lexer/tokens/wbracket_right.ts.WBracketRight;class:src/abap/1_lexer/tokens/wbracket_rightw.ts.WBracketRightW;class:src/abap/1_lexer/tokens/wdash.ts.WDash;class:src/abap/1_lexer/tokens/wdashw.ts.WDashW;class:src/abap/1_lexer/tokens/winstance_arrow.ts.WInstanceArrow;class:src/abap/1_lexer/tokens/winstance_arroww.ts.WInstanceArrowW;class:src/abap/1_lexer/tokens/wparen_left.ts.WParenLeft;class:src/abap/1_lexer/tokens/wparen_leftw.ts.WParenLeftW;class:src/abap/1_lexer/tokens/wparen_right.ts.WParenRight;class:src/abap/1_lexer/tokens/wparen_rightw.ts.WParenRightW;class:src/abap/1_lexer/tokens/wplus.ts.WPlus;class:src/abap/1_lexer/tokens/wplusw.ts.WPlusW;class:src/abap/1_lexer/tokens/wstatic_arrow.ts.WStaticArrow;class:src/abap/1_lexer/tokens/wstatic_arroww.ts.WStaticArrowW,classref<src/abap/1_lexer/tokens/abstract_token.ts.AbstractToken>
src/abap/5_syntax/basic_types.ts.BasicTypes::parseTable,src/abap/5_syntax/basic_types.ts.BasicTypes::parseTable/body/s10/body/s0,src/abap/5_syntax/basic_types.ts:375:7,syntax,foreach,classref<src/abap/nodes/expression_node.ts.ExpressionNode>,shared object table,classref<src/abap/nodes/expression_node.ts.ExpressionNode>,1,false,1,1,1,hierarchy/mixed upper bound,class:src/abap/nodes/expression_node.ts.ExpressionNode;class:src/abap/nodes/statement_node.ts.StatementNode;class:src/abap/nodes/structure_node.ts.StructureNode;class:src/abap/nodes/token_node.ts.TokenNode;class:src/abap/nodes/token_node_regex.ts.TokenNodeRegex,classref<src/abap/nodes/expression_node.ts.ExpressionNode>
src/abap/5_syntax/basic_types.ts.BasicTypes::parseTable,src/abap/5_syntax/basic_types.ts.BasicTypes::parseTable/body/s10/body/s0/x/1/2,src/abap/5_syntax/basic_types.ts:375:68,syntax,new,classref<src/abap/nodes/expression_node.ts.ExpressionNode>,shared object table,,0,false,0,0,0,no non-null rows resolved (not an exact proof),,classref<src/abap/nodes/expression_node.ts.ExpressionNode>
src/abap/5_syntax/basic_types.ts.BasicTypes::parseTable,src/abap/5_syntax/basic_types.ts.BasicTypes::parseTable/body/s11/x,src/abap/5_syntax/basic_types.ts:382:40,syntax,new,classref<src/abap/types/basic/table_type.ts.ITableKey>,shared object table,,0,false,0,0,0,exact,class:src/abap/types/basic/table_type.ts.ITableKey,classref<src/abap/types/basic/table_type.ts.ITableKey>
src/abap/5_syntax/basic_types.ts.BasicTypes::parseTable,src/abap/5_syntax/basic_types.ts.BasicTypes::parseTable/body/s12/s1/body/s0/s0/x,src/abap/5_syntax/basic_types.ts:384:19,syntax,index,classref<src/abap/nodes/expression_node.ts.ExpressionNode>,shared object table,classref<src/abap/nodes/expression_node.ts.ExpressionNode>,1,false,1,1,1,hierarchy/mixed upper bound,class:src/abap/nodes/expression_node.ts.ExpressionNode;class:src/abap/nodes/statement_node.ts.StatementNode;class:src/abap/nodes/structure_node.ts.StructureNode;class:src/abap/nodes/token_node.ts.TokenNode;class:src/abap/nodes/token_node_regex.ts.TokenNodeRegex,classref<src/abap/nodes/expression_node.ts.ExpressionNode>
src/abap/5_syntax/basic_types.ts.BasicTypes::parseTable,src/abap/5_syntax/basic_types.ts.BasicTypes::parseTable/body/s12/s1/body/s0/s4,src/abap/5_syntax/basic_types.ts:397:7,syntax,foreach,classref<src/abap/nodes/expression_node.ts.ExpressionNode>,shared object table,classref<src/abap/nodes/expression_node.ts.ExpressionNode>,2,false,1,1,1,hierarchy/mixed upper bound,class:src/abap/nodes/expression_node.ts.ExpressionNode;class:src/abap/nodes/statement_node.ts.StatementNode;class:src/abap/nodes/structure_node.ts.StructureNode;class:src/abap/nodes/token_node.ts.TokenNode;class:src/abap/nodes/token_node_regex.ts.TokenNodeRegex,classref<src/abap/nodes/expression_node.ts.ExpressionNode>
src/abap/5_syntax/basic_types.ts.BasicTypes::parseTable,src/abap/5_syntax/basic_types.ts.BasicTypes::parseTable/body/s12/s1/body/s0/s4/x/1/2,src/abap/5_syntax/basic_types.ts:397:63,syntax,new,classref<src/abap/nodes/expression_node.ts.ExpressionNode>,shared object table,,1,false,0,0,0,no non-null rows resolved (not an exact proof),,classref<src/abap/nodes/expression_node.ts.ExpressionNode>
src/abap/5_syntax/basic_types.ts.BasicTypes::parseTable,src/abap/5_syntax/basic_types.ts.BasicTypes::parseTable/body/s17/else/else/else/else/body/s3/x/arg0/seq/s0/x,src/abap/5_syntax/basic_types.ts:455:49,syntax,new,classref<src/abap/types/basic/structure_type.ts.IStructureComponent>,shared object table,,0,false,0,0,0,exact,class:src/abap/types/basic/structure_type.ts.IStructureComponent,classref<src/abap/types/basic/structure_type.ts.IStructureComponent>
src/abap/5_syntax/basic_types.ts.BasicTypes::parseTable,src/abap/5_syntax/basic_types.ts.BasicTypes::parseTable/body/s17/else/else/else/else/else/body/s3/x/arg0/seq/s0/x,src/abap/5_syntax/basic_types.ts:469:49,syntax,new,classref<src/abap/types/basic/structure_type.ts.IStructureComponent>,shared object table,,0,false,0,0,0,exact,class:src/abap/types/basic/structure_type.ts.IStructureComponent,classref<src/abap/types/basic/structure_type.ts.IStructureComponent>
src/abap/5_syntax/basic_types.ts.BasicTypes::parseTable,src/abap/5_syntax/basic_types.ts.BasicTypes::parseTable/body/s6/x,src/abap/5_syntax/basic_types.ts:364:22,syntax,index,classref<src/abap/nodes/expression_node.ts.ExpressionNode>,shared object table,classref<src/abap/nodes/expression_node.ts.ExpressionNode>,0,false,1,1,1,hierarchy/mixed upper bound,class:src/abap/nodes/expression_node.ts.ExpressionNode;class:src/abap/nodes/statement_node.ts.StatementNode;class:src/abap/nodes/structure_node.ts.StructureNode;class:src/abap/nodes/token_node.ts.TokenNode;class:src/abap/nodes/token_node_regex.ts.TokenNodeRegex,classref<src/abap/nodes/expression_node.ts.ExpressionNode>
src/abap/5_syntax/basic_types.ts.BasicTypes::parseType,src/abap/5_syntax/basic_types.ts.BasicTypes::parseType/body/s10/body/s2/body/s0/x/seq/s0/x,src/abap/5_syntax/basic_types.ts:662:31,syntax,new,classref<src/abap/types/basic/structure_type.ts.IStructureComponent>,shared object table,,0,false,0,0,0,no non-null rows resolved (not an exact proof),,classref<src/abap/types/basic/structure_type.ts.IStructureComponent>
src/abap/5_syntax/basic_types.ts.BasicTypes::parseType,src/abap/5_syntax/basic_types.ts.BasicTypes::parseType/body/s10/body/s2/body/s0/x/seq/s1/x,,syntax,array.concat,classref<src/abap/types/basic/structure_type.ts.IStructureComponent>,shared object table,,0,false,0,0,0,unknown native/unresolved flow,class:src/abap/types/basic/structure_type.ts.IStructureComponent;unknown:classref<src/abap/types/basic/structure_type.ts.IStructureComponent>,classref<src/abap/types/basic/structure_type.ts.IStructureComponent>
src/abap/5_syntax/basic_types.ts.BasicTypes::resolveConstantValue,src/abap/5_syntax/basic_types.ts.BasicTypes::resolveConstantValue/body/s4/else/body/s1/x/seq/s0/x,src/abap/5_syntax/basic_types.ts:904:21,syntax,array.get,interfaceref<union.66719939903e43ae9586894a3271d3c1e0bc1a87886c0b01d3e32f95e19d70c3>,shared object table,optional<interfaceref<union.66719939903e43ae9586894a3271d3c1e0bc1a87886c0b01d3e32f95e19d70c3>>,0,false,1,1,0,hierarchy/mixed upper bound,class:src/abap/nodes/expression_node.ts.ExpressionNode;class:src/abap/nodes/statement_node.ts.StatementNode;class:src/abap/nodes/structure_node.ts.StructureNode;class:src/abap/nodes/token_node.ts.TokenNode;class:src/abap/nodes/token_node_regex.ts.TokenNodeRegex,interfaceref<src/abap/nodes/_inode.ts.INode>;interfaceref<union.66719939903e43ae9586894a3271d3c1e0bc1a87886c0b01d3e32f95e19d70c3>;interfaceref<union.ef34b1fae8df131c6c97185482820bb32cd957a6b0ed51ce6b23465fc63eb844>
src/abap/5_syntax/basic_types.ts.BasicTypes::resolveConstantValue,src/abap/5_syntax/basic_types.ts.BasicTypes::resolveConstantValue/body/s4/else/else/body/s3/x/seq/s0/x,src/abap/5_syntax/basic_types.ts:927:21,syntax,array.get,interfaceref<union.66719939903e43ae9586894a3271d3c1e0bc1a87886c0b01d3e32f95e19d70c3>,shared object table,optional<interfaceref<union.66719939903e43ae9586894a3271d3c1e0bc1a87886c0b01d3e32f95e19d70c3>>,0,false,1,1,0,hierarchy/mixed upper bound,class:src/abap/nodes/expression_node.ts.ExpressionNode;class:src/abap/nodes/statement_node.ts.StatementNode;class:src/abap/nodes/structure_node.ts.StructureNode;class:src/abap/nodes/token_node.ts.TokenNode;class:src/abap/nodes/token_node_regex.ts.TokenNodeRegex,interfaceref<src/abap/nodes/_inode.ts.INode>;interfaceref<union.66719939903e43ae9586894a3271d3c1e0bc1a87886c0b01d3e32f95e19d70c3>;interfaceref<union.ef34b1fae8df131c6c97185482820bb32cd957a6b0ed51ce6b23465fc63eb844>
src/abap/5_syntax/basic_types.ts.BasicTypes::resolveConstantValue,src/abap/5_syntax/basic_types.ts.BasicTypes::resolveConstantValue/body/s4/else/else/body/s6/body/s3/else/body/s0/x/0/0,src/abap/5_syntax/basic_types.ts:937:24,syntax,index,interfaceref<union.66719939903e43ae9586894a3271d3c1e0bc1a87886c0b01d3e32f95e19d70c3>,shared object table,interfaceref<union.66719939903e43ae9586894a3271d3c1e0bc1a87886c0b01d3e32f95e19d70c3>,0,false,1,1,0,hierarchy/mixed upper bound,class:src/abap/nodes/expression_node.ts.ExpressionNode;class:src/abap/nodes/statement_node.ts.StatementNode;class:src/abap/nodes/structure_node.ts.StructureNode;class:src/abap/nodes/token_node.ts.TokenNode;class:src/abap/nodes/token_node_regex.ts.TokenNodeRegex,interfaceref<src/abap/nodes/_inode.ts.INode>;interfaceref<union.66719939903e43ae9586894a3271d3c1e0bc1a87886c0b01d3e32f95e19d70c3>;interfaceref<union.ef34b1fae8df131c6c97185482820bb32cd957a6b0ed51ce6b23465fc63eb844>
src/abap/5_syntax/basic_types.ts.BasicTypes::resolveConstantValue,src/abap/5_syntax/basic_types.ts.BasicTypes::resolveConstantValue/body/s4/else/else/body/s6/body/s3/else/x/1/0,src/abap/5_syntax/basic_types.ts:936:47,syntax,index,interfaceref<union.66719939903e43ae9586894a3271d3c1e0bc1a87886c0b01d3e32f95e19d70c3>,shared object table,interfaceref<union.66719939903e43ae9586894a3271d3c1e0bc1a87886c0b01d3e32f95e19d70c3>,0,false,1,1,0,hierarchy/mixed upper bound,class:src/abap/nodes/expression_node.ts.ExpressionNode;class:src/abap/nodes/statement_node.ts.StatementNode;class:src/abap/nodes/structure_node.ts.StructureNode;class:src/abap/nodes/token_node.ts.TokenNode;class:src/abap/nodes/token_node_regex.ts.TokenNodeRegex,interfaceref<src/abap/nodes/_inode.ts.INode>;interfaceref<union.66719939903e43ae9586894a3271d3c1e0bc1a87886c0b01d3e32f95e19d70c3>;interfaceref<union.ef34b1fae8df131c6c97185482820bb32cd957a6b0ed51ce6b23465fc63eb844>
src/abap/5_syntax/basic_types.ts.BasicTypes::resolveLikeName,src/abap/5_syntax/basic_types.ts.BasicTypes::resolveLikeName/body/s1/s11/else/s0/x/0/0/0,src/abap/5_syntax/basic_types.ts:138:20,syntax,array.shift,interfaceref<union.66719939903e43ae9586894a3271d3c1e0bc1a87886c0b01d3e32f95e19d70c3>,shared object table,optional<interfaceref<union.66719939903e43ae9586894a3271d3c1e0bc1a87886c0b01d3e32f95e19d70c3>>,0,false,1,1,1,hierarchy/mixed upper bound,class:src/abap/nodes/expression_node.ts.ExpressionNode;class:src/abap/nodes/statement_node.ts.StatementNode;class:src/abap/nodes/structure_node.ts.StructureNode;class:src/abap/nodes/token_node.ts.TokenNode;class:src/abap/nodes/token_node_regex.ts.TokenNodeRegex,interfaceref<union.66719939903e43ae9586894a3271d3c1e0bc1a87886c0b01d3e32f95e19d70c3>
src/abap/5_syntax/basic_types.ts.BasicTypes::resolveLikeName,src/abap/5_syntax/basic_types.ts.BasicTypes::resolveLikeName/body/s1/s11/else/s3/body/s0/y,src/abap/5_syntax/basic_types.ts:143:20,syntax,new,interfaceref<union.66719939903e43ae9586894a3271d3c1e0bc1a87886c0b01d3e32f95e19d70c3>,shared object table,,0,false,0,0,0,no non-null rows resolved (not an exact proof),,interfaceref<union.66719939903e43ae9586894a3271d3c1e0bc1a87886c0b01d3e32f95e19d70c3>
src/abap/5_syntax/basic_types.ts.BasicTypes::resolveLikeName,src/abap/5_syntax/basic_types.ts.BasicTypes::resolveLikeName/body/s1/s11/else/s8/body/s0/x/arg0/1/0,src/abap/5_syntax/basic_types.ts:168:39,syntax,index,interfaceref<union.66719939903e43ae9586894a3271d3c1e0bc1a87886c0b01d3e32f95e19d70c3>,shared object table,interfaceref<union.66719939903e43ae9586894a3271d3c1e0bc1a87886c0b01d3e32f95e19d70c3>,0,false,1,1,0,hierarchy/mixed upper bound,class:src/abap/nodes/expression_node.ts.ExpressionNode;class:src/abap/nodes/statement_node.ts.StatementNode;class:src/abap/nodes/structure_node.ts.StructureNode;class:src/abap/nodes/token_node.ts.TokenNode;class:src/abap/nodes/token_node_regex.ts.TokenNodeRegex,interfaceref<src/abap/nodes/_inode.ts.INode>;interfaceref<union.66719939903e43ae9586894a3271d3c1e0bc1a87886c0b01d3e32f95e19d70c3>;interfaceref<union.ef34b1fae8df131c6c97185482820bb32cd957a6b0ed51ce6b23465fc63eb844>
src/abap/5_syntax/basic_types.ts.BasicTypes::resolveLikeName,src/abap/5_syntax/basic_types.ts.BasicTypes::resolveLikeName/body/s1/s11/else/s9/body/s0/x/0,src/abap/5_syntax/basic_types.ts:173:23,syntax,array.shift,interfaceref<union.66719939903e43ae9586894a3271d3c1e0bc1a87886c0b01d3e32f95e19d70c3>,shared object table,optional<interfaceref<union.66719939903e43ae9586894a3271d3c1e0bc1a87886c0b01d3e32f95e19d70c3>>,1,false,1,1,1,hierarchy/mixed upper bound,class:src/abap/nodes/expression_node.ts.ExpressionNode;class:src/abap/nodes/statement_node.ts.StatementNode;class:src/abap/nodes/structure_node.ts.StructureNode;class:src/abap/nodes/token_node.ts.TokenNode;class:src/abap/nodes/token_node_regex.ts.TokenNodeRegex,interfaceref<union.66719939903e43ae9586894a3271d3c1e0bc1a87886c0b01d3e32f95e19d70c3>
src/abap/5_syntax/basic_types.ts.BasicTypes::resolveLikeName,src/abap/5_syntax/basic_types.ts.BasicTypes::resolveLikeName/body/s1/s11/x/0/0,src/abap/5_syntax/basic_types.ts:135:9,syntax,index,interfaceref<union.66719939903e43ae9586894a3271d3c1e0bc1a87886c0b01d3e32f95e19d70c3>,shared object table,interfaceref<union.66719939903e43ae9586894a3271d3c1e0bc1a87886c0b01d3e32f95e19d70c3>,0,false,1,1,1,hierarchy/mixed upper bound,class:src/abap/nodes/expression_node.ts.ExpressionNode;class:src/abap/nodes/statement_node.ts.StatementNode;class:src/abap/nodes/structure_node.ts.StructureNode;class:src/abap/nodes/token_node.ts.TokenNode;class:src/abap/nodes/token_node_regex.ts.TokenNodeRegex,interfaceref<union.66719939903e43ae9586894a3271d3c1e0bc1a87886c0b01d3e32f95e19d70c3>
src/abap/5_syntax/basic_types.ts.BasicTypes::resolveLikeName,src/abap/5_syntax/basic_types.ts.BasicTypes::resolveLikeName/body/s1/s11/x/1/0/0/0/0,src/abap/5_syntax/basic_types.ts:135:25,syntax,index,interfaceref<union.66719939903e43ae9586894a3271d3c1e0bc1a87886c0b01d3e32f95e19d70c3>,shared object table,interfaceref<union.66719939903e43ae9586894a3271d3c1e0bc1a87886c0b01d3e32f95e19d70c3>,0,false,1,1,1,hierarchy/mixed upper bound,class:src/abap/nodes/expression_node.ts.ExpressionNode;class:src/abap/nodes/statement_node.ts.StatementNode;class:src/abap/nodes/structure_node.ts.StructureNode;class:src/abap/nodes/token_node.ts.TokenNode;class:src/abap/nodes/token_node_regex.ts.TokenNodeRegex,interfaceref<union.66719939903e43ae9586894a3271d3c1e0bc1a87886c0b01d3e32f95e19d70c3>
src/abap/5_syntax/basic_types.ts.BasicTypes::resolveLikeName,src/abap/5_syntax/basic_types.ts.BasicTypes::resolveLikeName/body/s1/s11/x/1/1/0/0/0,src/abap/5_syntax/basic_types.ts:135:74,syntax,index,interfaceref<union.66719939903e43ae9586894a3271d3c1e0bc1a87886c0b01d3e32f95e19d70c3>,shared object table,interfaceref<union.66719939903e43ae9586894a3271d3c1e0bc1a87886c0b01d3e32f95e19d70c3>,0,false,1,1,1,hierarchy/mixed upper bound,class:src/abap/nodes/expression_node.ts.ExpressionNode;class:src/abap/nodes/statement_node.ts.StatementNode;class:src/abap/nodes/structure_node.ts.StructureNode;class:src/abap/nodes/token_node.ts.TokenNode;class:src/abap/nodes/token_node_regex.ts.TokenNodeRegex,interfaceref<union.66719939903e43ae9586894a3271d3c1e0bc1a87886c0b01d3e32f95e19d70c3>
src/abap/5_syntax/basic_types.ts.BasicTypes::resolveLikeName,src/abap/5_syntax/basic_types.ts.BasicTypes::resolveLikeName/body/s1/s8/x/seq/s0/x,src/abap/5_syntax/basic_types.ts:128:20,syntax,new,interfaceref<union.66719939903e43ae9586894a3271d3c1e0bc1a87886c0b01d3e32f95e19d70c3>,shared object table,,0,false,0,0,0,no non-null rows resolved (not an exact proof),,interfaceref<union.66719939903e43ae9586894a3271d3c1e0bc1a87886c0b01d3e32f95e19d70c3>
src/abap/5_syntax/basic_types.ts.BasicTypes::resolveLikeName,src/abap/5_syntax/basic_types.ts.BasicTypes::resolveLikeName/body/s1/s8/x/seq/s1/x,,syntax,array.concat,interfaceref<union.66719939903e43ae9586894a3271d3c1e0bc1a87886c0b01d3e32f95e19d70c3>,shared object table,,0,false,0,0,0,hierarchy/mixed upper bound,class:src/abap/nodes/expression_node.ts.ExpressionNode;class:src/abap/nodes/statement_node.ts.StatementNode;class:src/abap/nodes/structure_node.ts.StructureNode;class:src/abap/nodes/token_node.ts.TokenNode;class:src/abap/nodes/token_node_regex.ts.TokenNodeRegex,interfaceref<union.66719939903e43ae9586894a3271d3c1e0bc1a87886c0b01d3e32f95e19d70c3>
src/abap/5_syntax/basic_types.ts.BasicTypes::resolveTypeChain,src/abap/5_syntax/basic_types.ts.BasicTypes::resolveTypeChain/body/s7/body/s2/body/s3/x/seq/s0/x,src/abap/5_syntax/basic_types.ts:756:23,syntax,array.get,interfaceref<union.66719939903e43ae9586894a3271d3c1e0bc1a87886c0b01d3e32f95e19d70c3>,shared object table,optional<interfaceref<union.66719939903e43ae9586894a3271d3c1e0bc1a87886c0b01d3e32f95e19d70c3>>,0,false,1,1,0,hierarchy/mixed upper bound,class:src/abap/nodes/expression_node.ts.ExpressionNode;class:src/abap/nodes/statement_node.ts.StatementNode;class:src/abap/nodes/structure_node.ts.StructureNode;class:src/abap/nodes/token_node.ts.TokenNode;class:src/abap/nodes/token_node_regex.ts.TokenNodeRegex,interfaceref<src/abap/nodes/_inode.ts.INode>;interfaceref<union.66719939903e43ae9586894a3271d3c1e0bc1a87886c0b01d3e32f95e19d70c3>;interfaceref<union.ef34b1fae8df131c6c97185482820bb32cd957a6b0ed51ce6b23465fc63eb844>
src/abap/5_syntax/basic_types.ts.BasicTypes::resolveTypeChain,src/abap/5_syntax/basic_types.ts.BasicTypes::resolveTypeChain/body/s7/body/s2/else/s7/x/seq/s0/x,src/abap/5_syntax/basic_types.ts:783:23,syntax,array.get,interfaceref<union.66719939903e43ae9586894a3271d3c1e0bc1a87886c0b01d3e32f95e19d70c3>,shared object table,optional<interfaceref<union.66719939903e43ae9586894a3271d3c1e0bc1a87886c0b01d3e32f95e19d70c3>>,0,false,1,1,0,hierarchy/mixed upper bound,class:src/abap/nodes/expression_node.ts.ExpressionNode;class:src/abap/nodes/statement_node.ts.StatementNode;class:src/abap/nodes/structure_node.ts.StructureNode;class:src/abap/nodes/token_node.ts.TokenNode;class:src/abap/nodes/token_node_regex.ts.TokenNodeRegex,interfaceref<src/abap/nodes/_inode.ts.INode>;interfaceref<union.66719939903e43ae9586894a3271d3c1e0bc1a87886c0b01d3e32f95e19d70c3>;interfaceref<union.ef34b1fae8df131c6c97185482820bb32cd957a6b0ed51ce6b23465fc63eb844>
src/abap/5_syntax/basic_types.ts.BasicTypes::resolveTypeChain,src/abap/5_syntax/basic_types.ts.BasicTypes::resolveTypeChain/body/s7/else/body/s2/body/s3/body/s5/x/seq/s0/x,src/abap/5_syntax/basic_types.ts:814:25,syntax,array.get,interfaceref<union.66719939903e43ae9586894a3271d3c1e0bc1a87886c0b01d3e32f95e19d70c3>,shared object table,optional<interfaceref<union.66719939903e43ae9586894a3271d3c1e0bc1a87886c0b01d3e32f95e19d70c3>>,0,false,1,1,0,hierarchy/mixed upper bound,class:src/abap/nodes/expression_node.ts.ExpressionNode;class:src/abap/nodes/statement_node.ts.StatementNode;class:src/abap/nodes/structure_node.ts.StructureNode;class:src/abap/nodes/token_node.ts.TokenNode;class:src/abap/nodes/token_node_regex.ts.TokenNodeRegex,interfaceref<src/abap/nodes/_inode.ts.INode>;interfaceref<union.66719939903e43ae9586894a3271d3c1e0bc1a87886c0b01d3e32f95e19d70c3>;interfaceref<union.ef34b1fae8df131c6c97185482820bb32cd957a6b0ed51ce6b23465fc63eb844>
src/abap/5_syntax/expressions/_check_database_fields.ts.module::checkDatabaseFields,src/abap/5_syntax/expressions/_check_database_fields.ts.module::checkDatabaseFields/body/s0/s1/x,src/abap/5_syntax/expressions/_check_database_fields.ts:16:17,syntax,index,interfaceref<union.a4d0ccb535ead84cf0a3fba4afdbd09580e2c7b3f2e611d359e2cec125f49f13>,typed optional-reference table,optional<interfaceref<union.a4d0ccb535ead84cf0a3fba4afdbd09580e2c7b3f2e611d359e2cec125f49f13>>,0,false,0,0,0,no non-null rows resolved (not an exact proof),,interfaceref<union.a4d0ccb535ead84cf0a3fba4afdbd09580e2c7b3f2e611d359e2cec125f49f13>
src/abap/5_syntax/expressions/attribute_chain.ts.AttributeChain::runSyntax,src/abap/5_syntax/expressions/attribute_chain.ts.AttributeChain::runSyntax/body/s1/x,src/abap/5_syntax/expressions/attribute_chain.ts:32:19,syntax,index,interfaceref<src/abap/nodes/_inode.ts.INode>,shared object table,interfaceref<src/abap/nodes/_inode.ts.INode>,0,false,1,1,0,hierarchy/mixed upper bound,class:src/abap/nodes/expression_node.ts.ExpressionNode;class:src/abap/nodes/statement_node.ts.StatementNode;class:src/abap/nodes/structure_node.ts.StructureNode;class:src/abap/nodes/token_node.ts.TokenNode;class:src/abap/nodes/token_node_regex.ts.TokenNodeRegex,interfaceref<src/abap/nodes/_inode.ts.INode>;interfaceref<union.66719939903e43ae9586894a3271d3c1e0bc1a87886c0b01d3e32f95e19d70c3>;interfaceref<union.ef34b1fae8df131c6c97185482820bb32cd957a6b0ed51ce6b23465fc63eb844>
src/abap/5_syntax/expressions/attribute_chain.ts.AttributeChain::runSyntax,src/abap/5_syntax/expressions/attribute_chain.ts.AttributeChain::runSyntax/body/s14/s1/body/s0/s0/x,src/abap/5_syntax/expressions/attribute_chain.ts:64:21,syntax,index,interfaceref<src/abap/nodes/_inode.ts.INode>,shared object table,interfaceref<src/abap/nodes/_inode.ts.INode>,1,false,1,1,0,hierarchy/mixed upper bound,class:src/abap/nodes/expression_node.ts.ExpressionNode;class:src/abap/nodes/statement_node.ts.StatementNode;class:src/abap/nodes/structure_node.ts.StructureNode;class:src/abap/nodes/token_node.ts.TokenNode;class:src/abap/nodes/token_node_regex.ts.TokenNodeRegex,interfaceref<src/abap/nodes/_inode.ts.INode>;interfaceref<union.66719939903e43ae9586894a3271d3c1e0bc1a87886c0b01d3e32f95e19d70c3>;interfaceref<union.ef34b1fae8df131c6c97185482820bb32cd957a6b0ed51ce6b23465fc63eb844>
src/abap/5_syntax/expressions/compare.ts.Compare::runSyntax,src/abap/5_syntax/expressions/compare.ts.Compare::runSyntax/body/s0/x,src/abap/5_syntax/expressions/compare.ts:14:55,syntax,new,classref<src/abap/types/basic/_abstract_type.ts.AbstractType>,typed optional-reference table,,0,false,0,0,0,hierarchy/mixed upper bound,class:src/abap/5_syntax/_builtin.ts.BuiltInMethod;class:src/abap/types/basic/any_type.ts.AnyType;class:src/abap/types/basic/cgeneric_type.ts.CGenericType;class:src/abap/types/basic/character_type.ts.CharacterType;class:src/abap/types/basic/clike_type.ts.CLikeType;class:src/abap/types/basic/csequence_type.ts.CSequenceType;class:src/abap/types/basic/data_reference_type.ts.DataReference;class:src/abap/types/basic/data_type.ts.DataType;class:src/abap/types/basic/date_type.ts.DateType;class:src/abap/types/basic/decfloat16_type.ts.DecFloat16Type;class:src/abap/types/basic/decfloat34_type.ts.DecFloat34Type;class:src/abap/types/basic/decfloat_type.ts.DecFloatType;class:src/abap/types/basic/float_type.ts.FloatType;class:src/abap/types/basic/generic_object_reference_type.ts.GenericObjectReferenceType;class:src/abap/types/basic/hex_type.ts.HexType;class:src/abap/types/basic/integer8_type.ts.Integer8Type;class:src/abap/types/basic/integer_type.ts.IntegerType;class:src/abap/types/basic/numeric_generic_type.ts.NumericGenericType;class:src/abap/types/basic/numeric_type.ts.NumericType;class:src/abap/types/basic/object_reference_type.ts.ObjectReferenceType;class:src/abap/types/basic/packed_type.ts.PackedType;class:src/abap/types/basic/pgeneric_type.ts.PGenericType;class:src/abap/types/basic/simple_type.ts.SimpleType;class:src/abap/types/basic/string_type.ts.StringType;class:src/abap/types/basic/structure_type.ts.StructureType;class:src/abap/types/basic/table_type.ts.TableType;class:src/abap/types/basic/time_type.ts.TimeType;class:src/abap/types/basic/unknown_type.ts.UnknownType;class:src/abap/types/basic/utc_long_type.ts.UTCLongType;class:src/abap/types/basic/void_type.ts.VoidType;class:src/abap/types/basic/xgeneric_type.ts.XGenericType;class:src/abap/types/basic/xsequence_type.ts.XSequenceType;class:src/abap/types/basic/xstring_type.ts.XStringType,classref<src/abap/types/basic/_abstract_type.ts.AbstractType>
src/abap/5_syntax/expressions/compare.ts.Compare::runSyntax,src/abap/5_syntax/expressions/compare.ts.Compare::runSyntax/body/s2,src/abap/5_syntax/expressions/compare.ts:16:5,syntax,foreach,classref<src/abap/nodes/expression_node.ts.ExpressionNode>,shared object table,classref<src/abap/nodes/expression_node.ts.ExpressionNode>,1,false,1,1,1,hierarchy/mixed upper bound,class:src/abap/nodes/expression_node.ts.ExpressionNode;class:src/abap/nodes/statement_node.ts.StatementNode;class:src/abap/nodes/structure_node.ts.StructureNode;class:src/abap/nodes/token_node.ts.TokenNode;class:src/abap/nodes/token_node_regex.ts.TokenNodeRegex,classref<src/abap/nodes/expression_node.ts.ExpressionNode>
src/abap/5_syntax/expressions/compare.ts.Compare::runSyntax,src/abap/5_syntax/expressions/compare.ts.Compare::runSyntax/body/s3,src/abap/5_syntax/expressions/compare.ts:20:5,syntax,foreach,classref<src/abap/nodes/expression_node.ts.ExpressionNode>,shared object table,classref<src/abap/nodes/expression_node.ts.ExpressionNode>,1,false,1,1,1,hierarchy/mixed upper bound,class:src/abap/nodes/expression_node.ts.ExpressionNode;class:src/abap/nodes/statement_node.ts.StatementNode;class:src/abap/nodes/structure_node.ts.StructureNode;class:src/abap/nodes/token_node.ts.TokenNode;class:src/abap/nodes/token_node_regex.ts.TokenNodeRegex,classref<src/abap/nodes/expression_node.ts.ExpressionNode>
src/abap/5_syntax/expressions/compare.ts.Compare::runSyntax,src/abap/5_syntax/expressions/compare.ts.Compare::runSyntax/body/s4,src/abap/5_syntax/expressions/compare.ts:24:5,syntax,foreach,classref<src/abap/nodes/expression_node.ts.ExpressionNode>,shared object table,classref<src/abap/nodes/expression_node.ts.ExpressionNode>,1,false,1,1,1,hierarchy/mixed upper bound,class:src/abap/nodes/expression_node.ts.ExpressionNode;class:src/abap/nodes/statement_node.ts.StatementNode;class:src/abap/nodes/structure_node.ts.StructureNode;class:src/abap/nodes/token_node.ts.TokenNode;class:src/abap/nodes/token_node_regex.ts.TokenNodeRegex,classref<src/abap/nodes/expression_node.ts.ExpressionNode>
src/abap/5_syntax/expressions/compare.ts.Compare::runSyntax,src/abap/5_syntax/expressions/compare.ts.Compare::runSyntax/body/s7/else/body/s1/x/0/0/0/0,src/abap/5_syntax/expressions/compare.ts:40:12,syntax,index,classref<src/abap/types/basic/_abstract_type.ts.AbstractType>,typed optional-reference table,optional<classref<src/abap/types/basic/_abstract_type.ts.AbstractType>>,0,false,0,0,0,hierarchy/mixed upper bound,class:src/abap/5_syntax/_builtin.ts.BuiltInMethod;class:src/abap/types/basic/any_type.ts.AnyType;class:src/abap/types/basic/cgeneric_type.ts.CGenericType;class:src/abap/types/basic/character_type.ts.CharacterType;class:src/abap/types/basic/clike_type.ts.CLikeType;class:src/abap/types/basic/csequence_type.ts.CSequenceType;class:src/abap/types/basic/data_reference_type.ts.DataReference;class:src/abap/types/basic/data_type.ts.DataType;class:src/abap/types/basic/date_type.ts.DateType;class:src/abap/types/basic/decfloat16_type.ts.DecFloat16Type;class:src/abap/types/basic/decfloat34_type.ts.DecFloat34Type;class:src/abap/types/basic/decfloat_type.ts.DecFloatType;class:src/abap/types/basic/float_type.ts.FloatType;class:src/abap/types/basic/generic_object_reference_type.ts.GenericObjectReferenceType;class:src/abap/types/basic/hex_type.ts.HexType;class:src/abap/types/basic/integer8_type.ts.Integer8Type;class:src/abap/types/basic/integer_type.ts.IntegerType;class:src/abap/types/basic/numeric_generic_type.ts.NumericGenericType;class:src/abap/types/basic/numeric_type.ts.NumericType;class:src/abap/types/basic/object_reference_type.ts.ObjectReferenceType;class:src/abap/types/basic/packed_type.ts.PackedType;class:src/abap/types/basic/pgeneric_type.ts.PGenericType;class:src/abap/types/basic/simple_type.ts.SimpleType;class:src/abap/types/basic/string_type.ts.StringType;class:src/abap/types/basic/structure_type.ts.StructureType;class:src/abap/types/basic/table_type.ts.TableType;class:src/abap/types/basic/time_type.ts.TimeType;class:src/abap/types/basic/unknown_type.ts.UnknownType;class:src/abap/types/basic/utc_long_type.ts.UTCLongType;class:src/abap/types/basic/void_type.ts.VoidType;class:src/abap/types/basic/xgeneric_type.ts.XGenericType;class:src/abap/types/basic/xsequence_type.ts.XSequenceType;class:src/abap/types/basic/xstring_type.ts.XStringType,classref<src/abap/types/basic/_abstract_type.ts.AbstractType>
src/abap/5_syntax/expressions/compare.ts.Compare::runSyntax,src/abap/5_syntax/expressions/compare.ts.Compare::runSyntax/body/s7/else/body/s1/x/0/0/1/0,src/abap/5_syntax/expressions/compare.ts:41:14,syntax,index,classref<src/abap/types/basic/_abstract_type.ts.AbstractType>,typed optional-reference table,optional<classref<src/abap/types/basic/_abstract_type.ts.AbstractType>>,0,false,0,0,0,hierarchy/mixed upper bound,class:src/abap/5_syntax/_builtin.ts.BuiltInMethod;class:src/abap/types/basic/any_type.ts.AnyType;class:src/abap/types/basic/cgeneric_type.ts.CGenericType;class:src/abap/types/basic/character_type.ts.CharacterType;class:src/abap/types/basic/clike_type.ts.CLikeType;class:src/abap/types/basic/csequence_type.ts.CSequenceType;class:src/abap/types/basic/data_reference_type.ts.DataReference;class:src/abap/types/basic/data_type.ts.DataType;class:src/abap/types/basic/date_type.ts.DateType;class:src/abap/types/basic/decfloat16_type.ts.DecFloat16Type;class:src/abap/types/basic/decfloat34_type.ts.DecFloat34Type;class:src/abap/types/basic/decfloat_type.ts.DecFloatType;class:src/abap/types/basic/float_type.ts.FloatType;class:src/abap/types/basic/generic_object_reference_type.ts.GenericObjectReferenceType;class:src/abap/types/basic/hex_type.ts.HexType;class:src/abap/types/basic/integer8_type.ts.Integer8Type;class:src/abap/types/basic/integer_type.ts.IntegerType;class:src/abap/types/basic/numeric_generic_type.ts.NumericGenericType;class:src/abap/types/basic/numeric_type.ts.NumericType;class:src/abap/types/basic/object_reference_type.ts.ObjectReferenceType;class:src/abap/types/basic/packed_type.ts.PackedType;class:src/abap/types/basic/pgeneric_type.ts.PGenericType;class:src/abap/types/basic/simple_type.ts.SimpleType;class:src/abap/types/basic/string_type.ts.StringType;class:src/abap/types/basic/structure_type.ts.StructureType;class:src/abap/types/basic/table_type.ts.TableType;class:src/abap/types/basic/time_type.ts.TimeType;class:src/abap/types/basic/unknown_type.ts.UnknownType;class:src/abap/types/basic/utc_long_type.ts.UTCLongType;class:src/abap/types/basic/void_type.ts.VoidType;class:src/abap/types/basic/xgeneric_type.ts.XGenericType;class:src/abap/types/basic/xsequence_type.ts.XSequenceType;class:src/abap/types/basic/xstring_type.ts.XStringType,classref<src/abap/types/basic/_abstract_type.ts.AbstractType>
src/abap/5_syntax/expressions/compare.ts.Compare::runSyntax,src/abap/5_syntax/expressions/compare.ts.Compare::runSyntax/body/s7/else/body/s1/x/0/1/0/0,src/abap/5_syntax/expressions/compare.ts:42:14,syntax,index,classref<src/abap/nodes/expression_node.ts.ExpressionNode>,shared object table,classref<src/abap/nodes/expression_node.ts.ExpressionNode>,0,false,1,1,1,hierarchy/mixed upper bound,class:src/abap/nodes/expression_node.ts.ExpressionNode;class:src/abap/nodes/statement_node.ts.StatementNode;class:src/abap/nodes/structure_node.ts.StructureNode;class:src/abap/nodes/token_node.ts.TokenNode;class:src/abap/nodes/token_node_regex.ts.TokenNodeRegex,classref<src/abap/nodes/expression_node.ts.ExpressionNode>
src/abap/5_syntax/expressions/compare.ts.Compare::runSyntax,src/abap/5_syntax/expressions/compare.ts.Compare::runSyntax/body/s7/else/body/s1/x/1/0/0/0,src/abap/5_syntax/expressions/compare.ts:43:15,syntax,index,classref<src/abap/types/basic/_abstract_type.ts.AbstractType>,typed optional-reference table,optional<classref<src/abap/types/basic/_abstract_type.ts.AbstractType>>,0,false,0,0,0,hierarchy/mixed upper bound,class:src/abap/5_syntax/_builtin.ts.BuiltInMethod;class:src/abap/types/basic/any_type.ts.AnyType;class:src/abap/types/basic/cgeneric_type.ts.CGenericType;class:src/abap/types/basic/character_type.ts.CharacterType;class:src/abap/types/basic/clike_type.ts.CLikeType;class:src/abap/types/basic/csequence_type.ts.CSequenceType;class:src/abap/types/basic/data_reference_type.ts.DataReference;class:src/abap/types/basic/data_type.ts.DataType;class:src/abap/types/basic/date_type.ts.DateType;class:src/abap/types/basic/decfloat16_type.ts.DecFloat16Type;class:src/abap/types/basic/decfloat34_type.ts.DecFloat34Type;class:src/abap/types/basic/decfloat_type.ts.DecFloatType;class:src/abap/types/basic/float_type.ts.FloatType;class:src/abap/types/basic/generic_object_reference_type.ts.GenericObjectReferenceType;class:src/abap/types/basic/hex_type.ts.HexType;class:src/abap/types/basic/integer8_type.ts.Integer8Type;class:src/abap/types/basic/integer_type.ts.IntegerType;class:src/abap/types/basic/numeric_generic_type.ts.NumericGenericType;class:src/abap/types/basic/numeric_type.ts.NumericType;class:src/abap/types/basic/object_reference_type.ts.ObjectReferenceType;class:src/abap/types/basic/packed_type.ts.PackedType;class:src/abap/types/basic/pgeneric_type.ts.PGenericType;class:src/abap/types/basic/simple_type.ts.SimpleType;class:src/abap/types/basic/string_type.ts.StringType;class:src/abap/types/basic/structure_type.ts.StructureType;class:src/abap/types/basic/table_type.ts.TableType;class:src/abap/types/basic/time_type.ts.TimeType;class:src/abap/types/basic/unknown_type.ts.UnknownType;class:src/abap/types/basic/utc_long_type.ts.UTCLongType;class:src/abap/types/basic/void_type.ts.VoidType;class:src/abap/types/basic/xgeneric_type.ts.XGenericType;class:src/abap/types/basic/xsequence_type.ts.XSequenceType;class:src/abap/types/basic/xstring_type.ts.XStringType,classref<src/abap/types/basic/_abstract_type.ts.AbstractType>
src/abap/5_syntax/expressions/compare.ts.Compare::runSyntax,src/abap/5_syntax/expressions/compare.ts.Compare::runSyntax/body/s7/else/body/s1/x/1/0/1/0,src/abap/5_syntax/expressions/compare.ts:44:14,syntax,index,classref<src/abap/types/basic/_abstract_type.ts.AbstractType>,typed optional-reference table,optional<classref<src/abap/types/basic/_abstract_type.ts.AbstractType>>,0,false,0,0,0,hierarchy/mixed upper bound,class:src/abap/5_syntax/_builtin.ts.BuiltInMethod;class:src/abap/types/basic/any_type.ts.AnyType;class:src/abap/types/basic/cgeneric_type.ts.CGenericType;class:src/abap/types/basic/character_type.ts.CharacterType;class:src/abap/types/basic/clike_type.ts.CLikeType;class:src/abap/types/basic/csequence_type.ts.CSequenceType;class:src/abap/types/basic/data_reference_type.ts.DataReference;class:src/abap/types/basic/data_type.ts.DataType;class:src/abap/types/basic/date_type.ts.DateType;class:src/abap/types/basic/decfloat16_type.ts.DecFloat16Type;class:src/abap/types/basic/decfloat34_type.ts.DecFloat34Type;class:src/abap/types/basic/decfloat_type.ts.DecFloatType;class:src/abap/types/basic/float_type.ts.FloatType;class:src/abap/types/basic/generic_object_reference_type.ts.GenericObjectReferenceType;class:src/abap/types/basic/hex_type.ts.HexType;class:src/abap/types/basic/integer8_type.ts.Integer8Type;class:src/abap/types/basic/integer_type.ts.IntegerType;class:src/abap/types/basic/numeric_generic_type.ts.NumericGenericType;class:src/abap/types/basic/numeric_type.ts.NumericType;class:src/abap/types/basic/object_reference_type.ts.ObjectReferenceType;class:src/abap/types/basic/packed_type.ts.PackedType;class:src/abap/types/basic/pgeneric_type.ts.PGenericType;class:src/abap/types/basic/simple_type.ts.SimpleType;class:src/abap/types/basic/string_type.ts.StringType;class:src/abap/types/basic/structure_type.ts.StructureType;class:src/abap/types/basic/table_type.ts.TableType;class:src/abap/types/basic/time_type.ts.TimeType;class:src/abap/types/basic/unknown_type.ts.UnknownType;class:src/abap/types/basic/utc_long_type.ts.UTCLongType;class:src/abap/types/basic/void_type.ts.VoidType;class:src/abap/types/basic/xgeneric_type.ts.XGenericType;class:src/abap/types/basic/xsequence_type.ts.XSequenceType;class:src/abap/types/basic/xstring_type.ts.XStringType,classref<src/abap/types/basic/_abstract_type.ts.AbstractType>
src/abap/5_syntax/expressions/compare.ts.Compare::runSyntax,src/abap/5_syntax/expressions/compare.ts.Compare::runSyntax/body/s7/else/body/s1/x/1/1/0/0,src/abap/5_syntax/expressions/compare.ts:45:14,syntax,index,classref<src/abap/nodes/expression_node.ts.ExpressionNode>,shared object table,classref<src/abap/nodes/expression_node.ts.ExpressionNode>,0,false,1,1,1,hierarchy/mixed upper bound,class:src/abap/nodes/expression_node.ts.ExpressionNode;class:src/abap/nodes/statement_node.ts.StatementNode;class:src/abap/nodes/structure_node.ts.StructureNode;class:src/abap/nodes/token_node.ts.TokenNode;class:src/abap/nodes/token_node_regex.ts.TokenNodeRegex,classref<src/abap/nodes/expression_node.ts.ExpressionNode>
src/abap/5_syntax/expressions/compare.ts.Compare::runSyntax,src/abap/5_syntax/expressions/compare.ts.Compare::runSyntax/body/s7/else/x/0/1/0/arg0,src/abap/5_syntax/expressions/compare.ts:37:36,syntax,index,classref<src/abap/types/basic/_abstract_type.ts.AbstractType>,typed optional-reference table,optional<classref<src/abap/types/basic/_abstract_type.ts.AbstractType>>,0,false,0,0,0,hierarchy/mixed upper bound,class:src/abap/5_syntax/_builtin.ts.BuiltInMethod;class:src/abap/types/basic/any_type.ts.AnyType;class:src/abap/types/basic/cgeneric_type.ts.CGenericType;class:src/abap/types/basic/character_type.ts.CharacterType;class:src/abap/types/basic/clike_type.ts.CLikeType;class:src/abap/types/basic/csequence_type.ts.CSequenceType;class:src/abap/types/basic/data_reference_type.ts.DataReference;class:src/abap/types/basic/data_type.ts.DataType;class:src/abap/types/basic/date_type.ts.DateType;class:src/abap/types/basic/decfloat16_type.ts.DecFloat16Type;class:src/abap/types/basic/decfloat34_type.ts.DecFloat34Type;class:src/abap/types/basic/decfloat_type.ts.DecFloatType;class:src/abap/types/basic/float_type.ts.FloatType;class:src/abap/types/basic/generic_object_reference_type.ts.GenericObjectReferenceType;class:src/abap/types/basic/hex_type.ts.HexType;class:src/abap/types/basic/integer8_type.ts.Integer8Type;class:src/abap/types/basic/integer_type.ts.IntegerType;class:src/abap/types/basic/numeric_generic_type.ts.NumericGenericType;class:src/abap/types/basic/numeric_type.ts.NumericType;class:src/abap/types/basic/object_reference_type.ts.ObjectReferenceType;class:src/abap/types/basic/packed_type.ts.PackedType;class:src/abap/types/basic/pgeneric_type.ts.PGenericType;class:src/abap/types/basic/simple_type.ts.SimpleType;class:src/abap/types/basic/string_type.ts.StringType;class:src/abap/types/basic/structure_type.ts.StructureType;class:src/abap/types/basic/table_type.ts.TableType;class:src/abap/types/basic/time_type.ts.TimeType;class:src/abap/types/basic/unknown_type.ts.UnknownType;class:src/abap/types/basic/utc_long_type.ts.UTCLongType;class:src/abap/types/basic/void_type.ts.VoidType;class:src/abap/types/basic/xgeneric_type.ts.XGenericType;class:src/abap/types/basic/xsequence_type.ts.XSequenceType;class:src/abap/types/basic/xstring_type.ts.XStringType,classref<src/abap/types/basic/_abstract_type.ts.AbstractType>
src/abap/5_syntax/expressions/compare.ts.Compare::runSyntax,src/abap/5_syntax/expressions/compare.ts.Compare::runSyntax/body/s7/else/x/0/1/0/arg1,src/abap/5_syntax/expressions/compare.ts:37:52,syntax,index,classref<src/abap/types/basic/_abstract_type.ts.AbstractType>,typed optional-reference table,optional<classref<src/abap/types/basic/_abstract_type.ts.AbstractType>>,0,false,0,0,0,hierarchy/mixed upper bound,class:src/abap/5_syntax/_builtin.ts.BuiltInMethod;class:src/abap/types/basic/any_type.ts.AnyType;class:src/abap/types/basic/cgeneric_type.ts.CGenericType;class:src/abap/types/basic/character_type.ts.CharacterType;class:src/abap/types/basic/clike_type.ts.CLikeType;class:src/abap/types/basic/csequence_type.ts.CSequenceType;class:src/abap/types/basic/data_reference_type.ts.DataReference;class:src/abap/types/basic/data_type.ts.DataType;class:src/abap/types/basic/date_type.ts.DateType;class:src/abap/types/basic/decfloat16_type.ts.DecFloat16Type;class:src/abap/types/basic/decfloat34_type.ts.DecFloat34Type;class:src/abap/types/basic/decfloat_type.ts.DecFloatType;class:src/abap/types/basic/float_type.ts.FloatType;class:src/abap/types/basic/generic_object_reference_type.ts.GenericObjectReferenceType;class:src/abap/types/basic/hex_type.ts.HexType;class:src/abap/types/basic/integer8_type.ts.Integer8Type;class:src/abap/types/basic/integer_type.ts.IntegerType;class:src/abap/types/basic/numeric_generic_type.ts.NumericGenericType;class:src/abap/types/basic/numeric_type.ts.NumericType;class:src/abap/types/basic/object_reference_type.ts.ObjectReferenceType;class:src/abap/types/basic/packed_type.ts.PackedType;class:src/abap/types/basic/pgeneric_type.ts.PGenericType;class:src/abap/types/basic/simple_type.ts.SimpleType;class:src/abap/types/basic/string_type.ts.StringType;class:src/abap/types/basic/structure_type.ts.StructureType;class:src/abap/types/basic/table_type.ts.TableType;class:src/abap/types/basic/time_type.ts.TimeType;class:src/abap/types/basic/unknown_type.ts.UnknownType;class:src/abap/types/basic/utc_long_type.ts.UTCLongType;class:src/abap/types/basic/void_type.ts.VoidType;class:src/abap/types/basic/xgeneric_type.ts.XGenericType;class:src/abap/types/basic/xsequence_type.ts.XSequenceType;class:src/abap/types/basic/xstring_type.ts.XStringType,classref<src/abap/types/basic/_abstract_type.ts.AbstractType>
src/abap/5_syntax/expressions/compare.ts.Compare::runSyntax,src/abap/5_syntax/expressions/compare.ts.Compare::runSyntax/body/s7/else/x/0/1/0/arg2,src/abap/5_syntax/expressions/compare.ts:37:68,syntax,index,classref<src/abap/nodes/expression_node.ts.ExpressionNode>,shared object table,classref<src/abap/nodes/expression_node.ts.ExpressionNode>,0,false,1,1,1,hierarchy/mixed upper bound,class:src/abap/nodes/expression_node.ts.ExpressionNode;class:src/abap/nodes/statement_node.ts.StatementNode;class:src/abap/nodes/structure_node.ts.StructureNode;class:src/abap/nodes/token_node.ts.TokenNode;class:src/abap/nodes/token_node_regex.ts.TokenNodeRegex,classref<src/abap/nodes/expression_node.ts.ExpressionNode>
src/abap/5_syntax/expressions/compare.ts.Compare::runSyntax,src/abap/5_syntax/expressions/compare.ts.Compare::runSyntax/body/s7/else/x/0/1/0/arg3,src/abap/5_syntax/expressions/compare.ts:37:80,syntax,index,classref<src/abap/nodes/expression_node.ts.ExpressionNode>,shared object table,classref<src/abap/nodes/expression_node.ts.ExpressionNode>,0,false,1,1,1,hierarchy/mixed upper bound,class:src/abap/nodes/expression_node.ts.ExpressionNode;class:src/abap/nodes/statement_node.ts.StatementNode;class:src/abap/nodes/structure_node.ts.StructureNode;class:src/abap/nodes/token_node.ts.TokenNode;class:src/abap/nodes/token_node_regex.ts.TokenNodeRegex,classref<src/abap/nodes/expression_node.ts.ExpressionNode>
src/abap/5_syntax/expressions/compare.ts.Compare::runSyntax,src/abap/5_syntax/expressions/compare.ts.Compare::runSyntax/body/s7/x/1/seq/s1,src/abap/5_syntax/expressions/compare.ts:33:12,syntax,foreach,classref<src/abap/types/basic/_abstract_type.ts.AbstractType>,typed optional-reference table,optional<classref<src/abap/types/basic/_abstract_type.ts.AbstractType>>,1,false,0,0,0,hierarchy/mixed upper bound,class:src/abap/5_syntax/_builtin.ts.BuiltInMethod;class:src/abap/types/basic/any_type.ts.AnyType;class:src/abap/types/basic/cgeneric_type.ts.CGenericType;class:src/abap/types/basic/character_type.ts.CharacterType;class:src/abap/types/basic/clike_type.ts.CLikeType;class:src/abap/types/basic/csequence_type.ts.CSequenceType;class:src/abap/types/basic/data_reference_type.ts.DataReference;class:src/abap/types/basic/data_type.ts.DataType;class:src/abap/types/basic/date_type.ts.DateType;class:src/abap/types/basic/decfloat16_type.ts.DecFloat16Type;class:src/abap/types/basic/decfloat34_type.ts.DecFloat34Type;class:src/abap/types/basic/decfloat_type.ts.DecFloatType;class:src/abap/types/basic/float_type.ts.FloatType;class:src/abap/types/basic/generic_object_reference_type.ts.GenericObjectReferenceType;class:src/abap/types/basic/hex_type.ts.HexType;class:src/abap/types/basic/integer8_type.ts.Integer8Type;class:src/abap/types/basic/integer_type.ts.IntegerType;class:src/abap/types/basic/numeric_generic_type.ts.NumericGenericType;class:src/abap/types/basic/numeric_type.ts.NumericType;class:src/abap/types/basic/object_reference_type.ts.ObjectReferenceType;class:src/abap/types/basic/packed_type.ts.PackedType;class:src/abap/types/basic/pgeneric_type.ts.PGenericType;class:src/abap/types/basic/simple_type.ts.SimpleType;class:src/abap/types/basic/string_type.ts.StringType;class:src/abap/types/basic/structure_type.ts.StructureType;class:src/abap/types/basic/table_type.ts.TableType;class:src/abap/types/basic/time_type.ts.TimeType;class:src/abap/types/basic/unknown_type.ts.UnknownType;class:src/abap/types/basic/utc_long_type.ts.UTCLongType;class:src/abap/types/basic/void_type.ts.VoidType;class:src/abap/types/basic/xgeneric_type.ts.XGenericType;class:src/abap/types/basic/xsequence_type.ts.XSequenceType;class:src/abap/types/basic/xstring_type.ts.XStringType,classref<src/abap/types/basic/_abstract_type.ts.AbstractType>
src/abap/5_syntax/expressions/component_chain.ts.ComponentChain::runSyntax,src/abap/5_syntax/expressions/component_chain.ts.ComponentChain::runSyntax/body/s2/s1/body/s0/s1/x,src/abap/5_syntax/expressions/component_chain.ts:26:21,syntax,index,interfaceref<union.66719939903e43ae9586894a3271d3c1e0bc1a87886c0b01d3e32f95e19d70c3>,shared object table,interfaceref<union.66719939903e43ae9586894a3271d3c1e0bc1a87886c0b01d3e32f95e19d70c3>,1,false,1,1,0,hierarchy/mixed upper bound,class:src/abap/nodes/expression_node.ts.ExpressionNode;class:src/abap/nodes/statement_node.ts.StatementNode;class:src/abap/nodes/structure_node.ts.StructureNode;class:src/abap/nodes/token_node.ts.TokenNode;class:src/abap/nodes/token_node_regex.ts.TokenNodeRegex,interfaceref<src/abap/nodes/_inode.ts.INode>;interfaceref<union.66719939903e43ae9586894a3271d3c1e0bc1a87886c0b01d3e32f95e19d70c3>;interfaceref<union.ef34b1fae8df131c6c97185482820bb32cd957a6b0ed51ce6b23465fc63eb844>
src/abap/5_syntax/expressions/component_compare.ts.ComponentCompare::runSyntax,src/abap/5_syntax/expressions/component_compare.ts.ComponentCompare::runSyntax/body/s3,src/abap/5_syntax/expressions/component_compare.ts:26:5,syntax,foreach,classref<src/abap/nodes/expression_node.ts.ExpressionNode>,shared object table,classref<src/abap/nodes/expression_node.ts.ExpressionNode>,1,false,1,1,1,hierarchy/mixed upper bound,class:src/abap/nodes/expression_node.ts.ExpressionNode;class:src/abap/nodes/statement_node.ts.StatementNode;class:src/abap/nodes/structure_node.ts.StructureNode;class:src/abap/nodes/token_node.ts.TokenNode;class:src/abap/nodes/token_node_regex.ts.TokenNodeRegex,classref<src/abap/nodes/expression_node.ts.ExpressionNode>
src/abap/5_syntax/expressions/component_compare_simple.ts.ComponentCompareSimple::runSyntax,src/abap/5_syntax/expressions/component_compare_simple.ts.ComponentCompareSimple::runSyntax/body/s1,src/abap/5_syntax/expressions/component_compare_simple.ts:13:5,syntax,foreach,interfaceref<union.66719939903e43ae9586894a3271d3c1e0bc1a87886c0b01d3e32f95e19d70c3>,shared object table,interfaceref<union.66719939903e43ae9586894a3271d3c1e0bc1a87886c0b01d3e32f95e19d70c3>,1,false,1,1,0,hierarchy/mixed upper bound,class:src/abap/nodes/expression_node.ts.ExpressionNode;class:src/abap/nodes/statement_node.ts.StatementNode;class:src/abap/nodes/structure_node.ts.StructureNode;class:src/abap/nodes/token_node.ts.TokenNode;class:src/abap/nodes/token_node_regex.ts.TokenNodeRegex,interfaceref<src/abap/nodes/_inode.ts.INode>;interfaceref<union.66719939903e43ae9586894a3271d3c1e0bc1a87886c0b01d3e32f95e19d70c3>;interfaceref<union.ef34b1fae8df131c6c97185482820bb32cd957a6b0ed51ce6b23465fc63eb844>
src/abap/5_syntax/expressions/component_cond.ts.ComponentCond::runSyntax,src/abap/5_syntax/expressions/component_cond.ts.ComponentCond::runSyntax/body/s0,src/abap/5_syntax/expressions/component_cond.ts:15:5,syntax,foreach,classref<src/abap/nodes/expression_node.ts.ExpressionNode>,shared object table,classref<src/abap/nodes/expression_node.ts.ExpressionNode>,1,false,1,1,1,hierarchy/mixed upper bound,class:src/abap/nodes/expression_node.ts.ExpressionNode;class:src/abap/nodes/statement_node.ts.StatementNode;class:src/abap/nodes/structure_node.ts.StructureNode;class:src/abap/nodes/token_node.ts.TokenNode;class:src/abap/nodes/token_node_regex.ts.TokenNodeRegex,classref<src/abap/nodes/expression_node.ts.ExpressionNode>
src/abap/5_syntax/expressions/component_cond.ts.ComponentCond::runSyntax,src/abap/5_syntax/expressions/component_cond.ts.ComponentCond::runSyntax/body/s1,src/abap/5_syntax/expressions/component_cond.ts:22:5,syntax,foreach,classref<src/abap/nodes/expression_node.ts.ExpressionNode>,shared object table,classref<src/abap/nodes/expression_node.ts.ExpressionNode>,1,false,1,1,1,hierarchy/mixed upper bound,class:src/abap/nodes/expression_node.ts.ExpressionNode;class:src/abap/nodes/statement_node.ts.StatementNode;class:src/abap/nodes/structure_node.ts.StructureNode;class:src/abap/nodes/token_node.ts.TokenNode;class:src/abap/nodes/token_node_regex.ts.TokenNodeRegex,classref<src/abap/nodes/expression_node.ts.ExpressionNode>
src/abap/5_syntax/expressions/cond.ts.Cond::runSyntax,src/abap/5_syntax/expressions/cond.ts.Cond::runSyntax/body/s0,src/abap/5_syntax/expressions/cond.ts:8:5,syntax,foreach,classref<src/abap/nodes/expression_node.ts.ExpressionNode>,shared object table,classref<src/abap/nodes/expression_node.ts.ExpressionNode>,1,false,1,1,1,hierarchy/mixed upper bound,class:src/abap/nodes/expression_node.ts.ExpressionNode;class:src/abap/nodes/statement_node.ts.StatementNode;class:src/abap/nodes/structure_node.ts.StructureNode;class:src/abap/nodes/token_node.ts.TokenNode;class:src/abap/nodes/token_node_regex.ts.TokenNodeRegex,classref<src/abap/nodes/expression_node.ts.ExpressionNode>
src/abap/5_syntax/expressions/cond.ts.Cond::runSyntax,src/abap/5_syntax/expressions/cond.ts.Cond::runSyntax/body/s1,src/abap/5_syntax/expressions/cond.ts:15:5,syntax,foreach,classref<src/abap/nodes/expression_node.ts.ExpressionNode>,shared object table,classref<src/abap/nodes/expression_node.ts.ExpressionNode>,1,false,1,1,1,hierarchy/mixed upper bound,class:src/abap/nodes/expression_node.ts.ExpressionNode;class:src/abap/nodes/statement_node.ts.StatementNode;class:src/abap/nodes/structure_node.ts.StructureNode;class:src/abap/nodes/token_node.ts.TokenNode;class:src/abap/nodes/token_node_regex.ts.TokenNodeRegex,classref<src/abap/nodes/expression_node.ts.ExpressionNode>
src/abap/5_syntax/expressions/cond_body.ts.CondBody::runSyntax,src/abap/5_syntax/expressions/cond_body.ts.CondBody::runSyntax/body/s4,src/abap/5_syntax/expressions/cond_body.ts:25:5,syntax,foreach,classref<src/abap/nodes/expression_node.ts.ExpressionNode>,shared object table,classref<src/abap/nodes/expression_node.ts.ExpressionNode>,1,false,1,1,1,hierarchy/mixed upper bound,class:src/abap/nodes/expression_node.ts.ExpressionNode;class:src/abap/nodes/statement_node.ts.StatementNode;class:src/abap/nodes/structure_node.ts.StructureNode;class:src/abap/nodes/token_node.ts.TokenNode;class:src/abap/nodes/token_node_regex.ts.TokenNodeRegex,classref<src/abap/nodes/expression_node.ts.ExpressionNode>
src/abap/5_syntax/expressions/cond_body.ts.CondBody::runSyntax,src/abap/5_syntax/expressions/cond_body.ts.CondBody::runSyntax/body/s6,src/abap/5_syntax/expressions/cond_body.ts:30:5,syntax,foreach,classref<src/abap/nodes/expression_node.ts.ExpressionNode>,shared object table,classref<src/abap/nodes/expression_node.ts.ExpressionNode>,1,false,1,1,1,hierarchy/mixed upper bound,class:src/abap/nodes/expression_node.ts.ExpressionNode;class:src/abap/nodes/statement_node.ts.StatementNode;class:src/abap/nodes/structure_node.ts.StructureNode;class:src/abap/nodes/token_node.ts.TokenNode;class:src/abap/nodes/token_node_regex.ts.TokenNodeRegex,classref<src/abap/nodes/expression_node.ts.ExpressionNode>
src/abap/5_syntax/expressions/corresponding_body.ts.CorrespondingBody::runSyntax,src/abap/5_syntax/expressions/corresponding_body.ts.CorrespondingBody::runSyntax/body/s4,src/abap/5_syntax/expressions/corresponding_body.ts:23:5,syntax,foreach,classref<src/abap/nodes/expression_node.ts.ExpressionNode>,shared object table,classref<src/abap/nodes/expression_node.ts.ExpressionNode>,1,false,1,1,1,hierarchy/mixed upper bound,class:src/abap/nodes/expression_node.ts.ExpressionNode;class:src/abap/nodes/statement_node.ts.StatementNode;class:src/abap/nodes/structure_node.ts.StructureNode;class:src/abap/nodes/token_node.ts.TokenNode;class:src/abap/nodes/token_node_regex.ts.TokenNodeRegex,classref<src/abap/nodes/expression_node.ts.ExpressionNode>
src/abap/5_syntax/expressions/field_assignment.ts.FieldAssignment::runSyntax,src/abap/5_syntax/expressions/field_assignment.ts.FieldAssignment::runSyntax/body/s5/body/s1,src/abap/5_syntax/expressions/field_assignment.ts:32:7,syntax,foreach,interfaceref<union.66719939903e43ae9586894a3271d3c1e0bc1a87886c0b01d3e32f95e19d70c3>,shared object table,interfaceref<union.66719939903e43ae9586894a3271d3c1e0bc1a87886c0b01d3e32f95e19d70c3>,1,false,1,1,0,hierarchy/mixed upper bound,class:src/abap/nodes/expression_node.ts.ExpressionNode;class:src/abap/nodes/statement_node.ts.StatementNode;class:src/abap/nodes/structure_node.ts.StructureNode;class:src/abap/nodes/token_node.ts.TokenNode;class:src/abap/nodes/token_node_regex.ts.TokenNodeRegex,interfaceref<src/abap/nodes/_inode.ts.INode>;interfaceref<union.66719939903e43ae9586894a3271d3c1e0bc1a87886c0b01d3e32f95e19d70c3>;interfaceref<union.ef34b1fae8df131c6c97185482820bb32cd957a6b0ed51ce6b23465fc63eb844>
src/abap/5_syntax/expressions/field_chain.ts.FieldChain::runSyntax,src/abap/5_syntax/expressions/field_chain.ts.FieldChain::runSyntax/body/s1/s3/y/arg0/0,src/abap/5_syntax/expressions/field_chain.ts:46:28,syntax,index,interfaceref<union.66719939903e43ae9586894a3271d3c1e0bc1a87886c0b01d3e32f95e19d70c3>,shared object table,interfaceref<union.66719939903e43ae9586894a3271d3c1e0bc1a87886c0b01d3e32f95e19d70c3>,0,false,1,1,0,hierarchy/mixed upper bound,class:src/abap/nodes/expression_node.ts.ExpressionNode;class:src/abap/nodes/statement_node.ts.StatementNode;class:src/abap/nodes/structure_node.ts.StructureNode;class:src/abap/nodes/token_node.ts.TokenNode;class:src/abap/nodes/token_node_regex.ts.TokenNodeRegex,interfaceref<src/abap/nodes/_inode.ts.INode>;interfaceref<union.66719939903e43ae9586894a3271d3c1e0bc1a87886c0b01d3e32f95e19d70c3>;interfaceref<union.ef34b1fae8df131c6c97185482820bb32cd957a6b0ed51ce6b23465fc63eb844>
src/abap/5_syntax/expressions/field_chain.ts.FieldChain::runSyntax,src/abap/5_syntax/expressions/field_chain.ts.FieldChain::runSyntax/body/s1/s4/x/0,src/abap/5_syntax/expressions/field_chain.ts:48:16,syntax,index,interfaceref<union.66719939903e43ae9586894a3271d3c1e0bc1a87886c0b01d3e32f95e19d70c3>,shared object table,interfaceref<union.66719939903e43ae9586894a3271d3c1e0bc1a87886c0b01d3e32f95e19d70c3>,0,false,1,1,0,hierarchy/mixed upper bound,class:src/abap/nodes/expression_node.ts.ExpressionNode;class:src/abap/nodes/statement_node.ts.StatementNode;class:src/abap/nodes/structure_node.ts.StructureNode;class:src/abap/nodes/token_node.ts.TokenNode;class:src/abap/nodes/token_node_regex.ts.TokenNodeRegex,interfaceref<src/abap/nodes/_inode.ts.INode>;interfaceref<union.66719939903e43ae9586894a3271d3c1e0bc1a87886c0b01d3e32f95e19d70c3>;interfaceref<union.ef34b1fae8df131c6c97185482820bb32cd957a6b0ed51ce6b23465fc63eb844>
src/abap/5_syntax/expressions/field_chain.ts.FieldChain::runSyntax,src/abap/5_syntax/expressions/field_chain.ts.FieldChain::runSyntax/body/s1/s5/s1/body/s0/s0/x,src/abap/5_syntax/expressions/field_chain.ts:50:23,syntax,index,interfaceref<union.66719939903e43ae9586894a3271d3c1e0bc1a87886c0b01d3e32f95e19d70c3>,shared object table,interfaceref<union.66719939903e43ae9586894a3271d3c1e0bc1a87886c0b01d3e32f95e19d70c3>,1,false,1,1,0,hierarchy/mixed upper bound,class:src/abap/nodes/expression_node.ts.ExpressionNode;class:src/abap/nodes/statement_node.ts.StatementNode;class:src/abap/nodes/structure_node.ts.StructureNode;class:src/abap/nodes/token_node.ts.TokenNode;class:src/abap/nodes/token_node_regex.ts.TokenNodeRegex,interfaceref<src/abap/nodes/_inode.ts.INode>;interfaceref<union.66719939903e43ae9586894a3271d3c1e0bc1a87886c0b01d3e32f95e19d70c3>;interfaceref<union.ef34b1fae8df131c6c97185482820bb32cd957a6b0ed51ce6b23465fc63eb844>
src/abap/5_syntax/expressions/field_chain.ts.FieldChain::runSyntax,src/abap/5_syntax/expressions/field_chain.ts.FieldChain::runSyntax/body/s1/s5/s1/body/s0/s2/else/body/s0/else/body/s0/body/s1/s1/body/s0/s0/y/arg0/0,src/abap/5_syntax/expressions/field_chain.ts:72:30,syntax,index,interfaceref<union.66719939903e43ae9586894a3271d3c1e0bc1a87886c0b01d3e32f95e19d70c3>,shared object table,interfaceref<union.66719939903e43ae9586894a3271d3c1e0bc1a87886c0b01d3e32f95e19d70c3>,2,false,1,1,0,hierarchy/mixed upper bound,class:src/abap/nodes/expression_node.ts.ExpressionNode;class:src/abap/nodes/statement_node.ts.StatementNode;class:src/abap/nodes/structure_node.ts.StructureNode;class:src/abap/nodes/token_node.ts.TokenNode;class:src/abap/nodes/token_node_regex.ts.TokenNodeRegex,interfaceref<src/abap/nodes/_inode.ts.INode>;interfaceref<union.66719939903e43ae9586894a3271d3c1e0bc1a87886c0b01d3e32f95e19d70c3>;interfaceref<union.ef34b1fae8df131c6c97185482820bb32cd957a6b0ed51ce6b23465fc63eb844>
src/abap/5_syntax/expressions/field_chain.ts.FieldChain::runSyntax,src/abap/5_syntax/expressions/field_chain.ts.FieldChain::runSyntax/body/s1/s5/s1/body/s0/s2/else/body/s0/else/body/s0/body/s2/body/s1/body/s0/y/arg0/seq/s0/x,src/abap/5_syntax/expressions/field_chain.ts:78:45,syntax,new,classref<src/abap/types/basic/structure_type.ts.IStructureComponent>,shared object table,,1,false,0,0,0,exact,class:src/abap/types/basic/structure_type.ts.IStructureComponent,classref<src/abap/types/basic/structure_type.ts.IStructureComponent>
src/abap/5_syntax/expressions/field_length.ts.FieldLength::runSyntax,src/abap/5_syntax/expressions/field_length.ts.FieldLength::runSyntax/body/s1/else/s1/x,src/abap/5_syntax/expressions/field_length.ts:16:19,syntax,index,interfaceref<union.66719939903e43ae9586894a3271d3c1e0bc1a87886c0b01d3e32f95e19d70c3>,shared object table,interfaceref<union.66719939903e43ae9586894a3271d3c1e0bc1a87886c0b01d3e32f95e19d70c3>,0,false,1,1,0,hierarchy/mixed upper bound,class:src/abap/nodes/expression_node.ts.ExpressionNode;class:src/abap/nodes/statement_node.ts.StatementNode;class:src/abap/nodes/structure_node.ts.StructureNode;class:src/abap/nodes/token_node.ts.TokenNode;class:src/abap/nodes/token_node_regex.ts.TokenNodeRegex,interfaceref<src/abap/nodes/_inode.ts.INode>;interfaceref<union.66719939903e43ae9586894a3271d3c1e0bc1a87886c0b01d3e32f95e19d70c3>;interfaceref<union.ef34b1fae8df131c6c97185482820bb32cd957a6b0ed51ce6b23465fc63eb844>
src/abap/5_syntax/expressions/filter_body.ts.FilterBody::runSyntax,src/abap/5_syntax/expressions/filter_body.ts.FilterBody::runSyntax/body/s1/x,src/abap/5_syntax/expressions/filter_body.ts:19:49,syntax,new,classref<src/abap/types/basic/_abstract_type.ts.AbstractType>,typed optional-reference table,,0,false,0,0,0,hierarchy/mixed upper bound,class:src/abap/5_syntax/_builtin.ts.BuiltInMethod;class:src/abap/types/basic/any_type.ts.AnyType;class:src/abap/types/basic/cgeneric_type.ts.CGenericType;class:src/abap/types/basic/character_type.ts.CharacterType;class:src/abap/types/basic/clike_type.ts.CLikeType;class:src/abap/types/basic/csequence_type.ts.CSequenceType;class:src/abap/types/basic/data_reference_type.ts.DataReference;class:src/abap/types/basic/data_type.ts.DataType;class:src/abap/types/basic/date_type.ts.DateType;class:src/abap/types/basic/decfloat16_type.ts.DecFloat16Type;class:src/abap/types/basic/decfloat34_type.ts.DecFloat34Type;class:src/abap/types/basic/decfloat_type.ts.DecFloatType;class:src/abap/types/basic/float_type.ts.FloatType;class:src/abap/types/basic/generic_object_reference_type.ts.GenericObjectReferenceType;class:src/abap/types/basic/hex_type.ts.HexType;class:src/abap/types/basic/integer8_type.ts.Integer8Type;class:src/abap/types/basic/integer_type.ts.IntegerType;class:src/abap/types/basic/numeric_generic_type.ts.NumericGenericType;class:src/abap/types/basic/numeric_type.ts.NumericType;class:src/abap/types/basic/object_reference_type.ts.ObjectReferenceType;class:src/abap/types/basic/packed_type.ts.PackedType;class:src/abap/types/basic/pgeneric_type.ts.PGenericType;class:src/abap/types/basic/simple_type.ts.SimpleType;class:src/abap/types/basic/string_type.ts.StringType;class:src/abap/types/basic/structure_type.ts.StructureType;class:src/abap/types/basic/table_type.ts.TableType;class:src/abap/types/basic/time_type.ts.TimeType;class:src/abap/types/basic/unknown_type.ts.UnknownType;class:src/abap/types/basic/utc_long_type.ts.UTCLongType;class:src/abap/types/basic/void_type.ts.VoidType;class:src/abap/types/basic/xgeneric_type.ts.XGenericType;class:src/abap/types/basic/xsequence_type.ts.XSequenceType;class:src/abap/types/basic/xstring_type.ts.XStringType,classref<src/abap/types/basic/_abstract_type.ts.AbstractType>
src/abap/5_syntax/expressions/filter_body.ts.FilterBody::runSyntax,src/abap/5_syntax/expressions/filter_body.ts.FilterBody::runSyntax/body/s2,src/abap/5_syntax/expressions/filter_body.ts:20:5,syntax,foreach,classref<src/abap/nodes/expression_node.ts.ExpressionNode>,shared object table,classref<src/abap/nodes/expression_node.ts.ExpressionNode>,1,false,1,1,1,hierarchy/mixed upper bound,class:src/abap/nodes/expression_node.ts.ExpressionNode;class:src/abap/nodes/statement_node.ts.StatementNode;class:src/abap/nodes/structure_node.ts.StructureNode;class:src/abap/nodes/token_node.ts.TokenNode;class:src/abap/nodes/token_node_regex.ts.TokenNodeRegex,classref<src/abap/nodes/expression_node.ts.ExpressionNode>
src/abap/5_syntax/expressions/filter_body.ts.FilterBody::runSyntax,src/abap/5_syntax/expressions/filter_body.ts.FilterBody::runSyntax/body/s3/x/0/0,src/abap/5_syntax/expressions/filter_body.ts:24:26,syntax,index,classref<src/abap/types/basic/_abstract_type.ts.AbstractType>,typed optional-reference table,optional<classref<src/abap/types/basic/_abstract_type.ts.AbstractType>>,0,false,0,0,0,hierarchy/mixed upper bound,class:src/abap/5_syntax/_builtin.ts.BuiltInMethod;class:src/abap/types/basic/any_type.ts.AnyType;class:src/abap/types/basic/cgeneric_type.ts.CGenericType;class:src/abap/types/basic/character_type.ts.CharacterType;class:src/abap/types/basic/clike_type.ts.CLikeType;class:src/abap/types/basic/csequence_type.ts.CSequenceType;class:src/abap/types/basic/data_reference_type.ts.DataReference;class:src/abap/types/basic/data_type.ts.DataType;class:src/abap/types/basic/date_type.ts.DateType;class:src/abap/types/basic/decfloat16_type.ts.DecFloat16Type;class:src/abap/types/basic/decfloat34_type.ts.DecFloat34Type;class:src/abap/types/basic/decfloat_type.ts.DecFloatType;class:src/abap/types/basic/float_type.ts.FloatType;class:src/abap/types/basic/generic_object_reference_type.ts.GenericObjectReferenceType;class:src/abap/types/basic/hex_type.ts.HexType;class:src/abap/types/basic/integer8_type.ts.Integer8Type;class:src/abap/types/basic/integer_type.ts.IntegerType;class:src/abap/types/basic/numeric_generic_type.ts.NumericGenericType;class:src/abap/types/basic/numeric_type.ts.NumericType;class:src/abap/types/basic/object_reference_type.ts.ObjectReferenceType;class:src/abap/types/basic/packed_type.ts.PackedType;class:src/abap/types/basic/pgeneric_type.ts.PGenericType;class:src/abap/types/basic/simple_type.ts.SimpleType;class:src/abap/types/basic/string_type.ts.StringType;class:src/abap/types/basic/structure_type.ts.StructureType;class:src/abap/types/basic/table_type.ts.TableType;class:src/abap/types/basic/time_type.ts.TimeType;class:src/abap/types/basic/unknown_type.ts.UnknownType;class:src/abap/types/basic/utc_long_type.ts.UTCLongType;class:src/abap/types/basic/void_type.ts.VoidType;class:src/abap/types/basic/xgeneric_type.ts.XGenericType;class:src/abap/types/basic/xsequence_type.ts.XSequenceType;class:src/abap/types/basic/xstring_type.ts.XStringType,classref<src/abap/types/basic/_abstract_type.ts.AbstractType>
src/abap/5_syntax/expressions/filter_body.ts.FilterBody::runSyntax,src/abap/5_syntax/expressions/filter_body.ts.FilterBody::runSyntax/body/s3/x/1/1/0/0,src/abap/5_syntax/expressions/filter_body.ts:24:58,syntax,index,classref<src/abap/types/basic/_abstract_type.ts.AbstractType>,typed optional-reference table,optional<classref<src/abap/types/basic/_abstract_type.ts.AbstractType>>,0,false,0,0,0,hierarchy/mixed upper bound,class:src/abap/5_syntax/_builtin.ts.BuiltInMethod;class:src/abap/types/basic/any_type.ts.AnyType;class:src/abap/types/basic/cgeneric_type.ts.CGenericType;class:src/abap/types/basic/character_type.ts.CharacterType;class:src/abap/types/basic/clike_type.ts.CLikeType;class:src/abap/types/basic/csequence_type.ts.CSequenceType;class:src/abap/types/basic/data_reference_type.ts.DataReference;class:src/abap/types/basic/data_type.ts.DataType;class:src/abap/types/basic/date_type.ts.DateType;class:src/abap/types/basic/decfloat16_type.ts.DecFloat16Type;class:src/abap/types/basic/decfloat34_type.ts.DecFloat34Type;class:src/abap/types/basic/decfloat_type.ts.DecFloatType;class:src/abap/types/basic/float_type.ts.FloatType;class:src/abap/types/basic/generic_object_reference_type.ts.GenericObjectReferenceType;class:src/abap/types/basic/hex_type.ts.HexType;class:src/abap/types/basic/integer8_type.ts.Integer8Type;class:src/abap/types/basic/integer_type.ts.IntegerType;class:src/abap/types/basic/numeric_generic_type.ts.NumericGenericType;class:src/abap/types/basic/numeric_type.ts.NumericType;class:src/abap/types/basic/object_reference_type.ts.ObjectReferenceType;class:src/abap/types/basic/packed_type.ts.PackedType;class:src/abap/types/basic/pgeneric_type.ts.PGenericType;class:src/abap/types/basic/simple_type.ts.SimpleType;class:src/abap/types/basic/string_type.ts.StringType;class:src/abap/types/basic/structure_type.ts.StructureType;class:src/abap/types/basic/table_type.ts.TableType;class:src/abap/types/basic/time_type.ts.TimeType;class:src/abap/types/basic/unknown_type.ts.UnknownType;class:src/abap/types/basic/utc_long_type.ts.UTCLongType;class:src/abap/types/basic/void_type.ts.VoidType;class:src/abap/types/basic/xgeneric_type.ts.XGenericType;class:src/abap/types/basic/xsequence_type.ts.XSequenceType;class:src/abap/types/basic/xstring_type.ts.XStringType,classref<src/abap/types/basic/_abstract_type.ts.AbstractType>
src/abap/5_syntax/expressions/filter_body.ts.FilterBody::runSyntax,src/abap/5_syntax/expressions/filter_body.ts.FilterBody::runSyntax/body/s4/x/0/0,src/abap/5_syntax/expressions/filter_body.ts:25:27,syntax,index,classref<src/abap/types/basic/_abstract_type.ts.AbstractType>,typed optional-reference table,optional<classref<src/abap/types/basic/_abstract_type.ts.AbstractType>>,0,false,0,0,0,hierarchy/mixed upper bound,class:src/abap/5_syntax/_builtin.ts.BuiltInMethod;class:src/abap/types/basic/any_type.ts.AnyType;class:src/abap/types/basic/cgeneric_type.ts.CGenericType;class:src/abap/types/basic/character_type.ts.CharacterType;class:src/abap/types/basic/clike_type.ts.CLikeType;class:src/abap/types/basic/csequence_type.ts.CSequenceType;class:src/abap/types/basic/data_reference_type.ts.DataReference;class:src/abap/types/basic/data_type.ts.DataType;class:src/abap/types/basic/date_type.ts.DateType;class:src/abap/types/basic/decfloat16_type.ts.DecFloat16Type;class:src/abap/types/basic/decfloat34_type.ts.DecFloat34Type;class:src/abap/types/basic/decfloat_type.ts.DecFloatType;class:src/abap/types/basic/float_type.ts.FloatType;class:src/abap/types/basic/generic_object_reference_type.ts.GenericObjectReferenceType;class:src/abap/types/basic/hex_type.ts.HexType;class:src/abap/types/basic/integer8_type.ts.Integer8Type;class:src/abap/types/basic/integer_type.ts.IntegerType;class:src/abap/types/basic/numeric_generic_type.ts.NumericGenericType;class:src/abap/types/basic/numeric_type.ts.NumericType;class:src/abap/types/basic/object_reference_type.ts.ObjectReferenceType;class:src/abap/types/basic/packed_type.ts.PackedType;class:src/abap/types/basic/pgeneric_type.ts.PGenericType;class:src/abap/types/basic/simple_type.ts.SimpleType;class:src/abap/types/basic/string_type.ts.StringType;class:src/abap/types/basic/structure_type.ts.StructureType;class:src/abap/types/basic/table_type.ts.TableType;class:src/abap/types/basic/time_type.ts.TimeType;class:src/abap/types/basic/unknown_type.ts.UnknownType;class:src/abap/types/basic/utc_long_type.ts.UTCLongType;class:src/abap/types/basic/void_type.ts.VoidType;class:src/abap/types/basic/xgeneric_type.ts.XGenericType;class:src/abap/types/basic/xsequence_type.ts.XSequenceType;class:src/abap/types/basic/xstring_type.ts.XStringType,classref<src/abap/types/basic/_abstract_type.ts.AbstractType>
src/abap/5_syntax/expressions/filter_body.ts.FilterBody::runSyntax,src/abap/5_syntax/expressions/filter_body.ts.FilterBody::runSyntax/body/s4/x/1/1/0/0,src/abap/5_syntax/expressions/filter_body.ts:25:59,syntax,index,classref<src/abap/types/basic/_abstract_type.ts.AbstractType>,typed optional-reference table,optional<classref<src/abap/types/basic/_abstract_type.ts.AbstractType>>,0,false,0,0,0,hierarchy/mixed upper bound,class:src/abap/5_syntax/_builtin.ts.BuiltInMethod;class:src/abap/types/basic/any_type.ts.AnyType;class:src/abap/types/basic/cgeneric_type.ts.CGenericType;class:src/abap/types/basic/character_type.ts.CharacterType;class:src/abap/types/basic/clike_type.ts.CLikeType;class:src/abap/types/basic/csequence_type.ts.CSequenceType;class:src/abap/types/basic/data_reference_type.ts.DataReference;class:src/abap/types/basic/data_type.ts.DataType;class:src/abap/types/basic/date_type.ts.DateType;class:src/abap/types/basic/decfloat16_type.ts.DecFloat16Type;class:src/abap/types/basic/decfloat34_type.ts.DecFloat34Type;class:src/abap/types/basic/decfloat_type.ts.DecFloatType;class:src/abap/types/basic/float_type.ts.FloatType;class:src/abap/types/basic/generic_object_reference_type.ts.GenericObjectReferenceType;class:src/abap/types/basic/hex_type.ts.HexType;class:src/abap/types/basic/integer8_type.ts.Integer8Type;class:src/abap/types/basic/integer_type.ts.IntegerType;class:src/abap/types/basic/numeric_generic_type.ts.NumericGenericType;class:src/abap/types/basic/numeric_type.ts.NumericType;class:src/abap/types/basic/object_reference_type.ts.ObjectReferenceType;class:src/abap/types/basic/packed_type.ts.PackedType;class:src/abap/types/basic/pgeneric_type.ts.PGenericType;class:src/abap/types/basic/simple_type.ts.SimpleType;class:src/abap/types/basic/string_type.ts.StringType;class:src/abap/types/basic/structure_type.ts.StructureType;class:src/abap/types/basic/table_type.ts.TableType;class:src/abap/types/basic/time_type.ts.TimeType;class:src/abap/types/basic/unknown_type.ts.UnknownType;class:src/abap/types/basic/utc_long_type.ts.UTCLongType;class:src/abap/types/basic/void_type.ts.VoidType;class:src/abap/types/basic/xgeneric_type.ts.XGenericType;class:src/abap/types/basic/xsequence_type.ts.XSequenceType;class:src/abap/types/basic/xstring_type.ts.XStringType,classref<src/abap/types/basic/_abstract_type.ts.AbstractType>
src/abap/5_syntax/expressions/filter_body.ts.FilterBody::runSyntax,src/abap/5_syntax/expressions/filter_body.ts.FilterBody::runSyntax/body/s6/x/0/0,src/abap/5_syntax/expressions/filter_body.ts:28:12,syntax,index,classref<src/abap/types/basic/_abstract_type.ts.AbstractType>,typed optional-reference table,optional<classref<src/abap/types/basic/_abstract_type.ts.AbstractType>>,0,false,0,0,0,hierarchy/mixed upper bound,class:src/abap/5_syntax/_builtin.ts.BuiltInMethod;class:src/abap/types/basic/any_type.ts.AnyType;class:src/abap/types/basic/cgeneric_type.ts.CGenericType;class:src/abap/types/basic/character_type.ts.CharacterType;class:src/abap/types/basic/clike_type.ts.CLikeType;class:src/abap/types/basic/csequence_type.ts.CSequenceType;class:src/abap/types/basic/data_reference_type.ts.DataReference;class:src/abap/types/basic/data_type.ts.DataType;class:src/abap/types/basic/date_type.ts.DateType;class:src/abap/types/basic/decfloat16_type.ts.DecFloat16Type;class:src/abap/types/basic/decfloat34_type.ts.DecFloat34Type;class:src/abap/types/basic/decfloat_type.ts.DecFloatType;class:src/abap/types/basic/float_type.ts.FloatType;class:src/abap/types/basic/generic_object_reference_type.ts.GenericObjectReferenceType;class:src/abap/types/basic/hex_type.ts.HexType;class:src/abap/types/basic/integer8_type.ts.Integer8Type;class:src/abap/types/basic/integer_type.ts.IntegerType;class:src/abap/types/basic/numeric_generic_type.ts.NumericGenericType;class:src/abap/types/basic/numeric_type.ts.NumericType;class:src/abap/types/basic/object_reference_type.ts.ObjectReferenceType;class:src/abap/types/basic/packed_type.ts.PackedType;class:src/abap/types/basic/pgeneric_type.ts.PGenericType;class:src/abap/types/basic/simple_type.ts.SimpleType;class:src/abap/types/basic/string_type.ts.StringType;class:src/abap/types/basic/structure_type.ts.StructureType;class:src/abap/types/basic/table_type.ts.TableType;class:src/abap/types/basic/time_type.ts.TimeType;class:src/abap/types/basic/unknown_type.ts.UnknownType;class:src/abap/types/basic/utc_long_type.ts.UTCLongType;class:src/abap/types/basic/void_type.ts.VoidType;class:src/abap/types/basic/xgeneric_type.ts.XGenericType;class:src/abap/types/basic/xsequence_type.ts.XSequenceType;class:src/abap/types/basic/xstring_type.ts.XStringType,classref<src/abap/types/basic/_abstract_type.ts.AbstractType>
src/abap/5_syntax/expressions/filter_body.ts.FilterBody::runSyntax,src/abap/5_syntax/expressions/filter_body.ts.FilterBody::runSyntax/body/s6/x/1/1/0,src/abap/5_syntax/expressions/filter_body.ts:28:23,syntax,index,classref<src/abap/types/basic/_abstract_type.ts.AbstractType>,typed optional-reference table,optional<classref<src/abap/types/basic/_abstract_type.ts.AbstractType>>,0,false,0,0,0,hierarchy/mixed upper bound,class:src/abap/5_syntax/_builtin.ts.BuiltInMethod;class:src/abap/types/basic/any_type.ts.AnyType;class:src/abap/types/basic/cgeneric_type.ts.CGenericType;class:src/abap/types/basic/character_type.ts.CharacterType;class:src/abap/types/basic/clike_type.ts.CLikeType;class:src/abap/types/basic/csequence_type.ts.CSequenceType;class:src/abap/types/basic/data_reference_type.ts.DataReference;class:src/abap/types/basic/data_type.ts.DataType;class:src/abap/types/basic/date_type.ts.DateType;class:src/abap/types/basic/decfloat16_type.ts.DecFloat16Type;class:src/abap/types/basic/decfloat34_type.ts.DecFloat34Type;class:src/abap/types/basic/decfloat_type.ts.DecFloatType;class:src/abap/types/basic/float_type.ts.FloatType;class:src/abap/types/basic/generic_object_reference_type.ts.GenericObjectReferenceType;class:src/abap/types/basic/hex_type.ts.HexType;class:src/abap/types/basic/integer8_type.ts.Integer8Type;class:src/abap/types/basic/integer_type.ts.IntegerType;class:src/abap/types/basic/numeric_generic_type.ts.NumericGenericType;class:src/abap/types/basic/numeric_type.ts.NumericType;class:src/abap/types/basic/object_reference_type.ts.ObjectReferenceType;class:src/abap/types/basic/packed_type.ts.PackedType;class:src/abap/types/basic/pgeneric_type.ts.PGenericType;class:src/abap/types/basic/simple_type.ts.SimpleType;class:src/abap/types/basic/string_type.ts.StringType;class:src/abap/types/basic/structure_type.ts.StructureType;class:src/abap/types/basic/table_type.ts.TableType;class:src/abap/types/basic/time_type.ts.TimeType;class:src/abap/types/basic/unknown_type.ts.UnknownType;class:src/abap/types/basic/utc_long_type.ts.UTCLongType;class:src/abap/types/basic/void_type.ts.VoidType;class:src/abap/types/basic/xgeneric_type.ts.XGenericType;class:src/abap/types/basic/xsequence_type.ts.XSequenceType;class:src/abap/types/basic/xstring_type.ts.XStringType,classref<src/abap/types/basic/_abstract_type.ts.AbstractType>
src/abap/5_syntax/expressions/for.ts.For::runSyntax,src/abap/5_syntax/expressions/for.ts.For::runSyntax/body/s10,src/abap/5_syntax/expressions/for.ts:47:5,syntax,foreach,classref<src/abap/nodes/expression_node.ts.ExpressionNode>,shared object table,classref<src/abap/nodes/expression_node.ts.ExpressionNode>,1,false,1,1,1,hierarchy/mixed upper bound,class:src/abap/nodes/expression_node.ts.ExpressionNode;class:src/abap/nodes/statement_node.ts.StatementNode;class:src/abap/nodes/structure_node.ts.StructureNode;class:src/abap/nodes/token_node.ts.TokenNode;class:src/abap/nodes/token_node_regex.ts.TokenNodeRegex,classref<src/abap/nodes/expression_node.ts.ExpressionNode>
src/abap/5_syntax/expressions/for.ts.For::runSyntax,src/abap/5_syntax/expressions/for.ts.For::runSyntax/body/s11,src/abap/5_syntax/expressions/for.ts:51:5,syntax,foreach,classref<src/abap/nodes/expression_node.ts.ExpressionNode>,shared object table,classref<src/abap/nodes/expression_node.ts.ExpressionNode>,1,false,1,1,1,hierarchy/mixed upper bound,class:src/abap/nodes/expression_node.ts.ExpressionNode;class:src/abap/nodes/statement_node.ts.StatementNode;class:src/abap/nodes/structure_node.ts.StructureNode;class:src/abap/nodes/token_node.ts.TokenNode;class:src/abap/nodes/token_node_regex.ts.TokenNodeRegex,classref<src/abap/nodes/expression_node.ts.ExpressionNode>
src/abap/5_syntax/expressions/for.ts.For::runSyntax,src/abap/5_syntax/expressions/for.ts.For::runSyntax/body/s12,src/abap/5_syntax/expressions/for.ts:55:5,syntax,foreach,classref<src/abap/nodes/expression_node.ts.ExpressionNode>,shared object table,classref<src/abap/nodes/expression_node.ts.ExpressionNode>,1,false,1,1,1,hierarchy/mixed upper bound,class:src/abap/nodes/expression_node.ts.ExpressionNode;class:src/abap/nodes/statement_node.ts.StatementNode;class:src/abap/nodes/structure_node.ts.StructureNode;class:src/abap/nodes/token_node.ts.TokenNode;class:src/abap/nodes/token_node_regex.ts.TokenNodeRegex,classref<src/abap/nodes/expression_node.ts.ExpressionNode>
src/abap/5_syntax/expressions/for.ts.For::runSyntax,src/abap/5_syntax/expressions/for.ts.For::runSyntax/body/s7,src/abap/5_syntax/expressions/for.ts:32:5,syntax,foreach,classref<src/abap/nodes/expression_node.ts.ExpressionNode>,shared object table,classref<src/abap/nodes/expression_node.ts.ExpressionNode>,1,false,1,1,1,hierarchy/mixed upper bound,class:src/abap/nodes/expression_node.ts.ExpressionNode;class:src/abap/nodes/statement_node.ts.StatementNode;class:src/abap/nodes/structure_node.ts.StructureNode;class:src/abap/nodes/token_node.ts.TokenNode;class:src/abap/nodes/token_node_regex.ts.TokenNodeRegex,classref<src/abap/nodes/expression_node.ts.ExpressionNode>
src/abap/5_syntax/expressions/for.ts.For::runSyntax,src/abap/5_syntax/expressions/for.ts.For::runSyntax/body/s8,src/abap/5_syntax/expressions/for.ts:36:5,syntax,foreach,classref<src/abap/nodes/expression_node.ts.ExpressionNode>,shared object table,classref<src/abap/nodes/expression_node.ts.ExpressionNode>,1,false,1,1,1,hierarchy/mixed upper bound,class:src/abap/nodes/expression_node.ts.ExpressionNode;class:src/abap/nodes/statement_node.ts.StatementNode;class:src/abap/nodes/structure_node.ts.StructureNode;class:src/abap/nodes/token_node.ts.TokenNode;class:src/abap/nodes/token_node_regex.ts.TokenNodeRegex,classref<src/abap/nodes/expression_node.ts.ExpressionNode>
src/abap/5_syntax/expressions/function_parameters.ts.FunctionParameters::runSyntax,src/abap/5_syntax/expressions/function_parameters.ts.FunctionParameters::runSyntax/body/s0,src/abap/5_syntax/expressions/function_parameters.ts:14:5,syntax,foreach,classref<src/abap/nodes/expression_node.ts.ExpressionNode>,shared object table,classref<src/abap/nodes/expression_node.ts.ExpressionNode>,1,false,1,1,1,hierarchy/mixed upper bound,class:src/abap/nodes/expression_node.ts.ExpressionNode;class:src/abap/nodes/statement_node.ts.StatementNode;class:src/abap/nodes/structure_node.ts.StructureNode;class:src/abap/nodes/token_node.ts.TokenNode;class:src/abap/nodes/token_node_regex.ts.TokenNodeRegex,classref<src/abap/nodes/expression_node.ts.ExpressionNode>
src/abap/5_syntax/expressions/function_parameters.ts.FunctionParameters::runSyntax,src/abap/5_syntax/expressions/function_parameters.ts.FunctionParameters::runSyntax/body/s2,src/abap/5_syntax/expressions/function_parameters.ts:27:5,syntax,foreach,classref<src/abap/nodes/expression_node.ts.ExpressionNode>,shared object table,classref<src/abap/nodes/expression_node.ts.ExpressionNode>,1,false,1,1,1,hierarchy/mixed upper bound,class:src/abap/nodes/expression_node.ts.ExpressionNode;class:src/abap/nodes/statement_node.ts.StatementNode;class:src/abap/nodes/structure_node.ts.StructureNode;class:src/abap/nodes/token_node.ts.TokenNode;class:src/abap/nodes/token_node_regex.ts.TokenNodeRegex,classref<src/abap/nodes/expression_node.ts.ExpressionNode>
src/abap/5_syntax/expressions/function_parameters.ts.FunctionParameters::runSyntax,src/abap/5_syntax/expressions/function_parameters.ts.FunctionParameters::runSyntax/body/s2/body/s0,src/abap/5_syntax/expressions/function_parameters.ts:28:7,syntax,foreach,classref<src/abap/nodes/expression_node.ts.ExpressionNode>,shared object table,classref<src/abap/nodes/expression_node.ts.ExpressionNode>,2,false,1,1,1,hierarchy/mixed upper bound,class:src/abap/nodes/expression_node.ts.ExpressionNode;class:src/abap/nodes/statement_node.ts.StatementNode;class:src/abap/nodes/structure_node.ts.StructureNode;class:src/abap/nodes/token_node.ts.TokenNode;class:src/abap/nodes/token_node_regex.ts.TokenNodeRegex,classref<src/abap/nodes/expression_node.ts.ExpressionNode>
src/abap/5_syntax/expressions/function_parameters.ts.FunctionParameters::runSyntax,src/abap/5_syntax/expressions/function_parameters.ts.FunctionParameters::runSyntax/body/s3,src/abap/5_syntax/expressions/function_parameters.ts:46:5,syntax,foreach,classref<src/abap/nodes/expression_node.ts.ExpressionNode>,shared object table,classref<src/abap/nodes/expression_node.ts.ExpressionNode>,1,false,1,1,1,hierarchy/mixed upper bound,class:src/abap/nodes/expression_node.ts.ExpressionNode;class:src/abap/nodes/statement_node.ts.StatementNode;class:src/abap/nodes/structure_node.ts.StructureNode;class:src/abap/nodes/token_node.ts.TokenNode;class:src/abap/nodes/token_node_regex.ts.TokenNodeRegex,classref<src/abap/nodes/expression_node.ts.ExpressionNode>
src/abap/5_syntax/expressions/function_parameters.ts.FunctionParameters::runSyntax,src/abap/5_syntax/expressions/function_parameters.ts.FunctionParameters::runSyntax/body/s3/body/s0,src/abap/5_syntax/expressions/function_parameters.ts:47:7,syntax,foreach,classref<src/abap/nodes/expression_node.ts.ExpressionNode>,shared object table,classref<src/abap/nodes/expression_node.ts.ExpressionNode>,2,false,1,1,1,hierarchy/mixed upper bound,class:src/abap/nodes/expression_node.ts.ExpressionNode;class:src/abap/nodes/statement_node.ts.StatementNode;class:src/abap/nodes/structure_node.ts.StructureNode;class:src/abap/nodes/token_node.ts.TokenNode;class:src/abap/nodes/token_node_regex.ts.TokenNodeRegex,classref<src/abap/nodes/expression_node.ts.ExpressionNode>
src/abap/5_syntax/expressions/let.ts.Let::runSyntax,src/abap/5_syntax/expressions/let.ts.Let::runSyntax/body/s1/s2,src/abap/5_syntax/expressions/let.ts:17:5,syntax,foreach,classref<src/abap/nodes/expression_node.ts.ExpressionNode>,shared object table,classref<src/abap/nodes/expression_node.ts.ExpressionNode>,1,false,1,1,1,hierarchy/mixed upper bound,class:src/abap/nodes/expression_node.ts.ExpressionNode;class:src/abap/nodes/statement_node.ts.StatementNode;class:src/abap/nodes/structure_node.ts.StructureNode;class:src/abap/nodes/token_node.ts.TokenNode;class:src/abap/nodes/token_node_regex.ts.TokenNodeRegex,classref<src/abap/nodes/expression_node.ts.ExpressionNode>
src/abap/5_syntax/expressions/loop_group_by.ts.LoopGroupBy::runSyntax,src/abap/5_syntax/expressions/loop_group_by.ts.LoopGroupBy::runSyntax/body/s0,src/abap/5_syntax/expressions/loop_group_by.ts:14:5,syntax,foreach,classref<src/abap/nodes/expression_node.ts.ExpressionNode>,shared object table,classref<src/abap/nodes/expression_node.ts.ExpressionNode>,1,false,1,1,1,hierarchy/mixed upper bound,class:src/abap/nodes/expression_node.ts.ExpressionNode;class:src/abap/nodes/statement_node.ts.StatementNode;class:src/abap/nodes/structure_node.ts.StructureNode;class:src/abap/nodes/token_node.ts.TokenNode;class:src/abap/nodes/token_node_regex.ts.TokenNodeRegex,classref<src/abap/nodes/expression_node.ts.ExpressionNode>
src/abap/5_syntax/expressions/loop_group_by.ts.LoopGroupBy::runSyntax,src/abap/5_syntax/expressions/loop_group_by.ts.LoopGroupBy::runSyntax/body/s1,src/abap/5_syntax/expressions/loop_group_by.ts:23:5,syntax,foreach,classref<src/abap/nodes/expression_node.ts.ExpressionNode>,shared object table,classref<src/abap/nodes/expression_node.ts.ExpressionNode>,1,false,1,1,1,hierarchy/mixed upper bound,class:src/abap/nodes/expression_node.ts.ExpressionNode;class:src/abap/nodes/statement_node.ts.StatementNode;class:src/abap/nodes/structure_node.ts.StructureNode;class:src/abap/nodes/token_node.ts.TokenNode;class:src/abap/nodes/token_node_regex.ts.TokenNodeRegex,classref<src/abap/nodes/expression_node.ts.ExpressionNode>
src/abap/5_syntax/expressions/loop_group_by.ts.LoopGroupBy::runSyntax,src/abap/5_syntax/expressions/loop_group_by.ts.LoopGroupBy::runSyntax/body/s2,src/abap/5_syntax/expressions/loop_group_by.ts:27:5,syntax,foreach,classref<src/abap/nodes/expression_node.ts.ExpressionNode>,shared object table,classref<src/abap/nodes/expression_node.ts.ExpressionNode>,1,false,1,1,1,hierarchy/mixed upper bound,class:src/abap/nodes/expression_node.ts.ExpressionNode;class:src/abap/nodes/statement_node.ts.StatementNode;class:src/abap/nodes/structure_node.ts.StructureNode;class:src/abap/nodes/token_node.ts.TokenNode;class:src/abap/nodes/token_node_regex.ts.TokenNodeRegex,classref<src/abap/nodes/expression_node.ts.ExpressionNode>
src/abap/5_syntax/expressions/loop_group_by.ts.LoopGroupBy::runSyntax,src/abap/5_syntax/expressions/loop_group_by.ts.LoopGroupBy::runSyntax/body/s3,src/abap/5_syntax/expressions/loop_group_by.ts:31:5,syntax,foreach,classref<src/abap/nodes/expression_node.ts.ExpressionNode>,shared object table,classref<src/abap/nodes/expression_node.ts.ExpressionNode>,1,false,1,1,1,hierarchy/mixed upper bound,class:src/abap/nodes/expression_node.ts.ExpressionNode;class:src/abap/nodes/statement_node.ts.StatementNode;class:src/abap/nodes/structure_node.ts.StructureNode;class:src/abap/nodes/token_node.ts.TokenNode;class:src/abap/nodes/token_node_regex.ts.TokenNodeRegex,classref<src/abap/nodes/expression_node.ts.ExpressionNode>
src/abap/5_syntax/expressions/loop_group_by.ts.LoopGroupBy::runSyntax,src/abap/5_syntax/expressions/loop_group_by.ts.LoopGroupBy::runSyntax/body/s3/body/s0,src/abap/5_syntax/expressions/loop_group_by.ts:32:7,syntax,foreach,classref<src/abap/nodes/expression_node.ts.ExpressionNode>,shared object table,classref<src/abap/nodes/expression_node.ts.ExpressionNode>,2,false,1,1,1,hierarchy/mixed upper bound,class:src/abap/nodes/expression_node.ts.ExpressionNode;class:src/abap/nodes/statement_node.ts.StatementNode;class:src/abap/nodes/structure_node.ts.StructureNode;class:src/abap/nodes/token_node.ts.TokenNode;class:src/abap/nodes/token_node_regex.ts.TokenNodeRegex,classref<src/abap/nodes/expression_node.ts.ExpressionNode>
src/abap/5_syntax/expressions/message_source.ts.MessageSource::runSyntax,src/abap/5_syntax/expressions/message_source.ts.MessageSource::runSyntax/body/s0,src/abap/5_syntax/expressions/message_source.ts:8:5,syntax,foreach,classref<src/abap/nodes/expression_node.ts.ExpressionNode>,shared object table,classref<src/abap/nodes/expression_node.ts.ExpressionNode>,1,false,1,1,1,hierarchy/mixed upper bound,class:src/abap/nodes/expression_node.ts.ExpressionNode;class:src/abap/nodes/statement_node.ts.StatementNode;class:src/abap/nodes/structure_node.ts.StructureNode;class:src/abap/nodes/token_node.ts.TokenNode;class:src/abap/nodes/token_node_regex.ts.TokenNodeRegex,classref<src/abap/nodes/expression_node.ts.ExpressionNode>
src/abap/5_syntax/expressions/message_source.ts.MessageSource::runSyntax,src/abap/5_syntax/expressions/message_source.ts.MessageSource::runSyntax/body/s1,src/abap/5_syntax/expressions/message_source.ts:11:5,syntax,foreach,classref<src/abap/nodes/expression_node.ts.ExpressionNode>,shared object table,classref<src/abap/nodes/expression_node.ts.ExpressionNode>,1,false,1,1,1,hierarchy/mixed upper bound,class:src/abap/nodes/expression_node.ts.ExpressionNode;class:src/abap/nodes/statement_node.ts.StatementNode;class:src/abap/nodes/structure_node.ts.StructureNode;class:src/abap/nodes/token_node.ts.TokenNode;class:src/abap/nodes/token_node_regex.ts.TokenNodeRegex,classref<src/abap/nodes/expression_node.ts.ExpressionNode>
src/abap/5_syntax/expressions/method_call_body.ts.MethodCallBody::runSyntax,src/abap/5_syntax/expressions/method_call_body.ts.MethodCallBody::runSyntax/body/s4,src/abap/5_syntax/expressions/method_call_body.ts:24:5,syntax,foreach,classref<src/abap/nodes/expression_node.ts.ExpressionNode>,shared object table,classref<src/abap/nodes/expression_node.ts.ExpressionNode>,1,false,1,1,1,hierarchy/mixed upper bound,class:src/abap/nodes/expression_node.ts.ExpressionNode;class:src/abap/nodes/statement_node.ts.StatementNode;class:src/abap/nodes/structure_node.ts.StructureNode;class:src/abap/nodes/token_node.ts.TokenNode;class:src/abap/nodes/token_node_regex.ts.TokenNodeRegex,classref<src/abap/nodes/expression_node.ts.ExpressionNode>
src/abap/5_syntax/expressions/method_call_chain.ts.MethodCallChain::runSyntax,src/abap/5_syntax/expressions/method_call_chain.ts.MethodCallChain::runSyntax/body/s2/x,src/abap/5_syntax/expressions/method_call_chain.ts:31:19,syntax,index,interfaceref<union.66719939903e43ae9586894a3271d3c1e0bc1a87886c0b01d3e32f95e19d70c3>,shared object table,interfaceref<union.66719939903e43ae9586894a3271d3c1e0bc1a87886c0b01d3e32f95e19d70c3>,0,false,1,1,0,hierarchy/mixed upper bound,class:src/abap/nodes/expression_node.ts.ExpressionNode;class:src/abap/nodes/statement_node.ts.StatementNode;class:src/abap/nodes/structure_node.ts.StructureNode;class:src/abap/nodes/token_node.ts.TokenNode;class:src/abap/nodes/token_node_regex.ts.TokenNodeRegex,interfaceref<src/abap/nodes/_inode.ts.INode>;interfaceref<union.66719939903e43ae9586894a3271d3c1e0bc1a87886c0b01d3e32f95e19d70c3>;interfaceref<union.ef34b1fae8df131c6c97185482820bb32cd957a6b0ed51ce6b23465fc63eb844>
src/abap/5_syntax/expressions/method_call_chain.ts.MethodCallChain::runSyntax,src/abap/5_syntax/expressions/method_call_chain.ts.MethodCallChain::runSyntax/body/s8/body/s0/x,src/abap/5_syntax/expressions/method_call_chain.ts:46:23,syntax,index,interfaceref<union.66719939903e43ae9586894a3271d3c1e0bc1a87886c0b01d3e32f95e19d70c3>,shared object table,interfaceref<union.66719939903e43ae9586894a3271d3c1e0bc1a87886c0b01d3e32f95e19d70c3>,1,false,1,1,0,hierarchy/mixed upper bound,class:src/abap/nodes/expression_node.ts.ExpressionNode;class:src/abap/nodes/statement_node.ts.StatementNode;class:src/abap/nodes/structure_node.ts.StructureNode;class:src/abap/nodes/token_node.ts.TokenNode;class:src/abap/nodes/token_node_regex.ts.TokenNodeRegex,interfaceref<src/abap/nodes/_inode.ts.INode>;interfaceref<union.66719939903e43ae9586894a3271d3c1e0bc1a87886c0b01d3e32f95e19d70c3>;interfaceref<union.ef34b1fae8df131c6c97185482820bb32cd957a6b0ed51ce6b23465fc63eb844>
src/abap/5_syntax/expressions/method_call_param.ts.MethodCallParam::runSyntax,src/abap/5_syntax/expressions/method_call_param.ts.MethodCallParam::runSyntax/body/s3/x,src/abap/5_syntax/expressions/method_call_param.ts:29:19,syntax,index,interfaceref<union.66719939903e43ae9586894a3271d3c1e0bc1a87886c0b01d3e32f95e19d70c3>,shared object table,interfaceref<union.66719939903e43ae9586894a3271d3c1e0bc1a87886c0b01d3e32f95e19d70c3>,0,false,1,1,0,hierarchy/mixed upper bound,class:src/abap/nodes/expression_node.ts.ExpressionNode;class:src/abap/nodes/statement_node.ts.StatementNode;class:src/abap/nodes/structure_node.ts.StructureNode;class:src/abap/nodes/token_node.ts.TokenNode;class:src/abap/nodes/token_node_regex.ts.TokenNodeRegex,interfaceref<src/abap/nodes/_inode.ts.INode>;interfaceref<union.66719939903e43ae9586894a3271d3c1e0bc1a87886c0b01d3e32f95e19d70c3>;interfaceref<union.ef34b1fae8df131c6c97185482820bb32cd957a6b0ed51ce6b23465fc63eb844>
src/abap/5_syntax/expressions/method_call_param.ts.MethodCallParam::runSyntax,src/abap/5_syntax/expressions/method_call_param.ts.MethodCallParam::runSyntax/body/s4/body/s0/body/s1/body/s0/x/0/arg0/0,src/abap/5_syntax/expressions/method_call_param.ts:35:44,syntax,index,classref<src/abap/types/_typed_identifier.ts.TypedIdentifier>,shared object table,classref<src/abap/types/_typed_identifier.ts.TypedIdentifier>,0,false,1,1,1,exact,class:src/abap/types/_typed_identifier.ts.TypedIdentifier,classref<src/abap/types/_typed_identifier.ts.TypedIdentifier>
src/abap/5_syntax/expressions/method_call_param.ts.MethodCallParam::runSyntax,src/abap/5_syntax/expressions/method_call_param.ts.MethodCallParam::runSyntax/body/s4/else/body/s2/body/s2,src/abap/5_syntax/expressions/method_call_param.ts:62:9,syntax,foreach,classref<src/abap/types/_typed_identifier.ts.TypedIdentifier>,shared object table,classref<src/abap/types/_typed_identifier.ts.TypedIdentifier>,1,false,1,1,1,exact,class:src/abap/types/_typed_identifier.ts.TypedIdentifier,classref<src/abap/types/_typed_identifier.ts.TypedIdentifier>
src/abap/5_syntax/expressions/method_parameters.ts.MethodParameters::checkChanging,src/abap/5_syntax/expressions/method_parameters.ts.MethodParameters::checkChanging/body/s0,src/abap/5_syntax/expressions/method_parameters.ts:138:5,syntax,foreach,classref<src/abap/5_syntax/expressions/method_parameters.ts.IListItemT>,shared object table,classref<src/abap/5_syntax/expressions/method_parameters.ts.IListItemT>,1,false,1,1,1,exact,class:src/abap/5_syntax/expressions/method_parameters.ts.IListItemT,classref<src/abap/5_syntax/expressions/method_parameters.ts.IListItemT>
src/abap/5_syntax/expressions/method_parameters.ts.MethodParameters::checkChanging,src/abap/5_syntax/expressions/method_parameters.ts.MethodParameters::checkChanging/body/s0/body/s2/else/s0/x/seq/s4/body/s0/x/0,,syntax,array.get,classref<src/abap/types/_typed_identifier.ts.TypedIdentifier>,shared object table,optional<classref<src/abap/types/_typed_identifier.ts.TypedIdentifier>>,2,false,1,1,1,exact,class:src/abap/types/_typed_identifier.ts.TypedIdentifier,classref<src/abap/types/_typed_identifier.ts.TypedIdentifier>
src/abap/5_syntax/expressions/method_parameters.ts.MethodParameters::checkExporting,src/abap/5_syntax/expressions/method_parameters.ts.MethodParameters::checkExporting/body/s1/s3/body/s0/y/1/arg0/seq/s1,src/abap/5_syntax/expressions/method_parameters.ts:178:41,syntax,foreach,classref<src/abap/types/_typed_identifier.ts.TypedIdentifier>,shared object table,classref<src/abap/types/_typed_identifier.ts.TypedIdentifier>,1,false,1,1,1,exact,class:src/abap/types/_typed_identifier.ts.TypedIdentifier,classref<src/abap/types/_typed_identifier.ts.TypedIdentifier>
src/abap/5_syntax/expressions/method_parameters.ts.MethodParameters::checkExporting,src/abap/5_syntax/expressions/method_parameters.ts.MethodParameters::checkExporting/body/s1/s4,src/abap/5_syntax/expressions/method_parameters.ts:181:5,syntax,foreach,classref<src/abap/5_syntax/expressions/method_parameters.ts.IListItemS>,shared object table,classref<src/abap/5_syntax/expressions/method_parameters.ts.IListItemS>,1,false,1,1,1,exact,class:src/abap/5_syntax/expressions/method_parameters.ts.IListItemS,classref<src/abap/5_syntax/expressions/method_parameters.ts.IListItemS>
src/abap/5_syntax/expressions/method_parameters.ts.MethodParameters::checkExporting,src/abap/5_syntax/expressions/method_parameters.ts.MethodParameters::checkExporting/body/s1/s4/body/s0/x/seq/s4/body/s0/x/0,,syntax,array.get,classref<src/abap/types/_typed_identifier.ts.TypedIdentifier>,shared object table,optional<classref<src/abap/types/_typed_identifier.ts.TypedIdentifier>>,2,false,1,1,1,exact,class:src/abap/types/_typed_identifier.ts.TypedIdentifier,classref<src/abap/types/_typed_identifier.ts.TypedIdentifier>
src/abap/5_syntax/expressions/method_parameters.ts.MethodParameters::checkImporting,src/abap/5_syntax/expressions/method_parameters.ts.MethodParameters::checkImporting/body/s0,src/abap/5_syntax/expressions/method_parameters.ts:108:5,syntax,foreach,classref<src/abap/5_syntax/expressions/method_parameters.ts.IListItemT>,shared object table,classref<src/abap/5_syntax/expressions/method_parameters.ts.IListItemT>,1,false,1,1,1,exact,class:src/abap/5_syntax/expressions/method_parameters.ts.IListItemT,classref<src/abap/5_syntax/expressions/method_parameters.ts.IListItemT>
src/abap/5_syntax/expressions/method_parameters.ts.MethodParameters::checkImporting,src/abap/5_syntax/expressions/method_parameters.ts.MethodParameters::checkImporting/body/s0/body/s1/else/s0/x/seq/s4/body/s0/x/0,,syntax,array.get,classref<src/abap/types/_typed_identifier.ts.TypedIdentifier>,shared object table,optional<classref<src/abap/types/_typed_identifier.ts.TypedIdentifier>>,2,false,1,1,1,exact,class:src/abap/types/_typed_identifier.ts.TypedIdentifier,classref<src/abap/types/_typed_identifier.ts.TypedIdentifier>
src/abap/5_syntax/expressions/method_parameters.ts.MethodParameters::parameterListS,src/abap/5_syntax/expressions/method_parameters.ts.MethodParameters::parameterListS/body/s0/body/s0/x,src/abap/5_syntax/expressions/method_parameters.ts:213:14,syntax,new,classref<src/abap/5_syntax/expressions/method_parameters.ts.IListItemS>,shared object table,,0,false,0,0,0,no non-null rows resolved (not an exact proof),,classref<src/abap/5_syntax/expressions/method_parameters.ts.IListItemS>
src/abap/5_syntax/expressions/method_parameters.ts.MethodParameters::parameterListS,src/abap/5_syntax/expressions/method_parameters.ts.MethodParameters::parameterListS/body/s1/x,src/abap/5_syntax/expressions/method_parameters.ts:218:31,syntax,new,classref<src/abap/5_syntax/expressions/method_parameters.ts.IListItemS>,shared object table,,0,false,0,0,0,exact,class:src/abap/5_syntax/expressions/method_parameters.ts.IListItemS,classref<src/abap/5_syntax/expressions/method_parameters.ts.IListItemS>
src/abap/5_syntax/expressions/method_parameters.ts.MethodParameters::parameterListS,src/abap/5_syntax/expressions/method_parameters.ts.MethodParameters::parameterListS/body/s3,src/abap/5_syntax/expressions/method_parameters.ts:221:5,syntax,foreach,interfaceref<src/abap/nodes/_inode.ts.INode>,shared object table,interfaceref<src/abap/nodes/_inode.ts.INode>,1,false,1,1,0,hierarchy/mixed upper bound,class:src/abap/nodes/expression_node.ts.ExpressionNode;class:src/abap/nodes/statement_node.ts.StatementNode;class:src/abap/nodes/structure_node.ts.StructureNode;class:src/abap/nodes/token_node.ts.TokenNode;class:src/abap/nodes/token_node_regex.ts.TokenNodeRegex,interfaceref<src/abap/nodes/_inode.ts.INode>;interfaceref<union.66719939903e43ae9586894a3271d3c1e0bc1a87886c0b01d3e32f95e19d70c3>;interfaceref<union.ef34b1fae8df131c6c97185482820bb32cd957a6b0ed51ce6b23465fc63eb844>
src/abap/5_syntax/expressions/method_parameters.ts.MethodParameters::parameterListS,src/abap/5_syntax/expressions/method_parameters.ts.MethodParameters::parameterListS/body/s3/body/s9/body/s0,src/abap/5_syntax/expressions/method_parameters.ts:244:9,syntax,foreach,classref<src/abap/types/_typed_identifier.ts.TypedIdentifier>,shared object table,classref<src/abap/types/_typed_identifier.ts.TypedIdentifier>,2,false,1,1,1,exact,class:src/abap/types/_typed_identifier.ts.TypedIdentifier,classref<src/abap/types/_typed_identifier.ts.TypedIdentifier>
src/abap/5_syntax/expressions/method_parameters.ts.MethodParameters::parameterListT,src/abap/5_syntax/expressions/method_parameters.ts.MethodParameters::parameterListT/body/s0/body/s0/x,src/abap/5_syntax/expressions/method_parameters.ts:279:14,syntax,new,classref<src/abap/5_syntax/expressions/method_parameters.ts.IListItemT>,shared object table,,0,false,0,0,0,no non-null rows resolved (not an exact proof),,classref<src/abap/5_syntax/expressions/method_parameters.ts.IListItemT>
src/abap/5_syntax/expressions/method_parameters.ts.MethodParameters::parameterListT,src/abap/5_syntax/expressions/method_parameters.ts.MethodParameters::parameterListT/body/s1/x,src/abap/5_syntax/expressions/method_parameters.ts:284:31,syntax,new,classref<src/abap/5_syntax/expressions/method_parameters.ts.IListItemT>,shared object table,,0,false,0,0,0,exact,class:src/abap/5_syntax/expressions/method_parameters.ts.IListItemT,classref<src/abap/5_syntax/expressions/method_parameters.ts.IListItemT>
src/abap/5_syntax/expressions/method_parameters.ts.MethodParameters::parameterListT,src/abap/5_syntax/expressions/method_parameters.ts.MethodParameters::parameterListT/body/s3,src/abap/5_syntax/expressions/method_parameters.ts:287:5,syntax,foreach,interfaceref<src/abap/nodes/_inode.ts.INode>,shared object table,interfaceref<src/abap/nodes/_inode.ts.INode>,1,false,1,1,0,hierarchy/mixed upper bound,class:src/abap/nodes/expression_node.ts.ExpressionNode;class:src/abap/nodes/statement_node.ts.StatementNode;class:src/abap/nodes/structure_node.ts.StructureNode;class:src/abap/nodes/token_node.ts.TokenNode;class:src/abap/nodes/token_node_regex.ts.TokenNodeRegex,interfaceref<src/abap/nodes/_inode.ts.INode>;interfaceref<union.66719939903e43ae9586894a3271d3c1e0bc1a87886c0b01d3e32f95e19d70c3>;interfaceref<union.ef34b1fae8df131c6c97185482820bb32cd957a6b0ed51ce6b23465fc63eb844>
src/abap/5_syntax/expressions/method_parameters.ts.MethodParameters::runSyntax,src/abap/5_syntax/expressions/method_parameters.ts.MethodParameters::runSyntax/body/s1/x,src/abap/5_syntax/expressions/method_parameters.ts:38:22,syntax,array.slice0,interfaceref<src/abap/nodes/_inode.ts.INode>,shared object table,,0,false,0,0,0,hierarchy/mixed upper bound,class:src/abap/nodes/expression_node.ts.ExpressionNode;class:src/abap/nodes/statement_node.ts.StatementNode;class:src/abap/nodes/structure_node.ts.StructureNode;class:src/abap/nodes/token_node.ts.TokenNode;class:src/abap/nodes/token_node_regex.ts.TokenNodeRegex,interfaceref<src/abap/nodes/_inode.ts.INode>
src/abap/5_syntax/expressions/method_parameters.ts.MethodParameters::runSyntax,src/abap/5_syntax/expressions/method_parameters.ts.MethodParameters::runSyntax/body/s2/else/s0/y/1/arg0/seq/s1,src/abap/5_syntax/expressions/method_parameters.ts:42:41,syntax,foreach,classref<src/abap/types/_typed_identifier.ts.TypedIdentifier>,shared object table,classref<src/abap/types/_typed_identifier.ts.TypedIdentifier>,1,false,1,1,1,exact,class:src/abap/types/_typed_identifier.ts.TypedIdentifier,classref<src/abap/types/_typed_identifier.ts.TypedIdentifier>
src/abap/5_syntax/expressions/method_parameters.ts.MethodParameters::runSyntax,src/abap/5_syntax/expressions/method_parameters.ts.MethodParameters::runSyntax/body/s3/body/s0/x/seq/s0/x/seq/s0/x/seq/s0/x,src/abap/5_syntax/expressions/method_parameters.ts:46:20,syntax,array.shift,interfaceref<src/abap/nodes/_inode.ts.INode>,shared object table,optional<interfaceref<src/abap/nodes/_inode.ts.INode>>,1,false,1,1,1,hierarchy/mixed upper bound,class:src/abap/nodes/expression_node.ts.ExpressionNode;class:src/abap/nodes/statement_node.ts.StatementNode;class:src/abap/nodes/structure_node.ts.StructureNode;class:src/abap/nodes/token_node.ts.TokenNode;class:src/abap/nodes/token_node_regex.ts.TokenNodeRegex,interfaceref<src/abap/nodes/_inode.ts.INode>
src/abap/5_syntax/expressions/method_parameters.ts.MethodParameters::runSyntax,src/abap/5_syntax/expressions/method_parameters.ts.MethodParameters::runSyntax/body/s3/body/s1/body/s0/x/arg0/0,src/abap/5_syntax/expressions/method_parameters.ts:49:31,syntax,array.shift,interfaceref<src/abap/nodes/_inode.ts.INode>,shared object table,optional<interfaceref<src/abap/nodes/_inode.ts.INode>>,1,false,1,1,1,hierarchy/mixed upper bound,class:src/abap/nodes/expression_node.ts.ExpressionNode;class:src/abap/nodes/statement_node.ts.StatementNode;class:src/abap/nodes/structure_node.ts.StructureNode;class:src/abap/nodes/token_node.ts.TokenNode;class:src/abap/nodes/token_node_regex.ts.TokenNodeRegex,interfaceref<src/abap/nodes/_inode.ts.INode>
src/abap/5_syntax/expressions/method_parameters.ts.MethodParameters::runSyntax,src/abap/5_syntax/expressions/method_parameters.ts.MethodParameters::runSyntax/body/s3/body/s1/else/body/s0/x/arg0/0,src/abap/5_syntax/expressions/method_parameters.ts:52:31,syntax,array.shift,interfaceref<src/abap/nodes/_inode.ts.INode>,shared object table,optional<interfaceref<src/abap/nodes/_inode.ts.INode>>,1,false,1,1,1,hierarchy/mixed upper bound,class:src/abap/nodes/expression_node.ts.ExpressionNode;class:src/abap/nodes/statement_node.ts.StatementNode;class:src/abap/nodes/structure_node.ts.StructureNode;class:src/abap/nodes/token_node.ts.TokenNode;class:src/abap/nodes/token_node_regex.ts.TokenNodeRegex,interfaceref<src/abap/nodes/_inode.ts.INode>
src/abap/5_syntax/expressions/method_parameters.ts.MethodParameters::runSyntax,src/abap/5_syntax/expressions/method_parameters.ts.MethodParameters::runSyntax/body/s3/body/s1/else/else/body/s0/x/arg0/0,src/abap/5_syntax/expressions/method_parameters.ts:55:30,syntax,array.shift,interfaceref<src/abap/nodes/_inode.ts.INode>,shared object table,optional<interfaceref<src/abap/nodes/_inode.ts.INode>>,1,false,1,1,1,hierarchy/mixed upper bound,class:src/abap/nodes/expression_node.ts.ExpressionNode;class:src/abap/nodes/statement_node.ts.StatementNode;class:src/abap/nodes/structure_node.ts.StructureNode;class:src/abap/nodes/token_node.ts.TokenNode;class:src/abap/nodes/token_node_regex.ts.TokenNodeRegex,interfaceref<src/abap/nodes/_inode.ts.INode>
src/abap/5_syntax/expressions/method_parameters.ts.MethodParameters::runSyntax,src/abap/5_syntax/expressions/method_parameters.ts.MethodParameters::runSyntax/body/s3/body/s1/else/else/else/body/s0/x/arg0/0,src/abap/5_syntax/expressions/method_parameters.ts:58:31,syntax,array.shift,interfaceref<src/abap/nodes/_inode.ts.INode>,shared object table,optional<interfaceref<src/abap/nodes/_inode.ts.INode>>,1,false,1,1,1,hierarchy/mixed upper bound,class:src/abap/nodes/expression_node.ts.ExpressionNode;class:src/abap/nodes/statement_node.ts.StatementNode;class:src/abap/nodes/structure_node.ts.StructureNode;class:src/abap/nodes/token_node.ts.TokenNode;class:src/abap/nodes/token_node_regex.ts.TokenNodeRegex,interfaceref<src/abap/nodes/_inode.ts.INode>
src/abap/5_syntax/expressions/method_parameters.ts.MethodParameters::runSyntax,src/abap/5_syntax/expressions/method_parameters.ts.MethodParameters::runSyntax/body/s3/body/s1/else/else/else/else/body/s0/s0/x/0/0,src/abap/5_syntax/expressions/method_parameters.ts:63:26,syntax,array.shift,interfaceref<src/abap/nodes/_inode.ts.INode>,shared object table,optional<interfaceref<src/abap/nodes/_inode.ts.INode>>,1,false,1,1,1,hierarchy/mixed upper bound,class:src/abap/nodes/expression_node.ts.ExpressionNode;class:src/abap/nodes/statement_node.ts.StatementNode;class:src/abap/nodes/structure_node.ts.StructureNode;class:src/abap/nodes/token_node.ts.TokenNode;class:src/abap/nodes/token_node_regex.ts.TokenNodeRegex,interfaceref<src/abap/nodes/_inode.ts.INode>
src/abap/5_syntax/expressions/method_parameters.ts.MethodParameters::runSyntax,src/abap/5_syntax/expressions/method_parameters.ts.MethodParameters::runSyntax/body/s3/body/s1/else/else/else/else/body/s0/s2,src/abap/5_syntax/expressions/method_parameters.ts:65:13,syntax,foreach,classref<src/abap/nodes/expression_node.ts.ExpressionNode>,shared object table,classref<src/abap/nodes/expression_node.ts.ExpressionNode>,2,false,1,1,1,hierarchy/mixed upper bound,class:src/abap/nodes/expression_node.ts.ExpressionNode;class:src/abap/nodes/statement_node.ts.StatementNode;class:src/abap/nodes/structure_node.ts.StructureNode;class:src/abap/nodes/token_node.ts.TokenNode;class:src/abap/nodes/token_node_regex.ts.TokenNodeRegex,classref<src/abap/nodes/expression_node.ts.ExpressionNode>
src/abap/5_syntax/expressions/method_parameters.ts.MethodParameters::runSyntax,src/abap/5_syntax/expressions/method_parameters.ts.MethodParameters::runSyntax/body/s3/body/s1/else/else/else/else/body/s0/s2/x/1/2,src/abap/5_syntax/expressions/method_parameters.ts:65:93,syntax,new,classref<src/abap/nodes/expression_node.ts.ExpressionNode>,shared object table,,1,false,0,0,0,no non-null rows resolved (not an exact proof),,classref<src/abap/nodes/expression_node.ts.ExpressionNode>
src/abap/5_syntax/expressions/method_source.ts.MethodSource::runSyntax,src/abap/5_syntax/expressions/method_source.ts.MethodSource::runSyntax/body/s1/x,src/abap/5_syntax/expressions/method_source.ts:24:22,syntax,array.slice0,interfaceref<union.66719939903e43ae9586894a3271d3c1e0bc1a87886c0b01d3e32f95e19d70c3>,shared object table,,0,false,0,0,0,hierarchy/mixed upper bound,class:src/abap/nodes/expression_node.ts.ExpressionNode;class:src/abap/nodes/statement_node.ts.StatementNode;class:src/abap/nodes/structure_node.ts.StructureNode;class:src/abap/nodes/token_node.ts.TokenNode;class:src/abap/nodes/token_node_regex.ts.TokenNodeRegex,interfaceref<src/abap/nodes/_inode.ts.INode>;interfaceref<union.66719939903e43ae9586894a3271d3c1e0bc1a87886c0b01d3e32f95e19d70c3>
src/abap/5_syntax/expressions/method_source.ts.MethodSource::runSyntax,src/abap/5_syntax/expressions/method_source.ts.MethodSource::runSyntax/body/s2/x,src/abap/5_syntax/expressions/method_source.ts:26:19,syntax,array.shift,interfaceref<union.66719939903e43ae9586894a3271d3c1e0bc1a87886c0b01d3e32f95e19d70c3>,shared object table,optional<interfaceref<union.66719939903e43ae9586894a3271d3c1e0bc1a87886c0b01d3e32f95e19d70c3>>,0,false,1,1,0,hierarchy/mixed upper bound,class:src/abap/nodes/expression_node.ts.ExpressionNode;class:src/abap/nodes/statement_node.ts.StatementNode;class:src/abap/nodes/structure_node.ts.StructureNode;class:src/abap/nodes/token_node.ts.TokenNode;class:src/abap/nodes/token_node_regex.ts.TokenNodeRegex,interfaceref<src/abap/nodes/_inode.ts.INode>;interfaceref<union.66719939903e43ae9586894a3271d3c1e0bc1a87886c0b01d3e32f95e19d70c3>
src/abap/5_syntax/expressions/method_source.ts.MethodSource::runSyntax,src/abap/5_syntax/expressions/method_source.ts.MethodSource::runSyntax/body/s7/x/1/0/seq/s0/x,src/abap/5_syntax/expressions/method_source.ts:42:12,syntax,array.get,interfaceref<union.66719939903e43ae9586894a3271d3c1e0bc1a87886c0b01d3e32f95e19d70c3>,shared object table,optional<interfaceref<union.66719939903e43ae9586894a3271d3c1e0bc1a87886c0b01d3e32f95e19d70c3>>,0,false,1,1,0,hierarchy/mixed upper bound,class:src/abap/nodes/expression_node.ts.ExpressionNode;class:src/abap/nodes/statement_node.ts.StatementNode;class:src/abap/nodes/structure_node.ts.StructureNode;class:src/abap/nodes/token_node.ts.TokenNode;class:src/abap/nodes/token_node_regex.ts.TokenNodeRegex,interfaceref<src/abap/nodes/_inode.ts.INode>;interfaceref<union.66719939903e43ae9586894a3271d3c1e0bc1a87886c0b01d3e32f95e19d70c3>
src/abap/5_syntax/expressions/method_source.ts.MethodSource::runSyntax,src/abap/5_syntax/expressions/method_source.ts.MethodSource::runSyntax/body/s8/body/s0/body/s0/x,src/abap/5_syntax/expressions/method_source.ts:53:25,syntax,array.shift,interfaceref<union.66719939903e43ae9586894a3271d3c1e0bc1a87886c0b01d3e32f95e19d70c3>,shared object table,optional<interfaceref<union.66719939903e43ae9586894a3271d3c1e0bc1a87886c0b01d3e32f95e19d70c3>>,1,false,1,1,0,hierarchy/mixed upper bound,class:src/abap/nodes/expression_node.ts.ExpressionNode;class:src/abap/nodes/statement_node.ts.StatementNode;class:src/abap/nodes/structure_node.ts.StructureNode;class:src/abap/nodes/token_node.ts.TokenNode;class:src/abap/nodes/token_node_regex.ts.TokenNodeRegex,interfaceref<src/abap/nodes/_inode.ts.INode>;interfaceref<union.66719939903e43ae9586894a3271d3c1e0bc1a87886c0b01d3e32f95e19d70c3>
src/abap/5_syntax/expressions/method_source.ts.MethodSource::runSyntax,src/abap/5_syntax/expressions/method_source.ts.MethodSource::runSyntax/body/s9/body/s0/x,src/abap/5_syntax/expressions/method_source.ts:63:23,syntax,array.shift,interfaceref<union.66719939903e43ae9586894a3271d3c1e0bc1a87886c0b01d3e32f95e19d70c3>,shared object table,optional<interfaceref<union.66719939903e43ae9586894a3271d3c1e0bc1a87886c0b01d3e32f95e19d70c3>>,1,false,1,1,0,hierarchy/mixed upper bound,class:src/abap/nodes/expression_node.ts.ExpressionNode;class:src/abap/nodes/statement_node.ts.StatementNode;class:src/abap/nodes/structure_node.ts.StructureNode;class:src/abap/nodes/token_node.ts.TokenNode;class:src/abap/nodes/token_node_regex.ts.TokenNodeRegex,interfaceref<src/abap/nodes/_inode.ts.INode>;interfaceref<union.66719939903e43ae9586894a3271d3c1e0bc1a87886c0b01d3e32f95e19d70c3>
src/abap/5_syntax/expressions/new_object.ts.NewObject::defaultImportingType,src/abap/5_syntax/expressions/new_object.ts.NewObject::defaultImportingType/body/s3,src/abap/5_syntax/expressions/new_object.ts:171:5,syntax,foreach,classref<src/abap/types/_typed_identifier.ts.TypedIdentifier>,shared object table,classref<src/abap/types/_typed_identifier.ts.TypedIdentifier>,1,false,1,1,1,exact,class:src/abap/types/_typed_identifier.ts.TypedIdentifier,classref<src/abap/types/_typed_identifier.ts.TypedIdentifier>
src/abap/5_syntax/expressions/new_object.ts.NewObject::parameters,src/abap/5_syntax/expressions/new_object.ts.NewObject::parameters/body/s5/x/1/2,src/abap/5_syntax/expressions/new_object.ts:132:83,syntax,new,classref<src/abap/types/_typed_identifier.ts.TypedIdentifier>,shared object table,,0,false,0,0,0,no non-null rows resolved (not an exact proof),,classref<src/abap/types/_typed_identifier.ts.TypedIdentifier>
src/abap/5_syntax/expressions/new_object.ts.NewObject::parameters,src/abap/5_syntax/expressions/new_object.ts.NewObject::parameters/body/s8/else/else/body/s0/x/0/0/arg0/0,src/abap/5_syntax/expressions/new_object.ts:159:49,syntax,index,classref<src/abap/types/_typed_identifier.ts.TypedIdentifier>,shared object table,classref<src/abap/types/_typed_identifier.ts.TypedIdentifier>,0,false,1,1,1,exact,class:src/abap/types/_typed_identifier.ts.TypedIdentifier,classref<src/abap/types/_typed_identifier.ts.TypedIdentifier>
src/abap/5_syntax/expressions/new_object.ts.NewObject::runSyntax,src/abap/5_syntax/expressions/new_object.ts.NewObject::runSyntax/body/s8/else/s0,src/abap/5_syntax/expressions/new_object.ts:112:7,syntax,foreach,classref<src/abap/nodes/expression_node.ts.ExpressionNode>,shared object table,classref<src/abap/nodes/expression_node.ts.ExpressionNode>,1,false,1,1,1,hierarchy/mixed upper bound,class:src/abap/nodes/expression_node.ts.ExpressionNode;class:src/abap/nodes/statement_node.ts.StatementNode;class:src/abap/nodes/structure_node.ts.StructureNode;class:src/abap/nodes/token_node.ts.TokenNode;class:src/abap/nodes/token_node_regex.ts.TokenNodeRegex,classref<src/abap/nodes/expression_node.ts.ExpressionNode>
src/abap/5_syntax/expressions/raise_with.ts.RaiseWith::runSyntax,src/abap/5_syntax/expressions/raise_with.ts.RaiseWith::runSyntax/body/s0,src/abap/5_syntax/expressions/raise_with.ts:8:5,syntax,foreach,classref<src/abap/nodes/expression_node.ts.ExpressionNode>,shared object table,classref<src/abap/nodes/expression_node.ts.ExpressionNode>,1,false,1,1,0,unknown native/unresolved flow,,
src/abap/5_syntax/expressions/reduce_body.ts.ReduceBody::runSyntax,src/abap/5_syntax/expressions/reduce_body.ts.ReduceBody::runSyntax/body/s5,src/abap/5_syntax/expressions/reduce_body.ts:30:5,syntax,foreach,classref<src/abap/nodes/expression_node.ts.ExpressionNode>,shared object table,classref<src/abap/nodes/expression_node.ts.ExpressionNode>,1,false,1,1,1,hierarchy/mixed upper bound,class:src/abap/nodes/expression_node.ts.ExpressionNode;class:src/abap/nodes/statement_node.ts.StatementNode;class:src/abap/nodes/structure_node.ts.StructureNode;class:src/abap/nodes/token_node.ts.TokenNode;class:src/abap/nodes/token_node_regex.ts.TokenNodeRegex,classref<src/abap/nodes/expression_node.ts.ExpressionNode>
src/abap/5_syntax/expressions/reduce_body.ts.ReduceBody::runSyntax,src/abap/5_syntax/expressions/reduce_body.ts.ReduceBody::runSyntax/body/s7,src/abap/5_syntax/expressions/reduce_body.ts:49:5,syntax,foreach,classref<src/abap/nodes/expression_node.ts.ExpressionNode>,shared object table,classref<src/abap/nodes/expression_node.ts.ExpressionNode>,1,false,1,1,1,hierarchy/mixed upper bound,class:src/abap/nodes/expression_node.ts.ExpressionNode;class:src/abap/nodes/statement_node.ts.StatementNode;class:src/abap/nodes/structure_node.ts.StructureNode;class:src/abap/nodes/token_node.ts.TokenNode;class:src/abap/nodes/token_node_regex.ts.TokenNodeRegex,classref<src/abap/nodes/expression_node.ts.ExpressionNode>
src/abap/5_syntax/expressions/reduce_body.ts.ReduceBody::runSyntax,src/abap/5_syntax/expressions/reduce_body.ts.ReduceBody::runSyntax/body/s7/x/1/2,src/abap/5_syntax/expressions/reduce_body.ts:49:74,syntax,new,classref<src/abap/nodes/expression_node.ts.ExpressionNode>,shared object table,,0,false,0,0,0,no non-null rows resolved (not an exact proof),,classref<src/abap/nodes/expression_node.ts.ExpressionNode>
src/abap/5_syntax/expressions/reduce_body.ts.ReduceBody::runSyntax,src/abap/5_syntax/expressions/reduce_body.ts.ReduceBody::runSyntax/body/s8,src/abap/5_syntax/expressions/reduce_body.ts:56:5,syntax,foreach,classref<src/abap/nodes/expression_node.ts.ExpressionNode>,shared object table,classref<src/abap/nodes/expression_node.ts.ExpressionNode>,1,false,1,1,1,hierarchy/mixed upper bound,class:src/abap/nodes/expression_node.ts.ExpressionNode;class:src/abap/nodes/statement_node.ts.StatementNode;class:src/abap/nodes/structure_node.ts.StructureNode;class:src/abap/nodes/token_node.ts.TokenNode;class:src/abap/nodes/token_node_regex.ts.TokenNodeRegex,classref<src/abap/nodes/expression_node.ts.ExpressionNode>
src/abap/5_syntax/expressions/reduce_body.ts.ReduceBody::runSyntax,src/abap/5_syntax/expressions/reduce_body.ts.ReduceBody::runSyntax/body/s9,src/abap/5_syntax/expressions/reduce_body.ts:60:5,syntax,foreach,classref<src/abap/nodes/expression_node.ts.ExpressionNode>,shared object table,classref<src/abap/nodes/expression_node.ts.ExpressionNode>,1,false,1,1,1,hierarchy/mixed upper bound,class:src/abap/nodes/expression_node.ts.ExpressionNode;class:src/abap/nodes/statement_node.ts.StatementNode;class:src/abap/nodes/structure_node.ts.StructureNode;class:src/abap/nodes/token_node.ts.TokenNode;class:src/abap/nodes/token_node_regex.ts.TokenNodeRegex,classref<src/abap/nodes/expression_node.ts.ExpressionNode>
src/abap/5_syntax/expressions/reduce_next.ts.ReduceNext::runSyntax,src/abap/5_syntax/expressions/reduce_next.ts.ReduceNext::runSyntax/body/s1,src/abap/5_syntax/expressions/reduce_next.ts:13:5,syntax,foreach,classref<src/abap/nodes/expression_node.ts.ExpressionNode>,shared object table,classref<src/abap/nodes/expression_node.ts.ExpressionNode>,1,false,1,1,1,hierarchy/mixed upper bound,class:src/abap/nodes/expression_node.ts.ExpressionNode;class:src/abap/nodes/statement_node.ts.StatementNode;class:src/abap/nodes/structure_node.ts.StructureNode;class:src/abap/nodes/token_node.ts.TokenNode;class:src/abap/nodes/token_node_regex.ts.TokenNodeRegex,classref<src/abap/nodes/expression_node.ts.ExpressionNode>
src/abap/5_syntax/expressions/reduce_next.ts.ReduceNext::runSyntax,src/abap/5_syntax/expressions/reduce_next.ts.ReduceNext::runSyntax/body/s2,src/abap/5_syntax/expressions/reduce_next.ts:17:5,syntax,foreach,classref<src/abap/nodes/expression_node.ts.ExpressionNode>,shared object table,classref<src/abap/nodes/expression_node.ts.ExpressionNode>,1,false,1,1,1,hierarchy/mixed upper bound,class:src/abap/nodes/expression_node.ts.ExpressionNode;class:src/abap/nodes/statement_node.ts.StatementNode;class:src/abap/nodes/structure_node.ts.StructureNode;class:src/abap/nodes/token_node.ts.TokenNode;class:src/abap/nodes/token_node_regex.ts.TokenNodeRegex,classref<src/abap/nodes/expression_node.ts.ExpressionNode>
src/abap/5_syntax/expressions/select.ts.Select::buildDatabaseSourceInfos,src/abap/5_syntax/expressions/select.ts.Select::buildDatabaseSourceInfos/body/s1/x/seq/s1/x,src/abap/5_syntax/expressions/select.ts:457:12,syntax,new,classref<src/abap/5_syntax/expressions/select.ts.DatabaseSourceInfo>,shared object table,,0,false,0,0,0,exact,class:src/abap/5_syntax/expressions/select.ts.DatabaseSourceInfo,classref<src/abap/5_syntax/expressions/select.ts.DatabaseSourceInfo>
src/abap/5_syntax/expressions/select.ts.Select::buildDatabaseSourceInfos,src/abap/5_syntax/expressions/select.ts.Select::buildDatabaseSourceInfos/body/s1/x/seq/s2,src/abap/5_syntax/expressions/select.ts:457:12,syntax,foreach,interfaceref<union.a4d0ccb535ead84cf0a3fba4afdbd09580e2c7b3f2e611d359e2cec125f49f13>,typed optional-reference table,optional<interfaceref<union.a4d0ccb535ead84cf0a3fba4afdbd09580e2c7b3f2e611d359e2cec125f49f13>>,1,false,0,0,0,no non-null rows resolved (not an exact proof),,interfaceref<union.a4d0ccb535ead84cf0a3fba4afdbd09580e2c7b3f2e611d359e2cec125f49f13>
src/abap/5_syntax/expressions/select.ts.Select::buildDatabaseSourceInfos,src/abap/5_syntax/expressions/select.ts.Select::buildDatabaseSourceInfos/body/s1/x/seq/s2/body/s1/x/arg0/seq/s0/x,src/abap/5_syntax/expressions/select.ts:458:26,syntax,index,classref<src/abap/nodes/expression_node.ts.ExpressionNode>,shared object table,classref<src/abap/nodes/expression_node.ts.ExpressionNode>,1,false,1,1,1,hierarchy/mixed upper bound,class:src/abap/nodes/expression_node.ts.ExpressionNode;class:src/abap/nodes/statement_node.ts.StatementNode;class:src/abap/nodes/structure_node.ts.StructureNode;class:src/abap/nodes/token_node.ts.TokenNode;class:src/abap/nodes/token_node_regex.ts.TokenNodeRegex,classref<src/abap/nodes/expression_node.ts.ExpressionNode>
src/abap/5_syntax/expressions/select.ts.Select::buildStructureType,src/abap/5_syntax/expressions/select.ts.Select::buildStructureType/body/s0/body/s0/x/arg0/0,src/abap/5_syntax/expressions/select.ts:325:39,syntax,index,classref<shape.6787ec6bd565f704fe6c22a21fe4235b1ec166557fa7ab9551cc770f0c5a1c61>,shared object table,classref<shape.6787ec6bd565f704fe6c22a21fe4235b1ec166557fa7ab9551cc770f0c5a1c61>,0,false,1,1,1,exact,class:shape.6787ec6bd565f704fe6c22a21fe4235b1ec166557fa7ab9551cc770f0c5a1c61,classref<shape.6787ec6bd565f704fe6c22a21fe4235b1ec166557fa7ab9551cc770f0c5a1c61>
src/abap/5_syntax/expressions/select.ts.Select::buildStructureType,src/abap/5_syntax/expressions/select.ts.Select::buildStructureType/body/s0/body/s1/x/seq/s0/x,src/abap/5_syntax/expressions/select.ts:328:22,syntax,array.get,interfaceref<union.a4d0ccb535ead84cf0a3fba4afdbd09580e2c7b3f2e611d359e2cec125f49f13>,typed optional-reference table,optional<interfaceref<union.a4d0ccb535ead84cf0a3fba4afdbd09580e2c7b3f2e611d359e2cec125f49f13>>,0,false,1,1,1,no non-null rows resolved (not an exact proof),,interfaceref<union.a4d0ccb535ead84cf0a3fba4afdbd09580e2c7b3f2e611d359e2cec125f49f13>
src/abap/5_syntax/expressions/select.ts.Select::buildStructureType,src/abap/5_syntax/expressions/select.ts.Select::buildStructureType/body/s0/body/s2/body/s0/x/seq/s0/x/seq/s0/x,src/abap/5_syntax/expressions/select.ts:330:22,syntax,array.get,interfaceref<union.a4d0ccb535ead84cf0a3fba4afdbd09580e2c7b3f2e611d359e2cec125f49f13>,typed optional-reference table,optional<interfaceref<union.a4d0ccb535ead84cf0a3fba4afdbd09580e2c7b3f2e611d359e2cec125f49f13>>,0,false,1,1,1,no non-null rows resolved (not an exact proof),,interfaceref<union.a4d0ccb535ead84cf0a3fba4afdbd09580e2c7b3f2e611d359e2cec125f49f13>
src/abap/5_syntax/expressions/select.ts.Select::buildStructureType,src/abap/5_syntax/expressions/select.ts.Select::buildStructureType/body/s0/body/s2/body/s1/else/s0/x/arg0/seq/s0/x,src/abap/5_syntax/expressions/select.ts:334:31,syntax,array.get,interfaceref<union.a4d0ccb535ead84cf0a3fba4afdbd09580e2c7b3f2e611d359e2cec125f49f13>,typed optional-reference table,optional<interfaceref<union.a4d0ccb535ead84cf0a3fba4afdbd09580e2c7b3f2e611d359e2cec125f49f13>>,0,false,1,1,1,no non-null rows resolved (not an exact proof),,interfaceref<union.a4d0ccb535ead84cf0a3fba4afdbd09580e2c7b3f2e611d359e2cec125f49f13>
src/abap/5_syntax/expressions/select.ts.Select::buildStructureType,src/abap/5_syntax/expressions/select.ts.Select::buildStructureType/body/s0/body/s3/else/s0/body/s0/x/arg0/0,src/abap/5_syntax/expressions/select.ts:341:51,syntax,index,classref<shape.6787ec6bd565f704fe6c22a21fe4235b1ec166557fa7ab9551cc770f0c5a1c61>,shared object table,classref<shape.6787ec6bd565f704fe6c22a21fe4235b1ec166557fa7ab9551cc770f0c5a1c61>,0,false,1,1,1,exact,class:shape.6787ec6bd565f704fe6c22a21fe4235b1ec166557fa7ab9551cc770f0c5a1c61,classref<shape.6787ec6bd565f704fe6c22a21fe4235b1ec166557fa7ab9551cc770f0c5a1c61>
src/abap/5_syntax/expressions/select.ts.Select::buildStructureType,src/abap/5_syntax/expressions/select.ts.Select::buildStructureType/body/s0/body/s3/else/s0/body/s1/else/x/0/0,src/abap/5_syntax/expressions/select.ts:344:22,syntax,index,classref<shape.6787ec6bd565f704fe6c22a21fe4235b1ec166557fa7ab9551cc770f0c5a1c61>,shared object table,classref<shape.6787ec6bd565f704fe6c22a21fe4235b1ec166557fa7ab9551cc770f0c5a1c61>,0,false,1,1,1,exact,class:shape.6787ec6bd565f704fe6c22a21fe4235b1ec166557fa7ab9551cc770f0c5a1c61,classref<shape.6787ec6bd565f704fe6c22a21fe4235b1ec166557fa7ab9551cc770f0c5a1c61>
src/abap/5_syntax/expressions/select.ts.Select::buildStructureType,src/abap/5_syntax/expressions/select.ts.Select::buildStructureType/body/s0/body/s3/x/0/0,src/abap/5_syntax/expressions/select.ts:337:11,syntax,index,classref<shape.6787ec6bd565f704fe6c22a21fe4235b1ec166557fa7ab9551cc770f0c5a1c61>,shared object table,classref<shape.6787ec6bd565f704fe6c22a21fe4235b1ec166557fa7ab9551cc770f0c5a1c61>,0,false,1,1,1,exact,class:shape.6787ec6bd565f704fe6c22a21fe4235b1ec166557fa7ab9551cc770f0c5a1c61,classref<shape.6787ec6bd565f704fe6c22a21fe4235b1ec166557fa7ab9551cc770f0c5a1c61>
src/abap/5_syntax/expressions/select.ts.Select::buildStructureType,src/abap/5_syntax/expressions/select.ts.Select::buildStructureType/body/s0/else/body/s0/x/seq/s0/x,src/abap/5_syntax/expressions/select.ts:361:22,syntax,array.get,interfaceref<union.a4d0ccb535ead84cf0a3fba4afdbd09580e2c7b3f2e611d359e2cec125f49f13>,typed optional-reference table,optional<interfaceref<union.a4d0ccb535ead84cf0a3fba4afdbd09580e2c7b3f2e611d359e2cec125f49f13>>,0,false,1,1,1,no non-null rows resolved (not an exact proof),,interfaceref<union.a4d0ccb535ead84cf0a3fba4afdbd09580e2c7b3f2e611d359e2cec125f49f13>
src/abap/5_syntax/expressions/select.ts.Select::buildStructureType,src/abap/5_syntax/expressions/select.ts.Select::buildStructureType/body/s0/else/body/s1/body/s0/x/seq/s0/x/seq/s0/x,src/abap/5_syntax/expressions/select.ts:363:22,syntax,array.get,interfaceref<union.a4d0ccb535ead84cf0a3fba4afdbd09580e2c7b3f2e611d359e2cec125f49f13>,typed optional-reference table,optional<interfaceref<union.a4d0ccb535ead84cf0a3fba4afdbd09580e2c7b3f2e611d359e2cec125f49f13>>,0,false,1,1,1,no non-null rows resolved (not an exact proof),,interfaceref<union.a4d0ccb535ead84cf0a3fba4afdbd09580e2c7b3f2e611d359e2cec125f49f13>
src/abap/5_syntax/expressions/select.ts.Select::buildStructureType,src/abap/5_syntax/expressions/select.ts.Select::buildStructureType/body/s0/else/body/s1/body/s1/else/s0/x/arg0/seq/s0/x,src/abap/5_syntax/expressions/select.ts:367:31,syntax,array.get,interfaceref<union.a4d0ccb535ead84cf0a3fba4afdbd09580e2c7b3f2e611d359e2cec125f49f13>,typed optional-reference table,optional<interfaceref<union.a4d0ccb535ead84cf0a3fba4afdbd09580e2c7b3f2e611d359e2cec125f49f13>>,0,false,1,1,1,no non-null rows resolved (not an exact proof),,interfaceref<union.a4d0ccb535ead84cf0a3fba4afdbd09580e2c7b3f2e611d359e2cec125f49f13>
src/abap/5_syntax/expressions/select.ts.Select::buildStructureType,src/abap/5_syntax/expressions/select.ts.Select::buildStructureType/body/s0/else/body/s3/x/seq/s4/body/s0/x/0,,syntax,array.get,classref<shape.6787ec6bd565f704fe6c22a21fe4235b1ec166557fa7ab9551cc770f0c5a1c61>,shared object table,optional<classref<shape.6787ec6bd565f704fe6c22a21fe4235b1ec166557fa7ab9551cc770f0c5a1c61>>,1,false,1,1,1,exact,class:shape.6787ec6bd565f704fe6c22a21fe4235b1ec166557fa7ab9551cc770f0c5a1c61,classref<shape.6787ec6bd565f704fe6c22a21fe4235b1ec166557fa7ab9551cc770f0c5a1c61>
src/abap/5_syntax/expressions/select.ts.Select::buildStructureType,src/abap/5_syntax/expressions/select.ts.Select::buildStructureType/body/s0/else/body/s4/body/s0/x,src/abap/5_syntax/expressions/select.ts:375:51,syntax,new,classref<src/abap/types/basic/structure_type.ts.IStructureComponent>,shared object table,,0,false,0,0,0,exact,class:src/abap/types/basic/structure_type.ts.IStructureComponent,classref<src/abap/types/basic/structure_type.ts.IStructureComponent>
src/abap/5_syntax/expressions/select.ts.Select::buildStructureType,src/abap/5_syntax/expressions/select.ts.Select::buildStructureType/body/s0/else/body/s4/body/s1,src/abap/5_syntax/expressions/select.ts:376:9,syntax,foreach,classref<shape.6787ec6bd565f704fe6c22a21fe4235b1ec166557fa7ab9551cc770f0c5a1c61>,shared object table,classref<shape.6787ec6bd565f704fe6c22a21fe4235b1ec166557fa7ab9551cc770f0c5a1c61>,1,false,1,1,1,exact,class:shape.6787ec6bd565f704fe6c22a21fe4235b1ec166557fa7ab9551cc770f0c5a1c61,classref<shape.6787ec6bd565f704fe6c22a21fe4235b1ec166557fa7ab9551cc770f0c5a1c61>
src/abap/5_syntax/expressions/select.ts.Select::buildTableType,src/abap/5_syntax/expressions/select.ts.Select::buildTableType/body/s1/body/s1/body/s0/x,src/abap/5_syntax/expressions/select.ts:400:51,syntax,new,classref<src/abap/types/basic/structure_type.ts.IStructureComponent>,shared object table,,0,false,0,0,0,exact,class:src/abap/types/basic/structure_type.ts.IStructureComponent,classref<src/abap/types/basic/structure_type.ts.IStructureComponent>
src/abap/5_syntax/expressions/select.ts.Select::buildTableType,src/abap/5_syntax/expressions/select.ts.Select::buildTableType/body/s1/body/s1/body/s1,src/abap/5_syntax/expressions/select.ts:401:9,syntax,foreach,classref<src/abap/5_syntax/expressions/select.ts.DatabaseSourceInfo>,shared object table,classref<src/abap/5_syntax/expressions/select.ts.DatabaseSourceInfo>,1,false,1,1,1,exact,class:src/abap/5_syntax/expressions/select.ts.DatabaseSourceInfo,classref<src/abap/5_syntax/expressions/select.ts.DatabaseSourceInfo>
src/abap/5_syntax/expressions/select.ts.Select::buildTableType,src/abap/5_syntax/expressions/select.ts.Select::buildTableType/body/s1/body/s1/x/1/0/0,src/abap/5_syntax/expressions/select.ts:399:34,syntax,index,classref<shape.6787ec6bd565f704fe6c22a21fe4235b1ec166557fa7ab9551cc770f0c5a1c61>,shared object table,classref<shape.6787ec6bd565f704fe6c22a21fe4235b1ec166557fa7ab9551cc770f0c5a1c61>,0,false,1,1,1,exact,class:shape.6787ec6bd565f704fe6c22a21fe4235b1ec166557fa7ab9551cc770f0c5a1c61,classref<shape.6787ec6bd565f704fe6c22a21fe4235b1ec166557fa7ab9551cc770f0c5a1c61>
src/abap/5_syntax/expressions/select.ts.Select::buildTableType,src/abap/5_syntax/expressions/select.ts.Select::buildTableType/body/s1/body/s2/x,src/abap/5_syntax/expressions/select.ts:411:49,syntax,new,classref<src/abap/types/basic/structure_type.ts.IStructureComponent>,shared object table,,0,false,0,0,0,exact,class:src/abap/types/basic/structure_type.ts.IStructureComponent,classref<src/abap/types/basic/structure_type.ts.IStructureComponent>
src/abap/5_syntax/expressions/select.ts.Select::buildTableType,src/abap/5_syntax/expressions/select.ts.Select::buildTableType/body/s1/body/s3,src/abap/5_syntax/expressions/select.ts:412:7,syntax,foreach,classref<shape.6787ec6bd565f704fe6c22a21fe4235b1ec166557fa7ab9551cc770f0c5a1c61>,shared object table,classref<shape.6787ec6bd565f704fe6c22a21fe4235b1ec166557fa7ab9551cc770f0c5a1c61>,1,false,1,1,1,exact,class:shape.6787ec6bd565f704fe6c22a21fe4235b1ec166557fa7ab9551cc770f0c5a1c61,classref<shape.6787ec6bd565f704fe6c22a21fe4235b1ec166557fa7ab9551cc770f0c5a1c61>
src/abap/5_syntax/expressions/select.ts.Select::buildTableType,src/abap/5_syntax/expressions/select.ts.Select::buildTableType/body/s2/x/seq/s0/x,src/abap/5_syntax/expressions/select.ts:425:9,syntax,index,interfaceref<union.a4d0ccb535ead84cf0a3fba4afdbd09580e2c7b3f2e611d359e2cec125f49f13>,typed optional-reference table,optional<interfaceref<union.a4d0ccb535ead84cf0a3fba4afdbd09580e2c7b3f2e611d359e2cec125f49f13>>,0,false,0,0,0,no non-null rows resolved (not an exact proof),,interfaceref<union.a4d0ccb535ead84cf0a3fba4afdbd09580e2c7b3f2e611d359e2cec125f49f13>
src/abap/5_syntax/expressions/select.ts.Select::buildTableType,src/abap/5_syntax/expressions/select.ts.Select::buildTableType/body/s3/x/0/0,src/abap/5_syntax/expressions/select.ts:429:20,syntax,index,interfaceref<union.a4d0ccb535ead84cf0a3fba4afdbd09580e2c7b3f2e611d359e2cec125f49f13>,typed optional-reference table,optional<interfaceref<union.a4d0ccb535ead84cf0a3fba4afdbd09580e2c7b3f2e611d359e2cec125f49f13>>,0,false,0,0,0,no non-null rows resolved (not an exact proof),,interfaceref<union.a4d0ccb535ead84cf0a3fba4afdbd09580e2c7b3f2e611d359e2cec125f49f13>
src/abap/5_syntax/expressions/select.ts.Select::buildTableType,src/abap/5_syntax/expressions/select.ts.Select::buildTableType/body/s5/x/1/0/0,src/abap/5_syntax/expressions/select.ts:434:32,syntax,index,classref<shape.6787ec6bd565f704fe6c22a21fe4235b1ec166557fa7ab9551cc770f0c5a1c61>,shared object table,classref<shape.6787ec6bd565f704fe6c22a21fe4235b1ec166557fa7ab9551cc770f0c5a1c61>,0,false,1,1,1,exact,class:shape.6787ec6bd565f704fe6c22a21fe4235b1ec166557fa7ab9551cc770f0c5a1c61,classref<shape.6787ec6bd565f704fe6c22a21fe4235b1ec166557fa7ab9551cc770f0c5a1c61>
src/abap/5_syntax/expressions/select.ts.Select::buildTableType,src/abap/5_syntax/expressions/select.ts.Select::buildTableType/body/s6/x/seq/s4/body/s0/x/0,,syntax,array.get,classref<shape.6787ec6bd565f704fe6c22a21fe4235b1ec166557fa7ab9551cc770f0c5a1c61>,shared object table,optional<classref<shape.6787ec6bd565f704fe6c22a21fe4235b1ec166557fa7ab9551cc770f0c5a1c61>>,1,false,1,1,1,exact,class:shape.6787ec6bd565f704fe6c22a21fe4235b1ec166557fa7ab9551cc770f0c5a1c61,classref<shape.6787ec6bd565f704fe6c22a21fe4235b1ec166557fa7ab9551cc770f0c5a1c61>
src/abap/5_syntax/expressions/select.ts.Select::buildTableType,src/abap/5_syntax/expressions/select.ts.Select::buildTableType/body/s7/body/s0/x,src/abap/5_syntax/expressions/select.ts:440:49,syntax,new,classref<src/abap/types/basic/structure_type.ts.IStructureComponent>,shared object table,,0,false,0,0,0,exact,class:src/abap/types/basic/structure_type.ts.IStructureComponent,classref<src/abap/types/basic/structure_type.ts.IStructureComponent>
src/abap/5_syntax/expressions/select.ts.Select::buildTableType,src/abap/5_syntax/expressions/select.ts.Select::buildTableType/body/s7/body/s1,src/abap/5_syntax/expressions/select.ts:441:7,syntax,foreach,classref<shape.6787ec6bd565f704fe6c22a21fe4235b1ec166557fa7ab9551cc770f0c5a1c61>,shared object table,classref<shape.6787ec6bd565f704fe6c22a21fe4235b1ec166557fa7ab9551cc770f0c5a1c61>,1,false,1,1,1,exact,class:shape.6787ec6bd565f704fe6c22a21fe4235b1ec166557fa7ab9551cc770f0c5a1c61,classref<shape.6787ec6bd565f704fe6c22a21fe4235b1ec166557fa7ab9551cc770f0c5a1c61>
src/abap/5_syntax/expressions/select.ts.Select::buildUpToRowsFix,src/abap/5_syntax/expressions/select.ts.Select::buildUpToRowsFix/body/s2/x,src/abap/5_syntax/expressions/select.ts:164:18,syntax,index,classref<src/abap/1_lexer/tokens/abstract_token.ts.AbstractToken>,shared object table,classref<src/abap/1_lexer/tokens/abstract_token.ts.AbstractToken>,0,false,1,1,1,hierarchy/mixed upper bound,class:src/abap/1_lexer/tokens/association_name.ts.AssociationName;class:src/abap/1_lexer/tokens/at.ts.At;class:src/abap/1_lexer/tokens/atw.ts.AtW;class:src/abap/1_lexer/tokens/bracket_left.ts.BracketLeft;class:src/abap/1_lexer/tokens/bracket_leftw.ts.BracketLeftW;class:src/abap/1_lexer/tokens/bracket_right.ts.BracketRight;class:src/abap/1_lexer/tokens/bracket_rightw.ts.BracketRightW;class:src/abap/1_lexer/tokens/comment.ts.Comment;class:src/abap/1_lexer/tokens/dash.ts.Dash;class:src/abap/1_lexer/tokens/dashw.ts.DashW;class:src/abap/1_lexer/tokens/identifier.ts.Identifier;class:src/abap/1_lexer/tokens/instance_arrow.ts.InstanceArrow;class:src/abap/1_lexer/tokens/instance_arroww.ts.InstanceArrowW;class:src/abap/1_lexer/tokens/paren_left.ts.ParenLeft;class:src/abap/1_lexer/tokens/paren_leftw.ts.ParenLeftW;class:src/abap/1_lexer/tokens/paren_right.ts.ParenRight;class:src/abap/1_lexer/tokens/paren_rightw.ts.ParenRightW;class:src/abap/1_lexer/tokens/plus.ts.Plus;class:src/abap/1_lexer/tokens/plusw.ts.PlusW;class:src/abap/1_lexer/tokens/pragma.ts.Pragma;class:src/abap/1_lexer/tokens/punctuation.ts.Punctuation;class:src/abap/1_lexer/tokens/static_arrow.ts.StaticArrow;class:src/abap/1_lexer/tokens/static_arroww.ts.StaticArrowW;class:src/abap/1_lexer/tokens/string.ts.StringToken;class:src/abap/1_lexer/tokens/string_template.ts.StringTemplate;class:src/abap/1_lexer/tokens/string_template_begin.ts.StringTemplateBegin;class:src/abap/1_lexer/tokens/string_template_end.ts.StringTemplateEnd;class:src/abap/1_lexer/tokens/string_template_middle.ts.StringTemplateMiddle;class:src/abap/1_lexer/tokens/wat.ts.WAt;class:src/abap/1_lexer/tokens/watw.ts.WAtW;class:src/abap/1_lexer/tokens/wbracket_left.ts.WBracketLeft;class:src/abap/1_lexer/tokens/wbracket_leftw.ts.WBracketLeftW;class:src/abap/1_lexer/tokens/wbracket_right.ts.WBracketRight;class:src/abap/1_lexer/tokens/wbracket_rightw.ts.WBracketRightW;class:src/abap/1_lexer/tokens/wdash.ts.WDash;class:src/abap/1_lexer/tokens/wdashw.ts.WDashW;class:src/abap/1_lexer/tokens/winstance_arrow.ts.WInstanceArrow;class:src/abap/1_lexer/tokens/winstance_arroww.ts.WInstanceArrowW;class:src/abap/1_lexer/tokens/wparen_left.ts.WParenLeft;class:src/abap/1_lexer/tokens/wparen_leftw.ts.WParenLeftW;class:src/abap/1_lexer/tokens/wparen_right.ts.WParenRight;class:src/abap/1_lexer/tokens/wparen_rightw.ts.WParenRightW;class:src/abap/1_lexer/tokens/wplus.ts.WPlus;class:src/abap/1_lexer/tokens/wplusw.ts.WPlusW;class:src/abap/1_lexer/tokens/wstatic_arrow.ts.WStaticArrow;class:src/abap/1_lexer/tokens/wstatic_arroww.ts.WStaticArrowW,classref<src/abap/1_lexer/tokens/abstract_token.ts.AbstractToken>
src/abap/5_syntax/expressions/select.ts.Select::buildUpToRowsFix,src/abap/5_syntax/expressions/select.ts.Select::buildUpToRowsFix/body/s2/x/1/0/0/seq/s2,src/abap/5_syntax/expressions/select.ts:164:25,syntax,foreach,classref<src/abap/1_lexer/tokens/abstract_token.ts.AbstractToken>,shared object table,classref<src/abap/1_lexer/tokens/abstract_token.ts.AbstractToken>,1,false,1,1,1,hierarchy/mixed upper bound,class:src/abap/1_lexer/tokens/association_name.ts.AssociationName;class:src/abap/1_lexer/tokens/at.ts.At;class:src/abap/1_lexer/tokens/atw.ts.AtW;class:src/abap/1_lexer/tokens/bracket_left.ts.BracketLeft;class:src/abap/1_lexer/tokens/bracket_leftw.ts.BracketLeftW;class:src/abap/1_lexer/tokens/bracket_right.ts.BracketRight;class:src/abap/1_lexer/tokens/bracket_rightw.ts.BracketRightW;class:src/abap/1_lexer/tokens/comment.ts.Comment;class:src/abap/1_lexer/tokens/dash.ts.Dash;class:src/abap/1_lexer/tokens/dashw.ts.DashW;class:src/abap/1_lexer/tokens/identifier.ts.Identifier;class:src/abap/1_lexer/tokens/instance_arrow.ts.InstanceArrow;class:src/abap/1_lexer/tokens/instance_arroww.ts.InstanceArrowW;class:src/abap/1_lexer/tokens/paren_left.ts.ParenLeft;class:src/abap/1_lexer/tokens/paren_leftw.ts.ParenLeftW;class:src/abap/1_lexer/tokens/paren_right.ts.ParenRight;class:src/abap/1_lexer/tokens/paren_rightw.ts.ParenRightW;class:src/abap/1_lexer/tokens/plus.ts.Plus;class:src/abap/1_lexer/tokens/plusw.ts.PlusW;class:src/abap/1_lexer/tokens/pragma.ts.Pragma;class:src/abap/1_lexer/tokens/punctuation.ts.Punctuation;class:src/abap/1_lexer/tokens/static_arrow.ts.StaticArrow;class:src/abap/1_lexer/tokens/static_arroww.ts.StaticArrowW;class:src/abap/1_lexer/tokens/string.ts.StringToken;class:src/abap/1_lexer/tokens/string_template.ts.StringTemplate;class:src/abap/1_lexer/tokens/string_template_begin.ts.StringTemplateBegin;class:src/abap/1_lexer/tokens/string_template_end.ts.StringTemplateEnd;class:src/abap/1_lexer/tokens/string_template_middle.ts.StringTemplateMiddle;class:src/abap/1_lexer/tokens/wat.ts.WAt;class:src/abap/1_lexer/tokens/watw.ts.WAtW;class:src/abap/1_lexer/tokens/wbracket_left.ts.WBracketLeft;class:src/abap/1_lexer/tokens/wbracket_leftw.ts.WBracketLeftW;class:src/abap/1_lexer/tokens/wbracket_right.ts.WBracketRight;class:src/abap/1_lexer/tokens/wbracket_rightw.ts.WBracketRightW;class:src/abap/1_lexer/tokens/wdash.ts.WDash;class:src/abap/1_lexer/tokens/wdashw.ts.WDashW;class:src/abap/1_lexer/tokens/winstance_arrow.ts.WInstanceArrow;class:src/abap/1_lexer/tokens/winstance_arroww.ts.WInstanceArrowW;class:src/abap/1_lexer/tokens/wparen_left.ts.WParenLeft;class:src/abap/1_lexer/tokens/wparen_leftw.ts.WParenLeftW;class:src/abap/1_lexer/tokens/wparen_right.ts.WParenRight;class:src/abap/1_lexer/tokens/wparen_rightw.ts.WParenRightW;class:src/abap/1_lexer/tokens/wplus.ts.WPlus;class:src/abap/1_lexer/tokens/wplusw.ts.WPlusW;class:src/abap/1_lexer/tokens/wstatic_arrow.ts.WStaticArrow;class:src/abap/1_lexer/tokens/wstatic_arroww.ts.WStaticArrowW,classref<src/abap/1_lexer/tokens/abstract_token.ts.AbstractToken>
src/abap/5_syntax/expressions/select.ts.Select::buildUpToRowsFix,src/abap/5_syntax/expressions/select.ts.Select::buildUpToRowsFix/body/s5/x/seq/s1/x/arg1/seq/s0/x,src/abap/5_syntax/expressions/select.ts:169:25,syntax,new,classref<src/edit_helper.ts.ITextEdit>,shared object table,,0,false,0,0,0,exact,class:src/edit_helper.ts.ITextEdit,classref<src/edit_helper.ts.ITextEdit>
src/abap/5_syntax/expressions/select.ts.Select::findFieldType,src/abap/5_syntax/expressions/select.ts.Select::findFieldType/body/s3/x/2/seq/s0/x,src/abap/5_syntax/expressions/select.ts:474:9,syntax,new,classref<src/abap/5_syntax/expressions/select.ts.DatabaseSourceInfo>,shared object table,,0,false,0,0,0,exact,class:src/abap/5_syntax/expressions/select.ts.DatabaseSourceInfo,classref<src/abap/5_syntax/expressions/select.ts.DatabaseSourceInfo>
src/abap/5_syntax/expressions/select.ts.Select::findFieldType,src/abap/5_syntax/expressions/select.ts.Select::findFieldType/body/s3/x/2/seq/s1,src/abap/5_syntax/expressions/select.ts:474:9,syntax,foreach,classref<src/abap/5_syntax/expressions/select.ts.DatabaseSourceInfo>,shared object table,classref<src/abap/5_syntax/expressions/select.ts.DatabaseSourceInfo>,1,false,1,1,1,exact,class:src/abap/5_syntax/expressions/select.ts.DatabaseSourceInfo,classref<src/abap/5_syntax/expressions/select.ts.DatabaseSourceInfo>
src/abap/5_syntax/expressions/select.ts.Select::findFieldType,src/abap/5_syntax/expressions/select.ts.Select::findFieldType/body/s4,src/abap/5_syntax/expressions/select.ts:476:5,syntax,foreach,classref<src/abap/5_syntax/expressions/select.ts.DatabaseSourceInfo>,shared object table,classref<src/abap/5_syntax/expressions/select.ts.DatabaseSourceInfo>,1,false,1,1,1,exact,class:src/abap/5_syntax/expressions/select.ts.DatabaseSourceInfo,classref<src/abap/5_syntax/expressions/select.ts.DatabaseSourceInfo>
src/abap/5_syntax/expressions/select.ts.Select::findFields,src/abap/5_syntax/expressions/select.ts.Select::findFields/body/s1/x,src/abap/5_syntax/expressions/select.ts:494:17,syntax,new,classref<shape.6787ec6bd565f704fe6c22a21fe4235b1ec166557fa7ab9551cc770f0c5a1c61>,shared object table,,0,false,0,0,0,exact,class:shape.6787ec6bd565f704fe6c22a21fe4235b1ec166557fa7ab9551cc770f0c5a1c61,classref<shape.6787ec6bd565f704fe6c22a21fe4235b1ec166557fa7ab9551cc770f0c5a1c61>
src/abap/5_syntax/expressions/select.ts.Select::findFields,src/abap/5_syntax/expressions/select.ts.Select::findFields/body/s4,src/abap/5_syntax/expressions/select.ts:502:5,syntax,foreach,classref<src/abap/nodes/expression_node.ts.ExpressionNode>,shared object table,classref<src/abap/nodes/expression_node.ts.ExpressionNode>,1,false,1,1,1,hierarchy/mixed upper bound,class:src/abap/nodes/expression_node.ts.ExpressionNode;class:src/abap/nodes/statement_node.ts.StatementNode;class:src/abap/nodes/structure_node.ts.StructureNode;class:src/abap/nodes/token_node.ts.TokenNode;class:src/abap/nodes/token_node_regex.ts.TokenNodeRegex,classref<src/abap/nodes/expression_node.ts.ExpressionNode>
src/abap/5_syntax/expressions/select.ts.Select::findFields,src/abap/5_syntax/expressions/select.ts.Select::findFields/body/s4/x/1/2,src/abap/5_syntax/expressions/select.ts:502:139,syntax,new,classref<src/abap/nodes/expression_node.ts.ExpressionNode>,shared object table,,0,false,0,0,0,no non-null rows resolved (not an exact proof),,classref<src/abap/nodes/expression_node.ts.ExpressionNode>
src/abap/5_syntax/expressions/select.ts.Select::handleInto,src/abap/5_syntax/expressions/select.ts.Select::handleInto/body/s3/body/s1/body/s0/x/arg0,src/abap/5_syntax/expressions/select.ts:253:30,syntax,index,classref<src/abap/nodes/expression_node.ts.ExpressionNode>,shared object table,classref<src/abap/nodes/expression_node.ts.ExpressionNode>,0,false,1,1,1,hierarchy/mixed upper bound,class:src/abap/nodes/expression_node.ts.ExpressionNode;class:src/abap/nodes/statement_node.ts.StatementNode;class:src/abap/nodes/structure_node.ts.StructureNode;class:src/abap/nodes/token_node.ts.TokenNode;class:src/abap/nodes/token_node_regex.ts.TokenNodeRegex,classref<src/abap/nodes/expression_node.ts.ExpressionNode>
src/abap/5_syntax/expressions/select.ts.Select::handleInto,src/abap/5_syntax/expressions/select.ts.Select::handleInto/body/s3/body/s1/else/s0,src/abap/5_syntax/expressions/select.ts:255:9,syntax,foreach,classref<src/abap/nodes/expression_node.ts.ExpressionNode>,shared object table,classref<src/abap/nodes/expression_node.ts.ExpressionNode>,1,false,1,1,1,hierarchy/mixed upper bound,class:src/abap/nodes/expression_node.ts.ExpressionNode;class:src/abap/nodes/statement_node.ts.StatementNode;class:src/abap/nodes/structure_node.ts.StructureNode;class:src/abap/nodes/token_node.ts.TokenNode;class:src/abap/nodes/token_node_regex.ts.TokenNodeRegex,classref<src/abap/nodes/expression_node.ts.ExpressionNode>
src/abap/5_syntax/expressions/select.ts.Select::handleInto,src/abap/5_syntax/expressions/select.ts.Select::handleInto/body/s5/body/s0/x/1/seq/s0/x/0/0,src/abap/5_syntax/expressions/select.ts:265:48,syntax,index,classref<shape.6787ec6bd565f704fe6c22a21fe4235b1ec166557fa7ab9551cc770f0c5a1c61>,shared object table,classref<shape.6787ec6bd565f704fe6c22a21fe4235b1ec166557fa7ab9551cc770f0c5a1c61>,0,false,1,1,1,exact,class:shape.6787ec6bd565f704fe6c22a21fe4235b1ec166557fa7ab9551cc770f0c5a1c61,classref<shape.6787ec6bd565f704fe6c22a21fe4235b1ec166557fa7ab9551cc770f0c5a1c61>
src/abap/5_syntax/expressions/select.ts.Select::handleInto,src/abap/5_syntax/expressions/select.ts.Select::handleInto/body/s5/body/s3/s1/body/s0/s0/x,src/abap/5_syntax/expressions/select.ts:274:24,syntax,index,classref<src/abap/nodes/expression_node.ts.ExpressionNode>,shared object table,classref<src/abap/nodes/expression_node.ts.ExpressionNode>,1,false,1,1,1,hierarchy/mixed upper bound,class:src/abap/nodes/expression_node.ts.ExpressionNode;class:src/abap/nodes/statement_node.ts.StatementNode;class:src/abap/nodes/structure_node.ts.StructureNode;class:src/abap/nodes/token_node.ts.TokenNode;class:src/abap/nodes/token_node_regex.ts.TokenNodeRegex,classref<src/abap/nodes/expression_node.ts.ExpressionNode>
src/abap/5_syntax/expressions/select.ts.Select::handleInto,src/abap/5_syntax/expressions/select.ts.Select::handleInto/body/s5/body/s3/s1/body/s0/s1/x,src/abap/5_syntax/expressions/select.ts:275:23,syntax,index,classref<shape.6787ec6bd565f704fe6c22a21fe4235b1ec166557fa7ab9551cc770f0c5a1c61>,shared object table,classref<shape.6787ec6bd565f704fe6c22a21fe4235b1ec166557fa7ab9551cc770f0c5a1c61>,1,false,1,1,1,exact,class:shape.6787ec6bd565f704fe6c22a21fe4235b1ec166557fa7ab9551cc770f0c5a1c61,classref<shape.6787ec6bd565f704fe6c22a21fe4235b1ec166557fa7ab9551cc770f0c5a1c61>
src/abap/5_syntax/expressions/select.ts.Select::handleInto,src/abap/5_syntax/expressions/select.ts.Select::handleInto/body/s5/body/s3/s1/body/s0/s3/body/s2/body/s0,src/abap/5_syntax/expressions/select.ts:288:13,syntax,foreach,interfaceref<union.a4d0ccb535ead84cf0a3fba4afdbd09580e2c7b3f2e611d359e2cec125f49f13>,typed optional-reference table,optional<interfaceref<union.a4d0ccb535ead84cf0a3fba4afdbd09580e2c7b3f2e611d359e2cec125f49f13>>,2,false,0,0,0,no non-null rows resolved (not an exact proof),,interfaceref<union.a4d0ccb535ead84cf0a3fba4afdbd09580e2c7b3f2e611d359e2cec125f49f13>
src/abap/5_syntax/expressions/select.ts.Select::isStrictMode,src/abap/5_syntax/expressions/select.ts.Select::isStrictMode/body/s1/x,src/abap/5_syntax/expressions/select.ts:189:18,syntax,index,classref<src/abap/nodes/expression_node.ts.ExpressionNode>,shared object table,classref<src/abap/nodes/expression_node.ts.ExpressionNode>,0,false,1,1,1,hierarchy/mixed upper bound,class:src/abap/nodes/expression_node.ts.ExpressionNode;class:src/abap/nodes/statement_node.ts.StatementNode;class:src/abap/nodes/structure_node.ts.StructureNode;class:src/abap/nodes/token_node.ts.TokenNode;class:src/abap/nodes/token_node_regex.ts.TokenNodeRegex,classref<src/abap/nodes/expression_node.ts.ExpressionNode>
src/abap/5_syntax/expressions/select.ts.Select::isStrictMode,src/abap/5_syntax/expressions/select.ts.Select::isStrictMode/body/s5,src/abap/5_syntax/expressions/select.ts:203:5,syntax,foreach,classref<src/abap/nodes/expression_node.ts.ExpressionNode>,shared object table,classref<src/abap/nodes/expression_node.ts.ExpressionNode>,1,false,1,1,1,hierarchy/mixed upper bound,class:src/abap/nodes/expression_node.ts.ExpressionNode;class:src/abap/nodes/statement_node.ts.StatementNode;class:src/abap/nodes/structure_node.ts.StructureNode;class:src/abap/nodes/token_node.ts.TokenNode;class:src/abap/nodes/token_node_regex.ts.TokenNodeRegex,classref<src/abap/nodes/expression_node.ts.ExpressionNode>
src/abap/5_syntax/expressions/select.ts.Select::runSyntax,src/abap/5_syntax/expressions/select.ts.Select::runSyntax/body/s2/s11,src/abap/5_syntax/expressions/select.ts:61:5,syntax,foreach,classref<src/abap/nodes/expression_node.ts.ExpressionNode>,shared object table,classref<src/abap/nodes/expression_node.ts.ExpressionNode>,1,false,1,1,1,hierarchy/mixed upper bound,class:src/abap/nodes/expression_node.ts.ExpressionNode;class:src/abap/nodes/statement_node.ts.StatementNode;class:src/abap/nodes/structure_node.ts.StructureNode;class:src/abap/nodes/token_node.ts.TokenNode;class:src/abap/nodes/token_node_regex.ts.TokenNodeRegex,classref<src/abap/nodes/expression_node.ts.ExpressionNode>
src/abap/5_syntax/expressions/select.ts.Select::runSyntax,src/abap/5_syntax/expressions/select.ts.Select::runSyntax/body/s2/s13,src/abap/5_syntax/expressions/select.ts:96:5,syntax,foreach,classref<src/abap/nodes/expression_node.ts.ExpressionNode>,shared object table,classref<src/abap/nodes/expression_node.ts.ExpressionNode>,1,false,1,1,1,hierarchy/mixed upper bound,class:src/abap/nodes/expression_node.ts.ExpressionNode;class:src/abap/nodes/statement_node.ts.StatementNode;class:src/abap/nodes/structure_node.ts.StructureNode;class:src/abap/nodes/token_node.ts.TokenNode;class:src/abap/nodes/token_node_regex.ts.TokenNodeRegex,classref<src/abap/nodes/expression_node.ts.ExpressionNode>
src/abap/5_syntax/expressions/select.ts.Select::runSyntax,src/abap/5_syntax/expressions/select.ts.Select::runSyntax/body/s2/s16,src/abap/5_syntax/expressions/select.ts:101:5,syntax,foreach,classref<src/abap/nodes/expression_node.ts.ExpressionNode>,shared object table,classref<src/abap/nodes/expression_node.ts.ExpressionNode>,1,false,1,1,1,hierarchy/mixed upper bound,class:src/abap/nodes/expression_node.ts.ExpressionNode;class:src/abap/nodes/statement_node.ts.StatementNode;class:src/abap/nodes/structure_node.ts.StructureNode;class:src/abap/nodes/token_node.ts.TokenNode;class:src/abap/nodes/token_node_regex.ts.TokenNodeRegex,classref<src/abap/nodes/expression_node.ts.ExpressionNode>
src/abap/5_syntax/expressions/select.ts.Select::runSyntax,src/abap/5_syntax/expressions/select.ts.Select::runSyntax/body/s2/s16/body/s2,src/abap/5_syntax/expressions/select.ts:116:7,syntax,foreach,classref<src/abap/nodes/expression_node.ts.ExpressionNode>,shared object table,classref<src/abap/nodes/expression_node.ts.ExpressionNode>,2,false,1,1,1,hierarchy/mixed upper bound,class:src/abap/nodes/expression_node.ts.ExpressionNode;class:src/abap/nodes/statement_node.ts.StatementNode;class:src/abap/nodes/structure_node.ts.StructureNode;class:src/abap/nodes/token_node.ts.TokenNode;class:src/abap/nodes/token_node_regex.ts.TokenNodeRegex,classref<src/abap/nodes/expression_node.ts.ExpressionNode>
src/abap/5_syntax/expressions/select.ts.Select::runSyntax,src/abap/5_syntax/expressions/select.ts.Select::runSyntax/body/s2/s17,src/abap/5_syntax/expressions/select.ts:120:5,syntax,foreach,classref<src/abap/nodes/expression_node.ts.ExpressionNode>,shared object table,classref<src/abap/nodes/expression_node.ts.ExpressionNode>,1,false,1,1,1,hierarchy/mixed upper bound,class:src/abap/nodes/expression_node.ts.ExpressionNode;class:src/abap/nodes/statement_node.ts.StatementNode;class:src/abap/nodes/structure_node.ts.StructureNode;class:src/abap/nodes/token_node.ts.TokenNode;class:src/abap/nodes/token_node_regex.ts.TokenNodeRegex,classref<src/abap/nodes/expression_node.ts.ExpressionNode>
src/abap/5_syntax/expressions/select.ts.Select::runSyntax,src/abap/5_syntax/expressions/select.ts.Select::runSyntax/body/s2/s17/body/s0,src/abap/5_syntax/expressions/select.ts:121:7,syntax,foreach,classref<src/abap/nodes/expression_node.ts.ExpressionNode>,shared object table,classref<src/abap/nodes/expression_node.ts.ExpressionNode>,2,false,1,1,1,hierarchy/mixed upper bound,class:src/abap/nodes/expression_node.ts.ExpressionNode;class:src/abap/nodes/statement_node.ts.StatementNode;class:src/abap/nodes/structure_node.ts.StructureNode;class:src/abap/nodes/token_node.ts.TokenNode;class:src/abap/nodes/token_node_regex.ts.TokenNodeRegex,classref<src/abap/nodes/expression_node.ts.ExpressionNode>
src/abap/5_syntax/expressions/select.ts.Select::runSyntax,src/abap/5_syntax/expressions/select.ts.Select::runSyntax/body/s2/s18,src/abap/5_syntax/expressions/select.ts:126:5,syntax,foreach,classref<src/abap/nodes/expression_node.ts.ExpressionNode>,shared object table,classref<src/abap/nodes/expression_node.ts.ExpressionNode>,1,false,1,1,1,hierarchy/mixed upper bound,class:src/abap/nodes/expression_node.ts.ExpressionNode;class:src/abap/nodes/statement_node.ts.StatementNode;class:src/abap/nodes/structure_node.ts.StructureNode;class:src/abap/nodes/token_node.ts.TokenNode;class:src/abap/nodes/token_node_regex.ts.TokenNodeRegex,classref<src/abap/nodes/expression_node.ts.ExpressionNode>
src/abap/5_syntax/expressions/select.ts.Select::runSyntax,src/abap/5_syntax/expressions/select.ts.Select::runSyntax/body/s2/s3/x/2,src/abap/5_syntax/expressions/select.ts:35:63,syntax,new,interfaceref<union.a4d0ccb535ead84cf0a3fba4afdbd09580e2c7b3f2e611d359e2cec125f49f13>,typed optional-reference table,,0,false,0,0,0,no non-null rows resolved (not an exact proof),,interfaceref<union.a4d0ccb535ead84cf0a3fba4afdbd09580e2c7b3f2e611d359e2cec125f49f13>
src/abap/5_syntax/expressions/select.ts.Select::runSyntax,src/abap/5_syntax/expressions/select.ts.Select::runSyntax/body/s2/s7/x/arg0/seq/s1,src/abap/5_syntax/expressions/select.ts:51:25,syntax,foreach,classref<shape.6787ec6bd565f704fe6c22a21fe4235b1ec166557fa7ab9551cc770f0c5a1c61>,shared object table,classref<shape.6787ec6bd565f704fe6c22a21fe4235b1ec166557fa7ab9551cc770f0c5a1c61>,1,false,1,1,1,exact,class:shape.6787ec6bd565f704fe6c22a21fe4235b1ec166557fa7ab9551cc770f0c5a1c61,classref<shape.6787ec6bd565f704fe6c22a21fe4235b1ec166557fa7ab9551cc770f0c5a1c61>
src/abap/5_syntax/expressions/select.ts.Select::strictModeChecks,src/abap/5_syntax/expressions/select.ts.Select::strictModeChecks/body/s1,src/abap/5_syntax/expressions/select.ts:221:5,syntax,foreach,classref<src/abap/nodes/expression_node.ts.ExpressionNode>,shared object table,classref<src/abap/nodes/expression_node.ts.ExpressionNode>,1,false,1,1,1,hierarchy/mixed upper bound,class:src/abap/nodes/expression_node.ts.ExpressionNode;class:src/abap/nodes/statement_node.ts.StatementNode;class:src/abap/nodes/structure_node.ts.StructureNode;class:src/abap/nodes/token_node.ts.TokenNode;class:src/abap/nodes/token_node_regex.ts.TokenNodeRegex,classref<src/abap/nodes/expression_node.ts.ExpressionNode>
src/abap/5_syntax/expressions/select.ts.Select::strictModeChecks,src/abap/5_syntax/expressions/select.ts.Select::strictModeChecks/body/s1/body/s1/else/else/x/0/seq/s0/x/1/2,src/abap/5_syntax/expressions/select.ts:227:18,syntax,index,interfaceref<src/abap/nodes/_inode.ts.INode>,shared object table,interfaceref<src/abap/nodes/_inode.ts.INode>,1,false,1,1,0,hierarchy/mixed upper bound,class:src/abap/nodes/expression_node.ts.ExpressionNode;class:src/abap/nodes/statement_node.ts.StatementNode;class:src/abap/nodes/structure_node.ts.StructureNode;class:src/abap/nodes/token_node.ts.TokenNode;class:src/abap/nodes/token_node_regex.ts.TokenNodeRegex,interfaceref<src/abap/nodes/_inode.ts.INode>;interfaceref<union.66719939903e43ae9586894a3271d3c1e0bc1a87886c0b01d3e32f95e19d70c3>;interfaceref<union.ef34b1fae8df131c6c97185482820bb32cd957a6b0ed51ce6b23465fc63eb844>
src/abap/5_syntax/expressions/source.ts.Source::runSyntax,src/abap/5_syntax/expressions/source.ts.Source::runSyntax/body/s3/s1/x,src/abap/5_syntax/expressions/source.ts:53:22,syntax,array.slice0,interfaceref<union.66719939903e43ae9586894a3271d3c1e0bc1a87886c0b01d3e32f95e19d70c3>,shared object table,,0,false,0,0,0,hierarchy/mixed upper bound,class:src/abap/nodes/expression_node.ts.ExpressionNode;class:src/abap/nodes/statement_node.ts.StatementNode;class:src/abap/nodes/structure_node.ts.StructureNode;class:src/abap/nodes/token_node.ts.TokenNode;class:src/abap/nodes/token_node_regex.ts.TokenNodeRegex,interfaceref<union.66719939903e43ae9586894a3271d3c1e0bc1a87886c0b01d3e32f95e19d70c3>
src/abap/5_syntax/expressions/source.ts.Source::runSyntax,src/abap/5_syntax/expressions/source.ts.Source::runSyntax/body/s3/s11/body/s2/y,src/abap/5_syntax/expressions/source.ts:294:15,syntax,array.shift,interfaceref<union.66719939903e43ae9586894a3271d3c1e0bc1a87886c0b01d3e32f95e19d70c3>,shared object table,optional<interfaceref<union.66719939903e43ae9586894a3271d3c1e0bc1a87886c0b01d3e32f95e19d70c3>>,1,false,1,1,1,hierarchy/mixed upper bound,class:src/abap/nodes/expression_node.ts.ExpressionNode;class:src/abap/nodes/statement_node.ts.StatementNode;class:src/abap/nodes/structure_node.ts.StructureNode;class:src/abap/nodes/token_node.ts.TokenNode;class:src/abap/nodes/token_node_regex.ts.TokenNodeRegex,interfaceref<union.66719939903e43ae9586894a3271d3c1e0bc1a87886c0b01d3e32f95e19d70c3>
src/abap/5_syntax/expressions/source.ts.Source::runSyntax,src/abap/5_syntax/expressions/source.ts.Source::runSyntax/body/s3/s2/x,src/abap/5_syntax/expressions/source.ts:54:17,syntax,array.shift,interfaceref<union.66719939903e43ae9586894a3271d3c1e0bc1a87886c0b01d3e32f95e19d70c3>,shared object table,optional<interfaceref<union.66719939903e43ae9586894a3271d3c1e0bc1a87886c0b01d3e32f95e19d70c3>>,0,false,1,1,1,hierarchy/mixed upper bound,class:src/abap/nodes/expression_node.ts.ExpressionNode;class:src/abap/nodes/statement_node.ts.StatementNode;class:src/abap/nodes/structure_node.ts.StructureNode;class:src/abap/nodes/token_node.ts.TokenNode;class:src/abap/nodes/token_node_regex.ts.TokenNodeRegex,interfaceref<union.66719939903e43ae9586894a3271d3c1e0bc1a87886c0b01d3e32f95e19d70c3>
src/abap/5_syntax/expressions/source.ts.Source::runSyntax,src/abap/5_syntax/expressions/source.ts.Source::runSyntax/body/s3/s3/body/s2/else/else/else/else/else/else/else/else/body/s0/s3/x,src/abap/5_syntax/expressions/source.ts:115:11,syntax,array.shift,interfaceref<union.66719939903e43ae9586894a3271d3c1e0bc1a87886c0b01d3e32f95e19d70c3>,shared object table,optional<interfaceref<union.66719939903e43ae9586894a3271d3c1e0bc1a87886c0b01d3e32f95e19d70c3>>,0,false,1,1,1,hierarchy/mixed upper bound,class:src/abap/nodes/expression_node.ts.ExpressionNode;class:src/abap/nodes/statement_node.ts.StatementNode;class:src/abap/nodes/structure_node.ts.StructureNode;class:src/abap/nodes/token_node.ts.TokenNode;class:src/abap/nodes/token_node_regex.ts.TokenNodeRegex,interfaceref<union.66719939903e43ae9586894a3271d3c1e0bc1a87886c0b01d3e32f95e19d70c3>
src/abap/5_syntax/expressions/source.ts.Source::runSyntax,src/abap/5_syntax/expressions/source.ts.Source::runSyntax/body/s3/s3/body/s2/else/else/else/else/else/else/else/else/body/s0/s4/x,src/abap/5_syntax/expressions/source.ts:116:11,syntax,array.shift,interfaceref<union.66719939903e43ae9586894a3271d3c1e0bc1a87886c0b01d3e32f95e19d70c3>,shared object table,optional<interfaceref<union.66719939903e43ae9586894a3271d3c1e0bc1a87886c0b01d3e32f95e19d70c3>>,0,false,1,1,1,hierarchy/mixed upper bound,class:src/abap/nodes/expression_node.ts.ExpressionNode;class:src/abap/nodes/statement_node.ts.StatementNode;class:src/abap/nodes/structure_node.ts.StructureNode;class:src/abap/nodes/token_node.ts.TokenNode;class:src/abap/nodes/token_node_regex.ts.TokenNodeRegex,interfaceref<union.66719939903e43ae9586894a3271d3c1e0bc1a87886c0b01d3e32f95e19d70c3>
src/abap/5_syntax/expressions/source.ts.Source::runSyntax,src/abap/5_syntax/expressions/source.ts.Source::runSyntax/body/s3/s3/body/s2/else/else/else/else/else/else/else/else/body/s0/s5/x,src/abap/5_syntax/expressions/source.ts:117:11,syntax,array.shift,interfaceref<union.66719939903e43ae9586894a3271d3c1e0bc1a87886c0b01d3e32f95e19d70c3>,shared object table,optional<interfaceref<union.66719939903e43ae9586894a3271d3c1e0bc1a87886c0b01d3e32f95e19d70c3>>,0,false,1,1,1,hierarchy/mixed upper bound,class:src/abap/nodes/expression_node.ts.ExpressionNode;class:src/abap/nodes/statement_node.ts.StatementNode;class:src/abap/nodes/structure_node.ts.StructureNode;class:src/abap/nodes/token_node.ts.TokenNode;class:src/abap/nodes/token_node_regex.ts.TokenNodeRegex,interfaceref<union.66719939903e43ae9586894a3271d3c1e0bc1a87886c0b01d3e32f95e19d70c3>
src/abap/5_syntax/expressions/source.ts.Source::runSyntax,src/abap/5_syntax/expressions/source.ts.Source::runSyntax/body/s3/s3/body/s2/else/else/else/else/else/else/else/else/body/s0/s6/x,src/abap/5_syntax/expressions/source.ts:118:11,syntax,array.shift,interfaceref<union.66719939903e43ae9586894a3271d3c1e0bc1a87886c0b01d3e32f95e19d70c3>,shared object table,optional<interfaceref<union.66719939903e43ae9586894a3271d3c1e0bc1a87886c0b01d3e32f95e19d70c3>>,0,false,1,1,1,hierarchy/mixed upper bound,class:src/abap/nodes/expression_node.ts.ExpressionNode;class:src/abap/nodes/statement_node.ts.StatementNode;class:src/abap/nodes/structure_node.ts.StructureNode;class:src/abap/nodes/token_node.ts.TokenNode;class:src/abap/nodes/token_node_regex.ts.TokenNodeRegex,interfaceref<union.66719939903e43ae9586894a3271d3c1e0bc1a87886c0b01d3e32f95e19d70c3>
src/abap/5_syntax/expressions/source.ts.Source::traverseRemainingChildren,src/abap/5_syntax/expressions/source.ts.Source::traverseRemainingChildren/body/s0/x,src/abap/5_syntax/expressions/source.ts:310:18,syntax,index,interfaceref<union.66719939903e43ae9586894a3271d3c1e0bc1a87886c0b01d3e32f95e19d70c3>,shared object table,interfaceref<union.66719939903e43ae9586894a3271d3c1e0bc1a87886c0b01d3e32f95e19d70c3>,0,false,1,1,1,hierarchy/mixed upper bound,class:src/abap/nodes/expression_node.ts.ExpressionNode;class:src/abap/nodes/statement_node.ts.StatementNode;class:src/abap/nodes/structure_node.ts.StructureNode;class:src/abap/nodes/token_node.ts.TokenNode;class:src/abap/nodes/token_node_regex.ts.TokenNodeRegex,interfaceref<union.66719939903e43ae9586894a3271d3c1e0bc1a87886c0b01d3e32f95e19d70c3>
src/abap/5_syntax/expressions/sql_compare.ts.SQLCompare::findType,src/abap/5_syntax/expressions/sql_compare.ts.SQLCompare::findType/body/s0,src/abap/5_syntax/expressions/sql_compare.ts:80:5,syntax,foreach,interfaceref<union.a4d0ccb535ead84cf0a3fba4afdbd09580e2c7b3f2e611d359e2cec125f49f13>,typed optional-reference table,optional<interfaceref<union.a4d0ccb535ead84cf0a3fba4afdbd09580e2c7b3f2e611d359e2cec125f49f13>>,1,false,0,0,0,no non-null rows resolved (not an exact proof),,interfaceref<union.a4d0ccb535ead84cf0a3fba4afdbd09580e2c7b3f2e611d359e2cec125f49f13>
src/abap/5_syntax/expressions/sql_compare.ts.SQLCompare::runSyntax,src/abap/5_syntax/expressions/sql_compare.ts.SQLCompare::runSyntax/body/s3,src/abap/5_syntax/expressions/sql_compare.ts:26:5,syntax,foreach,classref<src/abap/nodes/expression_node.ts.ExpressionNode>,shared object table,classref<src/abap/nodes/expression_node.ts.ExpressionNode>,1,false,1,1,1,hierarchy/mixed upper bound,class:src/abap/nodes/expression_node.ts.ExpressionNode;class:src/abap/nodes/statement_node.ts.StatementNode;class:src/abap/nodes/structure_node.ts.StructureNode;class:src/abap/nodes/token_node.ts.TokenNode;class:src/abap/nodes/token_node_regex.ts.TokenNodeRegex,classref<src/abap/nodes/expression_node.ts.ExpressionNode>
src/abap/5_syntax/expressions/sql_compare.ts.SQLCompare::runSyntax,src/abap/5_syntax/expressions/sql_compare.ts.SQLCompare::runSyntax/body/s4,src/abap/5_syntax/expressions/sql_compare.ts:30:5,syntax,foreach,classref<src/abap/nodes/expression_node.ts.ExpressionNode>,shared object table,classref<src/abap/nodes/expression_node.ts.ExpressionNode>,1,false,1,1,1,hierarchy/mixed upper bound,class:src/abap/nodes/expression_node.ts.ExpressionNode;class:src/abap/nodes/statement_node.ts.StatementNode;class:src/abap/nodes/structure_node.ts.StructureNode;class:src/abap/nodes/token_node.ts.TokenNode;class:src/abap/nodes/token_node_regex.ts.TokenNodeRegex,classref<src/abap/nodes/expression_node.ts.ExpressionNode>
src/abap/5_syntax/expressions/sql_compare.ts.SQLCompare::runSyntax,src/abap/5_syntax/expressions/sql_compare.ts.SQLCompare::runSyntax/body/s4/body/s0,src/abap/5_syntax/expressions/sql_compare.ts:31:7,syntax,foreach,interfaceref<union.66719939903e43ae9586894a3271d3c1e0bc1a87886c0b01d3e32f95e19d70c3>,shared object table,interfaceref<union.66719939903e43ae9586894a3271d3c1e0bc1a87886c0b01d3e32f95e19d70c3>,2,false,1,1,0,hierarchy/mixed upper bound,class:src/abap/nodes/expression_node.ts.ExpressionNode;class:src/abap/nodes/statement_node.ts.StatementNode;class:src/abap/nodes/structure_node.ts.StructureNode;class:src/abap/nodes/token_node.ts.TokenNode;class:src/abap/nodes/token_node_regex.ts.TokenNodeRegex,interfaceref<src/abap/nodes/_inode.ts.INode>;interfaceref<union.66719939903e43ae9586894a3271d3c1e0bc1a87886c0b01d3e32f95e19d70c3>;interfaceref<union.ef34b1fae8df131c6c97185482820bb32cd957a6b0ed51ce6b23465fc63eb844>
src/abap/5_syntax/expressions/sql_from.ts.SQLFrom::runSyntax,src/abap/5_syntax/expressions/sql_from.ts.SQLFrom::runSyntax/body/s0/x,src/abap/5_syntax/expressions/sql_from.ts:10:40,syntax,new,interfaceref<union.a4d0ccb535ead84cf0a3fba4afdbd09580e2c7b3f2e611d359e2cec125f49f13>,typed optional-reference table,,0,false,0,0,0,no non-null rows resolved (not an exact proof),,interfaceref<union.a4d0ccb535ead84cf0a3fba4afdbd09580e2c7b3f2e611d359e2cec125f49f13>
src/abap/5_syntax/expressions/sql_from.ts.SQLFrom::runSyntax,src/abap/5_syntax/expressions/sql_from.ts.SQLFrom::runSyntax/body/s2,src/abap/5_syntax/expressions/sql_from.ts:12:5,syntax,foreach,classref<src/abap/nodes/expression_node.ts.ExpressionNode>,shared object table,classref<src/abap/nodes/expression_node.ts.ExpressionNode>,1,false,1,1,1,hierarchy/mixed upper bound,class:src/abap/nodes/expression_node.ts.ExpressionNode;class:src/abap/nodes/statement_node.ts.StatementNode;class:src/abap/nodes/structure_node.ts.StructureNode;class:src/abap/nodes/token_node.ts.TokenNode;class:src/abap/nodes/token_node_regex.ts.TokenNodeRegex,classref<src/abap/nodes/expression_node.ts.ExpressionNode>
src/abap/5_syntax/expressions/sql_from.ts.SQLFrom::runSyntax,src/abap/5_syntax/expressions/sql_from.ts.SQLFrom::runSyntax/body/s2/body/s0,src/abap/5_syntax/expressions/sql_from.ts:13:7,syntax,foreach,classref<src/abap/nodes/expression_node.ts.ExpressionNode>,shared object table,classref<src/abap/nodes/expression_node.ts.ExpressionNode>,2,false,1,1,1,hierarchy/mixed upper bound,class:src/abap/nodes/expression_node.ts.ExpressionNode;class:src/abap/nodes/statement_node.ts.StatementNode;class:src/abap/nodes/structure_node.ts.StructureNode;class:src/abap/nodes/token_node.ts.TokenNode;class:src/abap/nodes/token_node_regex.ts.TokenNodeRegex,classref<src/abap/nodes/expression_node.ts.ExpressionNode>
src/abap/5_syntax/expressions/sql_in.ts.SQLIn::runSyntax,src/abap/5_syntax/expressions/sql_in.ts.SQLIn::runSyntax/body/s3,src/abap/5_syntax/expressions/sql_in.ts:43:5,syntax,foreach,classref<src/abap/nodes/expression_node.ts.ExpressionNode>,shared object table,classref<src/abap/nodes/expression_node.ts.ExpressionNode>,1,false,1,1,1,hierarchy/mixed upper bound,class:src/abap/nodes/expression_node.ts.ExpressionNode;class:src/abap/nodes/statement_node.ts.StatementNode;class:src/abap/nodes/structure_node.ts.StructureNode;class:src/abap/nodes/token_node.ts.TokenNode;class:src/abap/nodes/token_node_regex.ts.TokenNodeRegex,classref<src/abap/nodes/expression_node.ts.ExpressionNode>
src/abap/5_syntax/expressions/sql_in.ts.SQLIn::runSyntax,src/abap/5_syntax/expressions/sql_in.ts.SQLIn::runSyntax/body/s4,src/abap/5_syntax/expressions/sql_in.ts:46:5,syntax,foreach,classref<src/abap/nodes/expression_node.ts.ExpressionNode>,shared object table,classref<src/abap/nodes/expression_node.ts.ExpressionNode>,1,false,1,1,1,hierarchy/mixed upper bound,class:src/abap/nodes/expression_node.ts.ExpressionNode;class:src/abap/nodes/statement_node.ts.StatementNode;class:src/abap/nodes/structure_node.ts.StructureNode;class:src/abap/nodes/token_node.ts.TokenNode;class:src/abap/nodes/token_node_regex.ts.TokenNodeRegex,classref<src/abap/nodes/expression_node.ts.ExpressionNode>
src/abap/5_syntax/expressions/sql_set_op_group.ts.SQLSetOpGroup::runSyntax,src/abap/5_syntax/expressions/sql_set_op_group.ts.SQLSetOpGroup::runSyntax/body/s1,src/abap/5_syntax/expressions/sql_set_op_group.ts:13:5,syntax,foreach,classref<src/abap/nodes/expression_node.ts.ExpressionNode>,shared object table,classref<src/abap/nodes/expression_node.ts.ExpressionNode>,1,false,1,1,1,hierarchy/mixed upper bound,class:src/abap/nodes/expression_node.ts.ExpressionNode;class:src/abap/nodes/statement_node.ts.StatementNode;class:src/abap/nodes/structure_node.ts.StructureNode;class:src/abap/nodes/token_node.ts.TokenNode;class:src/abap/nodes/token_node_regex.ts.TokenNodeRegex,classref<src/abap/nodes/expression_node.ts.ExpressionNode>
src/abap/5_syntax/expressions/sql_set_op_group.ts.SQLSetOpGroup::runSyntax,src/abap/5_syntax/expressions/sql_set_op_group.ts.SQLSetOpGroup::runSyntax/body/s2,src/abap/5_syntax/expressions/sql_set_op_group.ts:17:5,syntax,foreach,classref<src/abap/nodes/expression_node.ts.ExpressionNode>,shared object table,classref<src/abap/nodes/expression_node.ts.ExpressionNode>,1,false,1,1,1,hierarchy/mixed upper bound,class:src/abap/nodes/expression_node.ts.ExpressionNode;class:src/abap/nodes/statement_node.ts.StatementNode;class:src/abap/nodes/structure_node.ts.StructureNode;class:src/abap/nodes/token_node.ts.TokenNode;class:src/abap/nodes/token_node_regex.ts.TokenNodeRegex,classref<src/abap/nodes/expression_node.ts.ExpressionNode>
src/abap/5_syntax/expressions/sql_source.ts.SQLSource::runSyntax,src/abap/5_syntax/expressions/sql_source.ts.SQLSource::runSyntax/body/s0,src/abap/5_syntax/expressions/sql_source.ts:10:5,syntax,foreach,classref<src/abap/nodes/expression_node.ts.ExpressionNode>,shared object table,classref<src/abap/nodes/expression_node.ts.ExpressionNode>,1,false,1,1,1,hierarchy/mixed upper bound,class:src/abap/nodes/expression_node.ts.ExpressionNode;class:src/abap/nodes/statement_node.ts.StatementNode;class:src/abap/nodes/structure_node.ts.StructureNode;class:src/abap/nodes/token_node.ts.TokenNode;class:src/abap/nodes/token_node_regex.ts.TokenNodeRegex,classref<src/abap/nodes/expression_node.ts.ExpressionNode>
src/abap/5_syntax/expressions/sql_source.ts.SQLSource::runSyntax,src/abap/5_syntax/expressions/sql_source.ts.SQLSource::runSyntax/body/s1,src/abap/5_syntax/expressions/sql_source.ts:13:5,syntax,foreach,classref<src/abap/nodes/expression_node.ts.ExpressionNode>,shared object table,classref<src/abap/nodes/expression_node.ts.ExpressionNode>,1,false,1,1,1,hierarchy/mixed upper bound,class:src/abap/nodes/expression_node.ts.ExpressionNode;class:src/abap/nodes/statement_node.ts.StatementNode;class:src/abap/nodes/structure_node.ts.StructureNode;class:src/abap/nodes/token_node.ts.TokenNode;class:src/abap/nodes/token_node_regex.ts.TokenNodeRegex,classref<src/abap/nodes/expression_node.ts.ExpressionNode>
src/abap/5_syntax/expressions/string_template.ts.StringTemplate::runSyntax,src/abap/5_syntax/expressions/string_template.ts.StringTemplate::runSyntax/body/s2,src/abap/5_syntax/expressions/string_template.ts:15:5,syntax,foreach,interfaceref<union.66719939903e43ae9586894a3271d3c1e0bc1a87886c0b01d3e32f95e19d70c3>,shared object table,interfaceref<union.66719939903e43ae9586894a3271d3c1e0bc1a87886c0b01d3e32f95e19d70c3>,1,false,1,1,0,hierarchy/mixed upper bound,class:src/abap/nodes/expression_node.ts.ExpressionNode;class:src/abap/nodes/statement_node.ts.StatementNode;class:src/abap/nodes/structure_node.ts.StructureNode;class:src/abap/nodes/token_node.ts.TokenNode;class:src/abap/nodes/token_node_regex.ts.TokenNodeRegex,interfaceref<src/abap/nodes/_inode.ts.INode>;interfaceref<union.66719939903e43ae9586894a3271d3c1e0bc1a87886c0b01d3e32f95e19d70c3>;interfaceref<union.ef34b1fae8df131c6c97185482820bb32cd957a6b0ed51ce6b23465fc63eb844>
src/abap/5_syntax/expressions/string_template.ts.StringTemplate::runSyntax,src/abap/5_syntax/expressions/string_template.ts.StringTemplate::runSyntax/body/s2/body/s0/body/s5,src/abap/5_syntax/expressions/string_template.ts:34:9,syntax,foreach,classref<src/abap/nodes/expression_node.ts.ExpressionNode>,shared object table,classref<src/abap/nodes/expression_node.ts.ExpressionNode>,2,false,1,1,1,hierarchy/mixed upper bound,class:src/abap/nodes/expression_node.ts.ExpressionNode;class:src/abap/nodes/statement_node.ts.StatementNode;class:src/abap/nodes/structure_node.ts.StructureNode;class:src/abap/nodes/token_node.ts.TokenNode;class:src/abap/nodes/token_node_regex.ts.TokenNodeRegex,classref<src/abap/nodes/expression_node.ts.ExpressionNode>
src/abap/5_syntax/expressions/string_template.ts.StringTemplate::runSyntax,src/abap/5_syntax/expressions/string_template.ts.StringTemplate::runSyntax/body/s2/body/s0/body/s5/x/1/2,src/abap/5_syntax/expressions/string_template.ts:34:86,syntax,new,classref<src/abap/nodes/expression_node.ts.ExpressionNode>,shared object table,,1,false,0,0,0,no non-null rows resolved (not an exact proof),,classref<src/abap/nodes/expression_node.ts.ExpressionNode>
src/abap/5_syntax/expressions/switch_body.ts.SwitchBody::runSyntax,src/abap/5_syntax/expressions/switch_body.ts.SwitchBody::runSyntax/body/s4,src/abap/5_syntax/expressions/switch_body.ts:25:5,syntax,foreach,classref<src/abap/nodes/expression_node.ts.ExpressionNode>,shared object table,classref<src/abap/nodes/expression_node.ts.ExpressionNode>,1,false,1,1,1,hierarchy/mixed upper bound,class:src/abap/nodes/expression_node.ts.ExpressionNode;class:src/abap/nodes/statement_node.ts.StatementNode;class:src/abap/nodes/structure_node.ts.StructureNode;class:src/abap/nodes/token_node.ts.TokenNode;class:src/abap/nodes/token_node_regex.ts.TokenNodeRegex,classref<src/abap/nodes/expression_node.ts.ExpressionNode>
src/abap/5_syntax/expressions/table_expression.ts.TableExpression::runSyntax,src/abap/5_syntax/expressions/table_expression.ts.TableExpression::runSyntax/body/s3/else/else/s1,src/abap/5_syntax/expressions/table_expression.ts:28:7,syntax,foreach,interfaceref<union.66719939903e43ae9586894a3271d3c1e0bc1a87886c0b01d3e32f95e19d70c3>,shared object table,interfaceref<union.66719939903e43ae9586894a3271d3c1e0bc1a87886c0b01d3e32f95e19d70c3>,1,false,1,1,0,hierarchy/mixed upper bound,class:src/abap/nodes/expression_node.ts.ExpressionNode;class:src/abap/nodes/statement_node.ts.StatementNode;class:src/abap/nodes/structure_node.ts.StructureNode;class:src/abap/nodes/token_node.ts.TokenNode;class:src/abap/nodes/token_node_regex.ts.TokenNodeRegex,interfaceref<src/abap/nodes/_inode.ts.INode>;interfaceref<union.66719939903e43ae9586894a3271d3c1e0bc1a87886c0b01d3e32f95e19d70c3>;interfaceref<union.ef34b1fae8df131c6c97185482820bb32cd957a6b0ed51ce6b23465fc63eb844>
src/abap/5_syntax/expressions/target.ts.Target::runSyntax,src/abap/5_syntax/expressions/target.ts.Target::runSyntax/body/s3/x,src/abap/5_syntax/expressions/target.ts:32:19,syntax,index,interfaceref<union.66719939903e43ae9586894a3271d3c1e0bc1a87886c0b01d3e32f95e19d70c3>,shared object table,interfaceref<union.66719939903e43ae9586894a3271d3c1e0bc1a87886c0b01d3e32f95e19d70c3>,0,false,1,1,0,hierarchy/mixed upper bound,class:src/abap/nodes/expression_node.ts.ExpressionNode;class:src/abap/nodes/statement_node.ts.StatementNode;class:src/abap/nodes/structure_node.ts.StructureNode;class:src/abap/nodes/token_node.ts.TokenNode;class:src/abap/nodes/token_node_regex.ts.TokenNodeRegex,interfaceref<src/abap/nodes/_inode.ts.INode>;interfaceref<union.66719939903e43ae9586894a3271d3c1e0bc1a87886c0b01d3e32f95e19d70c3>;interfaceref<union.ef34b1fae8df131c6c97185482820bb32cd957a6b0ed51ce6b23465fc63eb844>
src/abap/5_syntax/expressions/target.ts.Target::runSyntax,src/abap/5_syntax/expressions/target.ts.Target::runSyntax/body/s8/body/s0/x,src/abap/5_syntax/expressions/target.ts:46:23,syntax,index,interfaceref<union.66719939903e43ae9586894a3271d3c1e0bc1a87886c0b01d3e32f95e19d70c3>,shared object table,interfaceref<union.66719939903e43ae9586894a3271d3c1e0bc1a87886c0b01d3e32f95e19d70c3>,1,false,1,1,0,hierarchy/mixed upper bound,class:src/abap/nodes/expression_node.ts.ExpressionNode;class:src/abap/nodes/statement_node.ts.StatementNode;class:src/abap/nodes/structure_node.ts.StructureNode;class:src/abap/nodes/token_node.ts.TokenNode;class:src/abap/nodes/token_node_regex.ts.TokenNodeRegex,interfaceref<src/abap/nodes/_inode.ts.INode>;interfaceref<union.66719939903e43ae9586894a3271d3c1e0bc1a87886c0b01d3e32f95e19d70c3>;interfaceref<union.ef34b1fae8df131c6c97185482820bb32cd957a6b0ed51ce6b23465fc63eb844>
src/abap/5_syntax/expressions/type_table.ts.TypeTable::runSyntax,src/abap/5_syntax/expressions/type_table.ts.TypeTable::runSyntax/body/s8,src/abap/5_syntax/expressions/type_table.ts:37:5,syntax,foreach,classref<src/abap/nodes/expression_node.ts.ExpressionNode>,shared object table,classref<src/abap/nodes/expression_node.ts.ExpressionNode>,1,false,1,1,1,hierarchy/mixed upper bound,class:src/abap/nodes/expression_node.ts.ExpressionNode;class:src/abap/nodes/statement_node.ts.StatementNode;class:src/abap/nodes/structure_node.ts.StructureNode;class:src/abap/nodes/token_node.ts.TokenNode;class:src/abap/nodes/token_node_regex.ts.TokenNodeRegex,classref<src/abap/nodes/expression_node.ts.ExpressionNode>
src/abap/5_syntax/expressions/type_table_key.ts.TypeTableKey::runSyntax,src/abap/5_syntax/expressions/type_table_key.ts.TypeTableKey::runSyntax/body/s0/body/s1/body/s0,src/abap/5_syntax/expressions/type_table_key.ts:11:9,syntax,foreach,classref<src/abap/nodes/expression_node.ts.ExpressionNode>,shared object table,classref<src/abap/nodes/expression_node.ts.ExpressionNode>,1,false,1,1,1,hierarchy/mixed upper bound,class:src/abap/nodes/expression_node.ts.ExpressionNode;class:src/abap/nodes/statement_node.ts.StatementNode;class:src/abap/nodes/structure_node.ts.StructureNode;class:src/abap/nodes/token_node.ts.TokenNode;class:src/abap/nodes/token_node_regex.ts.TokenNodeRegex,classref<src/abap/nodes/expression_node.ts.ExpressionNode>
src/abap/5_syntax/expressions/value_body.ts.ValueBody::runSyntax,src/abap/5_syntax/expressions/value_body.ts.ValueBody::runSyntax/body/s11,src/abap/5_syntax/expressions/value_body.ts:71:5,syntax,foreach,classref<src/abap/nodes/expression_node.ts.ExpressionNode>,shared object table,classref<src/abap/nodes/expression_node.ts.ExpressionNode>,1,false,1,1,1,hierarchy/mixed upper bound,class:src/abap/nodes/expression_node.ts.ExpressionNode;class:src/abap/nodes/statement_node.ts.StatementNode;class:src/abap/nodes/structure_node.ts.StructureNode;class:src/abap/nodes/token_node.ts.TokenNode;class:src/abap/nodes/token_node_regex.ts.TokenNodeRegex,classref<src/abap/nodes/expression_node.ts.ExpressionNode>
src/abap/5_syntax/expressions/value_body.ts.ValueBody::runSyntax,src/abap/5_syntax/expressions/value_body.ts.ValueBody::runSyntax/body/s12,src/abap/5_syntax/expressions/value_body.ts:74:5,syntax,foreach,classref<src/abap/nodes/expression_node.ts.ExpressionNode>,shared object table,classref<src/abap/nodes/expression_node.ts.ExpressionNode>,1,false,1,1,1,hierarchy/mixed upper bound,class:src/abap/nodes/expression_node.ts.ExpressionNode;class:src/abap/nodes/statement_node.ts.StatementNode;class:src/abap/nodes/structure_node.ts.StructureNode;class:src/abap/nodes/token_node.ts.TokenNode;class:src/abap/nodes/token_node_regex.ts.TokenNodeRegex,classref<src/abap/nodes/expression_node.ts.ExpressionNode>
src/abap/5_syntax/expressions/value_body.ts.ValueBody::runSyntax,src/abap/5_syntax/expressions/value_body.ts.ValueBody::runSyntax/body/s12/x/1/2,src/abap/5_syntax/expressions/value_body.ts:74:116,syntax,new,classref<src/abap/nodes/expression_node.ts.ExpressionNode>,shared object table,,0,false,0,0,0,no non-null rows resolved (not an exact proof),,classref<src/abap/nodes/expression_node.ts.ExpressionNode>
src/abap/5_syntax/expressions/value_body.ts.ValueBody::runSyntax,src/abap/5_syntax/expressions/value_body.ts.ValueBody::runSyntax/body/s13,src/abap/5_syntax/expressions/value_body.ts:78:5,syntax,foreach,classref<src/abap/nodes/expression_node.ts.ExpressionNode>,shared object table,classref<src/abap/nodes/expression_node.ts.ExpressionNode>,1,false,1,1,1,hierarchy/mixed upper bound,class:src/abap/nodes/expression_node.ts.ExpressionNode;class:src/abap/nodes/statement_node.ts.StatementNode;class:src/abap/nodes/structure_node.ts.StructureNode;class:src/abap/nodes/token_node.ts.TokenNode;class:src/abap/nodes/token_node_regex.ts.TokenNodeRegex,classref<src/abap/nodes/expression_node.ts.ExpressionNode>
src/abap/5_syntax/expressions/value_body.ts.ValueBody::runSyntax,src/abap/5_syntax/expressions/value_body.ts.ValueBody::runSyntax/body/s13/body/s3,src/abap/5_syntax/expressions/value_body.ts:93:7,syntax,foreach,classref<src/abap/nodes/expression_node.ts.ExpressionNode>,shared object table,classref<src/abap/nodes/expression_node.ts.ExpressionNode>,2,false,1,1,1,hierarchy/mixed upper bound,class:src/abap/nodes/expression_node.ts.ExpressionNode;class:src/abap/nodes/statement_node.ts.StatementNode;class:src/abap/nodes/structure_node.ts.StructureNode;class:src/abap/nodes/token_node.ts.TokenNode;class:src/abap/nodes/token_node_regex.ts.TokenNodeRegex,classref<src/abap/nodes/expression_node.ts.ExpressionNode>
src/abap/5_syntax/expressions/value_body.ts.ValueBody::runSyntax,src/abap/5_syntax/expressions/value_body.ts.ValueBody::runSyntax/body/s13/body/s3/body/s0,src/abap/5_syntax/expressions/value_body.ts:94:9,syntax,foreach,classref<src/abap/nodes/expression_node.ts.ExpressionNode>,shared object table,classref<src/abap/nodes/expression_node.ts.ExpressionNode>,3,false,1,1,1,hierarchy/mixed upper bound,class:src/abap/nodes/expression_node.ts.ExpressionNode;class:src/abap/nodes/statement_node.ts.StatementNode;class:src/abap/nodes/structure_node.ts.StructureNode;class:src/abap/nodes/token_node.ts.TokenNode;class:src/abap/nodes/token_node_regex.ts.TokenNodeRegex,classref<src/abap/nodes/expression_node.ts.ExpressionNode>
src/abap/5_syntax/expressions/value_body.ts.ValueBody::runSyntax,src/abap/5_syntax/expressions/value_body.ts.ValueBody::runSyntax/body/s13/body/s4,src/abap/5_syntax/expressions/value_body.ts:99:7,syntax,foreach,classref<src/abap/nodes/expression_node.ts.ExpressionNode>,shared object table,classref<src/abap/nodes/expression_node.ts.ExpressionNode>,2,false,1,1,1,hierarchy/mixed upper bound,class:src/abap/nodes/expression_node.ts.ExpressionNode;class:src/abap/nodes/statement_node.ts.StatementNode;class:src/abap/nodes/structure_node.ts.StructureNode;class:src/abap/nodes/token_node.ts.TokenNode;class:src/abap/nodes/token_node_regex.ts.TokenNodeRegex,classref<src/abap/nodes/expression_node.ts.ExpressionNode>
src/abap/5_syntax/expressions/value_body.ts.ValueBody::runSyntax,src/abap/5_syntax/expressions/value_body.ts.ValueBody::runSyntax/body/s13/body/s5,src/abap/5_syntax/expressions/value_body.ts:102:7,syntax,foreach,classref<src/abap/nodes/expression_node.ts.ExpressionNode>,shared object table,classref<src/abap/nodes/expression_node.ts.ExpressionNode>,2,false,1,1,1,hierarchy/mixed upper bound,class:src/abap/nodes/expression_node.ts.ExpressionNode;class:src/abap/nodes/statement_node.ts.StatementNode;class:src/abap/nodes/structure_node.ts.StructureNode;class:src/abap/nodes/token_node.ts.TokenNode;class:src/abap/nodes/token_node_regex.ts.TokenNodeRegex,classref<src/abap/nodes/expression_node.ts.ExpressionNode>
src/abap/5_syntax/expressions/value_body.ts.ValueBody::runSyntax,src/abap/5_syntax/expressions/value_body.ts.ValueBody::runSyntax/body/s5,src/abap/5_syntax/expressions/value_body.ts:28:5,syntax,foreach,classref<src/abap/nodes/expression_node.ts.ExpressionNode>,shared object table,classref<src/abap/nodes/expression_node.ts.ExpressionNode>,1,false,1,1,1,hierarchy/mixed upper bound,class:src/abap/nodes/expression_node.ts.ExpressionNode;class:src/abap/nodes/statement_node.ts.StatementNode;class:src/abap/nodes/structure_node.ts.StructureNode;class:src/abap/nodes/token_node.ts.TokenNode;class:src/abap/nodes/token_node_regex.ts.TokenNodeRegex,classref<src/abap/nodes/expression_node.ts.ExpressionNode>
src/abap/5_syntax/expressions/value_body.ts.ValueBody::runSyntax,src/abap/5_syntax/expressions/value_body.ts.ValueBody::runSyntax/body/s5/x/1/2,src/abap/5_syntax/expressions/value_body.ts:28:74,syntax,new,classref<src/abap/nodes/expression_node.ts.ExpressionNode>,shared object table,,0,false,0,0,0,no non-null rows resolved (not an exact proof),,classref<src/abap/nodes/expression_node.ts.ExpressionNode>
src/abap/5_syntax/expressions/value_body.ts.ValueBody::runSyntax,src/abap/5_syntax/expressions/value_body.ts.ValueBody::runSyntax/body/s8,src/abap/5_syntax/expressions/value_body.ts:37:5,syntax,foreach,interfaceref<union.66719939903e43ae9586894a3271d3c1e0bc1a87886c0b01d3e32f95e19d70c3>,shared object table,interfaceref<union.66719939903e43ae9586894a3271d3c1e0bc1a87886c0b01d3e32f95e19d70c3>,1,false,1,1,0,hierarchy/mixed upper bound,class:src/abap/nodes/expression_node.ts.ExpressionNode;class:src/abap/nodes/statement_node.ts.StatementNode;class:src/abap/nodes/structure_node.ts.StructureNode;class:src/abap/nodes/token_node.ts.TokenNode;class:src/abap/nodes/token_node_regex.ts.TokenNodeRegex,interfaceref<src/abap/nodes/_inode.ts.INode>;interfaceref<union.66719939903e43ae9586894a3271d3c1e0bc1a87886c0b01d3e32f95e19d70c3>;interfaceref<union.ef34b1fae8df131c6c97185482820bb32cd957a6b0ed51ce6b23465fc63eb844>
src/abap/5_syntax/expressions/value_body.ts.ValueBody::runSyntax,src/abap/5_syntax/expressions/value_body.ts.ValueBody::runSyntax/body/s8/body/s0/else/else/body/s1,src/abap/5_syntax/expressions/value_body.ts:52:9,syntax,foreach,classref<src/abap/nodes/expression_node.ts.ExpressionNode>,shared object table,classref<src/abap/nodes/expression_node.ts.ExpressionNode>,2,false,1,1,1,hierarchy/mixed upper bound,class:src/abap/nodes/expression_node.ts.ExpressionNode;class:src/abap/nodes/statement_node.ts.StatementNode;class:src/abap/nodes/structure_node.ts.StructureNode;class:src/abap/nodes/token_node.ts.TokenNode;class:src/abap/nodes/token_node_regex.ts.TokenNodeRegex,classref<src/abap/nodes/expression_node.ts.ExpressionNode>
src/abap/5_syntax/expressions/value_body.ts.ValueBody::runSyntax,src/abap/5_syntax/expressions/value_body.ts.ValueBody::runSyntax/body/s9,src/abap/5_syntax/expressions/value_body.ts:66:5,syntax,foreach,classref<src/abap/nodes/expression_node.ts.ExpressionNode>,shared object table,classref<src/abap/nodes/expression_node.ts.ExpressionNode>,1,false,1,1,1,hierarchy/mixed upper bound,class:src/abap/nodes/expression_node.ts.ExpressionNode;class:src/abap/nodes/statement_node.ts.StatementNode;class:src/abap/nodes/structure_node.ts.StructureNode;class:src/abap/nodes/token_node.ts.TokenNode;class:src/abap/nodes/token_node_regex.ts.TokenNodeRegex,classref<src/abap/nodes/expression_node.ts.ExpressionNode>
src/abap/5_syntax/global_definitions/find_global_definitions.ts.FindGlobalDefinitions::count,src/abap/5_syntax/global_definitions/find_global_definitions.ts.FindGlobalDefinitions::count/body/s0/else/else/else/body/s1,src/abap/5_syntax/global_definitions/find_global_definitions.ts:111:7,syntax,foreach,classref<src/abap/types/basic/structure_type.ts.IStructureComponent>,shared object table,classref<src/abap/types/basic/structure_type.ts.IStructureComponent>,1,false,1,1,1,unknown native/unresolved flow,class:src/abap/types/basic/structure_type.ts.IStructureComponent;unknown:classref<src/abap/types/basic/structure_type.ts.IStructureComponent>,classref<src/abap/types/basic/structure_type.ts.IStructureComponent>
src/abap/5_syntax/global_definitions/find_global_definitions.ts.FindGlobalDefinitions::countUntyped,src/abap/5_syntax/global_definitions/find_global_definitions.ts.FindGlobalDefinitions::countUntyped/body/s3,src/abap/5_syntax/global_definitions/find_global_definitions.ts:78:5,syntax,foreach,classref<src/abap/types/_type_definitions.ts.TypeDefinitionsEntry>,shared object table,classref<src/abap/types/_type_definitions.ts.TypeDefinitionsEntry>,1,false,1,1,1,exact,class:src/abap/types/_type_definitions.ts.TypeDefinitionsEntry,classref<src/abap/types/_type_definitions.ts.TypeDefinitionsEntry>
src/abap/5_syntax/global_definitions/find_global_definitions.ts.FindGlobalDefinitions::countUntyped,src/abap/5_syntax/global_definitions/find_global_definitions.ts.FindGlobalDefinitions::countUntyped/body/s4,src/abap/5_syntax/global_definitions/find_global_definitions.ts:81:5,syntax,foreach,classref<src/abap/types/class_attribute.ts.ClassAttribute>,shared object table,classref<src/abap/types/class_attribute.ts.ClassAttribute>,1,false,1,1,1,exact,class:src/abap/types/class_attribute.ts.ClassAttribute,classref<src/abap/types/class_attribute.ts.ClassAttribute>
src/abap/5_syntax/global_definitions/find_global_definitions.ts.FindGlobalDefinitions::countUntyped,src/abap/5_syntax/global_definitions/find_global_definitions.ts.FindGlobalDefinitions::countUntyped/body/s5,src/abap/5_syntax/global_definitions/find_global_definitions.ts:84:5,syntax,foreach,classref<src/abap/types/class_constant.ts.ClassConstant>,shared object table,classref<src/abap/types/class_constant.ts.ClassConstant>,1,false,1,1,0,exact,class:src/abap/types/class_constant.ts.ClassConstant,classref<src/abap/types/_typed_identifier.ts.TypedIdentifier>;classref<src/abap/types/class_constant.ts.ClassConstant>
src/abap/5_syntax/global_definitions/find_global_definitions.ts.FindGlobalDefinitions::countUntyped,src/abap/5_syntax/global_definitions/find_global_definitions.ts.FindGlobalDefinitions::countUntyped/body/s6,src/abap/5_syntax/global_definitions/find_global_definitions.ts:88:5,syntax,foreach,interfaceref<src/abap/types/_method_definition.ts.IMethodDefinition>,shared object table,interfaceref<src/abap/types/_method_definition.ts.IMethodDefinition>,1,false,1,1,1,no non-null rows resolved (not an exact proof),,interfaceref<src/abap/types/_method_definition.ts.IMethodDefinition>
src/abap/5_syntax/global_definitions/find_global_definitions.ts.FindGlobalDefinitions::countUntyped,src/abap/5_syntax/global_definitions/find_global_definitions.ts.FindGlobalDefinitions::countUntyped/body/s6/body/s0,src/abap/5_syntax/global_definitions/find_global_definitions.ts:89:7,syntax,foreach,classref<src/abap/types/_typed_identifier.ts.TypedIdentifier>,shared object table,classref<src/abap/types/_typed_identifier.ts.TypedIdentifier>,2,false,1,1,1,exact,class:src/abap/types/_typed_identifier.ts.TypedIdentifier,classref<src/abap/types/_typed_identifier.ts.TypedIdentifier>
src/abap/5_syntax/global_definitions/find_global_definitions.ts.FindGlobalDefinitions::countUntyped,src/abap/5_syntax/global_definitions/find_global_definitions.ts.FindGlobalDefinitions::countUntyped/body/s7,src/abap/5_syntax/global_definitions/find_global_definitions.ts:93:5,syntax,foreach,interfaceref<src/abap/types/_event_definition.ts.IEventDefinition>,shared object table,interfaceref<src/abap/types/_event_definition.ts.IEventDefinition>,1,false,1,1,1,hierarchy/mixed upper bound,class:src/abap/types/event_definition.ts.EventDefinition,interfaceref<src/abap/types/_event_definition.ts.IEventDefinition>
src/abap/5_syntax/global_definitions/find_global_definitions.ts.FindGlobalDefinitions::countUntyped,src/abap/5_syntax/global_definitions/find_global_definitions.ts.FindGlobalDefinitions::countUntyped/body/s7/body/s0,src/abap/5_syntax/global_definitions/find_global_definitions.ts:94:7,syntax,foreach,classref<src/abap/types/_typed_identifier.ts.TypedIdentifier>,shared object table,classref<src/abap/types/_typed_identifier.ts.TypedIdentifier>,2,false,1,1,1,exact,class:src/abap/types/_typed_identifier.ts.TypedIdentifier,classref<src/abap/types/_typed_identifier.ts.TypedIdentifier>
src/abap/5_syntax/global_definitions/find_global_definitions.ts.FindGlobalDefinitions::countUntyped,src/abap/5_syntax/global_definitions/find_global_definitions.ts.FindGlobalDefinitions::countUntyped/body/s7/x/1/2,src/abap/5_syntax/global_definitions/find_global_definitions.ts:93:40,syntax,new,interfaceref<src/abap/types/_event_definition.ts.IEventDefinition>,shared object table,,0,false,0,0,0,no non-null rows resolved (not an exact proof),,interfaceref<src/abap/types/_event_definition.ts.IEventDefinition>
src/abap/5_syntax/global_definitions/find_global_definitions.ts.FindGlobalDefinitions::run,src/abap/5_syntax/global_definitions/find_global_definitions.ts.FindGlobalDefinitions::run/body/s2/x,src/abap/5_syntax/global_definitions/find_global_definitions.ts:29:45,syntax,new,interfaceref<union.b0b6a58b84dc8bc589d0501b1bd3651c334e7360f1d90cb261317c96490bb097>,shared object table,,0,false,0,0,0,no non-null rows resolved (not an exact proof),,interfaceref<union.b0b6a58b84dc8bc589d0501b1bd3651c334e7360f1d90cb261317c96490bb097>
src/abap/5_syntax/global_definitions/find_global_definitions.ts.FindGlobalDefinitions::run,src/abap/5_syntax/global_definitions/find_global_definitions.ts.FindGlobalDefinitions::run/body/s3,src/abap/5_syntax/global_definitions/find_global_definitions.ts:30:5,syntax,foreach,interfaceref<src/objects/_iobject.ts.IObject>,shared object table,interfaceref<src/objects/_iobject.ts.IObject>,1,false,1,1,1,no non-null rows resolved (not an exact proof),,interfaceref<src/objects/_iobject.ts.IObject>
src/abap/5_syntax/global_definitions/find_global_definitions.ts.FindGlobalDefinitions::run,src/abap/5_syntax/global_definitions/find_global_definitions.ts.FindGlobalDefinitions::run/body/s4/x/seq/s3/body/s0/x/0,,syntax,array.get,interfaceref<union.b0b6a58b84dc8bc589d0501b1bd3651c334e7360f1d90cb261317c96490bb097>,shared object table,optional<interfaceref<union.b0b6a58b84dc8bc589d0501b1bd3651c334e7360f1d90cb261317c96490bb097>>,1,false,1,1,1,no non-null rows resolved (not an exact proof),,interfaceref<union.b0b6a58b84dc8bc589d0501b1bd3651c334e7360f1d90cb261317c96490bb097>
src/abap/5_syntax/global_definitions/find_global_definitions.ts.FindGlobalDefinitions::run,src/abap/5_syntax/global_definitions/find_global_definitions.ts.FindGlobalDefinitions::run/body/s4/x/seq/s3/body/s2/body/s0/x/0,,syntax,array.get,interfaceref<union.b0b6a58b84dc8bc589d0501b1bd3651c334e7360f1d90cb261317c96490bb097>,shared object table,optional<interfaceref<union.b0b6a58b84dc8bc589d0501b1bd3651c334e7360f1d90cb261317c96490bb097>>,2,false,1,1,1,no non-null rows resolved (not an exact proof),,interfaceref<union.b0b6a58b84dc8bc589d0501b1bd3651c334e7360f1d90cb261317c96490bb097>
src/abap/5_syntax/global_definitions/find_global_definitions.ts.FindGlobalDefinitions::run,src/abap/5_syntax/global_definitions/find_global_definitions.ts.FindGlobalDefinitions::run/body/s5/s1/body/s0/s2/x,src/abap/5_syntax/global_definitions/find_global_definitions.ts:49:43,syntax,new,interfaceref<union.b0b6a58b84dc8bc589d0501b1bd3651c334e7360f1d90cb261317c96490bb097>,shared object table,,1,false,0,0,0,no non-null rows resolved (not an exact proof),,interfaceref<union.b0b6a58b84dc8bc589d0501b1bd3651c334e7360f1d90cb261317c96490bb097>
src/abap/5_syntax/global_definitions/find_global_definitions.ts.FindGlobalDefinitions::run,src/abap/5_syntax/global_definitions/find_global_definitions.ts.FindGlobalDefinitions::run/body/s5/s1/body/s0/s3,src/abap/5_syntax/global_definitions/find_global_definitions.ts:50:7,syntax,foreach,interfaceref<union.b0b6a58b84dc8bc589d0501b1bd3651c334e7360f1d90cb261317c96490bb097>,shared object table,interfaceref<union.b0b6a58b84dc8bc589d0501b1bd3651c334e7360f1d90cb261317c96490bb097>,2,false,1,1,1,no non-null rows resolved (not an exact proof),,interfaceref<union.b0b6a58b84dc8bc589d0501b1bd3651c334e7360f1d90cb261317c96490bb097>
src/abap/5_syntax/global_definitions/find_global_definitions.ts.FindGlobalDefinitions::update,src/abap/5_syntax/global_definitions/find_global_definitions.ts.FindGlobalDefinitions::update/body/s4/x/arg2,src/abap/5_syntax/global_definitions/find_global_definitions.ts:135:15,syntax,new,classref<src/issue.ts.Issue>,shared object table,,0,false,0,0,0,exact,class:src/issue.ts.Issue,classref<src/issue.ts.Issue>
src/abap/5_syntax/global_definitions/find_global_definitions.ts.FindGlobalDefinitions::update,src/abap/5_syntax/global_definitions/find_global_definitions.ts.FindGlobalDefinitions::update/body/s4/x/arg3,src/abap/5_syntax/global_definitions/find_global_definitions.ts:136:17,syntax,new,interfaceref<closure.thunk>,shared object table,,0,false,0,0,0,hierarchy/mixed upper bound,class:closure.106339,interfaceref<closure.thunk>
src/abap/5_syntax/spaghetti_scope.ts.ScopeData::constructor,src/abap/5_syntax/spaghetti_scope.ts.ScopeData::constructor/body/s0/y/arg6,src/abap/5_syntax/spaghetti_scope.ts:19:14,syntax,new,interfaceref<src/abap/types/_form_definition.ts.IFormDefinition>,shared object table,,0,false,0,0,0,hierarchy/mixed upper bound,class:src/abap/types/form_definition.ts.FormDefinition,interfaceref<src/abap/types/_form_definition.ts.IFormDefinition>
src/abap/5_syntax/spaghetti_scope.ts.ScopeData::constructor,src/abap/5_syntax/spaghetti_scope.ts.ScopeData::constructor/body/s0/y/arg7,src/abap/5_syntax/spaghetti_scope.ts:23:19,syntax,new,classref<src/abap/5_syntax/_reference.ts.IReference>,shared object table,,0,false,0,0,0,exact,class:src/abap/5_syntax/_reference.ts.IReference,classref<src/abap/5_syntax/_reference.ts.IReference>
src/abap/5_syntax/spaghetti_scope.ts.ScopeData::constructor,src/abap/5_syntax/spaghetti_scope.ts.ScopeData::constructor/body/s0/y/arg8,src/abap/5_syntax/spaghetti_scope.ts:24:22,syntax,new,classref<shape.9a2880cecfba4feed82205266048b869927e166885e968a525748e506407e01a>,shared object table,,0,false,0,0,0,no non-null rows resolved (not an exact proof),,classref<shape.9a2880cecfba4feed82205266048b869927e166885e968a525748e506407e01a>
src/abap/5_syntax/spaghetti_scope.ts.SpaghettiScopeNode::constructor,src/abap/5_syntax/spaghetti_scope.ts.SpaghettiScopeNode::constructor/body/s3/y,src/abap/5_syntax/spaghetti_scope.ts:45:21,syntax,new,classref<src/abap/5_syntax/spaghetti_scope.ts.SpaghettiScopeNode>,shared object table,,0,false,0,0,0,exact,class:src/abap/5_syntax/spaghetti_scope.ts.SpaghettiScopeNode,classref<src/abap/5_syntax/spaghetti_scope.ts.SpaghettiScopeNode>;interfaceref<src/abap/5_syntax/_spaghetti_scope.ts.ISpaghettiScopeNode>
src/abap/5_syntax/spaghetti_scope.ts.SpaghettiScopeNode::findFormDefinition,src/abap/5_syntax/spaghetti_scope.ts.SpaghettiScopeNode::findFormDefinition/body/s2/body/s0,src/abap/5_syntax/spaghetti_scope.ts:140:7,syntax,foreach,interfaceref<src/abap/types/_form_definition.ts.IFormDefinition>,shared object table,interfaceref<src/abap/types/_form_definition.ts.IFormDefinition>,2,false,1,1,1,hierarchy/mixed upper bound,class:src/abap/types/form_definition.ts.FormDefinition,interfaceref<src/abap/types/_form_definition.ts.IFormDefinition>
src/abap/5_syntax/spaghetti_scope.ts.SpaghettiScopeNode::getFirstChild_instantiated_src/abap/5_syntax/spaghetti_scope.ts.SpaghettiScopeNode,src/abap/5_syntax/spaghetti_scope.ts.SpaghettiScopeNode::getFirstChild_instantiated_src/abap/5_syntax/spaghetti_scope.ts.SpaghettiScopeNode/body/s0/x/1,src/abap/5_syntax/spaghetti_scope.ts:61:12,syntax,index,classref<src/abap/5_syntax/spaghetti_scope.ts.SpaghettiScopeNode>,shared object table,classref<src/abap/5_syntax/spaghetti_scope.ts.SpaghettiScopeNode>,0,false,1,1,0,exact,class:src/abap/5_syntax/spaghetti_scope.ts.SpaghettiScopeNode,classref<src/abap/5_syntax/spaghetti_scope.ts.SpaghettiScopeNode>;interfaceref<src/abap/5_syntax/_spaghetti_scope.ts.ISpaghettiScopeNode>
src/abap/5_syntax/statements/assert.ts.Assert::runSyntax,src/abap/5_syntax/statements/assert.ts.Assert::runSyntax/body/s0,src/abap/5_syntax/statements/assert.ts:9:5,syntax,foreach,classref<src/abap/nodes/expression_node.ts.ExpressionNode>,shared object table,classref<src/abap/nodes/expression_node.ts.ExpressionNode>,1,false,1,1,1,hierarchy/mixed upper bound,class:src/abap/nodes/expression_node.ts.ExpressionNode;class:src/abap/nodes/statement_node.ts.StatementNode;class:src/abap/nodes/structure_node.ts.StructureNode;class:src/abap/nodes/token_node.ts.TokenNode;class:src/abap/nodes/token_node_regex.ts.TokenNodeRegex,classref<src/abap/nodes/expression_node.ts.ExpressionNode>
src/abap/5_syntax/statements/assign.ts.Assign::runSyntax,src/abap/5_syntax/statements/assign.ts.Assign::runSyntax/body/s11,src/abap/5_syntax/statements/assign.ts:50:5,syntax,foreach,classref<src/abap/nodes/expression_node.ts.ExpressionNode>,shared object table,classref<src/abap/nodes/expression_node.ts.ExpressionNode>,1,false,1,1,1,hierarchy/mixed upper bound,class:src/abap/nodes/expression_node.ts.ExpressionNode;class:src/abap/nodes/statement_node.ts.StatementNode;class:src/abap/nodes/structure_node.ts.StructureNode;class:src/abap/nodes/token_node.ts.TokenNode;class:src/abap/nodes/token_node_regex.ts.TokenNodeRegex,classref<src/abap/nodes/expression_node.ts.ExpressionNode>
src/abap/5_syntax/statements/assign.ts.Assign::runSyntax,src/abap/5_syntax/statements/assign.ts.Assign::runSyntax/body/s11/x/1/2,src/abap/5_syntax/statements/assign.ts:50:78,syntax,new,classref<src/abap/nodes/expression_node.ts.ExpressionNode>,shared object table,,0,false,0,0,0,no non-null rows resolved (not an exact proof),,classref<src/abap/nodes/expression_node.ts.ExpressionNode>
src/abap/5_syntax/statements/assign.ts.Assign::runSyntax,src/abap/5_syntax/statements/assign.ts.Assign::runSyntax/body/s14,src/abap/5_syntax/statements/assign.ts:63:5,syntax,foreach,classref<src/abap/nodes/expression_node.ts.ExpressionNode>,shared object table,classref<src/abap/nodes/expression_node.ts.ExpressionNode>,1,false,1,1,1,hierarchy/mixed upper bound,class:src/abap/nodes/expression_node.ts.ExpressionNode;class:src/abap/nodes/statement_node.ts.StatementNode;class:src/abap/nodes/structure_node.ts.StructureNode;class:src/abap/nodes/token_node.ts.TokenNode;class:src/abap/nodes/token_node_regex.ts.TokenNodeRegex,classref<src/abap/nodes/expression_node.ts.ExpressionNode>
src/abap/5_syntax/statements/assign.ts.Assign::runSyntax,src/abap/5_syntax/statements/assign.ts.Assign::runSyntax/body/s2/x/1/2,src/abap/5_syntax/statements/assign.ts:16:132,syntax,new,classref<src/abap/nodes/expression_node.ts.ExpressionNode>,shared object table,,0,false,0,0,0,no non-null rows resolved (not an exact proof),,classref<src/abap/nodes/expression_node.ts.ExpressionNode>
src/abap/5_syntax/statements/assign.ts.Assign::runSyntax,src/abap/5_syntax/statements/assign.ts.Assign::runSyntax/body/s3/x,src/abap/5_syntax/statements/assign.ts:17:23,syntax,index,classref<src/abap/nodes/expression_node.ts.ExpressionNode>,shared object table,classref<src/abap/nodes/expression_node.ts.ExpressionNode>,0,false,1,1,1,hierarchy/mixed upper bound,class:src/abap/nodes/expression_node.ts.ExpressionNode;class:src/abap/nodes/statement_node.ts.StatementNode;class:src/abap/nodes/structure_node.ts.StructureNode;class:src/abap/nodes/token_node.ts.TokenNode;class:src/abap/nodes/token_node_regex.ts.TokenNodeRegex,classref<src/abap/nodes/expression_node.ts.ExpressionNode>
src/abap/5_syntax/statements/assign.ts.Assign::runSyntax,src/abap/5_syntax/statements/assign.ts.Assign::runSyntax/body/s5/x/1/2,src/abap/5_syntax/statements/assign.ts:20:25,syntax,index,interfaceref<union.66719939903e43ae9586894a3271d3c1e0bc1a87886c0b01d3e32f95e19d70c3>,shared object table,interfaceref<union.66719939903e43ae9586894a3271d3c1e0bc1a87886c0b01d3e32f95e19d70c3>,0,false,1,1,0,hierarchy/mixed upper bound,class:src/abap/nodes/expression_node.ts.ExpressionNode;class:src/abap/nodes/statement_node.ts.StatementNode;class:src/abap/nodes/structure_node.ts.StructureNode;class:src/abap/nodes/token_node.ts.TokenNode;class:src/abap/nodes/token_node_regex.ts.TokenNodeRegex,interfaceref<src/abap/nodes/_inode.ts.INode>;interfaceref<union.66719939903e43ae9586894a3271d3c1e0bc1a87886c0b01d3e32f95e19d70c3>;interfaceref<union.ef34b1fae8df131c6c97185482820bb32cd957a6b0ed51ce6b23465fc63eb844>
src/abap/5_syntax/statements/assign.ts.Assign::runSyntax,src/abap/5_syntax/statements/assign.ts.Assign::runSyntax/body/s6/x/1/2,src/abap/5_syntax/statements/assign.ts:21:26,syntax,index,interfaceref<union.66719939903e43ae9586894a3271d3c1e0bc1a87886c0b01d3e32f95e19d70c3>,shared object table,interfaceref<union.66719939903e43ae9586894a3271d3c1e0bc1a87886c0b01d3e32f95e19d70c3>,0,false,1,1,0,hierarchy/mixed upper bound,class:src/abap/nodes/expression_node.ts.ExpressionNode;class:src/abap/nodes/statement_node.ts.StatementNode;class:src/abap/nodes/structure_node.ts.StructureNode;class:src/abap/nodes/token_node.ts.TokenNode;class:src/abap/nodes/token_node_regex.ts.TokenNodeRegex,interfaceref<src/abap/nodes/_inode.ts.INode>;interfaceref<union.66719939903e43ae9586894a3271d3c1e0bc1a87886c0b01d3e32f95e19d70c3>;interfaceref<union.ef34b1fae8df131c6c97185482820bb32cd957a6b0ed51ce6b23465fc63eb844>
src/abap/5_syntax/statements/assign.ts.Assign::runSyntax,src/abap/5_syntax/statements/assign.ts.Assign::runSyntax/body/s7/x/1/2,src/abap/5_syntax/statements/assign.ts:22:25,syntax,index,interfaceref<union.66719939903e43ae9586894a3271d3c1e0bc1a87886c0b01d3e32f95e19d70c3>,shared object table,interfaceref<union.66719939903e43ae9586894a3271d3c1e0bc1a87886c0b01d3e32f95e19d70c3>,0,false,1,1,0,hierarchy/mixed upper bound,class:src/abap/nodes/expression_node.ts.ExpressionNode;class:src/abap/nodes/statement_node.ts.StatementNode;class:src/abap/nodes/structure_node.ts.StructureNode;class:src/abap/nodes/token_node.ts.TokenNode;class:src/abap/nodes/token_node_regex.ts.TokenNodeRegex,interfaceref<src/abap/nodes/_inode.ts.INode>;interfaceref<union.66719939903e43ae9586894a3271d3c1e0bc1a87886c0b01d3e32f95e19d70c3>;interfaceref<union.ef34b1fae8df131c6c97185482820bb32cd957a6b0ed51ce6b23465fc63eb844>
src/abap/5_syntax/statements/assign.ts.Assign::runSyntax,src/abap/5_syntax/statements/assign.ts.Assign::runSyntax/body/s9/body/s0/x,src/abap/5_syntax/statements/assign.ts:38:31,syntax,index,classref<src/abap/nodes/expression_node.ts.ExpressionNode>,shared object table,classref<src/abap/nodes/expression_node.ts.ExpressionNode>,0,false,1,1,1,hierarchy/mixed upper bound,class:src/abap/nodes/expression_node.ts.ExpressionNode;class:src/abap/nodes/statement_node.ts.StatementNode;class:src/abap/nodes/structure_node.ts.StructureNode;class:src/abap/nodes/token_node.ts.TokenNode;class:src/abap/nodes/token_node_regex.ts.TokenNodeRegex,classref<src/abap/nodes/expression_node.ts.ExpressionNode>
src/abap/5_syntax/statements/at_selection_screen.ts.AtSelectionScreen::runSyntax,src/abap/5_syntax/statements/at_selection_screen.ts.AtSelectionScreen::runSyntax/body/s0/x/seq/s0/x,src/abap/5_syntax/statements/at_selection_screen.ts:14:20,syntax,new,classref<src/abap/nodes/expression_node.ts.ExpressionNode>,shared object table,,0,false,0,0,0,no non-null rows resolved (not an exact proof),,classref<src/abap/nodes/expression_node.ts.ExpressionNode>
src/abap/5_syntax/statements/at_selection_screen.ts.AtSelectionScreen::runSyntax,src/abap/5_syntax/statements/at_selection_screen.ts.AtSelectionScreen::runSyntax/body/s0/x/seq/s1/x,,syntax,array.concat,classref<src/abap/nodes/expression_node.ts.ExpressionNode>,shared object table,,0,false,0,0,0,hierarchy/mixed upper bound,class:src/abap/nodes/expression_node.ts.ExpressionNode;class:src/abap/nodes/statement_node.ts.StatementNode;class:src/abap/nodes/structure_node.ts.StructureNode;class:src/abap/nodes/token_node.ts.TokenNode;class:src/abap/nodes/token_node_regex.ts.TokenNodeRegex,classref<src/abap/nodes/expression_node.ts.ExpressionNode>
src/abap/5_syntax/statements/at_selection_screen.ts.AtSelectionScreen::runSyntax,src/abap/5_syntax/statements/at_selection_screen.ts.AtSelectionScreen::runSyntax/body/s0/x/seq/s2/x,,syntax,array.concat,classref<src/abap/nodes/expression_node.ts.ExpressionNode>,shared object table,,0,false,0,0,0,hierarchy/mixed upper bound,class:src/abap/nodes/expression_node.ts.ExpressionNode;class:src/abap/nodes/statement_node.ts.StatementNode;class:src/abap/nodes/structure_node.ts.StructureNode;class:src/abap/nodes/token_node.ts.TokenNode;class:src/abap/nodes/token_node_regex.ts.TokenNodeRegex,classref<src/abap/nodes/expression_node.ts.ExpressionNode>
src/abap/5_syntax/statements/at_selection_screen.ts.AtSelectionScreen::runSyntax,src/abap/5_syntax/statements/at_selection_screen.ts.AtSelectionScreen::runSyntax/body/s1,src/abap/5_syntax/statements/at_selection_screen.ts:19:5,syntax,foreach,classref<src/abap/nodes/expression_node.ts.ExpressionNode>,shared object table,classref<src/abap/nodes/expression_node.ts.ExpressionNode>,1,false,1,1,1,hierarchy/mixed upper bound,class:src/abap/nodes/expression_node.ts.ExpressionNode;class:src/abap/nodes/statement_node.ts.StatementNode;class:src/abap/nodes/structure_node.ts.StructureNode;class:src/abap/nodes/token_node.ts.TokenNode;class:src/abap/nodes/token_node_regex.ts.TokenNodeRegex,classref<src/abap/nodes/expression_node.ts.ExpressionNode>
src/abap/5_syntax/statements/authority_check.ts.AuthorityCheck::runSyntax,src/abap/5_syntax/statements/authority_check.ts.AuthorityCheck::runSyntax/body/s0,src/abap/5_syntax/statements/authority_check.ts:10:5,syntax,foreach,classref<src/abap/nodes/expression_node.ts.ExpressionNode>,shared object table,classref<src/abap/nodes/expression_node.ts.ExpressionNode>,1,false,1,1,1,hierarchy/mixed upper bound,class:src/abap/nodes/expression_node.ts.ExpressionNode;class:src/abap/nodes/statement_node.ts.StatementNode;class:src/abap/nodes/structure_node.ts.StructureNode;class:src/abap/nodes/token_node.ts.TokenNode;class:src/abap/nodes/token_node_regex.ts.TokenNodeRegex,classref<src/abap/nodes/expression_node.ts.ExpressionNode>
src/abap/5_syntax/statements/call.ts.Call::runSyntax,src/abap/5_syntax/statements/call.ts.Call::runSyntax/body/s1/body/s0/x/0,src/abap/5_syntax/statements/call.ts:14:21,syntax,index,interfaceref<union.66719939903e43ae9586894a3271d3c1e0bc1a87886c0b01d3e32f95e19d70c3>,shared object table,interfaceref<union.66719939903e43ae9586894a3271d3c1e0bc1a87886c0b01d3e32f95e19d70c3>,0,false,1,1,0,hierarchy/mixed upper bound,class:src/abap/nodes/expression_node.ts.ExpressionNode;class:src/abap/nodes/statement_node.ts.StatementNode;class:src/abap/nodes/structure_node.ts.StructureNode;class:src/abap/nodes/token_node.ts.TokenNode;class:src/abap/nodes/token_node_regex.ts.TokenNodeRegex,interfaceref<src/abap/nodes/_inode.ts.INode>;interfaceref<union.66719939903e43ae9586894a3271d3c1e0bc1a87886c0b01d3e32f95e19d70c3>;interfaceref<union.ef34b1fae8df131c6c97185482820bb32cd957a6b0ed51ce6b23465fc63eb844>
src/abap/5_syntax/statements/call.ts.Call::runSyntax,src/abap/5_syntax/statements/call.ts.Call::runSyntax/body/s2/x/0,src/abap/5_syntax/statements/call.ts:19:26,syntax,index,interfaceref<union.66719939903e43ae9586894a3271d3c1e0bc1a87886c0b01d3e32f95e19d70c3>,shared object table,interfaceref<union.66719939903e43ae9586894a3271d3c1e0bc1a87886c0b01d3e32f95e19d70c3>,0,false,1,1,0,hierarchy/mixed upper bound,class:src/abap/nodes/expression_node.ts.ExpressionNode;class:src/abap/nodes/statement_node.ts.StatementNode;class:src/abap/nodes/structure_node.ts.StructureNode;class:src/abap/nodes/token_node.ts.TokenNode;class:src/abap/nodes/token_node_regex.ts.TokenNodeRegex,interfaceref<src/abap/nodes/_inode.ts.INode>;interfaceref<union.66719939903e43ae9586894a3271d3c1e0bc1a87886c0b01d3e32f95e19d70c3>;interfaceref<union.ef34b1fae8df131c6c97185482820bb32cd957a6b0ed51ce6b23465fc63eb844>
src/abap/5_syntax/statements/call.ts.Call::runSyntax,src/abap/5_syntax/statements/call.ts.Call::runSyntax/body/s5/x,src/abap/5_syntax/statements/call.ts:27:18,syntax,index,interfaceref<union.66719939903e43ae9586894a3271d3c1e0bc1a87886c0b01d3e32f95e19d70c3>,shared object table,interfaceref<union.66719939903e43ae9586894a3271d3c1e0bc1a87886c0b01d3e32f95e19d70c3>,0,false,1,1,0,hierarchy/mixed upper bound,class:src/abap/nodes/expression_node.ts.ExpressionNode;class:src/abap/nodes/statement_node.ts.StatementNode;class:src/abap/nodes/structure_node.ts.StructureNode;class:src/abap/nodes/token_node.ts.TokenNode;class:src/abap/nodes/token_node_regex.ts.TokenNodeRegex,interfaceref<src/abap/nodes/_inode.ts.INode>;interfaceref<union.66719939903e43ae9586894a3271d3c1e0bc1a87886c0b01d3e32f95e19d70c3>;interfaceref<union.ef34b1fae8df131c6c97185482820bb32cd957a6b0ed51ce6b23465fc63eb844>
src/abap/5_syntax/statements/call_function.ts.CallFunction::runSyntax,src/abap/5_syntax/statements/call_function.ts.CallFunction::runSyntax/body/s3,src/abap/5_syntax/statements/call_function.ts:29:5,syntax,foreach,classref<src/abap/nodes/expression_node.ts.ExpressionNode>,shared object table,classref<src/abap/nodes/expression_node.ts.ExpressionNode>,1,false,1,1,1,hierarchy/mixed upper bound,class:src/abap/nodes/expression_node.ts.ExpressionNode;class:src/abap/nodes/statement_node.ts.StatementNode;class:src/abap/nodes/structure_node.ts.StructureNode;class:src/abap/nodes/token_node.ts.TokenNode;class:src/abap/nodes/token_node_regex.ts.TokenNodeRegex,classref<src/abap/nodes/expression_node.ts.ExpressionNode>
src/abap/5_syntax/statements/call_function.ts.CallFunction::runSyntax,src/abap/5_syntax/statements/call_function.ts.CallFunction::runSyntax/body/s4,src/abap/5_syntax/statements/call_function.ts:32:5,syntax,foreach,classref<src/abap/nodes/expression_node.ts.ExpressionNode>,shared object table,classref<src/abap/nodes/expression_node.ts.ExpressionNode>,1,false,1,1,1,hierarchy/mixed upper bound,class:src/abap/nodes/expression_node.ts.ExpressionNode;class:src/abap/nodes/statement_node.ts.StatementNode;class:src/abap/nodes/structure_node.ts.StructureNode;class:src/abap/nodes/token_node.ts.TokenNode;class:src/abap/nodes/token_node_regex.ts.TokenNodeRegex,classref<src/abap/nodes/expression_node.ts.ExpressionNode>
src/abap/5_syntax/statements/call_function.ts.CallFunction::runSyntax,src/abap/5_syntax/statements/call_function.ts.CallFunction::runSyntax/body/s5,src/abap/5_syntax/statements/call_function.ts:35:5,syntax,foreach,classref<src/abap/nodes/expression_node.ts.ExpressionNode>,shared object table,classref<src/abap/nodes/expression_node.ts.ExpressionNode>,1,false,1,1,1,hierarchy/mixed upper bound,class:src/abap/nodes/expression_node.ts.ExpressionNode;class:src/abap/nodes/statement_node.ts.StatementNode;class:src/abap/nodes/structure_node.ts.StructureNode;class:src/abap/nodes/token_node.ts.TokenNode;class:src/abap/nodes/token_node_regex.ts.TokenNodeRegex,classref<src/abap/nodes/expression_node.ts.ExpressionNode>
src/abap/5_syntax/statements/call_transformation.ts.CallTransformation::runSyntax,src/abap/5_syntax/statements/call_transformation.ts.CallTransformation::runSyntax/body/s1/x,src/abap/5_syntax/statements/call_transformation.ts:15:27,syntax,set.fromArray,classref<src/abap/nodes/expression_node.ts.ExpressionNode>,shared object table,classref<src/abap/nodes/expression_node.ts.ExpressionNode>,1,false,1,1,1,hierarchy/mixed upper bound,class:src/abap/nodes/expression_node.ts.ExpressionNode;class:src/abap/nodes/statement_node.ts.StatementNode;class:src/abap/nodes/structure_node.ts.StructureNode;class:src/abap/nodes/token_node.ts.TokenNode;class:src/abap/nodes/token_node_regex.ts.TokenNodeRegex,classref<src/abap/nodes/expression_node.ts.ExpressionNode>
src/abap/5_syntax/statements/call_transformation.ts.CallTransformation::runSyntax,src/abap/5_syntax/statements/call_transformation.ts.CallTransformation::runSyntax/body/s1/x/arg0/1/2,src/abap/5_syntax/statements/call_transformation.ts:16:74,syntax,new,classref<src/abap/nodes/expression_node.ts.ExpressionNode>,shared object table,,0,false,0,0,0,no non-null rows resolved (not an exact proof),,classref<src/abap/nodes/expression_node.ts.ExpressionNode>
src/abap/5_syntax/statements/call_transformation.ts.CallTransformation::runSyntax,src/abap/5_syntax/statements/call_transformation.ts.CallTransformation::runSyntax/body/s2,src/abap/5_syntax/statements/call_transformation.ts:19:5,syntax,foreach,classref<src/abap/nodes/expression_node.ts.ExpressionNode>,shared object table,classref<src/abap/nodes/expression_node.ts.ExpressionNode>,1,false,1,1,1,hierarchy/mixed upper bound,class:src/abap/nodes/expression_node.ts.ExpressionNode;class:src/abap/nodes/statement_node.ts.StatementNode;class:src/abap/nodes/structure_node.ts.StructureNode;class:src/abap/nodes/token_node.ts.TokenNode;class:src/abap/nodes/token_node_regex.ts.TokenNodeRegex,classref<src/abap/nodes/expression_node.ts.ExpressionNode>
src/abap/5_syntax/statements/call_transformation.ts.CallTransformation::runSyntax,src/abap/5_syntax/statements/call_transformation.ts.CallTransformation::runSyntax/body/s3,src/abap/5_syntax/statements/call_transformation.ts:24:5,syntax,foreach,classref<src/abap/nodes/expression_node.ts.ExpressionNode>,shared object table,classref<src/abap/nodes/expression_node.ts.ExpressionNode>,1,false,1,1,1,hierarchy/mixed upper bound,class:src/abap/nodes/expression_node.ts.ExpressionNode;class:src/abap/nodes/statement_node.ts.StatementNode;class:src/abap/nodes/structure_node.ts.StructureNode;class:src/abap/nodes/token_node.ts.TokenNode;class:src/abap/nodes/token_node_regex.ts.TokenNodeRegex,classref<src/abap/nodes/expression_node.ts.ExpressionNode>
src/abap/5_syntax/statements/call_transformation.ts.CallTransformation::runSyntax,src/abap/5_syntax/statements/call_transformation.ts.CallTransformation::runSyntax/body/s4,src/abap/5_syntax/statements/call_transformation.ts:28:5,syntax,foreach,classref<src/abap/nodes/expression_node.ts.ExpressionNode>,shared object table,classref<src/abap/nodes/expression_node.ts.ExpressionNode>,1,false,1,1,1,hierarchy/mixed upper bound,class:src/abap/nodes/expression_node.ts.ExpressionNode;class:src/abap/nodes/statement_node.ts.StatementNode;class:src/abap/nodes/structure_node.ts.StructureNode;class:src/abap/nodes/token_node.ts.TokenNode;class:src/abap/nodes/token_node_regex.ts.TokenNodeRegex,classref<src/abap/nodes/expression_node.ts.ExpressionNode>
src/abap/5_syntax/statements/case.ts.Case::runSyntax,src/abap/5_syntax/statements/case.ts.Case::runSyntax/body/s0,src/abap/5_syntax/statements/case.ts:10:5,syntax,foreach,classref<src/abap/nodes/expression_node.ts.ExpressionNode>,shared object table,classref<src/abap/nodes/expression_node.ts.ExpressionNode>,1,false,1,1,1,hierarchy/mixed upper bound,class:src/abap/nodes/expression_node.ts.ExpressionNode;class:src/abap/nodes/statement_node.ts.StatementNode;class:src/abap/nodes/structure_node.ts.StructureNode;class:src/abap/nodes/token_node.ts.TokenNode;class:src/abap/nodes/token_node_regex.ts.TokenNodeRegex,classref<src/abap/nodes/expression_node.ts.ExpressionNode>
src/abap/5_syntax/statements/catch.ts.Catch::runSyntax,src/abap/5_syntax/statements/catch.ts.Catch::runSyntax/body/s4,src/abap/5_syntax/statements/catch.ts:22:5,syntax,foreach,classref<src/abap/nodes/expression_node.ts.ExpressionNode>,shared object table,classref<src/abap/nodes/expression_node.ts.ExpressionNode>,1,false,1,1,1,hierarchy/mixed upper bound,class:src/abap/nodes/expression_node.ts.ExpressionNode;class:src/abap/nodes/statement_node.ts.StatementNode;class:src/abap/nodes/structure_node.ts.StructureNode;class:src/abap/nodes/token_node.ts.TokenNode;class:src/abap/nodes/token_node_regex.ts.TokenNodeRegex,classref<src/abap/nodes/expression_node.ts.ExpressionNode>
src/abap/5_syntax/statements/catch.ts.Catch::runSyntax,src/abap/5_syntax/statements/catch.ts.Catch::runSyntax/body/s5/else/body/s1/body/s0,src/abap/5_syntax/statements/catch.ts:62:9,syntax,foreach,classref<src/abap/nodes/expression_node.ts.ExpressionNode>,shared object table,classref<src/abap/nodes/expression_node.ts.ExpressionNode>,1,false,1,1,1,hierarchy/mixed upper bound,class:src/abap/nodes/expression_node.ts.ExpressionNode;class:src/abap/nodes/statement_node.ts.StatementNode;class:src/abap/nodes/structure_node.ts.StructureNode;class:src/abap/nodes/token_node.ts.TokenNode;class:src/abap/nodes/token_node_regex.ts.TokenNodeRegex,classref<src/abap/nodes/expression_node.ts.ExpressionNode>
src/abap/5_syntax/statements/check.ts.Check::runSyntax,src/abap/5_syntax/statements/check.ts.Check::runSyntax/body/s0,src/abap/5_syntax/statements/check.ts:9:5,syntax,foreach,classref<src/abap/nodes/expression_node.ts.ExpressionNode>,shared object table,classref<src/abap/nodes/expression_node.ts.ExpressionNode>,1,false,1,1,1,hierarchy/mixed upper bound,class:src/abap/nodes/expression_node.ts.ExpressionNode;class:src/abap/nodes/statement_node.ts.StatementNode;class:src/abap/nodes/structure_node.ts.StructureNode;class:src/abap/nodes/token_node.ts.TokenNode;class:src/abap/nodes/token_node_regex.ts.TokenNodeRegex,classref<src/abap/nodes/expression_node.ts.ExpressionNode>
src/abap/5_syntax/statements/class_implementation.ts.ClassImplementation::runSyntax,src/abap/5_syntax/statements/class_implementation.ts.ClassImplementation::runSyntax/body/s13/body/s2,src/abap/5_syntax/statements/class_implementation.ts:49:7,syntax,foreach,classref<src/abap/types/class_attribute.ts.ClassAttribute>,shared object table,classref<src/abap/types/class_attribute.ts.ClassAttribute>,1,false,1,1,0,exact,class:src/abap/types/class_attribute.ts.ClassAttribute,classref<src/abap/types/_typed_identifier.ts.TypedIdentifier>;classref<src/abap/types/class_attribute.ts.ClassAttribute>
src/abap/5_syntax/statements/class_implementation.ts.ClassImplementation::runSyntax,src/abap/5_syntax/statements/class_implementation.ts.ClassImplementation::runSyntax/body/s6/body/s0,src/abap/5_syntax/statements/class_implementation.ts:29:7,syntax,foreach,classref<src/abap/types/_type_definitions.ts.TypeDefinitionsEntry>,shared object table,classref<src/abap/types/_type_definitions.ts.TypeDefinitionsEntry>,1,false,1,1,1,exact,class:src/abap/types/_type_definitions.ts.TypeDefinitionsEntry,classref<src/abap/types/_type_definitions.ts.TypeDefinitionsEntry>
src/abap/5_syntax/statements/clear.ts.Clear::runSyntax,src/abap/5_syntax/statements/clear.ts.Clear::runSyntax/body/s0,src/abap/5_syntax/statements/clear.ts:11:5,syntax,foreach,classref<src/abap/nodes/expression_node.ts.ExpressionNode>,shared object table,classref<src/abap/nodes/expression_node.ts.ExpressionNode>,1,false,1,1,1,hierarchy/mixed upper bound,class:src/abap/nodes/expression_node.ts.ExpressionNode;class:src/abap/nodes/statement_node.ts.StatementNode;class:src/abap/nodes/structure_node.ts.StructureNode;class:src/abap/nodes/token_node.ts.TokenNode;class:src/abap/nodes/token_node_regex.ts.TokenNodeRegex,classref<src/abap/nodes/expression_node.ts.ExpressionNode>
src/abap/5_syntax/statements/clear.ts.Clear::runSyntax,src/abap/5_syntax/statements/clear.ts.Clear::runSyntax/body/s1,src/abap/5_syntax/statements/clear.ts:15:5,syntax,foreach,classref<src/abap/nodes/expression_node.ts.ExpressionNode>,shared object table,classref<src/abap/nodes/expression_node.ts.ExpressionNode>,1,false,1,1,1,hierarchy/mixed upper bound,class:src/abap/nodes/expression_node.ts.ExpressionNode;class:src/abap/nodes/statement_node.ts.StatementNode;class:src/abap/nodes/structure_node.ts.StructureNode;class:src/abap/nodes/token_node.ts.TokenNode;class:src/abap/nodes/token_node_regex.ts.TokenNodeRegex,classref<src/abap/nodes/expression_node.ts.ExpressionNode>
src/abap/5_syntax/statements/concatenate.ts.Concatenate::runSyntax,src/abap/5_syntax/statements/concatenate.ts.Concatenate::runSyntax/body/s6/body/s0,src/abap/5_syntax/statements/concatenate.ts:42:7,syntax,foreach,classref<src/abap/nodes/expression_node.ts.ExpressionNode>,shared object table,classref<src/abap/nodes/expression_node.ts.ExpressionNode>,1,false,1,1,1,hierarchy/mixed upper bound,class:src/abap/nodes/expression_node.ts.ExpressionNode;class:src/abap/nodes/statement_node.ts.StatementNode;class:src/abap/nodes/structure_node.ts.StructureNode;class:src/abap/nodes/token_node.ts.TokenNode;class:src/abap/nodes/token_node_regex.ts.TokenNodeRegex,classref<src/abap/nodes/expression_node.ts.ExpressionNode>
src/abap/5_syntax/statements/concatenate.ts.Concatenate::runSyntax,src/abap/5_syntax/statements/concatenate.ts.Concatenate::runSyntax/body/s7,src/abap/5_syntax/statements/concatenate.ts:58:5,syntax,foreach,classref<src/abap/nodes/expression_node.ts.ExpressionNode>,shared object table,classref<src/abap/nodes/expression_node.ts.ExpressionNode>,1,false,1,1,1,hierarchy/mixed upper bound,class:src/abap/nodes/expression_node.ts.ExpressionNode;class:src/abap/nodes/statement_node.ts.StatementNode;class:src/abap/nodes/structure_node.ts.StructureNode;class:src/abap/nodes/token_node.ts.TokenNode;class:src/abap/nodes/token_node_regex.ts.TokenNodeRegex,classref<src/abap/nodes/expression_node.ts.ExpressionNode>
src/abap/5_syntax/statements/condense.ts.Condense::runSyntax,src/abap/5_syntax/statements/condense.ts.Condense::runSyntax/body/s0,src/abap/5_syntax/statements/condense.ts:10:5,syntax,foreach,classref<src/abap/nodes/expression_node.ts.ExpressionNode>,shared object table,classref<src/abap/nodes/expression_node.ts.ExpressionNode>,1,false,1,1,1,hierarchy/mixed upper bound,class:src/abap/nodes/expression_node.ts.ExpressionNode;class:src/abap/nodes/statement_node.ts.StatementNode;class:src/abap/nodes/structure_node.ts.StructureNode;class:src/abap/nodes/token_node.ts.TokenNode;class:src/abap/nodes/token_node_regex.ts.TokenNodeRegex,classref<src/abap/nodes/expression_node.ts.ExpressionNode>
src/abap/5_syntax/statements/convert.ts.Convert::runSyntax,src/abap/5_syntax/statements/convert.ts.Convert::runSyntax/body/s0,src/abap/5_syntax/statements/convert.ts:15:5,syntax,foreach,classref<src/abap/nodes/expression_node.ts.ExpressionNode>,shared object table,classref<src/abap/nodes/expression_node.ts.ExpressionNode>,1,false,1,1,1,hierarchy/mixed upper bound,class:src/abap/nodes/expression_node.ts.ExpressionNode;class:src/abap/nodes/statement_node.ts.StatementNode;class:src/abap/nodes/structure_node.ts.StructureNode;class:src/abap/nodes/token_node.ts.TokenNode;class:src/abap/nodes/token_node_regex.ts.TokenNodeRegex,classref<src/abap/nodes/expression_node.ts.ExpressionNode>
src/abap/5_syntax/statements/convert.ts.Convert::runSyntax,src/abap/5_syntax/statements/convert.ts.Convert::runSyntax/body/s2,src/abap/5_syntax/statements/convert.ts:20:5,syntax,foreach,classref<src/abap/nodes/expression_node.ts.ExpressionNode>,shared object table,classref<src/abap/nodes/expression_node.ts.ExpressionNode>,1,false,1,1,1,hierarchy/mixed upper bound,class:src/abap/nodes/expression_node.ts.ExpressionNode;class:src/abap/nodes/statement_node.ts.StatementNode;class:src/abap/nodes/structure_node.ts.StructureNode;class:src/abap/nodes/token_node.ts.TokenNode;class:src/abap/nodes/token_node_regex.ts.TokenNodeRegex,classref<src/abap/nodes/expression_node.ts.ExpressionNode>
src/abap/5_syntax/statements/create_data.ts.CreateData::runSyntax,src/abap/5_syntax/statements/create_data.ts.CreateData::runSyntax/body/s0,src/abap/5_syntax/statements/create_data.ts:16:5,syntax,foreach,classref<src/abap/nodes/expression_node.ts.ExpressionNode>,shared object table,classref<src/abap/nodes/expression_node.ts.ExpressionNode>,1,false,1,1,1,hierarchy/mixed upper bound,class:src/abap/nodes/expression_node.ts.ExpressionNode;class:src/abap/nodes/statement_node.ts.StatementNode;class:src/abap/nodes/structure_node.ts.StructureNode;class:src/abap/nodes/token_node.ts.TokenNode;class:src/abap/nodes/token_node_regex.ts.TokenNodeRegex,classref<src/abap/nodes/expression_node.ts.ExpressionNode>
src/abap/5_syntax/statements/create_data.ts.CreateData::runSyntax,src/abap/5_syntax/statements/create_data.ts.CreateData::runSyntax/body/s1,src/abap/5_syntax/statements/create_data.ts:20:5,syntax,foreach,classref<src/abap/nodes/expression_node.ts.ExpressionNode>,shared object table,classref<src/abap/nodes/expression_node.ts.ExpressionNode>,1,false,1,1,1,hierarchy/mixed upper bound,class:src/abap/nodes/expression_node.ts.ExpressionNode;class:src/abap/nodes/statement_node.ts.StatementNode;class:src/abap/nodes/structure_node.ts.StructureNode;class:src/abap/nodes/token_node.ts.TokenNode;class:src/abap/nodes/token_node_regex.ts.TokenNodeRegex,classref<src/abap/nodes/expression_node.ts.ExpressionNode>
src/abap/5_syntax/statements/create_data.ts.CreateData::runSyntax,src/abap/5_syntax/statements/create_data.ts.CreateData::runSyntax/body/s2,src/abap/5_syntax/statements/create_data.ts:24:5,syntax,foreach,classref<src/abap/nodes/expression_node.ts.ExpressionNode>,shared object table,classref<src/abap/nodes/expression_node.ts.ExpressionNode>,1,false,1,1,1,hierarchy/mixed upper bound,class:src/abap/nodes/expression_node.ts.ExpressionNode;class:src/abap/nodes/statement_node.ts.StatementNode;class:src/abap/nodes/structure_node.ts.StructureNode;class:src/abap/nodes/token_node.ts.TokenNode;class:src/abap/nodes/token_node_regex.ts.TokenNodeRegex,classref<src/abap/nodes/expression_node.ts.ExpressionNode>
src/abap/5_syntax/statements/create_object.ts.CreateObject::runSyntax,src/abap/5_syntax/statements/create_object.ts.CreateObject::runSyntax/body/s3,src/abap/5_syntax/statements/create_object.ts:45:5,syntax,foreach,classref<src/abap/nodes/expression_node.ts.ExpressionNode>,shared object table,classref<src/abap/nodes/expression_node.ts.ExpressionNode>,1,false,1,1,1,hierarchy/mixed upper bound,class:src/abap/nodes/expression_node.ts.ExpressionNode;class:src/abap/nodes/statement_node.ts.StatementNode;class:src/abap/nodes/structure_node.ts.StructureNode;class:src/abap/nodes/token_node.ts.TokenNode;class:src/abap/nodes/token_node_regex.ts.TokenNodeRegex,classref<src/abap/nodes/expression_node.ts.ExpressionNode>
src/abap/5_syntax/statements/create_object.ts.CreateObject::runSyntax,src/abap/5_syntax/statements/create_object.ts.CreateObject::runSyntax/body/s4,src/abap/5_syntax/statements/create_object.ts:49:5,syntax,foreach,classref<src/abap/nodes/expression_node.ts.ExpressionNode>,shared object table,classref<src/abap/nodes/expression_node.ts.ExpressionNode>,1,false,1,1,1,hierarchy/mixed upper bound,class:src/abap/nodes/expression_node.ts.ExpressionNode;class:src/abap/nodes/statement_node.ts.StatementNode;class:src/abap/nodes/structure_node.ts.StructureNode;class:src/abap/nodes/token_node.ts.TokenNode;class:src/abap/nodes/token_node_regex.ts.TokenNodeRegex,classref<src/abap/nodes/expression_node.ts.ExpressionNode>
src/abap/5_syntax/statements/create_object.ts.CreateObject::runSyntax,src/abap/5_syntax/statements/create_object.ts.CreateObject::runSyntax/body/s4/x/1/2,src/abap/5_syntax/statements/create_object.ts:49:127,syntax,new,classref<src/abap/nodes/expression_node.ts.ExpressionNode>,shared object table,,0,false,0,0,0,no non-null rows resolved (not an exact proof),,classref<src/abap/nodes/expression_node.ts.ExpressionNode>
src/abap/5_syntax/statements/create_object.ts.CreateObject::runSyntax,src/abap/5_syntax/statements/create_object.ts.CreateObject::runSyntax/body/s8,src/abap/5_syntax/statements/create_object.ts:102:5,syntax,foreach,classref<src/abap/nodes/expression_node.ts.ExpressionNode>,shared object table,classref<src/abap/nodes/expression_node.ts.ExpressionNode>,1,false,1,1,1,hierarchy/mixed upper bound,class:src/abap/nodes/expression_node.ts.ExpressionNode;class:src/abap/nodes/statement_node.ts.StatementNode;class:src/abap/nodes/structure_node.ts.StructureNode;class:src/abap/nodes/token_node.ts.TokenNode;class:src/abap/nodes/token_node_regex.ts.TokenNodeRegex,classref<src/abap/nodes/expression_node.ts.ExpressionNode>
src/abap/5_syntax/statements/create_object.ts.CreateObject::validateParameters,src/abap/5_syntax/statements/create_object.ts.CreateObject::validateParameters/body/s0/body/s1,src/abap/5_syntax/statements/create_object.ts:158:7,syntax,foreach,classref<src/abap/nodes/expression_node.ts.ExpressionNode>,shared object table,classref<src/abap/nodes/expression_node.ts.ExpressionNode>,1,false,1,1,1,hierarchy/mixed upper bound,class:src/abap/nodes/expression_node.ts.ExpressionNode;class:src/abap/nodes/statement_node.ts.StatementNode;class:src/abap/nodes/structure_node.ts.StructureNode;class:src/abap/nodes/token_node.ts.TokenNode;class:src/abap/nodes/token_node_regex.ts.TokenNodeRegex,classref<src/abap/nodes/expression_node.ts.ExpressionNode>
src/abap/5_syntax/statements/create_object.ts.CreateObject::validateParameters,src/abap/5_syntax/statements/create_object.ts.CreateObject::validateParameters/body/s0/body/s1/x/1/2,src/abap/5_syntax/statements/create_object.ts:158:34,syntax,new,classref<src/abap/nodes/expression_node.ts.ExpressionNode>,shared object table,,0,false,0,0,0,no non-null rows resolved (not an exact proof),,classref<src/abap/nodes/expression_node.ts.ExpressionNode>
src/abap/5_syntax/statements/create_object.ts.CreateObject::validateParameters,src/abap/5_syntax/statements/create_object.ts.CreateObject::validateParameters/body/s3/x/1/2,src/abap/5_syntax/statements/create_object.ts:167:62,syntax,new,classref<src/abap/types/_typed_identifier.ts.TypedIdentifier>,shared object table,,0,false,0,0,0,no non-null rows resolved (not an exact proof),,classref<src/abap/types/_typed_identifier.ts.TypedIdentifier>
src/abap/5_syntax/statements/create_object.ts.CreateObject::validateParameters,src/abap/5_syntax/statements/create_object.ts.CreateObject::validateParameters/body/s4/x/seq/s0/x/1/2/seq/s1,src/abap/5_syntax/statements/create_object.ts:168:39,syntax,foreach,classref<src/abap/types/_typed_identifier.ts.TypedIdentifier>,shared object table,classref<src/abap/types/_typed_identifier.ts.TypedIdentifier>,1,false,1,1,1,exact,class:src/abap/types/_typed_identifier.ts.TypedIdentifier,classref<src/abap/types/_typed_identifier.ts.TypedIdentifier>
src/abap/5_syntax/statements/create_object.ts.CreateObject::validateParameters,src/abap/5_syntax/statements/create_object.ts.CreateObject::validateParameters/body/s5,src/abap/5_syntax/statements/create_object.ts:170:5,syntax,foreach,classref<src/abap/nodes/expression_node.ts.ExpressionNode>,shared object table,classref<src/abap/nodes/expression_node.ts.ExpressionNode>,1,false,1,1,1,hierarchy/mixed upper bound,class:src/abap/nodes/expression_node.ts.ExpressionNode;class:src/abap/nodes/statement_node.ts.StatementNode;class:src/abap/nodes/structure_node.ts.StructureNode;class:src/abap/nodes/token_node.ts.TokenNode;class:src/abap/nodes/token_node_regex.ts.TokenNodeRegex,classref<src/abap/nodes/expression_node.ts.ExpressionNode>
src/abap/5_syntax/statements/create_object.ts.CreateObject::validateParameters,src/abap/5_syntax/statements/create_object.ts.CreateObject::validateParameters/body/s5/body/s4/x/1/2/seq/s4/body/s0/x/0,,syntax,array.get,classref<src/abap/types/_typed_identifier.ts.TypedIdentifier>,shared object table,optional<classref<src/abap/types/_typed_identifier.ts.TypedIdentifier>>,2,false,1,1,1,exact,class:src/abap/types/_typed_identifier.ts.TypedIdentifier,classref<src/abap/types/_typed_identifier.ts.TypedIdentifier>
src/abap/5_syntax/statements/create_object.ts.CreateObject::validateParameters,src/abap/5_syntax/statements/create_object.ts.CreateObject::validateParameters/body/s5/x/1/2,src/abap/5_syntax/statements/create_object.ts:170:122,syntax,new,classref<src/abap/nodes/expression_node.ts.ExpressionNode>,shared object table,,0,false,0,0,0,no non-null rows resolved (not an exact proof),,classref<src/abap/nodes/expression_node.ts.ExpressionNode>
src/abap/5_syntax/statements/delete_database.ts.DeleteDatabase::runSyntax,src/abap/5_syntax/statements/delete_database.ts.DeleteDatabase::runSyntax/body/s0,src/abap/5_syntax/statements/delete_database.ts:14:5,syntax,foreach,classref<src/abap/nodes/expression_node.ts.ExpressionNode>,shared object table,classref<src/abap/nodes/expression_node.ts.ExpressionNode>,1,false,1,1,1,hierarchy/mixed upper bound,class:src/abap/nodes/expression_node.ts.ExpressionNode;class:src/abap/nodes/statement_node.ts.StatementNode;class:src/abap/nodes/structure_node.ts.StructureNode;class:src/abap/nodes/token_node.ts.TokenNode;class:src/abap/nodes/token_node_regex.ts.TokenNodeRegex,classref<src/abap/nodes/expression_node.ts.ExpressionNode>
src/abap/5_syntax/statements/delete_database.ts.DeleteDatabase::runSyntax,src/abap/5_syntax/statements/delete_database.ts.DeleteDatabase::runSyntax/body/s1,src/abap/5_syntax/statements/delete_database.ts:17:5,syntax,foreach,classref<src/abap/nodes/expression_node.ts.ExpressionNode>,shared object table,classref<src/abap/nodes/expression_node.ts.ExpressionNode>,1,false,1,1,1,hierarchy/mixed upper bound,class:src/abap/nodes/expression_node.ts.ExpressionNode;class:src/abap/nodes/statement_node.ts.StatementNode;class:src/abap/nodes/structure_node.ts.StructureNode;class:src/abap/nodes/token_node.ts.TokenNode;class:src/abap/nodes/token_node_regex.ts.TokenNodeRegex,classref<src/abap/nodes/expression_node.ts.ExpressionNode>
src/abap/5_syntax/statements/delete_database.ts.DeleteDatabase::runSyntax,src/abap/5_syntax/statements/delete_database.ts.DeleteDatabase::runSyntax/body/s2,src/abap/5_syntax/statements/delete_database.ts:21:5,syntax,foreach,classref<src/abap/nodes/expression_node.ts.ExpressionNode>,shared object table,classref<src/abap/nodes/expression_node.ts.ExpressionNode>,1,false,1,1,1,hierarchy/mixed upper bound,class:src/abap/nodes/expression_node.ts.ExpressionNode;class:src/abap/nodes/statement_node.ts.StatementNode;class:src/abap/nodes/structure_node.ts.StructureNode;class:src/abap/nodes/token_node.ts.TokenNode;class:src/abap/nodes/token_node_regex.ts.TokenNodeRegex,classref<src/abap/nodes/expression_node.ts.ExpressionNode>
src/abap/5_syntax/statements/delete_database.ts.DeleteDatabase::runSyntax,src/abap/5_syntax/statements/delete_database.ts.DeleteDatabase::runSyntax/body/s3,src/abap/5_syntax/statements/delete_database.ts:25:5,syntax,foreach,classref<src/abap/nodes/expression_node.ts.ExpressionNode>,shared object table,classref<src/abap/nodes/expression_node.ts.ExpressionNode>,1,false,1,1,1,hierarchy/mixed upper bound,class:src/abap/nodes/expression_node.ts.ExpressionNode;class:src/abap/nodes/statement_node.ts.StatementNode;class:src/abap/nodes/structure_node.ts.StructureNode;class:src/abap/nodes/token_node.ts.TokenNode;class:src/abap/nodes/token_node_regex.ts.TokenNodeRegex,classref<src/abap/nodes/expression_node.ts.ExpressionNode>
src/abap/5_syntax/statements/delete_database.ts.DeleteDatabase::runSyntax,src/abap/5_syntax/statements/delete_database.ts.DeleteDatabase::runSyntax/body/s5/body/s1/x/seq/s1/x/seq/s1,src/abap/5_syntax/statements/delete_database.ts:35:22,syntax,foreach,classref<src/abap/nodes/expression_node.ts.ExpressionNode>,shared object table,classref<src/abap/nodes/expression_node.ts.ExpressionNode>,1,false,1,1,1,hierarchy/mixed upper bound,class:src/abap/nodes/expression_node.ts.ExpressionNode;class:src/abap/nodes/statement_node.ts.StatementNode;class:src/abap/nodes/structure_node.ts.StructureNode;class:src/abap/nodes/token_node.ts.TokenNode;class:src/abap/nodes/token_node_regex.ts.TokenNodeRegex,classref<src/abap/nodes/expression_node.ts.ExpressionNode>
src/abap/5_syntax/statements/delete_database.ts.DeleteDatabase::runSyntax,src/abap/5_syntax/statements/delete_database.ts.DeleteDatabase::runSyntax/body/s5/body/s2,src/abap/5_syntax/statements/delete_database.ts:38:7,syntax,foreach,classref<src/abap/nodes/expression_node.ts.ExpressionNode>,shared object table,classref<src/abap/nodes/expression_node.ts.ExpressionNode>,1,false,1,1,1,hierarchy/mixed upper bound,class:src/abap/nodes/expression_node.ts.ExpressionNode;class:src/abap/nodes/statement_node.ts.StatementNode;class:src/abap/nodes/structure_node.ts.StructureNode;class:src/abap/nodes/token_node.ts.TokenNode;class:src/abap/nodes/token_node_regex.ts.TokenNodeRegex,classref<src/abap/nodes/expression_node.ts.ExpressionNode>
src/abap/5_syntax/statements/delete_database.ts.DeleteDatabase::runSyntax,src/abap/5_syntax/statements/delete_database.ts.DeleteDatabase::runSyntax/body/s5/body/s2/body/s0/x/seq/s0/x/seq/s1,src/abap/5_syntax/statements/delete_database.ts:39:24,syntax,foreach,classref<src/abap/nodes/expression_node.ts.ExpressionNode>,shared object table,classref<src/abap/nodes/expression_node.ts.ExpressionNode>,2,false,1,1,1,hierarchy/mixed upper bound,class:src/abap/nodes/expression_node.ts.ExpressionNode;class:src/abap/nodes/statement_node.ts.StatementNode;class:src/abap/nodes/structure_node.ts.StructureNode;class:src/abap/nodes/token_node.ts.TokenNode;class:src/abap/nodes/token_node_regex.ts.TokenNodeRegex,classref<src/abap/nodes/expression_node.ts.ExpressionNode>
src/abap/5_syntax/statements/delete_database.ts.DeleteDatabase::runSyntax,src/abap/5_syntax/statements/delete_database.ts.DeleteDatabase::runSyntax/body/s5/body/s3/x/arg1/seq/s0/x,src/abap/5_syntax/statements/delete_database.ts:41:35,syntax,new,interfaceref<union.a4d0ccb535ead84cf0a3fba4afdbd09580e2c7b3f2e611d359e2cec125f49f13>,typed optional-reference table,,0,false,0,0,0,no non-null rows resolved (not an exact proof),,interfaceref<union.a4d0ccb535ead84cf0a3fba4afdbd09580e2c7b3f2e611d359e2cec125f49f13>
src/abap/5_syntax/statements/delete_internal.ts.DeleteInternal::runSyntax,src/abap/5_syntax/statements/delete_internal.ts.DeleteInternal::runSyntax/body/s0,src/abap/5_syntax/statements/delete_internal.ts:16:5,syntax,foreach,classref<src/abap/nodes/expression_node.ts.ExpressionNode>,shared object table,classref<src/abap/nodes/expression_node.ts.ExpressionNode>,1,false,1,1,1,hierarchy/mixed upper bound,class:src/abap/nodes/expression_node.ts.ExpressionNode;class:src/abap/nodes/statement_node.ts.StatementNode;class:src/abap/nodes/structure_node.ts.StructureNode;class:src/abap/nodes/token_node.ts.TokenNode;class:src/abap/nodes/token_node_regex.ts.TokenNodeRegex,classref<src/abap/nodes/expression_node.ts.ExpressionNode>
src/abap/5_syntax/statements/delete_internal.ts.DeleteInternal::runSyntax,src/abap/5_syntax/statements/delete_internal.ts.DeleteInternal::runSyntax/body/s3/body/s3/x/1/0/0/0,src/abap/5_syntax/statements/delete_internal.ts:26:77,syntax,index,interfaceref<union.66719939903e43ae9586894a3271d3c1e0bc1a87886c0b01d3e32f95e19d70c3>,shared object table,interfaceref<union.66719939903e43ae9586894a3271d3c1e0bc1a87886c0b01d3e32f95e19d70c3>,0,false,1,1,0,hierarchy/mixed upper bound,class:src/abap/nodes/expression_node.ts.ExpressionNode;class:src/abap/nodes/statement_node.ts.StatementNode;class:src/abap/nodes/structure_node.ts.StructureNode;class:src/abap/nodes/token_node.ts.TokenNode;class:src/abap/nodes/token_node_regex.ts.TokenNodeRegex,interfaceref<src/abap/nodes/_inode.ts.INode>;interfaceref<union.66719939903e43ae9586894a3271d3c1e0bc1a87886c0b01d3e32f95e19d70c3>;interfaceref<union.ef34b1fae8df131c6c97185482820bb32cd957a6b0ed51ce6b23465fc63eb844>
src/abap/5_syntax/statements/delete_internal.ts.DeleteInternal::runSyntax,src/abap/5_syntax/statements/delete_internal.ts.DeleteInternal::runSyntax/body/s4,src/abap/5_syntax/statements/delete_internal.ts:56:5,syntax,foreach,classref<src/abap/nodes/expression_node.ts.ExpressionNode>,shared object table,classref<src/abap/nodes/expression_node.ts.ExpressionNode>,1,false,1,1,1,hierarchy/mixed upper bound,class:src/abap/nodes/expression_node.ts.ExpressionNode;class:src/abap/nodes/statement_node.ts.StatementNode;class:src/abap/nodes/structure_node.ts.StructureNode;class:src/abap/nodes/token_node.ts.TokenNode;class:src/abap/nodes/token_node_regex.ts.TokenNodeRegex,classref<src/abap/nodes/expression_node.ts.ExpressionNode>
src/abap/5_syntax/statements/delete_internal.ts.DeleteInternal::runSyntax,src/abap/5_syntax/statements/delete_internal.ts.DeleteInternal::runSyntax/body/s5,src/abap/5_syntax/statements/delete_internal.ts:60:5,syntax,foreach,classref<src/abap/nodes/expression_node.ts.ExpressionNode>,shared object table,classref<src/abap/nodes/expression_node.ts.ExpressionNode>,1,false,1,1,1,hierarchy/mixed upper bound,class:src/abap/nodes/expression_node.ts.ExpressionNode;class:src/abap/nodes/statement_node.ts.StatementNode;class:src/abap/nodes/structure_node.ts.StructureNode;class:src/abap/nodes/token_node.ts.TokenNode;class:src/abap/nodes/token_node_regex.ts.TokenNodeRegex,classref<src/abap/nodes/expression_node.ts.ExpressionNode>
src/abap/5_syntax/statements/delete_report.ts.DeleteReport::runSyntax,src/abap/5_syntax/statements/delete_report.ts.DeleteReport::runSyntax/body/s0,src/abap/5_syntax/statements/delete_report.ts:10:5,syntax,foreach,classref<src/abap/nodes/expression_node.ts.ExpressionNode>,shared object table,classref<src/abap/nodes/expression_node.ts.ExpressionNode>,1,false,1,1,1,hierarchy/mixed upper bound,class:src/abap/nodes/expression_node.ts.ExpressionNode;class:src/abap/nodes/statement_node.ts.StatementNode;class:src/abap/nodes/structure_node.ts.StructureNode;class:src/abap/nodes/token_node.ts.TokenNode;class:src/abap/nodes/token_node_regex.ts.TokenNodeRegex,classref<src/abap/nodes/expression_node.ts.ExpressionNode>
src/abap/5_syntax/statements/do.ts.Do::runSyntax,src/abap/5_syntax/statements/do.ts.Do::runSyntax/body/s1,src/abap/5_syntax/statements/do.ts:15:5,syntax,foreach,classref<src/abap/nodes/expression_node.ts.ExpressionNode>,shared object table,classref<src/abap/nodes/expression_node.ts.ExpressionNode>,1,false,1,1,1,hierarchy/mixed upper bound,class:src/abap/nodes/expression_node.ts.ExpressionNode;class:src/abap/nodes/statement_node.ts.StatementNode;class:src/abap/nodes/structure_node.ts.StructureNode;class:src/abap/nodes/token_node.ts.TokenNode;class:src/abap/nodes/token_node_regex.ts.TokenNodeRegex,classref<src/abap/nodes/expression_node.ts.ExpressionNode>
src/abap/5_syntax/statements/do.ts.Do::runSyntax,src/abap/5_syntax/statements/do.ts.Do::runSyntax/body/s2,src/abap/5_syntax/statements/do.ts:25:5,syntax,foreach,classref<src/abap/nodes/expression_node.ts.ExpressionNode>,shared object table,classref<src/abap/nodes/expression_node.ts.ExpressionNode>,1,false,1,1,1,hierarchy/mixed upper bound,class:src/abap/nodes/expression_node.ts.ExpressionNode;class:src/abap/nodes/statement_node.ts.StatementNode;class:src/abap/nodes/structure_node.ts.StructureNode;class:src/abap/nodes/token_node.ts.TokenNode;class:src/abap/nodes/token_node_regex.ts.TokenNodeRegex,classref<src/abap/nodes/expression_node.ts.ExpressionNode>
src/abap/5_syntax/statements/else_if.ts.ElseIf::runSyntax,src/abap/5_syntax/statements/else_if.ts.ElseIf::runSyntax/body/s0,src/abap/5_syntax/statements/else_if.ts:9:5,syntax,foreach,classref<src/abap/nodes/expression_node.ts.ExpressionNode>,shared object table,classref<src/abap/nodes/expression_node.ts.ExpressionNode>,1,false,1,1,1,hierarchy/mixed upper bound,class:src/abap/nodes/expression_node.ts.ExpressionNode;class:src/abap/nodes/statement_node.ts.StatementNode;class:src/abap/nodes/structure_node.ts.StructureNode;class:src/abap/nodes/token_node.ts.TokenNode;class:src/abap/nodes/token_node_regex.ts.TokenNodeRegex,classref<src/abap/nodes/expression_node.ts.ExpressionNode>
src/abap/5_syntax/statements/export.ts.Export::runSyntax,src/abap/5_syntax/statements/export.ts.Export::runSyntax/body/s0,src/abap/5_syntax/statements/export.ts:11:5,syntax,foreach,classref<src/abap/nodes/expression_node.ts.ExpressionNode>,shared object table,classref<src/abap/nodes/expression_node.ts.ExpressionNode>,1,false,1,1,1,hierarchy/mixed upper bound,class:src/abap/nodes/expression_node.ts.ExpressionNode;class:src/abap/nodes/statement_node.ts.StatementNode;class:src/abap/nodes/structure_node.ts.StructureNode;class:src/abap/nodes/token_node.ts.TokenNode;class:src/abap/nodes/token_node_regex.ts.TokenNodeRegex,classref<src/abap/nodes/expression_node.ts.ExpressionNode>
src/abap/5_syntax/statements/export.ts.Export::runSyntax,src/abap/5_syntax/statements/export.ts.Export::runSyntax/body/s1,src/abap/5_syntax/statements/export.ts:15:5,syntax,foreach,classref<src/abap/nodes/expression_node.ts.ExpressionNode>,shared object table,classref<src/abap/nodes/expression_node.ts.ExpressionNode>,1,false,1,1,1,hierarchy/mixed upper bound,class:src/abap/nodes/expression_node.ts.ExpressionNode;class:src/abap/nodes/statement_node.ts.StatementNode;class:src/abap/nodes/structure_node.ts.StructureNode;class:src/abap/nodes/token_node.ts.TokenNode;class:src/abap/nodes/token_node_regex.ts.TokenNodeRegex,classref<src/abap/nodes/expression_node.ts.ExpressionNode>
src/abap/5_syntax/statements/find.ts.Find::runSyntax,src/abap/5_syntax/statements/find.ts.Find::runSyntax/body/s0,src/abap/5_syntax/statements/find.ts:14:5,syntax,foreach,classref<src/abap/nodes/expression_node.ts.ExpressionNode>,shared object table,classref<src/abap/nodes/expression_node.ts.ExpressionNode>,1,false,1,1,1,hierarchy/mixed upper bound,class:src/abap/nodes/expression_node.ts.ExpressionNode;class:src/abap/nodes/statement_node.ts.StatementNode;class:src/abap/nodes/structure_node.ts.StructureNode;class:src/abap/nodes/token_node.ts.TokenNode;class:src/abap/nodes/token_node_regex.ts.TokenNodeRegex,classref<src/abap/nodes/expression_node.ts.ExpressionNode>
src/abap/5_syntax/statements/find.ts.Find::runSyntax,src/abap/5_syntax/statements/find.ts.Find::runSyntax/body/s11/body/s0,src/abap/5_syntax/statements/find.ts:59:7,syntax,foreach,classref<src/abap/nodes/expression_node.ts.ExpressionNode>,shared object table,classref<src/abap/nodes/expression_node.ts.ExpressionNode>,1,false,1,1,1,hierarchy/mixed upper bound,class:src/abap/nodes/expression_node.ts.ExpressionNode;class:src/abap/nodes/statement_node.ts.StatementNode;class:src/abap/nodes/structure_node.ts.StructureNode;class:src/abap/nodes/token_node.ts.TokenNode;class:src/abap/nodes/token_node_regex.ts.TokenNodeRegex,classref<src/abap/nodes/expression_node.ts.ExpressionNode>
src/abap/5_syntax/statements/find.ts.Find::runSyntax,src/abap/5_syntax/statements/find.ts.Find::runSyntax/body/s2/body/s0/x/arg0/seq/s0/x,src/abap/5_syntax/statements/find.ts:20:37,syntax,new,classref<src/abap/types/basic/structure_type.ts.IStructureComponent>,shared object table,,0,false,0,0,0,exact,class:src/abap/types/basic/structure_type.ts.IStructureComponent,classref<src/abap/types/basic/structure_type.ts.IStructureComponent>
src/abap/5_syntax/statements/find.ts.Find::runSyntax,src/abap/5_syntax/statements/find.ts.Find::runSyntax/body/s2/body/s1/x/arg0/seq/s0/x,src/abap/5_syntax/statements/find.ts:23:38,syntax,new,classref<src/abap/types/basic/structure_type.ts.IStructureComponent>,shared object table,,0,false,0,0,0,exact,class:src/abap/types/basic/structure_type.ts.IStructureComponent,classref<src/abap/types/basic/structure_type.ts.IStructureComponent>
src/abap/5_syntax/statements/find.ts.Find::runSyntax,src/abap/5_syntax/statements/find.ts.Find::runSyntax/body/s4,src/abap/5_syntax/statements/find.ts:37:5,syntax,foreach,classref<src/abap/nodes/expression_node.ts.ExpressionNode>,shared object table,classref<src/abap/nodes/expression_node.ts.ExpressionNode>,1,false,1,1,1,hierarchy/mixed upper bound,class:src/abap/nodes/expression_node.ts.ExpressionNode;class:src/abap/nodes/statement_node.ts.StatementNode;class:src/abap/nodes/structure_node.ts.StructureNode;class:src/abap/nodes/token_node.ts.TokenNode;class:src/abap/nodes/token_node_regex.ts.TokenNodeRegex,classref<src/abap/nodes/expression_node.ts.ExpressionNode>
src/abap/5_syntax/statements/free.ts.Free::runSyntax,src/abap/5_syntax/statements/free.ts.Free::runSyntax/body/s0,src/abap/5_syntax/statements/free.ts:10:5,syntax,foreach,classref<src/abap/nodes/expression_node.ts.ExpressionNode>,shared object table,classref<src/abap/nodes/expression_node.ts.ExpressionNode>,1,false,1,1,1,hierarchy/mixed upper bound,class:src/abap/nodes/expression_node.ts.ExpressionNode;class:src/abap/nodes/statement_node.ts.StatementNode;class:src/abap/nodes/structure_node.ts.StructureNode;class:src/abap/nodes/token_node.ts.TokenNode;class:src/abap/nodes/token_node_regex.ts.TokenNodeRegex,classref<src/abap/nodes/expression_node.ts.ExpressionNode>
src/abap/5_syntax/statements/get_bit.ts.GetBit::runSyntax,src/abap/5_syntax/statements/get_bit.ts.GetBit::runSyntax/body/s1,src/abap/5_syntax/statements/get_bit.ts:16:5,syntax,foreach,classref<src/abap/nodes/expression_node.ts.ExpressionNode>,shared object table,classref<src/abap/nodes/expression_node.ts.ExpressionNode>,1,false,1,1,1,hierarchy/mixed upper bound,class:src/abap/nodes/expression_node.ts.ExpressionNode;class:src/abap/nodes/statement_node.ts.StatementNode;class:src/abap/nodes/structure_node.ts.StructureNode;class:src/abap/nodes/token_node.ts.TokenNode;class:src/abap/nodes/token_node_regex.ts.TokenNodeRegex,classref<src/abap/nodes/expression_node.ts.ExpressionNode>
src/abap/5_syntax/statements/get_bit.ts.GetBit::runSyntax,src/abap/5_syntax/statements/get_bit.ts.GetBit::runSyntax/body/s3,src/abap/5_syntax/statements/get_bit.ts:26:5,syntax,foreach,classref<src/abap/nodes/expression_node.ts.ExpressionNode>,shared object table,classref<src/abap/nodes/expression_node.ts.ExpressionNode>,1,false,1,1,1,hierarchy/mixed upper bound,class:src/abap/nodes/expression_node.ts.ExpressionNode;class:src/abap/nodes/statement_node.ts.StatementNode;class:src/abap/nodes/structure_node.ts.StructureNode;class:src/abap/nodes/token_node.ts.TokenNode;class:src/abap/nodes/token_node_regex.ts.TokenNodeRegex,classref<src/abap/nodes/expression_node.ts.ExpressionNode>
src/abap/5_syntax/statements/get_locale.ts.GetLocale::runSyntax,src/abap/5_syntax/statements/get_locale.ts.GetLocale::runSyntax/body/s0,src/abap/5_syntax/statements/get_locale.ts:11:5,syntax,foreach,classref<src/abap/nodes/expression_node.ts.ExpressionNode>,shared object table,classref<src/abap/nodes/expression_node.ts.ExpressionNode>,1,false,1,1,1,hierarchy/mixed upper bound,class:src/abap/nodes/expression_node.ts.ExpressionNode;class:src/abap/nodes/statement_node.ts.StatementNode;class:src/abap/nodes/structure_node.ts.StructureNode;class:src/abap/nodes/token_node.ts.TokenNode;class:src/abap/nodes/token_node_regex.ts.TokenNodeRegex,classref<src/abap/nodes/expression_node.ts.ExpressionNode>
src/abap/5_syntax/statements/get_locale.ts.GetLocale::runSyntax,src/abap/5_syntax/statements/get_locale.ts.GetLocale::runSyntax/body/s1,src/abap/5_syntax/statements/get_locale.ts:15:5,syntax,foreach,classref<src/abap/nodes/expression_node.ts.ExpressionNode>,shared object table,classref<src/abap/nodes/expression_node.ts.ExpressionNode>,1,false,1,1,1,hierarchy/mixed upper bound,class:src/abap/nodes/expression_node.ts.ExpressionNode;class:src/abap/nodes/statement_node.ts.StatementNode;class:src/abap/nodes/structure_node.ts.StructureNode;class:src/abap/nodes/token_node.ts.TokenNode;class:src/abap/nodes/token_node_regex.ts.TokenNodeRegex,classref<src/abap/nodes/expression_node.ts.ExpressionNode>
src/abap/5_syntax/statements/get_parameter.ts.GetParameter::runSyntax,src/abap/5_syntax/statements/get_parameter.ts.GetParameter::runSyntax/body/s3,src/abap/5_syntax/statements/get_parameter.ts:21:5,syntax,foreach,classref<src/abap/nodes/expression_node.ts.ExpressionNode>,shared object table,classref<src/abap/nodes/expression_node.ts.ExpressionNode>,1,false,1,1,1,hierarchy/mixed upper bound,class:src/abap/nodes/expression_node.ts.ExpressionNode;class:src/abap/nodes/statement_node.ts.StatementNode;class:src/abap/nodes/structure_node.ts.StructureNode;class:src/abap/nodes/token_node.ts.TokenNode;class:src/abap/nodes/token_node_regex.ts.TokenNodeRegex,classref<src/abap/nodes/expression_node.ts.ExpressionNode>
src/abap/5_syntax/statements/if.ts.If::runSyntax,src/abap/5_syntax/statements/if.ts.If::runSyntax/body/s0,src/abap/5_syntax/statements/if.ts:9:5,syntax,foreach,classref<src/abap/nodes/expression_node.ts.ExpressionNode>,shared object table,classref<src/abap/nodes/expression_node.ts.ExpressionNode>,1,false,1,1,1,hierarchy/mixed upper bound,class:src/abap/nodes/expression_node.ts.ExpressionNode;class:src/abap/nodes/statement_node.ts.StatementNode;class:src/abap/nodes/structure_node.ts.StructureNode;class:src/abap/nodes/token_node.ts.TokenNode;class:src/abap/nodes/token_node_regex.ts.TokenNodeRegex,classref<src/abap/nodes/expression_node.ts.ExpressionNode>
src/abap/5_syntax/statements/import.ts.Import::runSyntax,src/abap/5_syntax/statements/import.ts.Import::runSyntax/body/s0,src/abap/5_syntax/statements/import.ts:11:5,syntax,foreach,classref<src/abap/nodes/expression_node.ts.ExpressionNode>,shared object table,classref<src/abap/nodes/expression_node.ts.ExpressionNode>,1,false,1,1,1,hierarchy/mixed upper bound,class:src/abap/nodes/expression_node.ts.ExpressionNode;class:src/abap/nodes/statement_node.ts.StatementNode;class:src/abap/nodes/structure_node.ts.StructureNode;class:src/abap/nodes/token_node.ts.TokenNode;class:src/abap/nodes/token_node_regex.ts.TokenNodeRegex,classref<src/abap/nodes/expression_node.ts.ExpressionNode>
src/abap/5_syntax/statements/import.ts.Import::runSyntax,src/abap/5_syntax/statements/import.ts.Import::runSyntax/body/s1,src/abap/5_syntax/statements/import.ts:15:5,syntax,foreach,classref<src/abap/nodes/expression_node.ts.ExpressionNode>,shared object table,classref<src/abap/nodes/expression_node.ts.ExpressionNode>,1,false,1,1,1,hierarchy/mixed upper bound,class:src/abap/nodes/expression_node.ts.ExpressionNode;class:src/abap/nodes/statement_node.ts.StatementNode;class:src/abap/nodes/structure_node.ts.StructureNode;class:src/abap/nodes/token_node.ts.TokenNode;class:src/abap/nodes/token_node_regex.ts.TokenNodeRegex,classref<src/abap/nodes/expression_node.ts.ExpressionNode>
src/abap/5_syntax/statements/include_type.ts.IncludeType::runSyntax,src/abap/5_syntax/statements/include_type.ts.IncludeType::runSyntax/body/s0/x,src/abap/5_syntax/statements/include_type.ts:12:47,syntax,new,classref<src/abap/types/basic/structure_type.ts.IStructureComponent>,shared object table,,0,false,0,0,0,unknown native/unresolved flow,class:src/abap/types/basic/structure_type.ts.IStructureComponent;unknown:classref<src/abap/types/basic/structure_type.ts.IStructureComponent>,classref<src/abap/types/basic/structure_type.ts.IStructureComponent>
src/abap/5_syntax/statements/include_type.ts.IncludeType::runSyntax,src/abap/5_syntax/statements/include_type.ts.IncludeType::runSyntax/body/s13/body/s0/x,src/abap/5_syntax/statements/include_type.ts:55:49,syntax,new,classref<src/abap/types/basic/structure_type.ts.IStructureComponent>,shared object table,,0,false,0,0,0,exact,class:src/abap/types/basic/structure_type.ts.IStructureComponent,classref<src/abap/types/basic/structure_type.ts.IStructureComponent>
src/abap/5_syntax/statements/include_type.ts.IncludeType::runSyntax,src/abap/5_syntax/statements/include_type.ts.IncludeType::runSyntax/body/s13/body/s1,src/abap/5_syntax/statements/include_type.ts:56:7,syntax,foreach,classref<src/abap/types/basic/structure_type.ts.IStructureComponent>,shared object table,classref<src/abap/types/basic/structure_type.ts.IStructureComponent>,1,false,1,1,1,unknown native/unresolved flow,class:src/abap/types/basic/structure_type.ts.IStructureComponent;unknown:classref<src/abap/types/basic/structure_type.ts.IStructureComponent>,classref<src/abap/types/basic/structure_type.ts.IStructureComponent>
src/abap/5_syntax/statements/include_type.ts.IncludeType::runSyntax,src/abap/5_syntax/statements/include_type.ts.IncludeType::runSyntax/body/s14/s1/body/s0/x/seq/s0,src/abap/5_syntax/statements/include_type.ts:75:7,syntax,foreach,classref<src/abap/types/basic/structure_type.ts.IStructureComponent>,shared object table,classref<src/abap/types/basic/structure_type.ts.IStructureComponent>,1,false,1,1,1,unknown native/unresolved flow,class:src/abap/types/basic/structure_type.ts.IStructureComponent;unknown:classref<src/abap/types/basic/structure_type.ts.IStructureComponent>,classref<src/abap/types/basic/structure_type.ts.IStructureComponent>
src/abap/5_syntax/statements/include_type.ts.IncludeType::runSyntax,src/abap/5_syntax/statements/include_type.ts.IncludeType::runSyntax/body/s9/body/s0/y/arg0,src/abap/5_syntax/statements/include_type.ts:33:32,syntax,array.concat,classref<src/abap/types/basic/structure_type.ts.IStructureComponent>,shared object table,,0,false,0,0,0,unknown native/unresolved flow,class:src/abap/types/basic/structure_type.ts.IStructureComponent;unknown:classref<src/abap/types/basic/structure_type.ts.IStructureComponent>,classref<src/abap/types/basic/structure_type.ts.IStructureComponent>
src/abap/5_syntax/statements/include_type.ts.IncludeType::runSyntax,src/abap/5_syntax/statements/include_type.ts.IncludeType::runSyntax/body/s9/body/s0/y/arg0/arg0/seq/s0/x,src/abap/5_syntax/statements/include_type.ts:33:60,syntax,new,classref<src/abap/types/basic/structure_type.ts.IStructureComponent>,shared object table,,0,false,0,0,0,exact,class:src/abap/types/basic/structure_type.ts.IStructureComponent,classref<src/abap/types/basic/structure_type.ts.IStructureComponent>
src/abap/5_syntax/statements/insert_database.ts.InsertDatabase::runSyntax,src/abap/5_syntax/statements/insert_database.ts.InsertDatabase::runSyntax/body/s0,src/abap/5_syntax/statements/insert_database.ts:12:5,syntax,foreach,classref<src/abap/nodes/expression_node.ts.ExpressionNode>,shared object table,classref<src/abap/nodes/expression_node.ts.ExpressionNode>,1,false,1,1,1,hierarchy/mixed upper bound,class:src/abap/nodes/expression_node.ts.ExpressionNode;class:src/abap/nodes/statement_node.ts.StatementNode;class:src/abap/nodes/structure_node.ts.StructureNode;class:src/abap/nodes/token_node.ts.TokenNode;class:src/abap/nodes/token_node_regex.ts.TokenNodeRegex,classref<src/abap/nodes/expression_node.ts.ExpressionNode>
src/abap/5_syntax/statements/insert_database.ts.InsertDatabase::runSyntax,src/abap/5_syntax/statements/insert_database.ts.InsertDatabase::runSyntax/body/s1,src/abap/5_syntax/statements/insert_database.ts:15:5,syntax,foreach,classref<src/abap/nodes/expression_node.ts.ExpressionNode>,shared object table,classref<src/abap/nodes/expression_node.ts.ExpressionNode>,1,false,1,1,1,hierarchy/mixed upper bound,class:src/abap/nodes/expression_node.ts.ExpressionNode;class:src/abap/nodes/statement_node.ts.StatementNode;class:src/abap/nodes/structure_node.ts.StructureNode;class:src/abap/nodes/token_node.ts.TokenNode;class:src/abap/nodes/token_node_regex.ts.TokenNodeRegex,classref<src/abap/nodes/expression_node.ts.ExpressionNode>
src/abap/5_syntax/statements/insert_database.ts.InsertDatabase::runSyntax,src/abap/5_syntax/statements/insert_database.ts.InsertDatabase::runSyntax/body/s2,src/abap/5_syntax/statements/insert_database.ts:19:5,syntax,foreach,classref<src/abap/nodes/expression_node.ts.ExpressionNode>,shared object table,classref<src/abap/nodes/expression_node.ts.ExpressionNode>,1,false,1,1,1,hierarchy/mixed upper bound,class:src/abap/nodes/expression_node.ts.ExpressionNode;class:src/abap/nodes/statement_node.ts.StatementNode;class:src/abap/nodes/structure_node.ts.StructureNode;class:src/abap/nodes/token_node.ts.TokenNode;class:src/abap/nodes/token_node_regex.ts.TokenNodeRegex,classref<src/abap/nodes/expression_node.ts.ExpressionNode>
src/abap/5_syntax/statements/insert_internal.ts.InsertInternal::runSyntax,src/abap/5_syntax/statements/insert_internal.ts.InsertInternal::runSyntax/body/s14,src/abap/5_syntax/statements/insert_internal.ts:98:5,syntax,foreach,classref<src/abap/nodes/expression_node.ts.ExpressionNode>,shared object table,classref<src/abap/nodes/expression_node.ts.ExpressionNode>,1,false,1,1,1,hierarchy/mixed upper bound,class:src/abap/nodes/expression_node.ts.ExpressionNode;class:src/abap/nodes/statement_node.ts.StatementNode;class:src/abap/nodes/structure_node.ts.StructureNode;class:src/abap/nodes/token_node.ts.TokenNode;class:src/abap/nodes/token_node_regex.ts.TokenNodeRegex,classref<src/abap/nodes/expression_node.ts.ExpressionNode>
src/abap/5_syntax/statements/insert_report.ts.InsertReport::runSyntax,src/abap/5_syntax/statements/insert_report.ts.InsertReport::runSyntax/body/s0,src/abap/5_syntax/statements/insert_report.ts:10:5,syntax,foreach,classref<src/abap/nodes/expression_node.ts.ExpressionNode>,shared object table,classref<src/abap/nodes/expression_node.ts.ExpressionNode>,1,false,1,1,1,hierarchy/mixed upper bound,class:src/abap/nodes/expression_node.ts.ExpressionNode;class:src/abap/nodes/statement_node.ts.StatementNode;class:src/abap/nodes/structure_node.ts.StructureNode;class:src/abap/nodes/token_node.ts.TokenNode;class:src/abap/nodes/token_node_regex.ts.TokenNodeRegex,classref<src/abap/nodes/expression_node.ts.ExpressionNode>
src/abap/5_syntax/statements/insert_textpool.ts.InsertTextpool::runSyntax,src/abap/5_syntax/statements/insert_textpool.ts.InsertTextpool::runSyntax/body/s0,src/abap/5_syntax/statements/insert_textpool.ts:10:5,syntax,foreach,classref<src/abap/nodes/expression_node.ts.ExpressionNode>,shared object table,classref<src/abap/nodes/expression_node.ts.ExpressionNode>,1,false,1,1,1,hierarchy/mixed upper bound,class:src/abap/nodes/expression_node.ts.ExpressionNode;class:src/abap/nodes/statement_node.ts.StatementNode;class:src/abap/nodes/structure_node.ts.StructureNode;class:src/abap/nodes/token_node.ts.TokenNode;class:src/abap/nodes/token_node_regex.ts.TokenNodeRegex,classref<src/abap/nodes/expression_node.ts.ExpressionNode>
src/abap/5_syntax/statements/loop.ts.Loop::runSyntax,src/abap/5_syntax/statements/loop.ts.Loop::runSyntax/body/s19/body/s2/body/s0/y/1/2/seq/s4/body/s0/x/0,,syntax,array.get,classref<src/abap/types/basic/table_type.ts.ITableKey>,shared object table,optional<classref<src/abap/types/basic/table_type.ts.ITableKey>>,1,false,1,1,1,exact,class:src/abap/types/basic/table_type.ts.ITableKey,classref<src/abap/types/basic/table_type.ts.ITableKey>
src/abap/5_syntax/statements/loop.ts.Loop::runSyntax,src/abap/5_syntax/statements/loop.ts.Loop::runSyntax/body/s19/body/s2/body/s2/body/s0/x/seq/s1,src/abap/5_syntax/statements/loop.ts:118:28,syntax,foreach,classref<src/abap/nodes/expression_node.ts.ExpressionNode>,shared object table,classref<src/abap/nodes/expression_node.ts.ExpressionNode>,1,false,1,1,1,hierarchy/mixed upper bound,class:src/abap/nodes/expression_node.ts.ExpressionNode;class:src/abap/nodes/statement_node.ts.StatementNode;class:src/abap/nodes/structure_node.ts.StructureNode;class:src/abap/nodes/token_node.ts.TokenNode;class:src/abap/nodes/token_node_regex.ts.TokenNodeRegex,classref<src/abap/nodes/expression_node.ts.ExpressionNode>
src/abap/5_syntax/statements/loop.ts.Loop::runSyntax,src/abap/5_syntax/statements/loop.ts.Loop::runSyntax/body/s22,src/abap/5_syntax/statements/loop.ts:135:5,syntax,foreach,classref<src/abap/nodes/expression_node.ts.ExpressionNode>,shared object table,classref<src/abap/nodes/expression_node.ts.ExpressionNode>,1,false,1,1,1,hierarchy/mixed upper bound,class:src/abap/nodes/expression_node.ts.ExpressionNode;class:src/abap/nodes/statement_node.ts.StatementNode;class:src/abap/nodes/structure_node.ts.StructureNode;class:src/abap/nodes/token_node.ts.TokenNode;class:src/abap/nodes/token_node_regex.ts.TokenNodeRegex,classref<src/abap/nodes/expression_node.ts.ExpressionNode>
src/abap/5_syntax/statements/loop.ts.Loop::runSyntax,src/abap/5_syntax/statements/loop.ts.Loop::runSyntax/body/s25,src/abap/5_syntax/statements/loop.ts:152:5,syntax,foreach,classref<src/abap/nodes/expression_node.ts.ExpressionNode>,shared object table,classref<src/abap/nodes/expression_node.ts.ExpressionNode>,1,false,1,1,1,hierarchy/mixed upper bound,class:src/abap/nodes/expression_node.ts.ExpressionNode;class:src/abap/nodes/statement_node.ts.StatementNode;class:src/abap/nodes/structure_node.ts.StructureNode;class:src/abap/nodes/token_node.ts.TokenNode;class:src/abap/nodes/token_node_regex.ts.TokenNodeRegex,classref<src/abap/nodes/expression_node.ts.ExpressionNode>
src/abap/5_syntax/statements/loop.ts.Loop::runSyntax,src/abap/5_syntax/statements/loop.ts.Loop::runSyntax/body/s7/body/s0/y/1,src/abap/5_syntax/statements/loop.ts:32:21,syntax,index,classref<src/abap/nodes/expression_node.ts.ExpressionNode>,shared object table,classref<src/abap/nodes/expression_node.ts.ExpressionNode>,0,false,1,1,1,hierarchy/mixed upper bound,class:src/abap/nodes/expression_node.ts.ExpressionNode;class:src/abap/nodes/statement_node.ts.StatementNode;class:src/abap/nodes/structure_node.ts.StructureNode;class:src/abap/nodes/token_node.ts.TokenNode;class:src/abap/nodes/token_node_regex.ts.TokenNodeRegex,classref<src/abap/nodes/expression_node.ts.ExpressionNode>
src/abap/5_syntax/statements/message.ts.Message::runSyntax,src/abap/5_syntax/statements/message.ts.Message::runSyntax/body/s3,src/abap/5_syntax/statements/message.ts:22:5,syntax,foreach,classref<src/abap/nodes/expression_node.ts.ExpressionNode>,shared object table,classref<src/abap/nodes/expression_node.ts.ExpressionNode>,1,false,1,1,1,hierarchy/mixed upper bound,class:src/abap/nodes/expression_node.ts.ExpressionNode;class:src/abap/nodes/statement_node.ts.StatementNode;class:src/abap/nodes/structure_node.ts.StructureNode;class:src/abap/nodes/token_node.ts.TokenNode;class:src/abap/nodes/token_node_regex.ts.TokenNodeRegex,classref<src/abap/nodes/expression_node.ts.ExpressionNode>
src/abap/5_syntax/statements/message.ts.Message::runSyntax,src/abap/5_syntax/statements/message.ts.Message::runSyntax/body/s3/body/s0,src/abap/5_syntax/statements/message.ts:23:7,syntax,foreach,classref<src/abap/nodes/expression_node.ts.ExpressionNode>,shared object table,classref<src/abap/nodes/expression_node.ts.ExpressionNode>,2,false,1,1,1,hierarchy/mixed upper bound,class:src/abap/nodes/expression_node.ts.ExpressionNode;class:src/abap/nodes/statement_node.ts.StatementNode;class:src/abap/nodes/structure_node.ts.StructureNode;class:src/abap/nodes/token_node.ts.TokenNode;class:src/abap/nodes/token_node_regex.ts.TokenNodeRegex,classref<src/abap/nodes/expression_node.ts.ExpressionNode>
src/abap/5_syntax/statements/message.ts.Message::runSyntax,src/abap/5_syntax/statements/message.ts.Message::runSyntax/body/s3/body/s1,src/abap/5_syntax/statements/message.ts:26:7,syntax,foreach,classref<src/abap/nodes/expression_node.ts.ExpressionNode>,shared object table,classref<src/abap/nodes/expression_node.ts.ExpressionNode>,2,false,1,1,1,hierarchy/mixed upper bound,class:src/abap/nodes/expression_node.ts.ExpressionNode;class:src/abap/nodes/statement_node.ts.StatementNode;class:src/abap/nodes/structure_node.ts.StructureNode;class:src/abap/nodes/token_node.ts.TokenNode;class:src/abap/nodes/token_node_regex.ts.TokenNodeRegex,classref<src/abap/nodes/expression_node.ts.ExpressionNode>
src/abap/5_syntax/statements/message.ts.Message::runSyntax,src/abap/5_syntax/statements/message.ts.Message::runSyntax/body/s4,src/abap/5_syntax/statements/message.ts:31:5,syntax,foreach,classref<src/abap/nodes/expression_node.ts.ExpressionNode>,shared object table,classref<src/abap/nodes/expression_node.ts.ExpressionNode>,1,false,1,1,1,hierarchy/mixed upper bound,class:src/abap/nodes/expression_node.ts.ExpressionNode;class:src/abap/nodes/statement_node.ts.StatementNode;class:src/abap/nodes/structure_node.ts.StructureNode;class:src/abap/nodes/token_node.ts.TokenNode;class:src/abap/nodes/token_node_regex.ts.TokenNodeRegex,classref<src/abap/nodes/expression_node.ts.ExpressionNode>
src/abap/5_syntax/statements/message.ts.Message::runSyntax,src/abap/5_syntax/statements/message.ts.Message::runSyntax/body/s5,src/abap/5_syntax/statements/message.ts:34:5,syntax,foreach,classref<src/abap/nodes/expression_node.ts.ExpressionNode>,shared object table,classref<src/abap/nodes/expression_node.ts.ExpressionNode>,1,false,1,1,1,hierarchy/mixed upper bound,class:src/abap/nodes/expression_node.ts.ExpressionNode;class:src/abap/nodes/statement_node.ts.StatementNode;class:src/abap/nodes/structure_node.ts.StructureNode;class:src/abap/nodes/token_node.ts.TokenNode;class:src/abap/nodes/token_node_regex.ts.TokenNodeRegex,classref<src/abap/nodes/expression_node.ts.ExpressionNode>
src/abap/5_syntax/statements/message.ts.Message::runSyntax,src/abap/5_syntax/statements/message.ts.Message::runSyntax/body/s6,src/abap/5_syntax/statements/message.ts:37:5,syntax,foreach,classref<src/abap/nodes/expression_node.ts.ExpressionNode>,shared object table,classref<src/abap/nodes/expression_node.ts.ExpressionNode>,1,false,1,1,1,hierarchy/mixed upper bound,class:src/abap/nodes/expression_node.ts.ExpressionNode;class:src/abap/nodes/statement_node.ts.StatementNode;class:src/abap/nodes/structure_node.ts.StructureNode;class:src/abap/nodes/token_node.ts.TokenNode;class:src/abap/nodes/token_node_regex.ts.TokenNodeRegex,classref<src/abap/nodes/expression_node.ts.ExpressionNode>
src/abap/5_syntax/statements/method_implementation.ts.MethodImplementation::runSyntax,src/abap/5_syntax/statements/method_implementation.ts.MethodImplementation::runSyntax/body/s15,src/abap/5_syntax/statements/method_implementation.ts:53:5,syntax,foreach,classref<src/abap/types/_interface_definition.ts.IImplementing>,shared object table,classref<src/abap/types/_interface_definition.ts.IImplementing>,1,false,1,1,1,exact,class:src/abap/types/_interface_definition.ts.IImplementing,classref<src/abap/types/_interface_definition.ts.IImplementing>
src/abap/5_syntax/statements/modify_database.ts.ModifyDatabase::runSyntax,src/abap/5_syntax/statements/modify_database.ts.ModifyDatabase::runSyntax/body/s0,src/abap/5_syntax/statements/modify_database.ts:12:5,syntax,foreach,classref<src/abap/nodes/expression_node.ts.ExpressionNode>,shared object table,classref<src/abap/nodes/expression_node.ts.ExpressionNode>,1,false,1,1,1,hierarchy/mixed upper bound,class:src/abap/nodes/expression_node.ts.ExpressionNode;class:src/abap/nodes/statement_node.ts.StatementNode;class:src/abap/nodes/structure_node.ts.StructureNode;class:src/abap/nodes/token_node.ts.TokenNode;class:src/abap/nodes/token_node_regex.ts.TokenNodeRegex,classref<src/abap/nodes/expression_node.ts.ExpressionNode>
src/abap/5_syntax/statements/modify_database.ts.ModifyDatabase::runSyntax,src/abap/5_syntax/statements/modify_database.ts.ModifyDatabase::runSyntax/body/s3,src/abap/5_syntax/statements/modify_database.ts:30:5,syntax,foreach,classref<src/abap/nodes/expression_node.ts.ExpressionNode>,shared object table,classref<src/abap/nodes/expression_node.ts.ExpressionNode>,1,false,1,1,1,hierarchy/mixed upper bound,class:src/abap/nodes/expression_node.ts.ExpressionNode;class:src/abap/nodes/statement_node.ts.StatementNode;class:src/abap/nodes/structure_node.ts.StructureNode;class:src/abap/nodes/token_node.ts.TokenNode;class:src/abap/nodes/token_node_regex.ts.TokenNodeRegex,classref<src/abap/nodes/expression_node.ts.ExpressionNode>
src/abap/5_syntax/statements/modify_database.ts.ModifyDatabase::runSyntax,src/abap/5_syntax/statements/modify_database.ts.ModifyDatabase::runSyntax/body/s4,src/abap/5_syntax/statements/modify_database.ts:33:5,syntax,foreach,classref<src/abap/nodes/expression_node.ts.ExpressionNode>,shared object table,classref<src/abap/nodes/expression_node.ts.ExpressionNode>,1,false,1,1,1,hierarchy/mixed upper bound,class:src/abap/nodes/expression_node.ts.ExpressionNode;class:src/abap/nodes/statement_node.ts.StatementNode;class:src/abap/nodes/structure_node.ts.StructureNode;class:src/abap/nodes/token_node.ts.TokenNode;class:src/abap/nodes/token_node_regex.ts.TokenNodeRegex,classref<src/abap/nodes/expression_node.ts.ExpressionNode>
src/abap/5_syntax/statements/modify_internal.ts.ModifyInternal::runSyntax,src/abap/5_syntax/statements/modify_internal.ts.ModifyInternal::runSyntax/body/s0,src/abap/5_syntax/statements/modify_internal.ts:14:5,syntax,foreach,classref<src/abap/nodes/expression_node.ts.ExpressionNode>,shared object table,classref<src/abap/nodes/expression_node.ts.ExpressionNode>,1,false,1,1,1,hierarchy/mixed upper bound,class:src/abap/nodes/expression_node.ts.ExpressionNode;class:src/abap/nodes/statement_node.ts.StatementNode;class:src/abap/nodes/structure_node.ts.StructureNode;class:src/abap/nodes/token_node.ts.TokenNode;class:src/abap/nodes/token_node_regex.ts.TokenNodeRegex,classref<src/abap/nodes/expression_node.ts.ExpressionNode>
src/abap/5_syntax/statements/modify_internal.ts.ModifyInternal::runSyntax,src/abap/5_syntax/statements/modify_internal.ts.ModifyInternal::runSyntax/body/s6,src/abap/5_syntax/statements/modify_internal.ts:63:5,syntax,foreach,classref<src/abap/nodes/expression_node.ts.ExpressionNode>,shared object table,classref<src/abap/nodes/expression_node.ts.ExpressionNode>,1,false,1,1,1,hierarchy/mixed upper bound,class:src/abap/nodes/expression_node.ts.ExpressionNode;class:src/abap/nodes/statement_node.ts.StatementNode;class:src/abap/nodes/structure_node.ts.StructureNode;class:src/abap/nodes/token_node.ts.TokenNode;class:src/abap/nodes/token_node_regex.ts.TokenNodeRegex,classref<src/abap/nodes/expression_node.ts.ExpressionNode>
src/abap/5_syntax/statements/modify_screen.ts.ModifyScreen::runSyntax,src/abap/5_syntax/statements/modify_screen.ts.ModifyScreen::runSyntax/body/s0,src/abap/5_syntax/statements/modify_screen.ts:10:5,syntax,foreach,classref<src/abap/nodes/expression_node.ts.ExpressionNode>,shared object table,classref<src/abap/nodes/expression_node.ts.ExpressionNode>,1,false,1,1,1,hierarchy/mixed upper bound,class:src/abap/nodes/expression_node.ts.ExpressionNode;class:src/abap/nodes/statement_node.ts.StatementNode;class:src/abap/nodes/structure_node.ts.StructureNode;class:src/abap/nodes/token_node.ts.TokenNode;class:src/abap/nodes/token_node_regex.ts.TokenNodeRegex,classref<src/abap/nodes/expression_node.ts.ExpressionNode>
src/abap/5_syntax/statements/move.ts.Move::runSyntax,src/abap/5_syntax/statements/move.ts.Move::runSyntax/body/s1/x,src/abap/5_syntax/statements/move.ts:17:25,syntax,index,classref<src/abap/nodes/expression_node.ts.ExpressionNode>,shared object table,classref<src/abap/nodes/expression_node.ts.ExpressionNode>,0,false,1,1,1,hierarchy/mixed upper bound,class:src/abap/nodes/expression_node.ts.ExpressionNode;class:src/abap/nodes/statement_node.ts.StatementNode;class:src/abap/nodes/structure_node.ts.StructureNode;class:src/abap/nodes/token_node.ts.TokenNode;class:src/abap/nodes/token_node_regex.ts.TokenNodeRegex,classref<src/abap/nodes/expression_node.ts.ExpressionNode>
src/abap/5_syntax/statements/move.ts.Move::runSyntax,src/abap/5_syntax/statements/move.ts.Move::runSyntax/body/s4/body/s1,src/abap/5_syntax/statements/move.ts:24:7,syntax,foreach,classref<src/abap/nodes/expression_node.ts.ExpressionNode>,shared object table,classref<src/abap/nodes/expression_node.ts.ExpressionNode>,1,false,1,1,1,hierarchy/mixed upper bound,class:src/abap/nodes/expression_node.ts.ExpressionNode;class:src/abap/nodes/statement_node.ts.StatementNode;class:src/abap/nodes/structure_node.ts.StructureNode;class:src/abap/nodes/token_node.ts.TokenNode;class:src/abap/nodes/token_node_regex.ts.TokenNodeRegex,classref<src/abap/nodes/expression_node.ts.ExpressionNode>
src/abap/5_syntax/statements/parameter.ts.Parameter::hasUserCommand,src/abap/5_syntax/statements/parameter.ts.Parameter::hasUserCommand/body/s1/s1/body/s0/s0/x/0/0/0/0/0,src/abap/5_syntax/statements/parameter.ts:64:11,syntax,index,classref<src/abap/1_lexer/tokens/abstract_token.ts.AbstractToken>,shared object table,classref<src/abap/1_lexer/tokens/abstract_token.ts.AbstractToken>,1,false,1,1,1,hierarchy/mixed upper bound,class:src/abap/1_lexer/tokens/association_name.ts.AssociationName;class:src/abap/1_lexer/tokens/at.ts.At;class:src/abap/1_lexer/tokens/atw.ts.AtW;class:src/abap/1_lexer/tokens/bracket_left.ts.BracketLeft;class:src/abap/1_lexer/tokens/bracket_leftw.ts.BracketLeftW;class:src/abap/1_lexer/tokens/bracket_right.ts.BracketRight;class:src/abap/1_lexer/tokens/bracket_rightw.ts.BracketRightW;class:src/abap/1_lexer/tokens/comment.ts.Comment;class:src/abap/1_lexer/tokens/dash.ts.Dash;class:src/abap/1_lexer/tokens/dashw.ts.DashW;class:src/abap/1_lexer/tokens/identifier.ts.Identifier;class:src/abap/1_lexer/tokens/instance_arrow.ts.InstanceArrow;class:src/abap/1_lexer/tokens/instance_arroww.ts.InstanceArrowW;class:src/abap/1_lexer/tokens/paren_left.ts.ParenLeft;class:src/abap/1_lexer/tokens/paren_leftw.ts.ParenLeftW;class:src/abap/1_lexer/tokens/paren_right.ts.ParenRight;class:src/abap/1_lexer/tokens/paren_rightw.ts.ParenRightW;class:src/abap/1_lexer/tokens/plus.ts.Plus;class:src/abap/1_lexer/tokens/plusw.ts.PlusW;class:src/abap/1_lexer/tokens/pragma.ts.Pragma;class:src/abap/1_lexer/tokens/punctuation.ts.Punctuation;class:src/abap/1_lexer/tokens/static_arrow.ts.StaticArrow;class:src/abap/1_lexer/tokens/static_arroww.ts.StaticArrowW;class:src/abap/1_lexer/tokens/string.ts.StringToken;class:src/abap/1_lexer/tokens/string_template.ts.StringTemplate;class:src/abap/1_lexer/tokens/string_template_begin.ts.StringTemplateBegin;class:src/abap/1_lexer/tokens/string_template_end.ts.StringTemplateEnd;class:src/abap/1_lexer/tokens/string_template_middle.ts.StringTemplateMiddle;class:src/abap/1_lexer/tokens/wat.ts.WAt;class:src/abap/1_lexer/tokens/watw.ts.WAtW;class:src/abap/1_lexer/tokens/wbracket_left.ts.WBracketLeft;class:src/abap/1_lexer/tokens/wbracket_leftw.ts.WBracketLeftW;class:src/abap/1_lexer/tokens/wbracket_right.ts.WBracketRight;class:src/abap/1_lexer/tokens/wbracket_rightw.ts.WBracketRightW;class:src/abap/1_lexer/tokens/wdash.ts.WDash;class:src/abap/1_lexer/tokens/wdashw.ts.WDashW;class:src/abap/1_lexer/tokens/winstance_arrow.ts.WInstanceArrow;class:src/abap/1_lexer/tokens/winstance_arroww.ts.WInstanceArrowW;class:src/abap/1_lexer/tokens/wparen_left.ts.WParenLeft;class:src/abap/1_lexer/tokens/wparen_leftw.ts.WParenLeftW;class:src/abap/1_lexer/tokens/wparen_right.ts.WParenRight;class:src/abap/1_lexer/tokens/wparen_rightw.ts.WParenRightW;class:src/abap/1_lexer/tokens/wplus.ts.WPlus;class:src/abap/1_lexer/tokens/wplusw.ts.WPlusW;class:src/abap/1_lexer/tokens/wstatic_arrow.ts.WStaticArrow;class:src/abap/1_lexer/tokens/wstatic_arroww.ts.WStaticArrowW,classref<src/abap/1_lexer/tokens/abstract_token.ts.AbstractToken>
src/abap/5_syntax/statements/parameter.ts.Parameter::hasUserCommand,src/abap/5_syntax/statements/parameter.ts.Parameter::hasUserCommand/body/s1/s1/body/s0/s0/x/0/1/0/0,src/abap/5_syntax/statements/parameter.ts:65:14,syntax,index,classref<src/abap/1_lexer/tokens/abstract_token.ts.AbstractToken>,shared object table,classref<src/abap/1_lexer/tokens/abstract_token.ts.AbstractToken>,1,false,1,1,1,hierarchy/mixed upper bound,class:src/abap/1_lexer/tokens/association_name.ts.AssociationName;class:src/abap/1_lexer/tokens/at.ts.At;class:src/abap/1_lexer/tokens/atw.ts.AtW;class:src/abap/1_lexer/tokens/bracket_left.ts.BracketLeft;class:src/abap/1_lexer/tokens/bracket_leftw.ts.BracketLeftW;class:src/abap/1_lexer/tokens/bracket_right.ts.BracketRight;class:src/abap/1_lexer/tokens/bracket_rightw.ts.BracketRightW;class:src/abap/1_lexer/tokens/comment.ts.Comment;class:src/abap/1_lexer/tokens/dash.ts.Dash;class:src/abap/1_lexer/tokens/dashw.ts.DashW;class:src/abap/1_lexer/tokens/identifier.ts.Identifier;class:src/abap/1_lexer/tokens/instance_arrow.ts.InstanceArrow;class:src/abap/1_lexer/tokens/instance_arroww.ts.InstanceArrowW;class:src/abap/1_lexer/tokens/paren_left.ts.ParenLeft;class:src/abap/1_lexer/tokens/paren_leftw.ts.ParenLeftW;class:src/abap/1_lexer/tokens/paren_right.ts.ParenRight;class:src/abap/1_lexer/tokens/paren_rightw.ts.ParenRightW;class:src/abap/1_lexer/tokens/plus.ts.Plus;class:src/abap/1_lexer/tokens/plusw.ts.PlusW;class:src/abap/1_lexer/tokens/pragma.ts.Pragma;class:src/abap/1_lexer/tokens/punctuation.ts.Punctuation;class:src/abap/1_lexer/tokens/static_arrow.ts.StaticArrow;class:src/abap/1_lexer/tokens/static_arroww.ts.StaticArrowW;class:src/abap/1_lexer/tokens/string.ts.StringToken;class:src/abap/1_lexer/tokens/string_template.ts.StringTemplate;class:src/abap/1_lexer/tokens/string_template_begin.ts.StringTemplateBegin;class:src/abap/1_lexer/tokens/string_template_end.ts.StringTemplateEnd;class:src/abap/1_lexer/tokens/string_template_middle.ts.StringTemplateMiddle;class:src/abap/1_lexer/tokens/wat.ts.WAt;class:src/abap/1_lexer/tokens/watw.ts.WAtW;class:src/abap/1_lexer/tokens/wbracket_left.ts.WBracketLeft;class:src/abap/1_lexer/tokens/wbracket_leftw.ts.WBracketLeftW;class:src/abap/1_lexer/tokens/wbracket_right.ts.WBracketRight;class:src/abap/1_lexer/tokens/wbracket_rightw.ts.WBracketRightW;class:src/abap/1_lexer/tokens/wdash.ts.WDash;class:src/abap/1_lexer/tokens/wdashw.ts.WDashW;class:src/abap/1_lexer/tokens/winstance_arrow.ts.WInstanceArrow;class:src/abap/1_lexer/tokens/winstance_arroww.ts.WInstanceArrowW;class:src/abap/1_lexer/tokens/wparen_left.ts.WParenLeft;class:src/abap/1_lexer/tokens/wparen_leftw.ts.WParenLeftW;class:src/abap/1_lexer/tokens/wparen_right.ts.WParenRight;class:src/abap/1_lexer/tokens/wparen_rightw.ts.WParenRightW;class:src/abap/1_lexer/tokens/wplus.ts.WPlus;class:src/abap/1_lexer/tokens/wplusw.ts.WPlusW;class:src/abap/1_lexer/tokens/wstatic_arrow.ts.WStaticArrow;class:src/abap/1_lexer/tokens/wstatic_arroww.ts.WStaticArrowW,classref<src/abap/1_lexer/tokens/abstract_token.ts.AbstractToken>
src/abap/5_syntax/statements/parameter.ts.Parameter::hasUserCommand,src/abap/5_syntax/statements/parameter.ts.Parameter::hasUserCommand/body/s1/s1/body/s0/s0/x/1/0/0/0,src/abap/5_syntax/statements/parameter.ts:66:14,syntax,index,classref<src/abap/1_lexer/tokens/abstract_token.ts.AbstractToken>,shared object table,classref<src/abap/1_lexer/tokens/abstract_token.ts.AbstractToken>,1,false,1,1,1,hierarchy/mixed upper bound,class:src/abap/1_lexer/tokens/association_name.ts.AssociationName;class:src/abap/1_lexer/tokens/at.ts.At;class:src/abap/1_lexer/tokens/atw.ts.AtW;class:src/abap/1_lexer/tokens/bracket_left.ts.BracketLeft;class:src/abap/1_lexer/tokens/bracket_leftw.ts.BracketLeftW;class:src/abap/1_lexer/tokens/bracket_right.ts.BracketRight;class:src/abap/1_lexer/tokens/bracket_rightw.ts.BracketRightW;class:src/abap/1_lexer/tokens/comment.ts.Comment;class:src/abap/1_lexer/tokens/dash.ts.Dash;class:src/abap/1_lexer/tokens/dashw.ts.DashW;class:src/abap/1_lexer/tokens/identifier.ts.Identifier;class:src/abap/1_lexer/tokens/instance_arrow.ts.InstanceArrow;class:src/abap/1_lexer/tokens/instance_arroww.ts.InstanceArrowW;class:src/abap/1_lexer/tokens/paren_left.ts.ParenLeft;class:src/abap/1_lexer/tokens/paren_leftw.ts.ParenLeftW;class:src/abap/1_lexer/tokens/paren_right.ts.ParenRight;class:src/abap/1_lexer/tokens/paren_rightw.ts.ParenRightW;class:src/abap/1_lexer/tokens/plus.ts.Plus;class:src/abap/1_lexer/tokens/plusw.ts.PlusW;class:src/abap/1_lexer/tokens/pragma.ts.Pragma;class:src/abap/1_lexer/tokens/punctuation.ts.Punctuation;class:src/abap/1_lexer/tokens/static_arrow.ts.StaticArrow;class:src/abap/1_lexer/tokens/static_arroww.ts.StaticArrowW;class:src/abap/1_lexer/tokens/string.ts.StringToken;class:src/abap/1_lexer/tokens/string_template.ts.StringTemplate;class:src/abap/1_lexer/tokens/string_template_begin.ts.StringTemplateBegin;class:src/abap/1_lexer/tokens/string_template_end.ts.StringTemplateEnd;class:src/abap/1_lexer/tokens/string_template_middle.ts.StringTemplateMiddle;class:src/abap/1_lexer/tokens/wat.ts.WAt;class:src/abap/1_lexer/tokens/watw.ts.WAtW;class:src/abap/1_lexer/tokens/wbracket_left.ts.WBracketLeft;class:src/abap/1_lexer/tokens/wbracket_leftw.ts.WBracketLeftW;class:src/abap/1_lexer/tokens/wbracket_right.ts.WBracketRight;class:src/abap/1_lexer/tokens/wbracket_rightw.ts.WBracketRightW;class:src/abap/1_lexer/tokens/wdash.ts.WDash;class:src/abap/1_lexer/tokens/wdashw.ts.WDashW;class:src/abap/1_lexer/tokens/winstance_arrow.ts.WInstanceArrow;class:src/abap/1_lexer/tokens/winstance_arroww.ts.WInstanceArrowW;class:src/abap/1_lexer/tokens/wparen_left.ts.WParenLeft;class:src/abap/1_lexer/tokens/wparen_leftw.ts.WParenLeftW;class:src/abap/1_lexer/tokens/wparen_right.ts.WParenRight;class:src/abap/1_lexer/tokens/wparen_rightw.ts.WParenRightW;class:src/abap/1_lexer/tokens/wplus.ts.WPlus;class:src/abap/1_lexer/tokens/wplusw.ts.WPlusW;class:src/abap/1_lexer/tokens/wstatic_arrow.ts.WStaticArrow;class:src/abap/1_lexer/tokens/wstatic_arroww.ts.WStaticArrowW,classref<src/abap/1_lexer/tokens/abstract_token.ts.AbstractToken>
src/abap/5_syntax/statements/perform.ts.Perform::checkParameters,src/abap/5_syntax/statements/perform.ts.Perform::checkParameters/body/s2/s1/body/s0/s0/x,src/abap/5_syntax/statements/perform.ts:103:36,syntax,index,classref<src/abap/5_syntax/statements/perform.ts.Parameter>,shared object table,classref<src/abap/5_syntax/statements/perform.ts.Parameter>,1,false,1,1,1,exact,class:src/abap/5_syntax/statements/perform.ts.Parameter,classref<src/abap/5_syntax/statements/perform.ts.Parameter>
src/abap/5_syntax/statements/perform.ts.Perform::checkParameters,src/abap/5_syntax/statements/perform.ts.Perform::checkParameters/body/s2/s1/body/s0/s4/x,src/abap/5_syntax/statements/perform.ts:107:25,syntax,index,classref<src/abap/types/_typed_identifier.ts.TypedIdentifier>,shared object table,classref<src/abap/types/_typed_identifier.ts.TypedIdentifier>,1,false,1,1,1,exact,class:src/abap/types/_typed_identifier.ts.TypedIdentifier,classref<src/abap/types/_typed_identifier.ts.TypedIdentifier>
src/abap/5_syntax/statements/perform.ts.Perform::runSyntax,src/abap/5_syntax/statements/perform.ts.Perform::runSyntax/body/s1/x,src/abap/5_syntax/statements/perform.ts:26:35,syntax,new,classref<src/abap/5_syntax/statements/perform.ts.Parameter>,shared object table,,0,false,0,0,0,exact,class:src/abap/5_syntax/statements/perform.ts.Parameter,classref<src/abap/5_syntax/statements/perform.ts.Parameter>
src/abap/5_syntax/statements/perform.ts.Perform::runSyntax,src/abap/5_syntax/statements/perform.ts.Perform::runSyntax/body/s2,src/abap/5_syntax/statements/perform.ts:27:5,syntax,foreach,classref<src/abap/nodes/expression_node.ts.ExpressionNode>,shared object table,classref<src/abap/nodes/expression_node.ts.ExpressionNode>,1,false,1,1,1,hierarchy/mixed upper bound,class:src/abap/nodes/expression_node.ts.ExpressionNode;class:src/abap/nodes/statement_node.ts.StatementNode;class:src/abap/nodes/structure_node.ts.StructureNode;class:src/abap/nodes/token_node.ts.TokenNode;class:src/abap/nodes/token_node_regex.ts.TokenNodeRegex,classref<src/abap/nodes/expression_node.ts.ExpressionNode>
src/abap/5_syntax/statements/perform.ts.Perform::runSyntax,src/abap/5_syntax/statements/perform.ts.Perform::runSyntax/body/s2/body/s0,src/abap/5_syntax/statements/perform.ts:28:7,syntax,foreach,classref<src/abap/nodes/expression_node.ts.ExpressionNode>,shared object table,classref<src/abap/nodes/expression_node.ts.ExpressionNode>,2,false,1,1,1,hierarchy/mixed upper bound,class:src/abap/nodes/expression_node.ts.ExpressionNode;class:src/abap/nodes/statement_node.ts.StatementNode;class:src/abap/nodes/structure_node.ts.StructureNode;class:src/abap/nodes/token_node.ts.TokenNode;class:src/abap/nodes/token_node_regex.ts.TokenNodeRegex,classref<src/abap/nodes/expression_node.ts.ExpressionNode>
src/abap/5_syntax/statements/perform.ts.Perform::runSyntax,src/abap/5_syntax/statements/perform.ts.Perform::runSyntax/body/s3/x,src/abap/5_syntax/statements/perform.ts:32:33,syntax,new,classref<src/abap/5_syntax/statements/perform.ts.Parameter>,shared object table,,0,false,0,0,0,exact,class:src/abap/5_syntax/statements/perform.ts.Parameter,classref<src/abap/5_syntax/statements/perform.ts.Parameter>
src/abap/5_syntax/statements/perform.ts.Perform::runSyntax,src/abap/5_syntax/statements/perform.ts.Perform::runSyntax/body/s4,src/abap/5_syntax/statements/perform.ts:33:5,syntax,foreach,classref<src/abap/nodes/expression_node.ts.ExpressionNode>,shared object table,classref<src/abap/nodes/expression_node.ts.ExpressionNode>,1,false,1,1,1,hierarchy/mixed upper bound,class:src/abap/nodes/expression_node.ts.ExpressionNode;class:src/abap/nodes/statement_node.ts.StatementNode;class:src/abap/nodes/structure_node.ts.StructureNode;class:src/abap/nodes/token_node.ts.TokenNode;class:src/abap/nodes/token_node_regex.ts.TokenNodeRegex,classref<src/abap/nodes/expression_node.ts.ExpressionNode>
src/abap/5_syntax/statements/perform.ts.Perform::runSyntax,src/abap/5_syntax/statements/perform.ts.Perform::runSyntax/body/s4/body/s0,src/abap/5_syntax/statements/perform.ts:34:7,syntax,foreach,classref<src/abap/nodes/expression_node.ts.ExpressionNode>,shared object table,classref<src/abap/nodes/expression_node.ts.ExpressionNode>,2,false,1,1,1,hierarchy/mixed upper bound,class:src/abap/nodes/expression_node.ts.ExpressionNode;class:src/abap/nodes/statement_node.ts.StatementNode;class:src/abap/nodes/structure_node.ts.StructureNode;class:src/abap/nodes/token_node.ts.TokenNode;class:src/abap/nodes/token_node_regex.ts.TokenNodeRegex,classref<src/abap/nodes/expression_node.ts.ExpressionNode>
src/abap/5_syntax/statements/perform.ts.Perform::runSyntax,src/abap/5_syntax/statements/perform.ts.Perform::runSyntax/body/s5/x,src/abap/5_syntax/statements/perform.ts:38:32,syntax,new,classref<src/abap/5_syntax/statements/perform.ts.Parameter>,shared object table,,0,false,0,0,0,exact,class:src/abap/5_syntax/statements/perform.ts.Parameter,classref<src/abap/5_syntax/statements/perform.ts.Parameter>
src/abap/5_syntax/statements/perform.ts.Perform::runSyntax,src/abap/5_syntax/statements/perform.ts.Perform::runSyntax/body/s6,src/abap/5_syntax/statements/perform.ts:39:5,syntax,foreach,classref<src/abap/nodes/expression_node.ts.ExpressionNode>,shared object table,classref<src/abap/nodes/expression_node.ts.ExpressionNode>,1,false,1,1,1,hierarchy/mixed upper bound,class:src/abap/nodes/expression_node.ts.ExpressionNode;class:src/abap/nodes/statement_node.ts.StatementNode;class:src/abap/nodes/structure_node.ts.StructureNode;class:src/abap/nodes/token_node.ts.TokenNode;class:src/abap/nodes/token_node_regex.ts.TokenNodeRegex,classref<src/abap/nodes/expression_node.ts.ExpressionNode>
src/abap/5_syntax/statements/perform.ts.Perform::runSyntax,src/abap/5_syntax/statements/perform.ts.Perform::runSyntax/body/s6/body/s0,src/abap/5_syntax/statements/perform.ts:40:7,syntax,foreach,classref<src/abap/nodes/expression_node.ts.ExpressionNode>,shared object table,classref<src/abap/nodes/expression_node.ts.ExpressionNode>,2,false,1,1,1,hierarchy/mixed upper bound,class:src/abap/nodes/expression_node.ts.ExpressionNode;class:src/abap/nodes/statement_node.ts.StatementNode;class:src/abap/nodes/structure_node.ts.StructureNode;class:src/abap/nodes/token_node.ts.TokenNode;class:src/abap/nodes/token_node_regex.ts.TokenNodeRegex,classref<src/abap/nodes/expression_node.ts.ExpressionNode>
src/abap/5_syntax/statements/raise.ts.Raise::runSyntax,src/abap/5_syntax/statements/raise.ts.Raise::runSyntax/body/s10,src/abap/5_syntax/statements/raise.ts:71:5,syntax,foreach,classref<src/abap/nodes/expression_node.ts.ExpressionNode>,shared object table,classref<src/abap/nodes/expression_node.ts.ExpressionNode>,1,false,1,1,1,hierarchy/mixed upper bound,class:src/abap/nodes/expression_node.ts.ExpressionNode;class:src/abap/nodes/statement_node.ts.StatementNode;class:src/abap/nodes/structure_node.ts.StructureNode;class:src/abap/nodes/token_node.ts.TokenNode;class:src/abap/nodes/token_node_regex.ts.TokenNodeRegex,classref<src/abap/nodes/expression_node.ts.ExpressionNode>
src/abap/5_syntax/statements/raise.ts.Raise::runSyntax,src/abap/5_syntax/statements/raise.ts.Raise::runSyntax/body/s11,src/abap/5_syntax/statements/raise.ts:75:5,syntax,foreach,classref<src/abap/nodes/expression_node.ts.ExpressionNode>,shared object table,classref<src/abap/nodes/expression_node.ts.ExpressionNode>,1,false,1,1,1,hierarchy/mixed upper bound,class:src/abap/nodes/expression_node.ts.ExpressionNode;class:src/abap/nodes/statement_node.ts.StatementNode;class:src/abap/nodes/structure_node.ts.StructureNode;class:src/abap/nodes/token_node.ts.TokenNode;class:src/abap/nodes/token_node_regex.ts.TokenNodeRegex,classref<src/abap/nodes/expression_node.ts.ExpressionNode>
src/abap/5_syntax/statements/raise.ts.Raise::runSyntax,src/abap/5_syntax/statements/raise.ts.Raise::runSyntax/body/s12,src/abap/5_syntax/statements/raise.ts:78:5,syntax,foreach,classref<src/abap/nodes/expression_node.ts.ExpressionNode>,shared object table,classref<src/abap/nodes/expression_node.ts.ExpressionNode>,1,false,1,1,1,hierarchy/mixed upper bound,class:src/abap/nodes/expression_node.ts.ExpressionNode;class:src/abap/nodes/statement_node.ts.StatementNode;class:src/abap/nodes/structure_node.ts.StructureNode;class:src/abap/nodes/token_node.ts.TokenNode;class:src/abap/nodes/token_node_regex.ts.TokenNodeRegex,classref<src/abap/nodes/expression_node.ts.ExpressionNode>
src/abap/5_syntax/statements/raise.ts.Raise::runSyntax,src/abap/5_syntax/statements/raise.ts.Raise::runSyntax/body/s13,src/abap/5_syntax/statements/raise.ts:82:5,syntax,foreach,classref<src/abap/nodes/expression_node.ts.ExpressionNode>,shared object table,classref<src/abap/nodes/expression_node.ts.ExpressionNode>,1,false,1,1,1,hierarchy/mixed upper bound,class:src/abap/nodes/expression_node.ts.ExpressionNode;class:src/abap/nodes/statement_node.ts.StatementNode;class:src/abap/nodes/structure_node.ts.StructureNode;class:src/abap/nodes/token_node.ts.TokenNode;class:src/abap/nodes/token_node_regex.ts.TokenNodeRegex,classref<src/abap/nodes/expression_node.ts.ExpressionNode>
src/abap/5_syntax/statements/raise_event.ts.RaiseEvent::runSyntax,src/abap/5_syntax/statements/raise_event.ts.RaiseEvent::runSyntax/body/s2,src/abap/5_syntax/statements/raise_event.ts:21:5,syntax,foreach,classref<src/abap/nodes/expression_node.ts.ExpressionNode>,shared object table,classref<src/abap/nodes/expression_node.ts.ExpressionNode>,1,false,1,1,1,hierarchy/mixed upper bound,class:src/abap/nodes/expression_node.ts.ExpressionNode;class:src/abap/nodes/statement_node.ts.StatementNode;class:src/abap/nodes/structure_node.ts.StructureNode;class:src/abap/nodes/token_node.ts.TokenNode;class:src/abap/nodes/token_node_regex.ts.TokenNodeRegex,classref<src/abap/nodes/expression_node.ts.ExpressionNode>
src/abap/5_syntax/statements/read_report.ts.ReadReport::runSyntax,src/abap/5_syntax/statements/read_report.ts.ReadReport::runSyntax/body/s0,src/abap/5_syntax/statements/read_report.ts:11:5,syntax,foreach,classref<src/abap/nodes/expression_node.ts.ExpressionNode>,shared object table,classref<src/abap/nodes/expression_node.ts.ExpressionNode>,1,false,1,1,1,hierarchy/mixed upper bound,class:src/abap/nodes/expression_node.ts.ExpressionNode;class:src/abap/nodes/statement_node.ts.StatementNode;class:src/abap/nodes/structure_node.ts.StructureNode;class:src/abap/nodes/token_node.ts.TokenNode;class:src/abap/nodes/token_node_regex.ts.TokenNodeRegex,classref<src/abap/nodes/expression_node.ts.ExpressionNode>
src/abap/5_syntax/statements/read_report.ts.ReadReport::runSyntax,src/abap/5_syntax/statements/read_report.ts.ReadReport::runSyntax/body/s1,src/abap/5_syntax/statements/read_report.ts:15:5,syntax,foreach,classref<src/abap/nodes/expression_node.ts.ExpressionNode>,shared object table,classref<src/abap/nodes/expression_node.ts.ExpressionNode>,1,false,1,1,1,hierarchy/mixed upper bound,class:src/abap/nodes/expression_node.ts.ExpressionNode;class:src/abap/nodes/statement_node.ts.StatementNode;class:src/abap/nodes/structure_node.ts.StructureNode;class:src/abap/nodes/token_node.ts.TokenNode;class:src/abap/nodes/token_node_regex.ts.TokenNodeRegex,classref<src/abap/nodes/expression_node.ts.ExpressionNode>
src/abap/5_syntax/statements/read_table.ts.ReadTable::runSyntax,src/abap/5_syntax/statements/read_table.ts.ReadTable::runSyntax/body/s14,src/abap/5_syntax/statements/read_table.ts:69:5,syntax,foreach,classref<src/abap/nodes/expression_node.ts.ExpressionNode>,shared object table,classref<src/abap/nodes/expression_node.ts.ExpressionNode>,1,false,1,1,1,hierarchy/mixed upper bound,class:src/abap/nodes/expression_node.ts.ExpressionNode;class:src/abap/nodes/statement_node.ts.StatementNode;class:src/abap/nodes/structure_node.ts.StructureNode;class:src/abap/nodes/token_node.ts.TokenNode;class:src/abap/nodes/token_node_regex.ts.TokenNodeRegex,classref<src/abap/nodes/expression_node.ts.ExpressionNode>
src/abap/5_syntax/statements/read_table.ts.ReadTable::runSyntax,src/abap/5_syntax/statements/read_table.ts.ReadTable::runSyntax/body/s19/body/s1,src/abap/5_syntax/statements/read_table.ts:127:7,syntax,foreach,classref<src/abap/nodes/expression_node.ts.ExpressionNode>,shared object table,classref<src/abap/nodes/expression_node.ts.ExpressionNode>,1,false,1,1,1,hierarchy/mixed upper bound,class:src/abap/nodes/expression_node.ts.ExpressionNode;class:src/abap/nodes/statement_node.ts.StatementNode;class:src/abap/nodes/structure_node.ts.StructureNode;class:src/abap/nodes/token_node.ts.TokenNode;class:src/abap/nodes/token_node_regex.ts.TokenNodeRegex,classref<src/abap/nodes/expression_node.ts.ExpressionNode>
src/abap/5_syntax/statements/read_table.ts.ReadTable::runSyntax,src/abap/5_syntax/statements/read_table.ts.ReadTable::runSyntax/body/s19/body/s1/x/1/2,src/abap/5_syntax/statements/read_table.ts:127:84,syntax,new,classref<src/abap/nodes/expression_node.ts.ExpressionNode>,shared object table,,0,false,0,0,0,no non-null rows resolved (not an exact proof),,classref<src/abap/nodes/expression_node.ts.ExpressionNode>
src/abap/5_syntax/statements/read_table.ts.ReadTable::runSyntax,src/abap/5_syntax/statements/read_table.ts.ReadTable::runSyntax/body/s2/x,src/abap/5_syntax/statements/read_table.ts:19:25,syntax,index,classref<src/abap/nodes/expression_node.ts.ExpressionNode>,shared object table,classref<src/abap/nodes/expression_node.ts.ExpressionNode>,0,false,1,1,1,hierarchy/mixed upper bound,class:src/abap/nodes/expression_node.ts.ExpressionNode;class:src/abap/nodes/statement_node.ts.StatementNode;class:src/abap/nodes/structure_node.ts.StructureNode;class:src/abap/nodes/token_node.ts.TokenNode;class:src/abap/nodes/token_node_regex.ts.TokenNodeRegex,classref<src/abap/nodes/expression_node.ts.ExpressionNode>
src/abap/5_syntax/statements/read_textpool.ts.ReadTextpool::runSyntax,src/abap/5_syntax/statements/read_textpool.ts.ReadTextpool::runSyntax/body/s0,src/abap/5_syntax/statements/read_textpool.ts:11:5,syntax,foreach,classref<src/abap/nodes/expression_node.ts.ExpressionNode>,shared object table,classref<src/abap/nodes/expression_node.ts.ExpressionNode>,1,false,1,1,1,hierarchy/mixed upper bound,class:src/abap/nodes/expression_node.ts.ExpressionNode;class:src/abap/nodes/statement_node.ts.StatementNode;class:src/abap/nodes/structure_node.ts.StructureNode;class:src/abap/nodes/token_node.ts.TokenNode;class:src/abap/nodes/token_node_regex.ts.TokenNodeRegex,classref<src/abap/nodes/expression_node.ts.ExpressionNode>
src/abap/5_syntax/statements/read_textpool.ts.ReadTextpool::runSyntax,src/abap/5_syntax/statements/read_textpool.ts.ReadTextpool::runSyntax/body/s1,src/abap/5_syntax/statements/read_textpool.ts:15:5,syntax,foreach,classref<src/abap/nodes/expression_node.ts.ExpressionNode>,shared object table,classref<src/abap/nodes/expression_node.ts.ExpressionNode>,1,false,1,1,1,hierarchy/mixed upper bound,class:src/abap/nodes/expression_node.ts.ExpressionNode;class:src/abap/nodes/statement_node.ts.StatementNode;class:src/abap/nodes/structure_node.ts.StructureNode;class:src/abap/nodes/token_node.ts.TokenNode;class:src/abap/nodes/token_node_regex.ts.TokenNodeRegex,classref<src/abap/nodes/expression_node.ts.ExpressionNode>
src/abap/5_syntax/statements/receive.ts.Receive::runSyntax,src/abap/5_syntax/statements/receive.ts.Receive::runSyntax/body/s0,src/abap/5_syntax/statements/receive.ts:14:5,syntax,foreach,classref<src/abap/nodes/expression_node.ts.ExpressionNode>,shared object table,classref<src/abap/nodes/expression_node.ts.ExpressionNode>,1,false,1,1,1,hierarchy/mixed upper bound,class:src/abap/nodes/expression_node.ts.ExpressionNode;class:src/abap/nodes/statement_node.ts.StatementNode;class:src/abap/nodes/structure_node.ts.StructureNode;class:src/abap/nodes/token_node.ts.TokenNode;class:src/abap/nodes/token_node_regex.ts.TokenNodeRegex,classref<src/abap/nodes/expression_node.ts.ExpressionNode>
src/abap/5_syntax/statements/receive.ts.Receive::runSyntax,src/abap/5_syntax/statements/receive.ts.Receive::runSyntax/body/s1,src/abap/5_syntax/statements/receive.ts:17:5,syntax,foreach,classref<src/abap/nodes/expression_node.ts.ExpressionNode>,shared object table,classref<src/abap/nodes/expression_node.ts.ExpressionNode>,1,false,1,1,1,hierarchy/mixed upper bound,class:src/abap/nodes/expression_node.ts.ExpressionNode;class:src/abap/nodes/statement_node.ts.StatementNode;class:src/abap/nodes/structure_node.ts.StructureNode;class:src/abap/nodes/token_node.ts.TokenNode;class:src/abap/nodes/token_node_regex.ts.TokenNodeRegex,classref<src/abap/nodes/expression_node.ts.ExpressionNode>
src/abap/5_syntax/statements/replace.ts.Replace::runSyntax,src/abap/5_syntax/statements/replace.ts.Replace::runSyntax/body/s0,src/abap/5_syntax/statements/replace.ts:11:5,syntax,foreach,classref<src/abap/nodes/expression_node.ts.ExpressionNode>,shared object table,classref<src/abap/nodes/expression_node.ts.ExpressionNode>,1,false,1,1,1,hierarchy/mixed upper bound,class:src/abap/nodes/expression_node.ts.ExpressionNode;class:src/abap/nodes/statement_node.ts.StatementNode;class:src/abap/nodes/structure_node.ts.StructureNode;class:src/abap/nodes/token_node.ts.TokenNode;class:src/abap/nodes/token_node_regex.ts.TokenNodeRegex,classref<src/abap/nodes/expression_node.ts.ExpressionNode>
src/abap/5_syntax/statements/replace.ts.Replace::runSyntax,src/abap/5_syntax/statements/replace.ts.Replace::runSyntax/body/s1,src/abap/5_syntax/statements/replace.ts:15:5,syntax,foreach,classref<src/abap/nodes/expression_node.ts.ExpressionNode>,shared object table,classref<src/abap/nodes/expression_node.ts.ExpressionNode>,1,false,1,1,1,hierarchy/mixed upper bound,class:src/abap/nodes/expression_node.ts.ExpressionNode;class:src/abap/nodes/statement_node.ts.StatementNode;class:src/abap/nodes/structure_node.ts.StructureNode;class:src/abap/nodes/token_node.ts.TokenNode;class:src/abap/nodes/token_node_regex.ts.TokenNodeRegex,classref<src/abap/nodes/expression_node.ts.ExpressionNode>
src/abap/5_syntax/statements/select.ts.Select::runSyntax,src/abap/5_syntax/statements/select.ts.Select::runSyntax/body/s1/s1/body/s0/s1/x,src/abap/5_syntax/statements/select.ts:14:17,syntax,index,classref<src/abap/nodes/expression_node.ts.ExpressionNode>,shared object table,classref<src/abap/nodes/expression_node.ts.ExpressionNode>,1,false,1,1,1,hierarchy/mixed upper bound,class:src/abap/nodes/expression_node.ts.ExpressionNode;class:src/abap/nodes/statement_node.ts.StatementNode;class:src/abap/nodes/structure_node.ts.StructureNode;class:src/abap/nodes/token_node.ts.TokenNode;class:src/abap/nodes/token_node_regex.ts.TokenNodeRegex,classref<src/abap/nodes/expression_node.ts.ExpressionNode>
src/abap/5_syntax/statements/selection_screen.ts.SelectionScreen::runSyntax,src/abap/5_syntax/statements/selection_screen.ts.SelectionScreen::runSyntax/body/s9/body/s0/x/arg0/seq/s0/x,src/abap/5_syntax/statements/selection_screen.ts:34:38,syntax,new,classref<src/abap/types/basic/structure_type.ts.IStructureComponent>,shared object table,,0,false,0,0,0,exact,class:src/abap/types/basic/structure_type.ts.IStructureComponent,classref<src/abap/types/basic/structure_type.ts.IStructureComponent>
src/abap/5_syntax/statements/set_handler.ts.SetHandler::runSyntax,src/abap/5_syntax/statements/set_handler.ts.SetHandler::runSyntax/body/s0,src/abap/5_syntax/statements/set_handler.ts:11:5,syntax,foreach,classref<src/abap/nodes/expression_node.ts.ExpressionNode>,shared object table,classref<src/abap/nodes/expression_node.ts.ExpressionNode>,1,false,1,1,1,hierarchy/mixed upper bound,class:src/abap/nodes/expression_node.ts.ExpressionNode;class:src/abap/nodes/statement_node.ts.StatementNode;class:src/abap/nodes/structure_node.ts.StructureNode;class:src/abap/nodes/token_node.ts.TokenNode;class:src/abap/nodes/token_node_regex.ts.TokenNodeRegex,classref<src/abap/nodes/expression_node.ts.ExpressionNode>
src/abap/5_syntax/statements/set_handler.ts.SetHandler::runSyntax,src/abap/5_syntax/statements/set_handler.ts.SetHandler::runSyntax/body/s1,src/abap/5_syntax/statements/set_handler.ts:15:5,syntax,foreach,classref<src/abap/nodes/expression_node.ts.ExpressionNode>,shared object table,classref<src/abap/nodes/expression_node.ts.ExpressionNode>,1,false,1,1,1,hierarchy/mixed upper bound,class:src/abap/nodes/expression_node.ts.ExpressionNode;class:src/abap/nodes/statement_node.ts.StatementNode;class:src/abap/nodes/structure_node.ts.StructureNode;class:src/abap/nodes/token_node.ts.TokenNode;class:src/abap/nodes/token_node_regex.ts.TokenNodeRegex,classref<src/abap/nodes/expression_node.ts.ExpressionNode>
src/abap/5_syntax/statements/set_locale.ts.SetLocale::runSyntax,src/abap/5_syntax/statements/set_locale.ts.SetLocale::runSyntax/body/s0,src/abap/5_syntax/statements/set_locale.ts:11:5,syntax,foreach,classref<src/abap/nodes/expression_node.ts.ExpressionNode>,shared object table,classref<src/abap/nodes/expression_node.ts.ExpressionNode>,1,false,1,1,1,hierarchy/mixed upper bound,class:src/abap/nodes/expression_node.ts.ExpressionNode;class:src/abap/nodes/statement_node.ts.StatementNode;class:src/abap/nodes/structure_node.ts.StructureNode;class:src/abap/nodes/token_node.ts.TokenNode;class:src/abap/nodes/token_node_regex.ts.TokenNodeRegex,classref<src/abap/nodes/expression_node.ts.ExpressionNode>
src/abap/5_syntax/statements/set_locale.ts.SetLocale::runSyntax,src/abap/5_syntax/statements/set_locale.ts.SetLocale::runSyntax/body/s1,src/abap/5_syntax/statements/set_locale.ts:15:5,syntax,foreach,classref<src/abap/nodes/expression_node.ts.ExpressionNode>,shared object table,classref<src/abap/nodes/expression_node.ts.ExpressionNode>,1,false,1,1,1,hierarchy/mixed upper bound,class:src/abap/nodes/expression_node.ts.ExpressionNode;class:src/abap/nodes/statement_node.ts.StatementNode;class:src/abap/nodes/structure_node.ts.StructureNode;class:src/abap/nodes/token_node.ts.TokenNode;class:src/abap/nodes/token_node_regex.ts.TokenNodeRegex,classref<src/abap/nodes/expression_node.ts.ExpressionNode>
src/abap/5_syntax/statements/set_parameter.ts.SetParameter::runSyntax,src/abap/5_syntax/statements/set_parameter.ts.SetParameter::runSyntax/body/s0,src/abap/5_syntax/statements/set_parameter.ts:10:5,syntax,foreach,classref<src/abap/nodes/expression_node.ts.ExpressionNode>,shared object table,classref<src/abap/nodes/expression_node.ts.ExpressionNode>,1,false,1,1,1,hierarchy/mixed upper bound,class:src/abap/nodes/expression_node.ts.ExpressionNode;class:src/abap/nodes/statement_node.ts.StatementNode;class:src/abap/nodes/structure_node.ts.StructureNode;class:src/abap/nodes/token_node.ts.TokenNode;class:src/abap/nodes/token_node_regex.ts.TokenNodeRegex,classref<src/abap/nodes/expression_node.ts.ExpressionNode>
src/abap/5_syntax/statements/shift.ts.Shift::runSyntax,src/abap/5_syntax/statements/shift.ts.Shift::runSyntax/body/s0,src/abap/5_syntax/statements/shift.ts:12:5,syntax,foreach,classref<src/abap/nodes/expression_node.ts.ExpressionNode>,shared object table,classref<src/abap/nodes/expression_node.ts.ExpressionNode>,1,false,1,1,1,hierarchy/mixed upper bound,class:src/abap/nodes/expression_node.ts.ExpressionNode;class:src/abap/nodes/statement_node.ts.StatementNode;class:src/abap/nodes/structure_node.ts.StructureNode;class:src/abap/nodes/token_node.ts.TokenNode;class:src/abap/nodes/token_node_regex.ts.TokenNodeRegex,classref<src/abap/nodes/expression_node.ts.ExpressionNode>
src/abap/5_syntax/statements/sort.ts.Sort::runSyntax,src/abap/5_syntax/statements/sort.ts.Sort::runSyntax/body/s0,src/abap/5_syntax/statements/sort.ts:13:5,syntax,foreach,classref<src/abap/nodes/expression_node.ts.ExpressionNode>,shared object table,classref<src/abap/nodes/expression_node.ts.ExpressionNode>,1,false,1,1,1,hierarchy/mixed upper bound,class:src/abap/nodes/expression_node.ts.ExpressionNode;class:src/abap/nodes/statement_node.ts.StatementNode;class:src/abap/nodes/structure_node.ts.StructureNode;class:src/abap/nodes/token_node.ts.TokenNode;class:src/abap/nodes/token_node_regex.ts.TokenNodeRegex,classref<src/abap/nodes/expression_node.ts.ExpressionNode>
src/abap/5_syntax/statements/sort.ts.Sort::runSyntax,src/abap/5_syntax/statements/sort.ts.Sort::runSyntax/body/s2/body/s1/body/s2/body/s0,src/abap/5_syntax/statements/sort.ts:30:11,syntax,foreach,classref<src/abap/nodes/expression_node.ts.ExpressionNode>,shared object table,classref<src/abap/nodes/expression_node.ts.ExpressionNode>,1,false,1,1,1,hierarchy/mixed upper bound,class:src/abap/nodes/expression_node.ts.ExpressionNode;class:src/abap/nodes/statement_node.ts.StatementNode;class:src/abap/nodes/structure_node.ts.StructureNode;class:src/abap/nodes/token_node.ts.TokenNode;class:src/abap/nodes/token_node_regex.ts.TokenNodeRegex,classref<src/abap/nodes/expression_node.ts.ExpressionNode>
src/abap/5_syntax/statements/split.ts.Split::runSyntax,src/abap/5_syntax/statements/split.ts.Split::runSyntax/body/s2,src/abap/5_syntax/statements/split.ts:17:5,syntax,foreach,classref<src/abap/nodes/expression_node.ts.ExpressionNode>,shared object table,classref<src/abap/nodes/expression_node.ts.ExpressionNode>,1,false,1,1,1,hierarchy/mixed upper bound,class:src/abap/nodes/expression_node.ts.ExpressionNode;class:src/abap/nodes/statement_node.ts.StatementNode;class:src/abap/nodes/structure_node.ts.StructureNode;class:src/abap/nodes/token_node.ts.TokenNode;class:src/abap/nodes/token_node_regex.ts.TokenNodeRegex,classref<src/abap/nodes/expression_node.ts.ExpressionNode>
src/abap/5_syntax/statements/split.ts.Split::runSyntax,src/abap/5_syntax/statements/split.ts.Split::runSyntax/body/s3,src/abap/5_syntax/statements/split.ts:43:5,syntax,foreach,classref<src/abap/nodes/expression_node.ts.ExpressionNode>,shared object table,classref<src/abap/nodes/expression_node.ts.ExpressionNode>,1,false,1,1,1,hierarchy/mixed upper bound,class:src/abap/nodes/expression_node.ts.ExpressionNode;class:src/abap/nodes/statement_node.ts.StatementNode;class:src/abap/nodes/structure_node.ts.StructureNode;class:src/abap/nodes/token_node.ts.TokenNode;class:src/abap/nodes/token_node_regex.ts.TokenNodeRegex,classref<src/abap/nodes/expression_node.ts.ExpressionNode>
src/abap/5_syntax/statements/submit.ts.Submit::runSyntax,src/abap/5_syntax/statements/submit.ts.Submit::runSyntax/body/s0,src/abap/5_syntax/statements/submit.ts:12:5,syntax,foreach,classref<src/abap/nodes/expression_node.ts.ExpressionNode>,shared object table,classref<src/abap/nodes/expression_node.ts.ExpressionNode>,1,false,1,1,1,hierarchy/mixed upper bound,class:src/abap/nodes/expression_node.ts.ExpressionNode;class:src/abap/nodes/statement_node.ts.StatementNode;class:src/abap/nodes/structure_node.ts.StructureNode;class:src/abap/nodes/token_node.ts.TokenNode;class:src/abap/nodes/token_node_regex.ts.TokenNodeRegex,classref<src/abap/nodes/expression_node.ts.ExpressionNode>
src/abap/5_syntax/statements/submit.ts.Submit::runSyntax,src/abap/5_syntax/statements/submit.ts.Submit::runSyntax/body/s1,src/abap/5_syntax/statements/submit.ts:16:5,syntax,foreach,classref<src/abap/nodes/expression_node.ts.ExpressionNode>,shared object table,classref<src/abap/nodes/expression_node.ts.ExpressionNode>,1,false,1,1,1,hierarchy/mixed upper bound,class:src/abap/nodes/expression_node.ts.ExpressionNode;class:src/abap/nodes/statement_node.ts.StatementNode;class:src/abap/nodes/structure_node.ts.StructureNode;class:src/abap/nodes/token_node.ts.TokenNode;class:src/abap/nodes/token_node_regex.ts.TokenNodeRegex,classref<src/abap/nodes/expression_node.ts.ExpressionNode>
src/abap/5_syntax/statements/submit.ts.Submit::runSyntax,src/abap/5_syntax/statements/submit.ts.Submit::runSyntax/body/s2,src/abap/5_syntax/statements/submit.ts:20:5,syntax,foreach,classref<src/abap/nodes/expression_node.ts.ExpressionNode>,shared object table,classref<src/abap/nodes/expression_node.ts.ExpressionNode>,1,false,1,1,1,hierarchy/mixed upper bound,class:src/abap/nodes/expression_node.ts.ExpressionNode;class:src/abap/nodes/statement_node.ts.StatementNode;class:src/abap/nodes/structure_node.ts.StructureNode;class:src/abap/nodes/token_node.ts.TokenNode;class:src/abap/nodes/token_node_regex.ts.TokenNodeRegex,classref<src/abap/nodes/expression_node.ts.ExpressionNode>
src/abap/5_syntax/statements/translate.ts.Translate::runSyntax,src/abap/5_syntax/statements/translate.ts.Translate::runSyntax/body/s0,src/abap/5_syntax/statements/translate.ts:11:5,syntax,foreach,classref<src/abap/nodes/expression_node.ts.ExpressionNode>,shared object table,classref<src/abap/nodes/expression_node.ts.ExpressionNode>,1,false,1,1,1,hierarchy/mixed upper bound,class:src/abap/nodes/expression_node.ts.ExpressionNode;class:src/abap/nodes/statement_node.ts.StatementNode;class:src/abap/nodes/structure_node.ts.StructureNode;class:src/abap/nodes/token_node.ts.TokenNode;class:src/abap/nodes/token_node_regex.ts.TokenNodeRegex,classref<src/abap/nodes/expression_node.ts.ExpressionNode>
src/abap/5_syntax/statements/translate.ts.Translate::runSyntax,src/abap/5_syntax/statements/translate.ts.Translate::runSyntax/body/s1,src/abap/5_syntax/statements/translate.ts:15:5,syntax,foreach,classref<src/abap/nodes/expression_node.ts.ExpressionNode>,shared object table,classref<src/abap/nodes/expression_node.ts.ExpressionNode>,1,false,1,1,1,hierarchy/mixed upper bound,class:src/abap/nodes/expression_node.ts.ExpressionNode;class:src/abap/nodes/statement_node.ts.StatementNode;class:src/abap/nodes/structure_node.ts.StructureNode;class:src/abap/nodes/token_node.ts.TokenNode;class:src/abap/nodes/token_node_regex.ts.TokenNodeRegex,classref<src/abap/nodes/expression_node.ts.ExpressionNode>
src/abap/5_syntax/statements/update_database.ts.UpdateDatabase::runSyntax,src/abap/5_syntax/statements/update_database.ts.UpdateDatabase::runSyntax/body/s1/body/s1/x/seq/s1,src/abap/5_syntax/statements/update_database.ts:20:22,syntax,foreach,classref<src/abap/nodes/expression_node.ts.ExpressionNode>,shared object table,classref<src/abap/nodes/expression_node.ts.ExpressionNode>,1,false,1,1,1,hierarchy/mixed upper bound,class:src/abap/nodes/expression_node.ts.ExpressionNode;class:src/abap/nodes/statement_node.ts.StatementNode;class:src/abap/nodes/structure_node.ts.StructureNode;class:src/abap/nodes/token_node.ts.TokenNode;class:src/abap/nodes/token_node_regex.ts.TokenNodeRegex,classref<src/abap/nodes/expression_node.ts.ExpressionNode>
src/abap/5_syntax/statements/update_database.ts.UpdateDatabase::runSyntax,src/abap/5_syntax/statements/update_database.ts.UpdateDatabase::runSyntax/body/s1/body/s1/x/seq/s1/x/seq/s0/x,src/abap/5_syntax/statements/update_database.ts:20:22,syntax,new,classref<src/abap/nodes/expression_node.ts.ExpressionNode>,shared object table,,0,false,0,0,0,hierarchy/mixed upper bound,class:src/abap/nodes/expression_node.ts.ExpressionNode;class:src/abap/nodes/statement_node.ts.StatementNode;class:src/abap/nodes/structure_node.ts.StructureNode;class:src/abap/nodes/token_node.ts.TokenNode;class:src/abap/nodes/token_node_regex.ts.TokenNodeRegex,classref<src/abap/nodes/expression_node.ts.ExpressionNode>
src/abap/5_syntax/statements/update_database.ts.UpdateDatabase::runSyntax,src/abap/5_syntax/statements/update_database.ts.UpdateDatabase::runSyntax/body/s1/body/s1/x/seq/s1/x/seq/s1,src/abap/5_syntax/statements/update_database.ts:20:22,syntax,foreach,classref<src/abap/nodes/expression_node.ts.ExpressionNode>,shared object table,classref<src/abap/nodes/expression_node.ts.ExpressionNode>,1,false,1,1,1,hierarchy/mixed upper bound,class:src/abap/nodes/expression_node.ts.ExpressionNode;class:src/abap/nodes/statement_node.ts.StatementNode;class:src/abap/nodes/structure_node.ts.StructureNode;class:src/abap/nodes/token_node.ts.TokenNode;class:src/abap/nodes/token_node_regex.ts.TokenNodeRegex,classref<src/abap/nodes/expression_node.ts.ExpressionNode>
src/abap/5_syntax/statements/update_database.ts.UpdateDatabase::runSyntax,src/abap/5_syntax/statements/update_database.ts.UpdateDatabase::runSyntax/body/s1/body/s1/x/seq/s1/x/seq/s1/body/s0,src/abap/5_syntax/statements/update_database.ts:20:22,syntax,foreach,classref<src/abap/nodes/expression_node.ts.ExpressionNode>,shared object table,classref<src/abap/nodes/expression_node.ts.ExpressionNode>,2,false,1,1,1,hierarchy/mixed upper bound,class:src/abap/nodes/expression_node.ts.ExpressionNode;class:src/abap/nodes/statement_node.ts.StatementNode;class:src/abap/nodes/structure_node.ts.StructureNode;class:src/abap/nodes/token_node.ts.TokenNode;class:src/abap/nodes/token_node_regex.ts.TokenNodeRegex,classref<src/abap/nodes/expression_node.ts.ExpressionNode>
src/abap/5_syntax/statements/update_database.ts.UpdateDatabase::runSyntax,src/abap/5_syntax/statements/update_database.ts.UpdateDatabase::runSyntax/body/s1/body/s2/x/seq/s0/x/seq/s1/x/seq/s1,src/abap/5_syntax/statements/update_database.ts:23:22,syntax,foreach,classref<src/abap/nodes/expression_node.ts.ExpressionNode>,shared object table,classref<src/abap/nodes/expression_node.ts.ExpressionNode>,1,false,1,1,1,hierarchy/mixed upper bound,class:src/abap/nodes/expression_node.ts.ExpressionNode;class:src/abap/nodes/statement_node.ts.StatementNode;class:src/abap/nodes/structure_node.ts.StructureNode;class:src/abap/nodes/token_node.ts.TokenNode;class:src/abap/nodes/token_node_regex.ts.TokenNodeRegex,classref<src/abap/nodes/expression_node.ts.ExpressionNode>
src/abap/5_syntax/statements/update_database.ts.UpdateDatabase::runSyntax,src/abap/5_syntax/statements/update_database.ts.UpdateDatabase::runSyntax/body/s1/body/s3/x/arg1/seq/s0/x,src/abap/5_syntax/statements/update_database.ts:26:35,syntax,new,interfaceref<union.a4d0ccb535ead84cf0a3fba4afdbd09580e2c7b3f2e611d359e2cec125f49f13>,typed optional-reference table,,0,false,0,0,0,no non-null rows resolved (not an exact proof),,interfaceref<union.a4d0ccb535ead84cf0a3fba4afdbd09580e2c7b3f2e611d359e2cec125f49f13>
src/abap/5_syntax/statements/update_database.ts.UpdateDatabase::runSyntax,src/abap/5_syntax/statements/update_database.ts.UpdateDatabase::runSyntax/body/s4/body/s1/body/s1,src/abap/5_syntax/statements/update_database.ts:36:9,syntax,foreach,classref<src/abap/types/basic/structure_type.ts.IStructureComponent>,shared object table,classref<src/abap/types/basic/structure_type.ts.IStructureComponent>,1,false,1,1,1,unknown native/unresolved flow,class:src/abap/types/basic/structure_type.ts.IStructureComponent;unknown:classref<src/abap/types/basic/structure_type.ts.IStructureComponent>,classref<src/abap/types/basic/structure_type.ts.IStructureComponent>
src/abap/5_syntax/statements/update_database.ts.UpdateDatabase::runSyntax,src/abap/5_syntax/statements/update_database.ts.UpdateDatabase::runSyntax/body/s5,src/abap/5_syntax/statements/update_database.ts:44:5,syntax,foreach,classref<src/abap/nodes/expression_node.ts.ExpressionNode>,shared object table,classref<src/abap/nodes/expression_node.ts.ExpressionNode>,1,false,1,1,1,hierarchy/mixed upper bound,class:src/abap/nodes/expression_node.ts.ExpressionNode;class:src/abap/nodes/statement_node.ts.StatementNode;class:src/abap/nodes/structure_node.ts.StructureNode;class:src/abap/nodes/token_node.ts.TokenNode;class:src/abap/nodes/token_node_regex.ts.TokenNodeRegex,classref<src/abap/nodes/expression_node.ts.ExpressionNode>
src/abap/5_syntax/statements/update_database.ts.UpdateDatabase::runSyntax,src/abap/5_syntax/statements/update_database.ts.UpdateDatabase::runSyntax/body/s6,src/abap/5_syntax/statements/update_database.ts:47:5,syntax,foreach,classref<src/abap/nodes/expression_node.ts.ExpressionNode>,shared object table,classref<src/abap/nodes/expression_node.ts.ExpressionNode>,1,false,1,1,1,hierarchy/mixed upper bound,class:src/abap/nodes/expression_node.ts.ExpressionNode;class:src/abap/nodes/statement_node.ts.StatementNode;class:src/abap/nodes/structure_node.ts.StructureNode;class:src/abap/nodes/token_node.ts.TokenNode;class:src/abap/nodes/token_node_regex.ts.TokenNodeRegex,classref<src/abap/nodes/expression_node.ts.ExpressionNode>
src/abap/5_syntax/statements/update_database.ts.UpdateDatabase::runSyntax,src/abap/5_syntax/statements/update_database.ts.UpdateDatabase::runSyntax/body/s7,src/abap/5_syntax/statements/update_database.ts:51:5,syntax,foreach,classref<src/abap/nodes/expression_node.ts.ExpressionNode>,shared object table,classref<src/abap/nodes/expression_node.ts.ExpressionNode>,1,false,1,1,1,hierarchy/mixed upper bound,class:src/abap/nodes/expression_node.ts.ExpressionNode;class:src/abap/nodes/statement_node.ts.StatementNode;class:src/abap/nodes/structure_node.ts.StructureNode;class:src/abap/nodes/token_node.ts.TokenNode;class:src/abap/nodes/token_node_regex.ts.TokenNodeRegex,classref<src/abap/nodes/expression_node.ts.ExpressionNode>
src/abap/5_syntax/statements/wait.ts.Wait::runSyntax,src/abap/5_syntax/statements/wait.ts.Wait::runSyntax/body/s0,src/abap/5_syntax/statements/wait.ts:11:5,syntax,foreach,classref<src/abap/nodes/expression_node.ts.ExpressionNode>,shared object table,classref<src/abap/nodes/expression_node.ts.ExpressionNode>,1,false,1,1,1,hierarchy/mixed upper bound,class:src/abap/nodes/expression_node.ts.ExpressionNode;class:src/abap/nodes/statement_node.ts.StatementNode;class:src/abap/nodes/structure_node.ts.StructureNode;class:src/abap/nodes/token_node.ts.TokenNode;class:src/abap/nodes/token_node_regex.ts.TokenNodeRegex,classref<src/abap/nodes/expression_node.ts.ExpressionNode>
src/abap/5_syntax/statements/wait.ts.Wait::runSyntax,src/abap/5_syntax/statements/wait.ts.Wait::runSyntax/body/s1,src/abap/5_syntax/statements/wait.ts:15:5,syntax,foreach,classref<src/abap/nodes/expression_node.ts.ExpressionNode>,shared object table,classref<src/abap/nodes/expression_node.ts.ExpressionNode>,1,false,1,1,1,hierarchy/mixed upper bound,class:src/abap/nodes/expression_node.ts.ExpressionNode;class:src/abap/nodes/statement_node.ts.StatementNode;class:src/abap/nodes/structure_node.ts.StructureNode;class:src/abap/nodes/token_node.ts.TokenNode;class:src/abap/nodes/token_node_regex.ts.TokenNodeRegex,classref<src/abap/nodes/expression_node.ts.ExpressionNode>
src/abap/5_syntax/statements/when.ts.When::runSyntax,src/abap/5_syntax/statements/when.ts.When::runSyntax/body/s0,src/abap/5_syntax/statements/when.ts:10:5,syntax,foreach,classref<src/abap/nodes/expression_node.ts.ExpressionNode>,shared object table,classref<src/abap/nodes/expression_node.ts.ExpressionNode>,1,false,1,1,1,hierarchy/mixed upper bound,class:src/abap/nodes/expression_node.ts.ExpressionNode;class:src/abap/nodes/statement_node.ts.StatementNode;class:src/abap/nodes/structure_node.ts.StructureNode;class:src/abap/nodes/token_node.ts.TokenNode;class:src/abap/nodes/token_node_regex.ts.TokenNodeRegex,classref<src/abap/nodes/expression_node.ts.ExpressionNode>
src/abap/5_syntax/statements/while.ts.While::runSyntax,src/abap/5_syntax/statements/while.ts.While::runSyntax/body/s0,src/abap/5_syntax/statements/while.ts:11:5,syntax,foreach,classref<src/abap/nodes/expression_node.ts.ExpressionNode>,shared object table,classref<src/abap/nodes/expression_node.ts.ExpressionNode>,1,false,1,1,1,hierarchy/mixed upper bound,class:src/abap/nodes/expression_node.ts.ExpressionNode;class:src/abap/nodes/statement_node.ts.StatementNode;class:src/abap/nodes/structure_node.ts.StructureNode;class:src/abap/nodes/token_node.ts.TokenNode;class:src/abap/nodes/token_node_regex.ts.TokenNodeRegex,classref<src/abap/nodes/expression_node.ts.ExpressionNode>
src/abap/5_syntax/statements/while.ts.While::runSyntax,src/abap/5_syntax/statements/while.ts.While::runSyntax/body/s1,src/abap/5_syntax/statements/while.ts:15:5,syntax,foreach,classref<src/abap/nodes/expression_node.ts.ExpressionNode>,shared object table,classref<src/abap/nodes/expression_node.ts.ExpressionNode>,1,false,1,1,1,hierarchy/mixed upper bound,class:src/abap/nodes/expression_node.ts.ExpressionNode;class:src/abap/nodes/statement_node.ts.StatementNode;class:src/abap/nodes/structure_node.ts.StructureNode;class:src/abap/nodes/token_node.ts.TokenNode;class:src/abap/nodes/token_node_regex.ts.TokenNodeRegex,classref<src/abap/nodes/expression_node.ts.ExpressionNode>
src/abap/5_syntax/statements/while.ts.While::runSyntax,src/abap/5_syntax/statements/while.ts.While::runSyntax/body/s2,src/abap/5_syntax/statements/while.ts:19:5,syntax,foreach,classref<src/abap/nodes/expression_node.ts.ExpressionNode>,shared object table,classref<src/abap/nodes/expression_node.ts.ExpressionNode>,1,false,1,1,1,hierarchy/mixed upper bound,class:src/abap/nodes/expression_node.ts.ExpressionNode;class:src/abap/nodes/statement_node.ts.StatementNode;class:src/abap/nodes/structure_node.ts.StructureNode;class:src/abap/nodes/token_node.ts.TokenNode;class:src/abap/nodes/token_node_regex.ts.TokenNodeRegex,classref<src/abap/nodes/expression_node.ts.ExpressionNode>
src/abap/5_syntax/statements/write.ts.Write::runSyntax,src/abap/5_syntax/statements/write.ts.Write::runSyntax/body/s0/x,src/abap/5_syntax/statements/write.ts:17:18,syntax,index,interfaceref<union.66719939903e43ae9586894a3271d3c1e0bc1a87886c0b01d3e32f95e19d70c3>,shared object table,interfaceref<union.66719939903e43ae9586894a3271d3c1e0bc1a87886c0b01d3e32f95e19d70c3>,0,false,1,1,0,hierarchy/mixed upper bound,class:src/abap/nodes/expression_node.ts.ExpressionNode;class:src/abap/nodes/statement_node.ts.StatementNode;class:src/abap/nodes/structure_node.ts.StructureNode;class:src/abap/nodes/token_node.ts.TokenNode;class:src/abap/nodes/token_node_regex.ts.TokenNodeRegex,interfaceref<src/abap/nodes/_inode.ts.INode>;interfaceref<union.66719939903e43ae9586894a3271d3c1e0bc1a87886c0b01d3e32f95e19d70c3>;interfaceref<union.ef34b1fae8df131c6c97185482820bb32cd957a6b0ed51ce6b23465fc63eb844>
src/abap/5_syntax/statements/write.ts.Write::runSyntax,src/abap/5_syntax/statements/write.ts.Write::runSyntax/body/s1/body/s0/y,src/abap/5_syntax/statements/write.ts:19:16,syntax,index,interfaceref<union.66719939903e43ae9586894a3271d3c1e0bc1a87886c0b01d3e32f95e19d70c3>,shared object table,interfaceref<union.66719939903e43ae9586894a3271d3c1e0bc1a87886c0b01d3e32f95e19d70c3>,0,false,1,1,0,hierarchy/mixed upper bound,class:src/abap/nodes/expression_node.ts.ExpressionNode;class:src/abap/nodes/statement_node.ts.StatementNode;class:src/abap/nodes/structure_node.ts.StructureNode;class:src/abap/nodes/token_node.ts.TokenNode;class:src/abap/nodes/token_node_regex.ts.TokenNodeRegex,interfaceref<src/abap/nodes/_inode.ts.INode>;interfaceref<union.66719939903e43ae9586894a3271d3c1e0bc1a87886c0b01d3e32f95e19d70c3>;interfaceref<union.ef34b1fae8df131c6c97185482820bb32cd957a6b0ed51ce6b23465fc63eb844>
src/abap/5_syntax/statements/write.ts.Write::runSyntax,src/abap/5_syntax/statements/write.ts.Write::runSyntax/body/s2,src/abap/5_syntax/statements/write.ts:22:5,syntax,foreach,classref<src/abap/nodes/expression_node.ts.ExpressionNode>,shared object table,classref<src/abap/nodes/expression_node.ts.ExpressionNode>,1,false,1,1,1,hierarchy/mixed upper bound,class:src/abap/nodes/expression_node.ts.ExpressionNode;class:src/abap/nodes/statement_node.ts.StatementNode;class:src/abap/nodes/structure_node.ts.StructureNode;class:src/abap/nodes/token_node.ts.TokenNode;class:src/abap/nodes/token_node_regex.ts.TokenNodeRegex,classref<src/abap/nodes/expression_node.ts.ExpressionNode>
src/abap/5_syntax/statements/write.ts.Write::runSyntax,src/abap/5_syntax/statements/write.ts.Write::runSyntax/body/s3,src/abap/5_syntax/statements/write.ts:33:5,syntax,foreach,classref<src/abap/nodes/expression_node.ts.ExpressionNode>,shared object table,classref<src/abap/nodes/expression_node.ts.ExpressionNode>,1,false,1,1,1,hierarchy/mixed upper bound,class:src/abap/nodes/expression_node.ts.ExpressionNode;class:src/abap/nodes/statement_node.ts.StatementNode;class:src/abap/nodes/structure_node.ts.StructureNode;class:src/abap/nodes/token_node.ts.TokenNode;class:src/abap/nodes/token_node_regex.ts.TokenNodeRegex,classref<src/abap/nodes/expression_node.ts.ExpressionNode>
src/abap/5_syntax/statements/write.ts.Write::runSyntax,src/abap/5_syntax/statements/write.ts.Write::runSyntax/body/s3/x/1/2,src/abap/5_syntax/statements/write.ts:33:135,syntax,new,classref<src/abap/nodes/expression_node.ts.ExpressionNode>,shared object table,,0,false,0,0,0,no non-null rows resolved (not an exact proof),,classref<src/abap/nodes/expression_node.ts.ExpressionNode>
src/abap/5_syntax/statements/write.ts.Write::runSyntax,src/abap/5_syntax/statements/write.ts.Write::runSyntax/body/s4,src/abap/5_syntax/statements/write.ts:37:5,syntax,foreach,classref<src/abap/nodes/expression_node.ts.ExpressionNode>,shared object table,classref<src/abap/nodes/expression_node.ts.ExpressionNode>,1,false,1,1,1,hierarchy/mixed upper bound,class:src/abap/nodes/expression_node.ts.ExpressionNode;class:src/abap/nodes/statement_node.ts.StatementNode;class:src/abap/nodes/structure_node.ts.StructureNode;class:src/abap/nodes/token_node.ts.TokenNode;class:src/abap/nodes/token_node_regex.ts.TokenNodeRegex,classref<src/abap/nodes/expression_node.ts.ExpressionNode>
src/abap/5_syntax/structures/constants.ts.Constants::runSyntax,src/abap/5_syntax/structures/constants.ts.Constants::runSyntax/body/s2/x,src/abap/5_syntax/structures/constants.ts:21:47,syntax,new,classref<src/abap/types/basic/structure_type.ts.IStructureComponent>,shared object table,,0,false,0,0,0,exact,class:src/abap/types/basic/structure_type.ts.IStructureComponent,classref<src/abap/types/basic/structure_type.ts.IStructureComponent>
src/abap/5_syntax/structures/constants.ts.Constants::runSyntax,src/abap/5_syntax/structures/constants.ts.Constants::runSyntax/body/s4,src/abap/5_syntax/structures/constants.ts:23:5,syntax,foreach,interfaceref<union.ef34b1fae8df131c6c97185482820bb32cd957a6b0ed51ce6b23465fc63eb844>,shared object table,interfaceref<union.ef34b1fae8df131c6c97185482820bb32cd957a6b0ed51ce6b23465fc63eb844>,1,false,1,1,0,hierarchy/mixed upper bound,class:src/abap/nodes/expression_node.ts.ExpressionNode;class:src/abap/nodes/statement_node.ts.StatementNode;class:src/abap/nodes/structure_node.ts.StructureNode;class:src/abap/nodes/token_node.ts.TokenNode;class:src/abap/nodes/token_node_regex.ts.TokenNodeRegex,interfaceref<src/abap/nodes/_inode.ts.INode>;interfaceref<union.66719939903e43ae9586894a3271d3c1e0bc1a87886c0b01d3e32f95e19d70c3>;interfaceref<union.ef34b1fae8df131c6c97185482820bb32cd957a6b0ed51ce6b23465fc63eb844>
src/abap/5_syntax/structures/data.ts.Data::runCommonPartSyntax,src/abap/5_syntax/structures/data.ts.Data::runCommonPartSyntax/body/s0,src/abap/5_syntax/structures/data.ts:87:5,syntax,foreach,interfaceref<union.ef34b1fae8df131c6c97185482820bb32cd957a6b0ed51ce6b23465fc63eb844>,shared object table,interfaceref<union.ef34b1fae8df131c6c97185482820bb32cd957a6b0ed51ce6b23465fc63eb844>,1,false,1,1,0,hierarchy/mixed upper bound,class:src/abap/nodes/expression_node.ts.ExpressionNode;class:src/abap/nodes/statement_node.ts.StatementNode;class:src/abap/nodes/structure_node.ts.StructureNode;class:src/abap/nodes/token_node.ts.TokenNode;class:src/abap/nodes/token_node_regex.ts.TokenNodeRegex,interfaceref<src/abap/nodes/_inode.ts.INode>;interfaceref<union.66719939903e43ae9586894a3271d3c1e0bc1a87886c0b01d3e32f95e19d70c3>;interfaceref<union.ef34b1fae8df131c6c97185482820bb32cd957a6b0ed51ce6b23465fc63eb844>
src/abap/5_syntax/structures/data.ts.Data::runSyntax,src/abap/5_syntax/structures/data.ts.Data::runSyntax/body/s0/x/1/2/0,src/abap/5_syntax/structures/data.ts:22:19,syntax,index,interfaceref<src/abap/nodes/_inode.ts.INode>,shared object table,interfaceref<src/abap/nodes/_inode.ts.INode>,0,false,1,1,0,hierarchy/mixed upper bound,class:src/abap/nodes/expression_node.ts.ExpressionNode;class:src/abap/nodes/statement_node.ts.StatementNode;class:src/abap/nodes/structure_node.ts.StructureNode;class:src/abap/nodes/token_node.ts.TokenNode;class:src/abap/nodes/token_node_regex.ts.TokenNodeRegex,interfaceref<src/abap/nodes/_inode.ts.INode>;interfaceref<union.66719939903e43ae9586894a3271d3c1e0bc1a87886c0b01d3e32f95e19d70c3>;interfaceref<union.ef34b1fae8df131c6c97185482820bb32cd957a6b0ed51ce6b23465fc63eb844>
src/abap/5_syntax/structures/data.ts.Data::runSyntax,src/abap/5_syntax/structures/data.ts.Data::runSyntax/body/s8/x,src/abap/5_syntax/structures/data.ts:37:47,syntax,new,classref<src/abap/types/basic/structure_type.ts.IStructureComponent>,shared object table,,0,false,0,0,0,unknown native/unresolved flow,class:src/abap/types/basic/structure_type.ts.IStructureComponent;unknown:classref<src/abap/types/basic/structure_type.ts.IStructureComponent>,classref<src/abap/types/basic/structure_type.ts.IStructureComponent>
src/abap/5_syntax/structures/data.ts.Data::runSyntax,src/abap/5_syntax/structures/data.ts.Data::runSyntax/body/s9,src/abap/5_syntax/structures/data.ts:38:5,syntax,foreach,interfaceref<union.ef34b1fae8df131c6c97185482820bb32cd957a6b0ed51ce6b23465fc63eb844>,shared object table,interfaceref<union.ef34b1fae8df131c6c97185482820bb32cd957a6b0ed51ce6b23465fc63eb844>,1,false,1,1,0,hierarchy/mixed upper bound,class:src/abap/nodes/expression_node.ts.ExpressionNode;class:src/abap/nodes/statement_node.ts.StatementNode;class:src/abap/nodes/structure_node.ts.StructureNode;class:src/abap/nodes/token_node.ts.TokenNode;class:src/abap/nodes/token_node_regex.ts.TokenNodeRegex,interfaceref<src/abap/nodes/_inode.ts.INode>;interfaceref<union.66719939903e43ae9586894a3271d3c1e0bc1a87886c0b01d3e32f95e19d70c3>;interfaceref<union.ef34b1fae8df131c6c97185482820bb32cd957a6b0ed51ce6b23465fc63eb844>
src/abap/5_syntax/structures/data.ts.Data::runSyntax,src/abap/5_syntax/structures/data.ts.Data::runSyntax/body/s9/body/s1/else/else/else/body/s2,src/abap/5_syntax/structures/data.ts:71:9,syntax,foreach,classref<src/abap/types/basic/structure_type.ts.IStructureComponent>,shared object table,classref<src/abap/types/basic/structure_type.ts.IStructureComponent>,2,false,1,1,1,unknown native/unresolved flow,unknown:classref<src/abap/types/basic/structure_type.ts.IStructureComponent>,classref<src/abap/types/basic/structure_type.ts.IStructureComponent>
src/abap/5_syntax/structures/data.ts.Data::runSyntax,src/abap/5_syntax/structures/data.ts.Data::runSyntax/body/s9/body/s1/else/else/else/body/s2/x,src/abap/5_syntax/structures/data.ts:71:25,syntax,dynamic.asRef,classref<src/abap/types/basic/structure_type.ts.IStructureComponent>,shared object table,,1,false,0,0,0,unknown native/unresolved flow,unknown:classref<src/abap/types/basic/structure_type.ts.IStructureComponent>,classref<src/abap/types/basic/structure_type.ts.IStructureComponent>
src/abap/5_syntax/structures/types.ts.Types::runSyntax,src/abap/5_syntax/structures/types.ts.Types::runSyntax/body/s1/x,src/abap/5_syntax/structures/types.ts:16:47,syntax,new,classref<src/abap/types/basic/structure_type.ts.IStructureComponent>,shared object table,,0,false,0,0,0,unknown native/unresolved flow,class:src/abap/types/basic/structure_type.ts.IStructureComponent;unknown:classref<src/abap/types/basic/structure_type.ts.IStructureComponent>,classref<src/abap/types/basic/structure_type.ts.IStructureComponent>
src/abap/5_syntax/structures/types.ts.Types::runSyntax,src/abap/5_syntax/structures/types.ts.Types::runSyntax/body/s4,src/abap/5_syntax/structures/types.ts:23:5,syntax,foreach,interfaceref<union.ef34b1fae8df131c6c97185482820bb32cd957a6b0ed51ce6b23465fc63eb844>,shared object table,interfaceref<union.ef34b1fae8df131c6c97185482820bb32cd957a6b0ed51ce6b23465fc63eb844>,1,false,1,1,0,hierarchy/mixed upper bound,class:src/abap/nodes/expression_node.ts.ExpressionNode;class:src/abap/nodes/statement_node.ts.StatementNode;class:src/abap/nodes/structure_node.ts.StructureNode;class:src/abap/nodes/token_node.ts.TokenNode;class:src/abap/nodes/token_node_regex.ts.TokenNodeRegex,interfaceref<src/abap/nodes/_inode.ts.INode>;interfaceref<union.66719939903e43ae9586894a3271d3c1e0bc1a87886c0b01d3e32f95e19d70c3>;interfaceref<union.ef34b1fae8df131c6c97185482820bb32cd957a6b0ed51ce6b23465fc63eb844>
src/abap/5_syntax/structures/types.ts.Types::runSyntax,src/abap/5_syntax/structures/types.ts.Types::runSyntax/body/s4/body/s1/body/s0/else/body/s1/else/s0/x/seq/s0,src/abap/5_syntax/structures/types.ts:39:13,syntax,foreach,classref<src/abap/types/basic/structure_type.ts.IStructureComponent>,shared object table,classref<src/abap/types/basic/structure_type.ts.IStructureComponent>,2,false,1,1,1,unknown native/unresolved flow,unknown:classref<src/abap/types/basic/structure_type.ts.IStructureComponent>,classref<src/abap/types/basic/structure_type.ts.IStructureComponent>
src/abap/5_syntax/structures/types.ts.Types::runSyntax,src/abap/5_syntax/structures/types.ts.Types::runSyntax/body/s4/body/s1/body/s0/else/body/s1/else/s0/x/seq/s0/x,src/abap/5_syntax/structures/types.ts:39:32,syntax,dynamic.asRef,classref<src/abap/types/basic/structure_type.ts.IStructureComponent>,shared object table,,1,false,0,0,0,unknown native/unresolved flow,unknown:classref<src/abap/types/basic/structure_type.ts.IStructureComponent>,classref<src/abap/types/basic/structure_type.ts.IStructureComponent>
src/abap/5_syntax/syntax.ts.SyntaxLogic::constructor,src/abap/5_syntax/syntax.ts.SyntaxLogic::constructor/body/s1/y,src/abap/5_syntax/syntax.ts:330:19,syntax,new,classref<src/issue.ts.Issue>,shared object table,,0,false,0,0,0,exact,class:src/issue.ts.Issue,classref<src/issue.ts.Issue>
src/abap/5_syntax/syntax.ts.SyntaxLogic::constructor,src/abap/5_syntax/syntax.ts.SyntaxLogic::constructor/body/s2/y,src/abap/5_syntax/syntax.ts:331:21,syntax,new,interfaceref<closure.thunk>,shared object table,,0,false,0,0,0,hierarchy/mixed upper bound,class:closure.106339,interfaceref<closure.thunk>
src/abap/5_syntax/syntax.ts.SyntaxLogic::run,src/abap/5_syntax/syntax.ts.SyntaxLogic::run/body/s10/y,src/abap/5_syntax/syntax.ts:364:21,syntax,new,interfaceref<closure.thunk>,shared object table,,0,false,0,0,0,hierarchy/mixed upper bound,class:closure.106339,interfaceref<closure.thunk>
src/abap/5_syntax/syntax.ts.SyntaxLogic::run,src/abap/5_syntax/syntax.ts.SyntaxLogic::run/body/s3/y,src/abap/5_syntax/syntax.ts:348:19,syntax,new,classref<src/issue.ts.Issue>,shared object table,,0,false,0,0,0,exact,class:src/issue.ts.Issue,classref<src/issue.ts.Issue>
src/abap/5_syntax/syntax.ts.SyntaxLogic::run,src/abap/5_syntax/syntax.ts.SyntaxLogic::run/body/s4/y,src/abap/5_syntax/syntax.ts:349:21,syntax,new,interfaceref<closure.thunk>,shared object table,,0,false,0,0,0,hierarchy/mixed upper bound,class:closure.106339,interfaceref<closure.thunk>
src/abap/5_syntax/syntax.ts.SyntaxLogic::run,src/abap/5_syntax/syntax.ts.SyntaxLogic::run/body/s7/body/s0/x/arg0,src/abap/5_syntax/syntax.ts:355:23,syntax,new,classref<src/issue.ts.Issue>,shared object table,,0,false,0,0,0,exact,class:src/issue.ts.Issue,classref<src/issue.ts.Issue>
src/abap/5_syntax/syntax.ts.SyntaxLogic::run,src/abap/5_syntax/syntax.ts.SyntaxLogic::run/body/s9,src/abap/5_syntax/syntax.ts:361:5,syntax,foreach,interfaceref<closure.thunk>,shared object table,interfaceref<closure.thunk>,1,false,1,1,1,hierarchy/mixed upper bound,class:closure.106339,interfaceref<closure.thunk>
src/abap/5_syntax/syntax.ts.SyntaxLogic::traverse,src/abap/5_syntax/syntax.ts.SyntaxLogic::traverse/body/s0,src/abap/5_syntax/syntax.ts:429:5,syntax,foreach,interfaceref<src/abap/nodes/_inode.ts.INode>,shared object table,interfaceref<src/abap/nodes/_inode.ts.INode>,1,false,1,1,0,hierarchy/mixed upper bound,class:src/abap/nodes/expression_node.ts.ExpressionNode;class:src/abap/nodes/statement_node.ts.StatementNode;class:src/abap/nodes/structure_node.ts.StructureNode;class:src/abap/nodes/token_node.ts.TokenNode;class:src/abap/nodes/token_node_regex.ts.TokenNodeRegex,interfaceref<src/abap/nodes/_inode.ts.INode>;interfaceref<union.66719939903e43ae9586894a3271d3c1e0bc1a87886c0b01d3e32f95e19d70c3>;interfaceref<union.ef34b1fae8df131c6c97185482820bb32cd957a6b0ed51ce6b23465fc63eb844>
src/abap/5_syntax/syntax.ts.SyntaxLogic::traverseObject,src/abap/5_syntax/syntax.ts.SyntaxLogic::traverseObject/body/s1/body/s0,src/abap/5_syntax/syntax.ts:385:7,syntax,foreach,classref<src/abap/abap_file.ts.ABAPFile>,shared object table,classref<src/abap/abap_file.ts.ABAPFile>,1,false,1,1,1,exact,class:src/abap/abap_file.ts.ABAPFile,classref<src/abap/abap_file.ts.ABAPFile>
src/abap/5_syntax/syntax.ts.SyntaxLogic::traverseObject,src/abap/5_syntax/syntax.ts.SyntaxLogic::traverseObject/body/s2,src/abap/5_syntax/syntax.ts:410:5,syntax,foreach,classref<src/abap/abap_file.ts.ABAPFile>,shared object table,classref<src/abap/abap_file.ts.ABAPFile>,1,false,1,1,1,exact,class:src/abap/abap_file.ts.ABAPFile,classref<src/abap/abap_file.ts.ABAPFile>
src/abap/abap_file.ts.ABAPFile::getTokens,src/abap/abap_file.ts.ABAPFile::getTokens/body/s1/s0/else/s0/x,src/abap/abap_file.ts:50:39,other,new,classref<src/abap/1_lexer/tokens/abstract_token.ts.AbstractToken>,shared object table,,0,false,0,0,0,hierarchy/mixed upper bound,class:src/abap/1_lexer/tokens/association_name.ts.AssociationName;class:src/abap/1_lexer/tokens/at.ts.At;class:src/abap/1_lexer/tokens/atw.ts.AtW;class:src/abap/1_lexer/tokens/bracket_left.ts.BracketLeft;class:src/abap/1_lexer/tokens/bracket_leftw.ts.BracketLeftW;class:src/abap/1_lexer/tokens/bracket_right.ts.BracketRight;class:src/abap/1_lexer/tokens/bracket_rightw.ts.BracketRightW;class:src/abap/1_lexer/tokens/comment.ts.Comment;class:src/abap/1_lexer/tokens/dash.ts.Dash;class:src/abap/1_lexer/tokens/dashw.ts.DashW;class:src/abap/1_lexer/tokens/identifier.ts.Identifier;class:src/abap/1_lexer/tokens/instance_arrow.ts.InstanceArrow;class:src/abap/1_lexer/tokens/instance_arroww.ts.InstanceArrowW;class:src/abap/1_lexer/tokens/paren_left.ts.ParenLeft;class:src/abap/1_lexer/tokens/paren_leftw.ts.ParenLeftW;class:src/abap/1_lexer/tokens/paren_right.ts.ParenRight;class:src/abap/1_lexer/tokens/paren_rightw.ts.ParenRightW;class:src/abap/1_lexer/tokens/plus.ts.Plus;class:src/abap/1_lexer/tokens/plusw.ts.PlusW;class:src/abap/1_lexer/tokens/pragma.ts.Pragma;class:src/abap/1_lexer/tokens/punctuation.ts.Punctuation;class:src/abap/1_lexer/tokens/static_arrow.ts.StaticArrow;class:src/abap/1_lexer/tokens/static_arroww.ts.StaticArrowW;class:src/abap/1_lexer/tokens/string.ts.StringToken;class:src/abap/1_lexer/tokens/string_template.ts.StringTemplate;class:src/abap/1_lexer/tokens/string_template_begin.ts.StringTemplateBegin;class:src/abap/1_lexer/tokens/string_template_end.ts.StringTemplateEnd;class:src/abap/1_lexer/tokens/string_template_middle.ts.StringTemplateMiddle;class:src/abap/1_lexer/tokens/wat.ts.WAt;class:src/abap/1_lexer/tokens/watw.ts.WAtW;class:src/abap/1_lexer/tokens/wbracket_left.ts.WBracketLeft;class:src/abap/1_lexer/tokens/wbracket_leftw.ts.WBracketLeftW;class:src/abap/1_lexer/tokens/wbracket_right.ts.WBracketRight;class:src/abap/1_lexer/tokens/wbracket_rightw.ts.WBracketRightW;class:src/abap/1_lexer/tokens/wdash.ts.WDash;class:src/abap/1_lexer/tokens/wdashw.ts.WDashW;class:src/abap/1_lexer/tokens/winstance_arrow.ts.WInstanceArrow;class:src/abap/1_lexer/tokens/winstance_arroww.ts.WInstanceArrowW;class:src/abap/1_lexer/tokens/wparen_left.ts.WParenLeft;class:src/abap/1_lexer/tokens/wparen_leftw.ts.WParenLeftW;class:src/abap/1_lexer/tokens/wparen_right.ts.WParenRight;class:src/abap/1_lexer/tokens/wparen_rightw.ts.WParenRightW;class:src/abap/1_lexer/tokens/wplus.ts.WPlus;class:src/abap/1_lexer/tokens/wplusw.ts.WPlusW;class:src/abap/1_lexer/tokens/wstatic_arrow.ts.WStaticArrow;class:src/abap/1_lexer/tokens/wstatic_arroww.ts.WStaticArrowW,classref<src/abap/1_lexer/tokens/abstract_token.ts.AbstractToken>
src/abap/abap_file.ts.ABAPFile::getTokens,src/abap/abap_file.ts.ABAPFile::getTokens/body/s1/s0/else/s1/x/seq/s3/body/s0/x/0,,other,array.get,classref<src/abap/1_lexer/tokens/abstract_token.ts.AbstractToken>,shared object table,optional<classref<src/abap/1_lexer/tokens/abstract_token.ts.AbstractToken>>,1,false,1,1,1,hierarchy/mixed upper bound,class:src/abap/1_lexer/tokens/association_name.ts.AssociationName;class:src/abap/1_lexer/tokens/at.ts.At;class:src/abap/1_lexer/tokens/atw.ts.AtW;class:src/abap/1_lexer/tokens/bracket_left.ts.BracketLeft;class:src/abap/1_lexer/tokens/bracket_leftw.ts.BracketLeftW;class:src/abap/1_lexer/tokens/bracket_right.ts.BracketRight;class:src/abap/1_lexer/tokens/bracket_rightw.ts.BracketRightW;class:src/abap/1_lexer/tokens/comment.ts.Comment;class:src/abap/1_lexer/tokens/dash.ts.Dash;class:src/abap/1_lexer/tokens/dashw.ts.DashW;class:src/abap/1_lexer/tokens/identifier.ts.Identifier;class:src/abap/1_lexer/tokens/instance_arrow.ts.InstanceArrow;class:src/abap/1_lexer/tokens/instance_arroww.ts.InstanceArrowW;class:src/abap/1_lexer/tokens/paren_left.ts.ParenLeft;class:src/abap/1_lexer/tokens/paren_leftw.ts.ParenLeftW;class:src/abap/1_lexer/tokens/paren_right.ts.ParenRight;class:src/abap/1_lexer/tokens/paren_rightw.ts.ParenRightW;class:src/abap/1_lexer/tokens/plus.ts.Plus;class:src/abap/1_lexer/tokens/plusw.ts.PlusW;class:src/abap/1_lexer/tokens/pragma.ts.Pragma;class:src/abap/1_lexer/tokens/punctuation.ts.Punctuation;class:src/abap/1_lexer/tokens/static_arrow.ts.StaticArrow;class:src/abap/1_lexer/tokens/static_arroww.ts.StaticArrowW;class:src/abap/1_lexer/tokens/string.ts.StringToken;class:src/abap/1_lexer/tokens/string_template.ts.StringTemplate;class:src/abap/1_lexer/tokens/string_template_begin.ts.StringTemplateBegin;class:src/abap/1_lexer/tokens/string_template_end.ts.StringTemplateEnd;class:src/abap/1_lexer/tokens/string_template_middle.ts.StringTemplateMiddle;class:src/abap/1_lexer/tokens/wat.ts.WAt;class:src/abap/1_lexer/tokens/watw.ts.WAtW;class:src/abap/1_lexer/tokens/wbracket_left.ts.WBracketLeft;class:src/abap/1_lexer/tokens/wbracket_leftw.ts.WBracketLeftW;class:src/abap/1_lexer/tokens/wbracket_right.ts.WBracketRight;class:src/abap/1_lexer/tokens/wbracket_rightw.ts.WBracketRightW;class:src/abap/1_lexer/tokens/wdash.ts.WDash;class:src/abap/1_lexer/tokens/wdashw.ts.WDashW;class:src/abap/1_lexer/tokens/winstance_arrow.ts.WInstanceArrow;class:src/abap/1_lexer/tokens/winstance_arroww.ts.WInstanceArrowW;class:src/abap/1_lexer/tokens/wparen_left.ts.WParenLeft;class:src/abap/1_lexer/tokens/wparen_leftw.ts.WParenLeftW;class:src/abap/1_lexer/tokens/wparen_right.ts.WParenRight;class:src/abap/1_lexer/tokens/wparen_rightw.ts.WParenRightW;class:src/abap/1_lexer/tokens/wplus.ts.WPlus;class:src/abap/1_lexer/tokens/wplusw.ts.WPlusW;class:src/abap/1_lexer/tokens/wstatic_arrow.ts.WStaticArrow;class:src/abap/1_lexer/tokens/wstatic_arroww.ts.WStaticArrowW,classref<src/abap/1_lexer/tokens/abstract_token.ts.AbstractToken>
src/abap/abap_parser.ts.ABAPParser::parse,src/abap/abap_parser.ts.ABAPParser::parse/body/s0/x,src/abap/abap_parser.ts:61:29,other,new,classref<src/issue.ts.Issue>,shared object table,,0,false,0,0,0,exact,class:src/issue.ts.Issue,classref<src/issue.ts.Issue>
src/abap/abap_parser.ts.ABAPParser::parse,src/abap/abap_parser.ts.ABAPParser::parse/body/s1/x,src/abap/abap_parser.ts:62:32,other,new,classref<src/abap/abap_file.ts.ABAPFile>,shared object table,,0,false,0,0,0,exact,class:src/abap/abap_file.ts.ABAPFile,classref<src/abap/abap_file.ts.ABAPFile>
src/abap/abap_parser.ts.ABAPParser::parse,src/abap/abap_parser.ts.ABAPParser::parse/body/s10,src/abap/abap_parser.ts:79:5,other,foreach,classref<src/abap/2_statements/statement_result.ts.IStatementResult>,shared object table,classref<src/abap/2_statements/statement_result.ts.IStatementResult>,1,false,1,1,1,exact,class:src/abap/2_statements/statement_result.ts.IStatementResult,classref<src/abap/2_statements/statement_result.ts.IStatementResult>
src/abap/abap_parser.ts.ABAPParser::parse,src/abap/abap_parser.ts.ABAPParser::parse/body/s10/body/s5/x/seq/s0,src/abap/abap_parser.ts:88:7,other,foreach,classref<src/issue.ts.Issue>,shared object table,classref<src/issue.ts.Issue>,2,false,1,1,1,exact,class:src/issue.ts.Issue,classref<src/issue.ts.Issue>
src/abap/abap_parser.ts.ABAPParser::parse,src/abap/abap_parser.ts.ABAPParser::parse/body/s4/x/seq/s0/x,src/abap/abap_parser.ts:68:54,other,new,classref<src/abap/1_lexer/lexer_result.ts.IABAPLexerResult>,shared object table,,0,false,0,0,0,exact,class:src/abap/1_lexer/lexer_result.ts.IABAPLexerResult,classref<src/abap/1_lexer/lexer_result.ts.IABAPLexerResult>
src/abap/abap_parser.ts.ABAPParser::parse,src/abap/abap_parser.ts.ABAPParser::parse/body/s4/x/seq/s1,src/abap/abap_parser.ts:68:54,other,foreach,interfaceref<src/files/_ifile.ts.IFile>,shared object table,interfaceref<src/files/_ifile.ts.IFile>,1,false,1,1,1,hierarchy/mixed upper bound,class:src/files/memory_file.ts.MemoryFile,interfaceref<src/files/_ifile.ts.IFile>
src/abap/artifacts.ts.ArtifactsABAP::getStatements,src/abap/artifacts.ts.ArtifactsABAP::getStatements/body/s0/x,src/abap/artifacts.ts:78:31,other,new,interfaceref<src/abap/2_statements/statements/_statement.ts.IStatement>,shared object table,,0,false,0,0,0,no non-null rows resolved (not an exact proof),,interfaceref<src/abap/2_statements/statements/_statement.ts.IStatement>
src/abap/artifacts.ts.List::constructor,src/abap/artifacts.ts.List::constructor/body/s0/y,src/abap/artifacts.ts:17:18,other,new,classref<src/abap/artifacts.ts.IKeyword>,shared object table,,0,false,0,0,0,no non-null rows resolved (not an exact proof),,classref<src/abap/artifacts.ts.IKeyword>
src/abap/cross_include_macros.ts.CrossIncludeMacros::findCandidates,src/abap/cross_include_macros.ts.CrossIncludeMacros::findCandidates/body/s0/x,src/abap/cross_include_macros.ts:55:28,other,new,classref<src/objects/program.ts.Program>,shared object table,,0,false,0,0,0,no non-null rows resolved (not an exact proof),,classref<src/objects/program.ts.Program>
src/abap/cross_include_macros.ts.CrossIncludeMacros::findCandidates,src/abap/cross_include_macros.ts.CrossIncludeMacros::findCandidates/body/s1,src/abap/cross_include_macros.ts:56:5,other,foreach,interfaceref<src/objects/_iobject.ts.IObject>,shared object table,interfaceref<src/objects/_iobject.ts.IObject>,1,false,1,1,1,no non-null rows resolved (not an exact proof),,interfaceref<src/objects/_iobject.ts.IObject>
src/abap/cross_include_macros.ts.CrossIncludeMacros::findCandidates,src/abap/cross_include_macros.ts.CrossIncludeMacros::findCandidates/body/s1/body/s1,src/abap/cross_include_macros.ts:60:7,other,foreach,classref<src/abap/abap_file.ts.ABAPFile>,shared object table,classref<src/abap/abap_file.ts.ABAPFile>,2,false,1,1,1,exact,class:src/abap/abap_file.ts.ABAPFile,classref<src/abap/abap_file.ts.ABAPFile>
src/abap/cross_include_macros.ts.CrossIncludeMacros::findCandidates,src/abap/cross_include_macros.ts.CrossIncludeMacros::findCandidates/body/s1/body/s1/body/s0/x/seq/s1,src/abap/cross_include_macros.ts:61:13,other,foreach,classref<src/abap/nodes/statement_node.ts.StatementNode>,shared object table,classref<src/abap/nodes/statement_node.ts.StatementNode>,3,false,1,1,1,exact,class:src/abap/nodes/statement_node.ts.StatementNode,classref<src/abap/nodes/statement_node.ts.StatementNode>
src/abap/cross_include_macros.ts.CrossIncludeMacros::run,src/abap/cross_include_macros.ts.CrossIncludeMacros::run/body/s5,src/abap/cross_include_macros.ts:30:5,other,foreach,classref<src/objects/program.ts.Program>,shared object table,classref<src/objects/program.ts.Program>,1,false,1,1,1,no non-null rows resolved (not an exact proof),,classref<src/objects/program.ts.Program>
src/abap/cross_include_macros.ts.CrossIncludeMacros::run,src/abap/cross_include_macros.ts.CrossIncludeMacros::run/body/s5/body/s3,src/abap/cross_include_macros.ts:37:7,other,foreach,classref<src/objects/_abap_object.ts.ABAPObject>,shared object table,classref<src/objects/_abap_object.ts.ABAPObject>,2,false,1,1,1,unknown native/unresolved flow,unknown:classref<src/objects/_abap_object.ts.ABAPObject>,classref<src/objects/_abap_object.ts.ABAPObject>
src/abap/cross_include_macros.ts.CrossIncludeMacros::run,src/abap/cross_include_macros.ts.CrossIncludeMacros::run/body/s5/body/s3/body/s0,src/abap/cross_include_macros.ts:38:9,other,foreach,classref<src/abap/abap_file.ts.ABAPFile>,shared object table,classref<src/abap/abap_file.ts.ABAPFile>,3,false,1,1,1,exact,class:src/abap/abap_file.ts.ABAPFile,classref<src/abap/abap_file.ts.ABAPFile>
src/abap/cross_include_macros.ts.CrossIncludeMacros::run,src/abap/cross_include_macros.ts.CrossIncludeMacros::run/body/s5/body/s3/body/s0/body/s0/x/arg0/seq/s0/x,src/abap/cross_include_macros.ts:40:23,other,new,classref<src/abap/nodes/statement_node.ts.StatementNode>,shared object table,,3,false,0,0,0,no non-null rows resolved (not an exact proof),,classref<src/abap/nodes/statement_node.ts.StatementNode>
src/abap/cross_include_macros.ts.CrossIncludeMacros::run,src/abap/cross_include_macros.ts.CrossIncludeMacros::run/body/s5/body/s3/body/s0/body/s0/x/arg0/seq/s1/x,,other,array.concat,classref<src/abap/nodes/statement_node.ts.StatementNode>,shared object table,,3,false,0,0,0,exact,class:src/abap/nodes/statement_node.ts.StatementNode,classref<src/abap/nodes/statement_node.ts.StatementNode>
src/abap/cross_include_macros.ts.CrossIncludeMacros::run,src/abap/cross_include_macros.ts.CrossIncludeMacros::run/body/s5/body/s3/x,src/abap/cross_include_macros.ts:37:26,other,set.values,classref<src/objects/_abap_object.ts.ABAPObject>,shared object table,,1,false,0,0,0,unknown native/unresolved flow,unknown:classref<src/objects/_abap_object.ts.ABAPObject>,classref<src/objects/_abap_object.ts.ABAPObject>
src/abap/nodes/_abstract_node.ts.AbstractNode::addChild,src/abap/nodes/_abstract_node.ts.AbstractNode::addChild/body/s0/body/s0/y,src/abap/nodes/_abstract_node.ts:20:23,other,new,interfaceref<src/abap/nodes/_inode.ts.INode>,shared object table,,0,false,0,0,0,hierarchy/mixed upper bound,class:src/abap/nodes/statement_node.ts.StatementNode;class:src/abap/nodes/structure_node.ts.StructureNode,interfaceref<src/abap/nodes/_inode.ts.INode>;interfaceref<union.66719939903e43ae9586894a3271d3c1e0bc1a87886c0b01d3e32f95e19d70c3>;interfaceref<union.ef34b1fae8df131c6c97185482820bb32cd957a6b0ed51ce6b23465fc63eb844>
src/abap/nodes/_abstract_node.ts.AbstractNode::getFirstChild,src/abap/nodes/_abstract_node.ts.AbstractNode::getFirstChild/body/s0/x/1,src/abap/nodes/_abstract_node.ts:35:12,other,index,interfaceref<src/abap/nodes/_inode.ts.INode>,shared object table,interfaceref<src/abap/nodes/_inode.ts.INode>,0,false,1,1,0,hierarchy/mixed upper bound,class:src/abap/nodes/expression_node.ts.ExpressionNode;class:src/abap/nodes/statement_node.ts.StatementNode;class:src/abap/nodes/structure_node.ts.StructureNode;class:src/abap/nodes/token_node.ts.TokenNode;class:src/abap/nodes/token_node_regex.ts.TokenNodeRegex,interfaceref<src/abap/nodes/_inode.ts.INode>;interfaceref<union.66719939903e43ae9586894a3271d3c1e0bc1a87886c0b01d3e32f95e19d70c3>;interfaceref<union.ef34b1fae8df131c6c97185482820bb32cd957a6b0ed51ce6b23465fc63eb844>
src/abap/nodes/_abstract_node.ts.AbstractNode::getLastChild,src/abap/nodes/_abstract_node.ts.AbstractNode::getLastChild/body/s0/x/1,src/abap/nodes/_abstract_node.ts:39:12,other,index,interfaceref<src/abap/nodes/_inode.ts.INode>,shared object table,interfaceref<src/abap/nodes/_inode.ts.INode>,0,false,1,1,0,hierarchy/mixed upper bound,class:src/abap/nodes/expression_node.ts.ExpressionNode;class:src/abap/nodes/statement_node.ts.StatementNode;class:src/abap/nodes/structure_node.ts.StructureNode;class:src/abap/nodes/token_node.ts.TokenNode;class:src/abap/nodes/token_node_regex.ts.TokenNodeRegex,interfaceref<src/abap/nodes/_inode.ts.INode>;interfaceref<union.66719939903e43ae9586894a3271d3c1e0bc1a87886c0b01d3e32f95e19d70c3>;interfaceref<union.ef34b1fae8df131c6c97185482820bb32cd957a6b0ed51ce6b23465fc63eb844>
src/abap/nodes/_abstract_node.ts.AbstractNode::setChildren,src/abap/nodes/_abstract_node.ts.AbstractNode::setChildren/body/s0/y,src/abap/nodes/_abstract_node.ts:27:21,other,array.slice0,interfaceref<src/abap/nodes/_inode.ts.INode>,shared object table,,0,false,0,0,0,hierarchy/mixed upper bound,class:src/abap/nodes/expression_node.ts.ExpressionNode;class:src/abap/nodes/statement_node.ts.StatementNode;class:src/abap/nodes/structure_node.ts.StructureNode;class:src/abap/nodes/token_node.ts.TokenNode;class:src/abap/nodes/token_node_regex.ts.TokenNodeRegex,interfaceref<src/abap/nodes/_inode.ts.INode>;interfaceref<union.66719939903e43ae9586894a3271d3c1e0bc1a87886c0b01d3e32f95e19d70c3>;interfaceref<union.ef34b1fae8df131c6c97185482820bb32cd957a6b0ed51ce6b23465fc63eb844>
src/abap/nodes/_abstract_node.ts.module::class_constructor,src/abap/nodes/_abstract_node.ts.module::class_constructor/body/s0/y,src/abap/nodes/_abstract_node.ts:5:47,other,new,interfaceref<src/abap/nodes/_inode.ts.INode>,shared object table,,0,false,0,0,0,hierarchy/mixed upper bound,class:src/abap/nodes/statement_node.ts.StatementNode;class:src/abap/nodes/structure_node.ts.StructureNode,interfaceref<src/abap/nodes/_inode.ts.INode>;interfaceref<union.66719939903e43ae9586894a3271d3c1e0bc1a87886c0b01d3e32f95e19d70c3>;interfaceref<union.ef34b1fae8df131c6c97185482820bb32cd957a6b0ed51ce6b23465fc63eb844>
src/abap/nodes/expression_node.ts.ExpressionNode::concatTokens,src/abap/nodes/expression_node.ts.ExpressionNode::concatTokens/body/s2,src/abap/nodes/expression_node.ts:73:5,other,foreach,classref<src/abap/1_lexer/tokens/abstract_token.ts.AbstractToken>,shared object table,classref<src/abap/1_lexer/tokens/abstract_token.ts.AbstractToken>,1,false,1,1,1,hierarchy/mixed upper bound,class:src/abap/1_lexer/tokens/association_name.ts.AssociationName;class:src/abap/1_lexer/tokens/at.ts.At;class:src/abap/1_lexer/tokens/atw.ts.AtW;class:src/abap/1_lexer/tokens/bracket_left.ts.BracketLeft;class:src/abap/1_lexer/tokens/bracket_leftw.ts.BracketLeftW;class:src/abap/1_lexer/tokens/bracket_right.ts.BracketRight;class:src/abap/1_lexer/tokens/bracket_rightw.ts.BracketRightW;class:src/abap/1_lexer/tokens/comment.ts.Comment;class:src/abap/1_lexer/tokens/dash.ts.Dash;class:src/abap/1_lexer/tokens/dashw.ts.DashW;class:src/abap/1_lexer/tokens/identifier.ts.Identifier;class:src/abap/1_lexer/tokens/instance_arrow.ts.InstanceArrow;class:src/abap/1_lexer/tokens/instance_arroww.ts.InstanceArrowW;class:src/abap/1_lexer/tokens/paren_left.ts.ParenLeft;class:src/abap/1_lexer/tokens/paren_leftw.ts.ParenLeftW;class:src/abap/1_lexer/tokens/paren_right.ts.ParenRight;class:src/abap/1_lexer/tokens/paren_rightw.ts.ParenRightW;class:src/abap/1_lexer/tokens/plus.ts.Plus;class:src/abap/1_lexer/tokens/plusw.ts.PlusW;class:src/abap/1_lexer/tokens/pragma.ts.Pragma;class:src/abap/1_lexer/tokens/punctuation.ts.Punctuation;class:src/abap/1_lexer/tokens/static_arrow.ts.StaticArrow;class:src/abap/1_lexer/tokens/static_arroww.ts.StaticArrowW;class:src/abap/1_lexer/tokens/string.ts.StringToken;class:src/abap/1_lexer/tokens/string_template.ts.StringTemplate;class:src/abap/1_lexer/tokens/string_template_begin.ts.StringTemplateBegin;class:src/abap/1_lexer/tokens/string_template_end.ts.StringTemplateEnd;class:src/abap/1_lexer/tokens/string_template_middle.ts.StringTemplateMiddle;class:src/abap/1_lexer/tokens/wat.ts.WAt;class:src/abap/1_lexer/tokens/watw.ts.WAtW;class:src/abap/1_lexer/tokens/wbracket_left.ts.WBracketLeft;class:src/abap/1_lexer/tokens/wbracket_leftw.ts.WBracketLeftW;class:src/abap/1_lexer/tokens/wbracket_right.ts.WBracketRight;class:src/abap/1_lexer/tokens/wbracket_rightw.ts.WBracketRightW;class:src/abap/1_lexer/tokens/wdash.ts.WDash;class:src/abap/1_lexer/tokens/wdashw.ts.WDashW;class:src/abap/1_lexer/tokens/winstance_arrow.ts.WInstanceArrow;class:src/abap/1_lexer/tokens/winstance_arroww.ts.WInstanceArrowW;class:src/abap/1_lexer/tokens/wparen_left.ts.WParenLeft;class:src/abap/1_lexer/tokens/wparen_leftw.ts.WParenLeftW;class:src/abap/1_lexer/tokens/wparen_right.ts.WParenRight;class:src/abap/1_lexer/tokens/wparen_rightw.ts.WParenRightW;class:src/abap/1_lexer/tokens/wplus.ts.WPlus;class:src/abap/1_lexer/tokens/wplusw.ts.WPlusW;class:src/abap/1_lexer/tokens/wstatic_arrow.ts.WStaticArrow;class:src/abap/1_lexer/tokens/wstatic_arroww.ts.WStaticArrowW,classref<src/abap/1_lexer/tokens/abstract_token.ts.AbstractToken>
src/abap/nodes/expression_node.ts.ExpressionNode::findAllExpressions,src/abap/nodes/expression_node.ts.ExpressionNode::findAllExpressions/body/s0/x,src/abap/nodes/expression_node.ts:255:35,other,new,classref<src/abap/nodes/expression_node.ts.ExpressionNode>,shared object table,,0,false,0,0,0,hierarchy/mixed upper bound,class:src/abap/nodes/expression_node.ts.ExpressionNode;class:src/abap/nodes/statement_node.ts.StatementNode;class:src/abap/nodes/structure_node.ts.StructureNode;class:src/abap/nodes/token_node.ts.TokenNode;class:src/abap/nodes/token_node_regex.ts.TokenNodeRegex,classref<src/abap/nodes/expression_node.ts.ExpressionNode>
src/abap/nodes/expression_node.ts.ExpressionNode::findAllExpressions,src/abap/nodes/expression_node.ts.ExpressionNode::findAllExpressions/body/s1,src/abap/nodes/expression_node.ts:256:5,other,foreach,interfaceref<union.66719939903e43ae9586894a3271d3c1e0bc1a87886c0b01d3e32f95e19d70c3>,shared object table,interfaceref<union.66719939903e43ae9586894a3271d3c1e0bc1a87886c0b01d3e32f95e19d70c3>,1,false,1,1,0,hierarchy/mixed upper bound,class:src/abap/nodes/expression_node.ts.ExpressionNode;class:src/abap/nodes/statement_node.ts.StatementNode;class:src/abap/nodes/structure_node.ts.StructureNode;class:src/abap/nodes/token_node.ts.TokenNode;class:src/abap/nodes/token_node_regex.ts.TokenNodeRegex,interfaceref<src/abap/nodes/_inode.ts.INode>;interfaceref<union.66719939903e43ae9586894a3271d3c1e0bc1a87886c0b01d3e32f95e19d70c3>;interfaceref<union.ef34b1fae8df131c6c97185482820bb32cd957a6b0ed51ce6b23465fc63eb844>
src/abap/nodes/expression_node.ts.ExpressionNode::findAllExpressions,src/abap/nodes/expression_node.ts.ExpressionNode::findAllExpressions/body/s1/body/s0/else/else/s0/x/seq/s0,src/abap/nodes/expression_node.ts:262:9,other,foreach,classref<src/abap/nodes/expression_node.ts.ExpressionNode>,shared object table,classref<src/abap/nodes/expression_node.ts.ExpressionNode>,2,false,1,1,1,hierarchy/mixed upper bound,class:src/abap/nodes/expression_node.ts.ExpressionNode;class:src/abap/nodes/statement_node.ts.StatementNode;class:src/abap/nodes/structure_node.ts.StructureNode;class:src/abap/nodes/token_node.ts.TokenNode;class:src/abap/nodes/token_node_regex.ts.TokenNodeRegex,classref<src/abap/nodes/expression_node.ts.ExpressionNode>
src/abap/nodes/expression_node.ts.ExpressionNode::findAllExpressionsRecursive,src/abap/nodes/expression_node.ts.ExpressionNode::findAllExpressionsRecursive/body/s0/x,src/abap/nodes/expression_node.ts:242:35,other,new,classref<src/abap/nodes/expression_node.ts.ExpressionNode>,shared object table,,0,false,0,0,0,hierarchy/mixed upper bound,class:src/abap/nodes/expression_node.ts.ExpressionNode;class:src/abap/nodes/statement_node.ts.StatementNode;class:src/abap/nodes/structure_node.ts.StructureNode;class:src/abap/nodes/token_node.ts.TokenNode;class:src/abap/nodes/token_node_regex.ts.TokenNodeRegex,classref<src/abap/nodes/expression_node.ts.ExpressionNode>
src/abap/nodes/expression_node.ts.ExpressionNode::findAllExpressionsRecursive,src/abap/nodes/expression_node.ts.ExpressionNode::findAllExpressionsRecursive/body/s1,src/abap/nodes/expression_node.ts:243:5,other,foreach,interfaceref<union.66719939903e43ae9586894a3271d3c1e0bc1a87886c0b01d3e32f95e19d70c3>,shared object table,interfaceref<union.66719939903e43ae9586894a3271d3c1e0bc1a87886c0b01d3e32f95e19d70c3>,1,false,1,1,0,hierarchy/mixed upper bound,class:src/abap/nodes/expression_node.ts.ExpressionNode;class:src/abap/nodes/statement_node.ts.StatementNode;class:src/abap/nodes/structure_node.ts.StructureNode;class:src/abap/nodes/token_node.ts.TokenNode;class:src/abap/nodes/token_node_regex.ts.TokenNodeRegex,interfaceref<src/abap/nodes/_inode.ts.INode>;interfaceref<union.66719939903e43ae9586894a3271d3c1e0bc1a87886c0b01d3e32f95e19d70c3>;interfaceref<union.ef34b1fae8df131c6c97185482820bb32cd957a6b0ed51ce6b23465fc63eb844>
src/abap/nodes/expression_node.ts.ExpressionNode::findAllExpressionsRecursive,src/abap/nodes/expression_node.ts.ExpressionNode::findAllExpressionsRecursive/body/s1/body/s1/x/seq/s0,src/abap/nodes/expression_node.ts:249:7,other,foreach,classref<src/abap/nodes/expression_node.ts.ExpressionNode>,shared object table,classref<src/abap/nodes/expression_node.ts.ExpressionNode>,2,false,1,1,1,hierarchy/mixed upper bound,class:src/abap/nodes/expression_node.ts.ExpressionNode;class:src/abap/nodes/statement_node.ts.StatementNode;class:src/abap/nodes/structure_node.ts.StructureNode;class:src/abap/nodes/token_node.ts.TokenNode;class:src/abap/nodes/token_node_regex.ts.TokenNodeRegex,classref<src/abap/nodes/expression_node.ts.ExpressionNode>
src/abap/nodes/expression_node.ts.ExpressionNode::findDirectExpression,src/abap/nodes/expression_node.ts.ExpressionNode::findDirectExpression/body/s0,src/abap/nodes/expression_node.ts:182:5,other,foreach,interfaceref<union.66719939903e43ae9586894a3271d3c1e0bc1a87886c0b01d3e32f95e19d70c3>,shared object table,interfaceref<union.66719939903e43ae9586894a3271d3c1e0bc1a87886c0b01d3e32f95e19d70c3>,1,false,1,1,0,hierarchy/mixed upper bound,class:src/abap/nodes/expression_node.ts.ExpressionNode;class:src/abap/nodes/statement_node.ts.StatementNode;class:src/abap/nodes/structure_node.ts.StructureNode;class:src/abap/nodes/token_node.ts.TokenNode;class:src/abap/nodes/token_node_regex.ts.TokenNodeRegex,interfaceref<src/abap/nodes/_inode.ts.INode>;interfaceref<union.66719939903e43ae9586894a3271d3c1e0bc1a87886c0b01d3e32f95e19d70c3>;interfaceref<union.ef34b1fae8df131c6c97185482820bb32cd957a6b0ed51ce6b23465fc63eb844>
src/abap/nodes/expression_node.ts.ExpressionNode::findDirectExpressions,src/abap/nodes/expression_node.ts.ExpressionNode::findDirectExpressions/body/s0/x,src/abap/nodes/expression_node.ts:207:35,other,new,classref<src/abap/nodes/expression_node.ts.ExpressionNode>,shared object table,,0,false,0,0,0,hierarchy/mixed upper bound,class:src/abap/nodes/expression_node.ts.ExpressionNode;class:src/abap/nodes/statement_node.ts.StatementNode;class:src/abap/nodes/structure_node.ts.StructureNode;class:src/abap/nodes/token_node.ts.TokenNode;class:src/abap/nodes/token_node_regex.ts.TokenNodeRegex,classref<src/abap/nodes/expression_node.ts.ExpressionNode>
src/abap/nodes/expression_node.ts.ExpressionNode::findDirectExpressions,src/abap/nodes/expression_node.ts.ExpressionNode::findDirectExpressions/body/s1,src/abap/nodes/expression_node.ts:208:5,other,foreach,interfaceref<union.66719939903e43ae9586894a3271d3c1e0bc1a87886c0b01d3e32f95e19d70c3>,shared object table,interfaceref<union.66719939903e43ae9586894a3271d3c1e0bc1a87886c0b01d3e32f95e19d70c3>,1,false,1,1,0,hierarchy/mixed upper bound,class:src/abap/nodes/expression_node.ts.ExpressionNode;class:src/abap/nodes/statement_node.ts.StatementNode;class:src/abap/nodes/structure_node.ts.StructureNode;class:src/abap/nodes/token_node.ts.TokenNode;class:src/abap/nodes/token_node_regex.ts.TokenNodeRegex,interfaceref<src/abap/nodes/_inode.ts.INode>;interfaceref<union.66719939903e43ae9586894a3271d3c1e0bc1a87886c0b01d3e32f95e19d70c3>;interfaceref<union.ef34b1fae8df131c6c97185482820bb32cd957a6b0ed51ce6b23465fc63eb844>
src/abap/nodes/expression_node.ts.ExpressionNode::findDirectExpressionsMulti,src/abap/nodes/expression_node.ts.ExpressionNode::findDirectExpressionsMulti/body/s0/x,src/abap/nodes/expression_node.ts:217:35,other,new,classref<src/abap/nodes/expression_node.ts.ExpressionNode>,shared object table,,0,false,0,0,0,hierarchy/mixed upper bound,class:src/abap/nodes/expression_node.ts.ExpressionNode;class:src/abap/nodes/statement_node.ts.StatementNode;class:src/abap/nodes/structure_node.ts.StructureNode;class:src/abap/nodes/token_node.ts.TokenNode;class:src/abap/nodes/token_node_regex.ts.TokenNodeRegex,classref<src/abap/nodes/expression_node.ts.ExpressionNode>
src/abap/nodes/expression_node.ts.ExpressionNode::findDirectExpressionsMulti,src/abap/nodes/expression_node.ts.ExpressionNode::findDirectExpressionsMulti/body/s1,src/abap/nodes/expression_node.ts:218:5,other,foreach,interfaceref<union.66719939903e43ae9586894a3271d3c1e0bc1a87886c0b01d3e32f95e19d70c3>,shared object table,interfaceref<union.66719939903e43ae9586894a3271d3c1e0bc1a87886c0b01d3e32f95e19d70c3>,1,false,1,1,0,hierarchy/mixed upper bound,class:src/abap/nodes/expression_node.ts.ExpressionNode;class:src/abap/nodes/statement_node.ts.StatementNode;class:src/abap/nodes/structure_node.ts.StructureNode;class:src/abap/nodes/token_node.ts.TokenNode;class:src/abap/nodes/token_node_regex.ts.TokenNodeRegex,interfaceref<src/abap/nodes/_inode.ts.INode>;interfaceref<union.66719939903e43ae9586894a3271d3c1e0bc1a87886c0b01d3e32f95e19d70c3>;interfaceref<union.ef34b1fae8df131c6c97185482820bb32cd957a6b0ed51ce6b23465fc63eb844>
src/abap/nodes/expression_node.ts.ExpressionNode::findDirectTokenByText,src/abap/nodes/expression_node.ts.ExpressionNode::findDirectTokenByText/body/s1,src/abap/nodes/expression_node.ts:233:5,other,foreach,interfaceref<union.66719939903e43ae9586894a3271d3c1e0bc1a87886c0b01d3e32f95e19d70c3>,shared object table,interfaceref<union.66719939903e43ae9586894a3271d3c1e0bc1a87886c0b01d3e32f95e19d70c3>,1,false,1,1,0,hierarchy/mixed upper bound,class:src/abap/nodes/expression_node.ts.ExpressionNode;class:src/abap/nodes/statement_node.ts.StatementNode;class:src/abap/nodes/structure_node.ts.StructureNode;class:src/abap/nodes/token_node.ts.TokenNode;class:src/abap/nodes/token_node_regex.ts.TokenNodeRegex,interfaceref<src/abap/nodes/_inode.ts.INode>;interfaceref<union.66719939903e43ae9586894a3271d3c1e0bc1a87886c0b01d3e32f95e19d70c3>;interfaceref<union.ef34b1fae8df131c6c97185482820bb32cd957a6b0ed51ce6b23465fc63eb844>
src/abap/nodes/expression_node.ts.ExpressionNode::findExpressionAfterToken,src/abap/nodes/expression_node.ts.ExpressionNode::findExpressionAfterToken/body/s1/s1/body/s0/s0/x,src/abap/nodes/expression_node.ts:194:17,other,index,interfaceref<union.66719939903e43ae9586894a3271d3c1e0bc1a87886c0b01d3e32f95e19d70c3>,shared object table,interfaceref<union.66719939903e43ae9586894a3271d3c1e0bc1a87886c0b01d3e32f95e19d70c3>,1,false,1,1,0,hierarchy/mixed upper bound,class:src/abap/nodes/expression_node.ts.ExpressionNode;class:src/abap/nodes/statement_node.ts.StatementNode;class:src/abap/nodes/structure_node.ts.StructureNode;class:src/abap/nodes/token_node.ts.TokenNode;class:src/abap/nodes/token_node_regex.ts.TokenNodeRegex,interfaceref<src/abap/nodes/_inode.ts.INode>;interfaceref<union.66719939903e43ae9586894a3271d3c1e0bc1a87886c0b01d3e32f95e19d70c3>;interfaceref<union.ef34b1fae8df131c6c97185482820bb32cd957a6b0ed51ce6b23465fc63eb844>
src/abap/nodes/expression_node.ts.ExpressionNode::findExpressionAfterToken,src/abap/nodes/expression_node.ts.ExpressionNode::findExpressionAfterToken/body/s1/s1/body/s0/s1/x,src/abap/nodes/expression_node.ts:195:20,other,index,interfaceref<union.66719939903e43ae9586894a3271d3c1e0bc1a87886c0b01d3e32f95e19d70c3>,shared object table,interfaceref<union.66719939903e43ae9586894a3271d3c1e0bc1a87886c0b01d3e32f95e19d70c3>,1,false,1,1,0,hierarchy/mixed upper bound,class:src/abap/nodes/expression_node.ts.ExpressionNode;class:src/abap/nodes/statement_node.ts.StatementNode;class:src/abap/nodes/structure_node.ts.StructureNode;class:src/abap/nodes/token_node.ts.TokenNode;class:src/abap/nodes/token_node_regex.ts.TokenNodeRegex,interfaceref<src/abap/nodes/_inode.ts.INode>;interfaceref<union.66719939903e43ae9586894a3271d3c1e0bc1a87886c0b01d3e32f95e19d70c3>;interfaceref<union.ef34b1fae8df131c6c97185482820bb32cd957a6b0ed51ce6b23465fc63eb844>
src/abap/nodes/expression_node.ts.ExpressionNode::findFirstExpression,src/abap/nodes/expression_node.ts.ExpressionNode::findFirstExpression/body/s1,src/abap/nodes/expression_node.ts:292:5,other,foreach,interfaceref<union.66719939903e43ae9586894a3271d3c1e0bc1a87886c0b01d3e32f95e19d70c3>,shared object table,interfaceref<union.66719939903e43ae9586894a3271d3c1e0bc1a87886c0b01d3e32f95e19d70c3>,1,false,1,1,0,hierarchy/mixed upper bound,class:src/abap/nodes/expression_node.ts.ExpressionNode;class:src/abap/nodes/statement_node.ts.StatementNode;class:src/abap/nodes/structure_node.ts.StructureNode;class:src/abap/nodes/token_node.ts.TokenNode;class:src/abap/nodes/token_node_regex.ts.TokenNodeRegex,interfaceref<src/abap/nodes/_inode.ts.INode>;interfaceref<union.66719939903e43ae9586894a3271d3c1e0bc1a87886c0b01d3e32f95e19d70c3>;interfaceref<union.ef34b1fae8df131c6c97185482820bb32cd957a6b0ed51ce6b23465fc63eb844>
src/abap/nodes/expression_node.ts.ExpressionNode::getAllTokens,src/abap/nodes/expression_node.ts.ExpressionNode::getAllTokens/body/s0/x,src/abap/nodes/expression_node.ts:156:34,other,new,classref<src/abap/1_lexer/tokens/abstract_token.ts.AbstractToken>,shared object table,,0,false,0,0,0,hierarchy/mixed upper bound,class:src/abap/1_lexer/tokens/association_name.ts.AssociationName;class:src/abap/1_lexer/tokens/at.ts.At;class:src/abap/1_lexer/tokens/atw.ts.AtW;class:src/abap/1_lexer/tokens/bracket_left.ts.BracketLeft;class:src/abap/1_lexer/tokens/bracket_leftw.ts.BracketLeftW;class:src/abap/1_lexer/tokens/bracket_right.ts.BracketRight;class:src/abap/1_lexer/tokens/bracket_rightw.ts.BracketRightW;class:src/abap/1_lexer/tokens/comment.ts.Comment;class:src/abap/1_lexer/tokens/dash.ts.Dash;class:src/abap/1_lexer/tokens/dashw.ts.DashW;class:src/abap/1_lexer/tokens/identifier.ts.Identifier;class:src/abap/1_lexer/tokens/instance_arrow.ts.InstanceArrow;class:src/abap/1_lexer/tokens/instance_arroww.ts.InstanceArrowW;class:src/abap/1_lexer/tokens/paren_left.ts.ParenLeft;class:src/abap/1_lexer/tokens/paren_leftw.ts.ParenLeftW;class:src/abap/1_lexer/tokens/paren_right.ts.ParenRight;class:src/abap/1_lexer/tokens/paren_rightw.ts.ParenRightW;class:src/abap/1_lexer/tokens/plus.ts.Plus;class:src/abap/1_lexer/tokens/plusw.ts.PlusW;class:src/abap/1_lexer/tokens/pragma.ts.Pragma;class:src/abap/1_lexer/tokens/punctuation.ts.Punctuation;class:src/abap/1_lexer/tokens/static_arrow.ts.StaticArrow;class:src/abap/1_lexer/tokens/static_arroww.ts.StaticArrowW;class:src/abap/1_lexer/tokens/string.ts.StringToken;class:src/abap/1_lexer/tokens/string_template.ts.StringTemplate;class:src/abap/1_lexer/tokens/string_template_begin.ts.StringTemplateBegin;class:src/abap/1_lexer/tokens/string_template_end.ts.StringTemplateEnd;class:src/abap/1_lexer/tokens/string_template_middle.ts.StringTemplateMiddle;class:src/abap/1_lexer/tokens/wat.ts.WAt;class:src/abap/1_lexer/tokens/watw.ts.WAtW;class:src/abap/1_lexer/tokens/wbracket_left.ts.WBracketLeft;class:src/abap/1_lexer/tokens/wbracket_leftw.ts.WBracketLeftW;class:src/abap/1_lexer/tokens/wbracket_right.ts.WBracketRight;class:src/abap/1_lexer/tokens/wbracket_rightw.ts.WBracketRightW;class:src/abap/1_lexer/tokens/wdash.ts.WDash;class:src/abap/1_lexer/tokens/wdashw.ts.WDashW;class:src/abap/1_lexer/tokens/winstance_arrow.ts.WInstanceArrow;class:src/abap/1_lexer/tokens/winstance_arroww.ts.WInstanceArrowW;class:src/abap/1_lexer/tokens/wparen_left.ts.WParenLeft;class:src/abap/1_lexer/tokens/wparen_leftw.ts.WParenLeftW;class:src/abap/1_lexer/tokens/wparen_right.ts.WParenRight;class:src/abap/1_lexer/tokens/wparen_rightw.ts.WParenRightW;class:src/abap/1_lexer/tokens/wplus.ts.WPlus;class:src/abap/1_lexer/tokens/wplusw.ts.WPlusW;class:src/abap/1_lexer/tokens/wstatic_arrow.ts.WStaticArrow;class:src/abap/1_lexer/tokens/wstatic_arroww.ts.WStaticArrowW,classref<src/abap/1_lexer/tokens/abstract_token.ts.AbstractToken>
src/abap/nodes/expression_node.ts.ExpressionNode::getAllTokens,src/abap/nodes/expression_node.ts.ExpressionNode::getAllTokens/body/s1,src/abap/nodes/expression_node.ts:158:5,other,foreach,interfaceref<union.66719939903e43ae9586894a3271d3c1e0bc1a87886c0b01d3e32f95e19d70c3>,shared object table,interfaceref<union.66719939903e43ae9586894a3271d3c1e0bc1a87886c0b01d3e32f95e19d70c3>,1,false,1,1,0,hierarchy/mixed upper bound,class:src/abap/nodes/expression_node.ts.ExpressionNode;class:src/abap/nodes/statement_node.ts.StatementNode;class:src/abap/nodes/structure_node.ts.StructureNode;class:src/abap/nodes/token_node.ts.TokenNode;class:src/abap/nodes/token_node_regex.ts.TokenNodeRegex,interfaceref<src/abap/nodes/_inode.ts.INode>;interfaceref<union.66719939903e43ae9586894a3271d3c1e0bc1a87886c0b01d3e32f95e19d70c3>;interfaceref<union.ef34b1fae8df131c6c97185482820bb32cd957a6b0ed51ce6b23465fc63eb844>
src/abap/nodes/expression_node.ts.ExpressionNode::getAllTokens,src/abap/nodes/expression_node.ts.ExpressionNode::getAllTokens/body/s1/body/s0/else/s0/x/seq/s0,src/abap/nodes/expression_node.ts:162:9,other,foreach,classref<src/abap/1_lexer/tokens/abstract_token.ts.AbstractToken>,shared object table,classref<src/abap/1_lexer/tokens/abstract_token.ts.AbstractToken>,2,false,1,1,1,hierarchy/mixed upper bound,class:src/abap/1_lexer/tokens/association_name.ts.AssociationName;class:src/abap/1_lexer/tokens/at.ts.At;class:src/abap/1_lexer/tokens/atw.ts.AtW;class:src/abap/1_lexer/tokens/bracket_left.ts.BracketLeft;class:src/abap/1_lexer/tokens/bracket_leftw.ts.BracketLeftW;class:src/abap/1_lexer/tokens/bracket_right.ts.BracketRight;class:src/abap/1_lexer/tokens/bracket_rightw.ts.BracketRightW;class:src/abap/1_lexer/tokens/comment.ts.Comment;class:src/abap/1_lexer/tokens/dash.ts.Dash;class:src/abap/1_lexer/tokens/dashw.ts.DashW;class:src/abap/1_lexer/tokens/identifier.ts.Identifier;class:src/abap/1_lexer/tokens/instance_arrow.ts.InstanceArrow;class:src/abap/1_lexer/tokens/instance_arroww.ts.InstanceArrowW;class:src/abap/1_lexer/tokens/paren_left.ts.ParenLeft;class:src/abap/1_lexer/tokens/paren_leftw.ts.ParenLeftW;class:src/abap/1_lexer/tokens/paren_right.ts.ParenRight;class:src/abap/1_lexer/tokens/paren_rightw.ts.ParenRightW;class:src/abap/1_lexer/tokens/plus.ts.Plus;class:src/abap/1_lexer/tokens/plusw.ts.PlusW;class:src/abap/1_lexer/tokens/pragma.ts.Pragma;class:src/abap/1_lexer/tokens/punctuation.ts.Punctuation;class:src/abap/1_lexer/tokens/static_arrow.ts.StaticArrow;class:src/abap/1_lexer/tokens/static_arroww.ts.StaticArrowW;class:src/abap/1_lexer/tokens/string.ts.StringToken;class:src/abap/1_lexer/tokens/string_template.ts.StringTemplate;class:src/abap/1_lexer/tokens/string_template_begin.ts.StringTemplateBegin;class:src/abap/1_lexer/tokens/string_template_end.ts.StringTemplateEnd;class:src/abap/1_lexer/tokens/string_template_middle.ts.StringTemplateMiddle;class:src/abap/1_lexer/tokens/wat.ts.WAt;class:src/abap/1_lexer/tokens/watw.ts.WAtW;class:src/abap/1_lexer/tokens/wbracket_left.ts.WBracketLeft;class:src/abap/1_lexer/tokens/wbracket_leftw.ts.WBracketLeftW;class:src/abap/1_lexer/tokens/wbracket_right.ts.WBracketRight;class:src/abap/1_lexer/tokens/wbracket_rightw.ts.WBracketRightW;class:src/abap/1_lexer/tokens/wdash.ts.WDash;class:src/abap/1_lexer/tokens/wdashw.ts.WDashW;class:src/abap/1_lexer/tokens/winstance_arrow.ts.WInstanceArrow;class:src/abap/1_lexer/tokens/winstance_arroww.ts.WInstanceArrowW;class:src/abap/1_lexer/tokens/wparen_left.ts.WParenLeft;class:src/abap/1_lexer/tokens/wparen_leftw.ts.WParenLeftW;class:src/abap/1_lexer/tokens/wparen_right.ts.WParenRight;class:src/abap/1_lexer/tokens/wparen_rightw.ts.WParenRightW;class:src/abap/1_lexer/tokens/wplus.ts.WPlus;class:src/abap/1_lexer/tokens/wplusw.ts.WPlusW;class:src/abap/1_lexer/tokens/wstatic_arrow.ts.WStaticArrow;class:src/abap/1_lexer/tokens/wstatic_arroww.ts.WStaticArrowW,classref<src/abap/1_lexer/tokens/abstract_token.ts.AbstractToken>
src/abap/nodes/expression_node.ts.ExpressionNode::getFirstToken,src/abap/nodes/expression_node.ts.ExpressionNode::getFirstToken/body/s0,src/abap/nodes/expression_node.ts:40:5,other,foreach,interfaceref<union.66719939903e43ae9586894a3271d3c1e0bc1a87886c0b01d3e32f95e19d70c3>,shared object table,interfaceref<union.66719939903e43ae9586894a3271d3c1e0bc1a87886c0b01d3e32f95e19d70c3>,1,false,1,1,0,hierarchy/mixed upper bound,class:src/abap/nodes/expression_node.ts.ExpressionNode;class:src/abap/nodes/statement_node.ts.StatementNode;class:src/abap/nodes/structure_node.ts.StructureNode;class:src/abap/nodes/token_node.ts.TokenNode;class:src/abap/nodes/token_node_regex.ts.TokenNodeRegex,interfaceref<src/abap/nodes/_inode.ts.INode>;interfaceref<union.66719939903e43ae9586894a3271d3c1e0bc1a87886c0b01d3e32f95e19d70c3>;interfaceref<union.ef34b1fae8df131c6c97185482820bb32cd957a6b0ed51ce6b23465fc63eb844>
src/abap/nodes/expression_node.ts.ExpressionNode::getTokens,src/abap/nodes/expression_node.ts.ExpressionNode::getTokens/body/s0/x,src/abap/nodes/expression_node.ts:117:37,other,new,classref<src/abap/1_lexer/tokens/abstract_token.ts.AbstractToken>,shared object table,,0,false,0,0,0,hierarchy/mixed upper bound,class:src/abap/1_lexer/tokens/association_name.ts.AssociationName;class:src/abap/1_lexer/tokens/at.ts.At;class:src/abap/1_lexer/tokens/atw.ts.AtW;class:src/abap/1_lexer/tokens/bracket_left.ts.BracketLeft;class:src/abap/1_lexer/tokens/bracket_leftw.ts.BracketLeftW;class:src/abap/1_lexer/tokens/bracket_right.ts.BracketRight;class:src/abap/1_lexer/tokens/bracket_rightw.ts.BracketRightW;class:src/abap/1_lexer/tokens/comment.ts.Comment;class:src/abap/1_lexer/tokens/dash.ts.Dash;class:src/abap/1_lexer/tokens/dashw.ts.DashW;class:src/abap/1_lexer/tokens/identifier.ts.Identifier;class:src/abap/1_lexer/tokens/instance_arrow.ts.InstanceArrow;class:src/abap/1_lexer/tokens/instance_arroww.ts.InstanceArrowW;class:src/abap/1_lexer/tokens/paren_left.ts.ParenLeft;class:src/abap/1_lexer/tokens/paren_leftw.ts.ParenLeftW;class:src/abap/1_lexer/tokens/paren_right.ts.ParenRight;class:src/abap/1_lexer/tokens/paren_rightw.ts.ParenRightW;class:src/abap/1_lexer/tokens/plus.ts.Plus;class:src/abap/1_lexer/tokens/plusw.ts.PlusW;class:src/abap/1_lexer/tokens/pragma.ts.Pragma;class:src/abap/1_lexer/tokens/punctuation.ts.Punctuation;class:src/abap/1_lexer/tokens/static_arrow.ts.StaticArrow;class:src/abap/1_lexer/tokens/static_arroww.ts.StaticArrowW;class:src/abap/1_lexer/tokens/string.ts.StringToken;class:src/abap/1_lexer/tokens/string_template.ts.StringTemplate;class:src/abap/1_lexer/tokens/string_template_begin.ts.StringTemplateBegin;class:src/abap/1_lexer/tokens/string_template_end.ts.StringTemplateEnd;class:src/abap/1_lexer/tokens/string_template_middle.ts.StringTemplateMiddle;class:src/abap/1_lexer/tokens/wat.ts.WAt;class:src/abap/1_lexer/tokens/watw.ts.WAtW;class:src/abap/1_lexer/tokens/wbracket_left.ts.WBracketLeft;class:src/abap/1_lexer/tokens/wbracket_leftw.ts.WBracketLeftW;class:src/abap/1_lexer/tokens/wbracket_right.ts.WBracketRight;class:src/abap/1_lexer/tokens/wbracket_rightw.ts.WBracketRightW;class:src/abap/1_lexer/tokens/wdash.ts.WDash;class:src/abap/1_lexer/tokens/wdashw.ts.WDashW;class:src/abap/1_lexer/tokens/winstance_arrow.ts.WInstanceArrow;class:src/abap/1_lexer/tokens/winstance_arroww.ts.WInstanceArrowW;class:src/abap/1_lexer/tokens/wparen_left.ts.WParenLeft;class:src/abap/1_lexer/tokens/wparen_leftw.ts.WParenLeftW;class:src/abap/1_lexer/tokens/wparen_right.ts.WParenRight;class:src/abap/1_lexer/tokens/wparen_rightw.ts.WParenRightW;class:src/abap/1_lexer/tokens/wplus.ts.WPlus;class:src/abap/1_lexer/tokens/wplusw.ts.WPlusW;class:src/abap/1_lexer/tokens/wstatic_arrow.ts.WStaticArrow;class:src/abap/1_lexer/tokens/wstatic_arroww.ts.WStaticArrowW,classref<src/abap/1_lexer/tokens/abstract_token.ts.AbstractToken>
src/abap/nodes/expression_node.ts.ExpressionNode::getTokens,src/abap/nodes/expression_node.ts.ExpressionNode::getTokens/body/s1,src/abap/nodes/expression_node.ts:119:5,other,foreach,interfaceref<union.66719939903e43ae9586894a3271d3c1e0bc1a87886c0b01d3e32f95e19d70c3>,shared object table,interfaceref<union.66719939903e43ae9586894a3271d3c1e0bc1a87886c0b01d3e32f95e19d70c3>,1,false,1,1,0,hierarchy/mixed upper bound,class:src/abap/nodes/expression_node.ts.ExpressionNode;class:src/abap/nodes/statement_node.ts.StatementNode;class:src/abap/nodes/structure_node.ts.StructureNode;class:src/abap/nodes/token_node.ts.TokenNode;class:src/abap/nodes/token_node_regex.ts.TokenNodeRegex,interfaceref<src/abap/nodes/_inode.ts.INode>;interfaceref<union.66719939903e43ae9586894a3271d3c1e0bc1a87886c0b01d3e32f95e19d70c3>;interfaceref<union.ef34b1fae8df131c6c97185482820bb32cd957a6b0ed51ce6b23465fc63eb844>
src/abap/nodes/expression_node.ts.ExpressionNode::getTokens,src/abap/nodes/expression_node.ts.ExpressionNode::getTokens/body/s1/body/s0/x/seq/s0,src/abap/nodes/expression_node.ts:120:7,other,foreach,classref<src/abap/1_lexer/tokens/abstract_token.ts.AbstractToken>,shared object table,classref<src/abap/1_lexer/tokens/abstract_token.ts.AbstractToken>,2,false,1,1,1,hierarchy/mixed upper bound,class:src/abap/1_lexer/tokens/association_name.ts.AssociationName;class:src/abap/1_lexer/tokens/at.ts.At;class:src/abap/1_lexer/tokens/atw.ts.AtW;class:src/abap/1_lexer/tokens/bracket_left.ts.BracketLeft;class:src/abap/1_lexer/tokens/bracket_leftw.ts.BracketLeftW;class:src/abap/1_lexer/tokens/bracket_right.ts.BracketRight;class:src/abap/1_lexer/tokens/bracket_rightw.ts.BracketRightW;class:src/abap/1_lexer/tokens/comment.ts.Comment;class:src/abap/1_lexer/tokens/dash.ts.Dash;class:src/abap/1_lexer/tokens/dashw.ts.DashW;class:src/abap/1_lexer/tokens/identifier.ts.Identifier;class:src/abap/1_lexer/tokens/instance_arrow.ts.InstanceArrow;class:src/abap/1_lexer/tokens/instance_arroww.ts.InstanceArrowW;class:src/abap/1_lexer/tokens/paren_left.ts.ParenLeft;class:src/abap/1_lexer/tokens/paren_leftw.ts.ParenLeftW;class:src/abap/1_lexer/tokens/paren_right.ts.ParenRight;class:src/abap/1_lexer/tokens/paren_rightw.ts.ParenRightW;class:src/abap/1_lexer/tokens/plus.ts.Plus;class:src/abap/1_lexer/tokens/plusw.ts.PlusW;class:src/abap/1_lexer/tokens/pragma.ts.Pragma;class:src/abap/1_lexer/tokens/punctuation.ts.Punctuation;class:src/abap/1_lexer/tokens/static_arrow.ts.StaticArrow;class:src/abap/1_lexer/tokens/static_arroww.ts.StaticArrowW;class:src/abap/1_lexer/tokens/string.ts.StringToken;class:src/abap/1_lexer/tokens/string_template.ts.StringTemplate;class:src/abap/1_lexer/tokens/string_template_begin.ts.StringTemplateBegin;class:src/abap/1_lexer/tokens/string_template_end.ts.StringTemplateEnd;class:src/abap/1_lexer/tokens/string_template_middle.ts.StringTemplateMiddle;class:src/abap/1_lexer/tokens/wat.ts.WAt;class:src/abap/1_lexer/tokens/watw.ts.WAtW;class:src/abap/1_lexer/tokens/wbracket_left.ts.WBracketLeft;class:src/abap/1_lexer/tokens/wbracket_leftw.ts.WBracketLeftW;class:src/abap/1_lexer/tokens/wbracket_right.ts.WBracketRight;class:src/abap/1_lexer/tokens/wbracket_rightw.ts.WBracketRightW;class:src/abap/1_lexer/tokens/wdash.ts.WDash;class:src/abap/1_lexer/tokens/wdashw.ts.WDashW;class:src/abap/1_lexer/tokens/winstance_arrow.ts.WInstanceArrow;class:src/abap/1_lexer/tokens/winstance_arroww.ts.WInstanceArrowW;class:src/abap/1_lexer/tokens/wparen_left.ts.WParenLeft;class:src/abap/1_lexer/tokens/wparen_leftw.ts.WParenLeftW;class:src/abap/1_lexer/tokens/wparen_right.ts.WParenRight;class:src/abap/1_lexer/tokens/wparen_rightw.ts.WParenRightW;class:src/abap/1_lexer/tokens/wplus.ts.WPlus;class:src/abap/1_lexer/tokens/wplusw.ts.WPlusW;class:src/abap/1_lexer/tokens/wstatic_arrow.ts.WStaticArrow;class:src/abap/1_lexer/tokens/wstatic_arroww.ts.WStaticArrowW,classref<src/abap/1_lexer/tokens/abstract_token.ts.AbstractToken>
src/abap/nodes/expression_node.ts.ExpressionNode::setChildren_instantiated_src/abap/nodes/expression_node.ts.ExpressionNode,src/abap/nodes/expression_node.ts.ExpressionNode::setChildren_instantiated_src/abap/nodes/expression_node.ts.ExpressionNode/body/s1,src/abap/nodes/expression_node.ts:28:5,other,foreach,interfaceref<union.66719939903e43ae9586894a3271d3c1e0bc1a87886c0b01d3e32f95e19d70c3>,shared object table,interfaceref<union.66719939903e43ae9586894a3271d3c1e0bc1a87886c0b01d3e32f95e19d70c3>,1,false,1,1,0,hierarchy/mixed upper bound,class:src/abap/nodes/expression_node.ts.ExpressionNode;class:src/abap/nodes/statement_node.ts.StatementNode;class:src/abap/nodes/structure_node.ts.StructureNode;class:src/abap/nodes/token_node.ts.TokenNode;class:src/abap/nodes/token_node_regex.ts.TokenNodeRegex,interfaceref<src/abap/nodes/_inode.ts.INode>;interfaceref<union.66719939903e43ae9586894a3271d3c1e0bc1a87886c0b01d3e32f95e19d70c3>;interfaceref<union.ef34b1fae8df131c6c97185482820bb32cd957a6b0ed51ce6b23465fc63eb844>
src/abap/nodes/expression_node.ts.ExpressionNode::toTokens,src/abap/nodes/expression_node.ts.ExpressionNode::toTokens/body/s0/x,src/abap/nodes/expression_node.ts:127:37,other,new,classref<src/abap/1_lexer/tokens/abstract_token.ts.AbstractToken>,shared object table,,0,false,0,0,0,hierarchy/mixed upper bound,class:src/abap/1_lexer/tokens/association_name.ts.AssociationName;class:src/abap/1_lexer/tokens/at.ts.At;class:src/abap/1_lexer/tokens/atw.ts.AtW;class:src/abap/1_lexer/tokens/bracket_left.ts.BracketLeft;class:src/abap/1_lexer/tokens/bracket_leftw.ts.BracketLeftW;class:src/abap/1_lexer/tokens/bracket_right.ts.BracketRight;class:src/abap/1_lexer/tokens/bracket_rightw.ts.BracketRightW;class:src/abap/1_lexer/tokens/comment.ts.Comment;class:src/abap/1_lexer/tokens/dash.ts.Dash;class:src/abap/1_lexer/tokens/dashw.ts.DashW;class:src/abap/1_lexer/tokens/identifier.ts.Identifier;class:src/abap/1_lexer/tokens/instance_arrow.ts.InstanceArrow;class:src/abap/1_lexer/tokens/instance_arroww.ts.InstanceArrowW;class:src/abap/1_lexer/tokens/paren_left.ts.ParenLeft;class:src/abap/1_lexer/tokens/paren_leftw.ts.ParenLeftW;class:src/abap/1_lexer/tokens/paren_right.ts.ParenRight;class:src/abap/1_lexer/tokens/paren_rightw.ts.ParenRightW;class:src/abap/1_lexer/tokens/plus.ts.Plus;class:src/abap/1_lexer/tokens/plusw.ts.PlusW;class:src/abap/1_lexer/tokens/pragma.ts.Pragma;class:src/abap/1_lexer/tokens/punctuation.ts.Punctuation;class:src/abap/1_lexer/tokens/static_arrow.ts.StaticArrow;class:src/abap/1_lexer/tokens/static_arroww.ts.StaticArrowW;class:src/abap/1_lexer/tokens/string.ts.StringToken;class:src/abap/1_lexer/tokens/string_template.ts.StringTemplate;class:src/abap/1_lexer/tokens/string_template_begin.ts.StringTemplateBegin;class:src/abap/1_lexer/tokens/string_template_end.ts.StringTemplateEnd;class:src/abap/1_lexer/tokens/string_template_middle.ts.StringTemplateMiddle;class:src/abap/1_lexer/tokens/wat.ts.WAt;class:src/abap/1_lexer/tokens/watw.ts.WAtW;class:src/abap/1_lexer/tokens/wbracket_left.ts.WBracketLeft;class:src/abap/1_lexer/tokens/wbracket_leftw.ts.WBracketLeftW;class:src/abap/1_lexer/tokens/wbracket_right.ts.WBracketRight;class:src/abap/1_lexer/tokens/wbracket_rightw.ts.WBracketRightW;class:src/abap/1_lexer/tokens/wdash.ts.WDash;class:src/abap/1_lexer/tokens/wdashw.ts.WDashW;class:src/abap/1_lexer/tokens/winstance_arrow.ts.WInstanceArrow;class:src/abap/1_lexer/tokens/winstance_arroww.ts.WInstanceArrowW;class:src/abap/1_lexer/tokens/wparen_left.ts.WParenLeft;class:src/abap/1_lexer/tokens/wparen_leftw.ts.WParenLeftW;class:src/abap/1_lexer/tokens/wparen_right.ts.WParenRight;class:src/abap/1_lexer/tokens/wparen_rightw.ts.WParenRightW;class:src/abap/1_lexer/tokens/wplus.ts.WPlus;class:src/abap/1_lexer/tokens/wplusw.ts.WPlusW;class:src/abap/1_lexer/tokens/wstatic_arrow.ts.WStaticArrow;class:src/abap/1_lexer/tokens/wstatic_arroww.ts.WStaticArrowW,classref<src/abap/1_lexer/tokens/abstract_token.ts.AbstractToken>
src/abap/nodes/expression_node.ts.ExpressionNode::toTokens,src/abap/nodes/expression_node.ts.ExpressionNode::toTokens/body/s2,src/abap/nodes/expression_node.ts:134:5,other,foreach,interfaceref<src/abap/nodes/_inode.ts.INode>,shared object table,interfaceref<src/abap/nodes/_inode.ts.INode>,1,false,1,1,0,hierarchy/mixed upper bound,class:src/abap/nodes/expression_node.ts.ExpressionNode;class:src/abap/nodes/statement_node.ts.StatementNode;class:src/abap/nodes/structure_node.ts.StructureNode;class:src/abap/nodes/token_node.ts.TokenNode;class:src/abap/nodes/token_node_regex.ts.TokenNodeRegex,interfaceref<src/abap/nodes/_inode.ts.INode>;interfaceref<union.66719939903e43ae9586894a3271d3c1e0bc1a87886c0b01d3e32f95e19d70c3>;interfaceref<union.ef34b1fae8df131c6c97185482820bb32cd957a6b0ed51ce6b23465fc63eb844>
src/abap/nodes/expression_node.ts.ExpressionNode::toTokens,src/abap/nodes/expression_node.ts.ExpressionNode::toTokens/body/s2/body/s0/else/s0/x/seq/s0,src/abap/nodes/expression_node.ts:138:9,other,foreach,classref<src/abap/1_lexer/tokens/abstract_token.ts.AbstractToken>,shared object table,classref<src/abap/1_lexer/tokens/abstract_token.ts.AbstractToken>,2,false,1,1,1,hierarchy/mixed upper bound,class:src/abap/1_lexer/tokens/association_name.ts.AssociationName;class:src/abap/1_lexer/tokens/at.ts.At;class:src/abap/1_lexer/tokens/atw.ts.AtW;class:src/abap/1_lexer/tokens/bracket_left.ts.BracketLeft;class:src/abap/1_lexer/tokens/bracket_leftw.ts.BracketLeftW;class:src/abap/1_lexer/tokens/bracket_right.ts.BracketRight;class:src/abap/1_lexer/tokens/bracket_rightw.ts.BracketRightW;class:src/abap/1_lexer/tokens/comment.ts.Comment;class:src/abap/1_lexer/tokens/dash.ts.Dash;class:src/abap/1_lexer/tokens/dashw.ts.DashW;class:src/abap/1_lexer/tokens/identifier.ts.Identifier;class:src/abap/1_lexer/tokens/instance_arrow.ts.InstanceArrow;class:src/abap/1_lexer/tokens/instance_arroww.ts.InstanceArrowW;class:src/abap/1_lexer/tokens/paren_left.ts.ParenLeft;class:src/abap/1_lexer/tokens/paren_leftw.ts.ParenLeftW;class:src/abap/1_lexer/tokens/paren_right.ts.ParenRight;class:src/abap/1_lexer/tokens/paren_rightw.ts.ParenRightW;class:src/abap/1_lexer/tokens/plus.ts.Plus;class:src/abap/1_lexer/tokens/plusw.ts.PlusW;class:src/abap/1_lexer/tokens/pragma.ts.Pragma;class:src/abap/1_lexer/tokens/punctuation.ts.Punctuation;class:src/abap/1_lexer/tokens/static_arrow.ts.StaticArrow;class:src/abap/1_lexer/tokens/static_arroww.ts.StaticArrowW;class:src/abap/1_lexer/tokens/string.ts.StringToken;class:src/abap/1_lexer/tokens/string_template.ts.StringTemplate;class:src/abap/1_lexer/tokens/string_template_begin.ts.StringTemplateBegin;class:src/abap/1_lexer/tokens/string_template_end.ts.StringTemplateEnd;class:src/abap/1_lexer/tokens/string_template_middle.ts.StringTemplateMiddle;class:src/abap/1_lexer/tokens/wat.ts.WAt;class:src/abap/1_lexer/tokens/watw.ts.WAtW;class:src/abap/1_lexer/tokens/wbracket_left.ts.WBracketLeft;class:src/abap/1_lexer/tokens/wbracket_leftw.ts.WBracketLeftW;class:src/abap/1_lexer/tokens/wbracket_right.ts.WBracketRight;class:src/abap/1_lexer/tokens/wbracket_rightw.ts.WBracketRightW;class:src/abap/1_lexer/tokens/wdash.ts.WDash;class:src/abap/1_lexer/tokens/wdashw.ts.WDashW;class:src/abap/1_lexer/tokens/winstance_arrow.ts.WInstanceArrow;class:src/abap/1_lexer/tokens/winstance_arroww.ts.WInstanceArrowW;class:src/abap/1_lexer/tokens/wparen_left.ts.WParenLeft;class:src/abap/1_lexer/tokens/wparen_leftw.ts.WParenLeftW;class:src/abap/1_lexer/tokens/wparen_right.ts.WParenRight;class:src/abap/1_lexer/tokens/wparen_rightw.ts.WParenRightW;class:src/abap/1_lexer/tokens/wplus.ts.WPlus;class:src/abap/1_lexer/tokens/wplusw.ts.WPlusW;class:src/abap/1_lexer/tokens/wstatic_arrow.ts.WStaticArrow;class:src/abap/1_lexer/tokens/wstatic_arroww.ts.WStaticArrowW,classref<src/abap/1_lexer/tokens/abstract_token.ts.AbstractToken>
src/abap/nodes/statement_node.ts.StatementNode::concatTokens,src/abap/nodes/statement_node.ts.StatementNode::concatTokens/body/s2,src/abap/nodes/statement_node.ts:95:5,other,foreach,classref<src/abap/1_lexer/tokens/abstract_token.ts.AbstractToken>,shared object table,classref<src/abap/1_lexer/tokens/abstract_token.ts.AbstractToken>,1,false,1,1,1,hierarchy/mixed upper bound,class:src/abap/1_lexer/tokens/association_name.ts.AssociationName;class:src/abap/1_lexer/tokens/at.ts.At;class:src/abap/1_lexer/tokens/atw.ts.AtW;class:src/abap/1_lexer/tokens/bracket_left.ts.BracketLeft;class:src/abap/1_lexer/tokens/bracket_leftw.ts.BracketLeftW;class:src/abap/1_lexer/tokens/bracket_right.ts.BracketRight;class:src/abap/1_lexer/tokens/bracket_rightw.ts.BracketRightW;class:src/abap/1_lexer/tokens/comment.ts.Comment;class:src/abap/1_lexer/tokens/dash.ts.Dash;class:src/abap/1_lexer/tokens/dashw.ts.DashW;class:src/abap/1_lexer/tokens/identifier.ts.Identifier;class:src/abap/1_lexer/tokens/instance_arrow.ts.InstanceArrow;class:src/abap/1_lexer/tokens/instance_arroww.ts.InstanceArrowW;class:src/abap/1_lexer/tokens/paren_left.ts.ParenLeft;class:src/abap/1_lexer/tokens/paren_leftw.ts.ParenLeftW;class:src/abap/1_lexer/tokens/paren_right.ts.ParenRight;class:src/abap/1_lexer/tokens/paren_rightw.ts.ParenRightW;class:src/abap/1_lexer/tokens/plus.ts.Plus;class:src/abap/1_lexer/tokens/plusw.ts.PlusW;class:src/abap/1_lexer/tokens/pragma.ts.Pragma;class:src/abap/1_lexer/tokens/punctuation.ts.Punctuation;class:src/abap/1_lexer/tokens/static_arrow.ts.StaticArrow;class:src/abap/1_lexer/tokens/static_arroww.ts.StaticArrowW;class:src/abap/1_lexer/tokens/string.ts.StringToken;class:src/abap/1_lexer/tokens/string_template.ts.StringTemplate;class:src/abap/1_lexer/tokens/string_template_begin.ts.StringTemplateBegin;class:src/abap/1_lexer/tokens/string_template_end.ts.StringTemplateEnd;class:src/abap/1_lexer/tokens/string_template_middle.ts.StringTemplateMiddle;class:src/abap/1_lexer/tokens/wat.ts.WAt;class:src/abap/1_lexer/tokens/watw.ts.WAtW;class:src/abap/1_lexer/tokens/wbracket_left.ts.WBracketLeft;class:src/abap/1_lexer/tokens/wbracket_leftw.ts.WBracketLeftW;class:src/abap/1_lexer/tokens/wbracket_right.ts.WBracketRight;class:src/abap/1_lexer/tokens/wbracket_rightw.ts.WBracketRightW;class:src/abap/1_lexer/tokens/wdash.ts.WDash;class:src/abap/1_lexer/tokens/wdashw.ts.WDashW;class:src/abap/1_lexer/tokens/winstance_arrow.ts.WInstanceArrow;class:src/abap/1_lexer/tokens/winstance_arroww.ts.WInstanceArrowW;class:src/abap/1_lexer/tokens/wparen_left.ts.WParenLeft;class:src/abap/1_lexer/tokens/wparen_leftw.ts.WParenLeftW;class:src/abap/1_lexer/tokens/wparen_right.ts.WParenRight;class:src/abap/1_lexer/tokens/wparen_rightw.ts.WParenRightW;class:src/abap/1_lexer/tokens/wplus.ts.WPlus;class:src/abap/1_lexer/tokens/wplusw.ts.WPlusW;class:src/abap/1_lexer/tokens/wstatic_arrow.ts.WStaticArrow;class:src/abap/1_lexer/tokens/wstatic_arroww.ts.WStaticArrowW,classref<src/abap/1_lexer/tokens/abstract_token.ts.AbstractToken>
src/abap/nodes/statement_node.ts.StatementNode::findAllExpressions,src/abap/nodes/statement_node.ts.StatementNode::findAllExpressions/body/s0/x,src/abap/nodes/statement_node.ts:237:35,other,new,classref<src/abap/nodes/expression_node.ts.ExpressionNode>,shared object table,,0,false,0,0,0,hierarchy/mixed upper bound,class:src/abap/nodes/expression_node.ts.ExpressionNode;class:src/abap/nodes/statement_node.ts.StatementNode;class:src/abap/nodes/structure_node.ts.StructureNode;class:src/abap/nodes/token_node.ts.TokenNode;class:src/abap/nodes/token_node_regex.ts.TokenNodeRegex,classref<src/abap/nodes/expression_node.ts.ExpressionNode>
src/abap/nodes/statement_node.ts.StatementNode::findAllExpressions,src/abap/nodes/statement_node.ts.StatementNode::findAllExpressions/body/s1,src/abap/nodes/statement_node.ts:238:5,other,foreach,interfaceref<union.66719939903e43ae9586894a3271d3c1e0bc1a87886c0b01d3e32f95e19d70c3>,shared object table,interfaceref<union.66719939903e43ae9586894a3271d3c1e0bc1a87886c0b01d3e32f95e19d70c3>,1,false,1,1,0,hierarchy/mixed upper bound,class:src/abap/nodes/expression_node.ts.ExpressionNode;class:src/abap/nodes/statement_node.ts.StatementNode;class:src/abap/nodes/structure_node.ts.StructureNode;class:src/abap/nodes/token_node.ts.TokenNode;class:src/abap/nodes/token_node_regex.ts.TokenNodeRegex,interfaceref<src/abap/nodes/_inode.ts.INode>;interfaceref<union.66719939903e43ae9586894a3271d3c1e0bc1a87886c0b01d3e32f95e19d70c3>;interfaceref<union.ef34b1fae8df131c6c97185482820bb32cd957a6b0ed51ce6b23465fc63eb844>
src/abap/nodes/statement_node.ts.StatementNode::findAllExpressions,src/abap/nodes/statement_node.ts.StatementNode::findAllExpressions/body/s1/body/s0/else/else/s0/x/seq/s0,src/abap/nodes/statement_node.ts:244:9,other,foreach,classref<src/abap/nodes/expression_node.ts.ExpressionNode>,shared object table,classref<src/abap/nodes/expression_node.ts.ExpressionNode>,2,false,1,1,1,hierarchy/mixed upper bound,class:src/abap/nodes/expression_node.ts.ExpressionNode;class:src/abap/nodes/statement_node.ts.StatementNode;class:src/abap/nodes/structure_node.ts.StructureNode;class:src/abap/nodes/token_node.ts.TokenNode;class:src/abap/nodes/token_node_regex.ts.TokenNodeRegex,classref<src/abap/nodes/expression_node.ts.ExpressionNode>
src/abap/nodes/statement_node.ts.StatementNode::findDirectExpression,src/abap/nodes/statement_node.ts.StatementNode::findDirectExpression/body/s0,src/abap/nodes/statement_node.ts:182:5,other,foreach,interfaceref<union.66719939903e43ae9586894a3271d3c1e0bc1a87886c0b01d3e32f95e19d70c3>,shared object table,interfaceref<union.66719939903e43ae9586894a3271d3c1e0bc1a87886c0b01d3e32f95e19d70c3>,1,false,1,1,0,hierarchy/mixed upper bound,class:src/abap/nodes/expression_node.ts.ExpressionNode;class:src/abap/nodes/statement_node.ts.StatementNode;class:src/abap/nodes/structure_node.ts.StructureNode;class:src/abap/nodes/token_node.ts.TokenNode;class:src/abap/nodes/token_node_regex.ts.TokenNodeRegex,interfaceref<src/abap/nodes/_inode.ts.INode>;interfaceref<union.66719939903e43ae9586894a3271d3c1e0bc1a87886c0b01d3e32f95e19d70c3>;interfaceref<union.ef34b1fae8df131c6c97185482820bb32cd957a6b0ed51ce6b23465fc63eb844>
src/abap/nodes/statement_node.ts.StatementNode::findDirectExpressions,src/abap/nodes/statement_node.ts.StatementNode::findDirectExpressions/body/s0/x,src/abap/nodes/statement_node.ts:191:35,other,new,classref<src/abap/nodes/expression_node.ts.ExpressionNode>,shared object table,,0,false,0,0,0,hierarchy/mixed upper bound,class:src/abap/nodes/expression_node.ts.ExpressionNode;class:src/abap/nodes/statement_node.ts.StatementNode;class:src/abap/nodes/structure_node.ts.StructureNode;class:src/abap/nodes/token_node.ts.TokenNode;class:src/abap/nodes/token_node_regex.ts.TokenNodeRegex,classref<src/abap/nodes/expression_node.ts.ExpressionNode>
src/abap/nodes/statement_node.ts.StatementNode::findDirectExpressions,src/abap/nodes/statement_node.ts.StatementNode::findDirectExpressions/body/s1,src/abap/nodes/statement_node.ts:192:5,other,foreach,interfaceref<union.66719939903e43ae9586894a3271d3c1e0bc1a87886c0b01d3e32f95e19d70c3>,shared object table,interfaceref<union.66719939903e43ae9586894a3271d3c1e0bc1a87886c0b01d3e32f95e19d70c3>,1,false,1,1,0,hierarchy/mixed upper bound,class:src/abap/nodes/expression_node.ts.ExpressionNode;class:src/abap/nodes/statement_node.ts.StatementNode;class:src/abap/nodes/structure_node.ts.StructureNode;class:src/abap/nodes/token_node.ts.TokenNode;class:src/abap/nodes/token_node_regex.ts.TokenNodeRegex,interfaceref<src/abap/nodes/_inode.ts.INode>;interfaceref<union.66719939903e43ae9586894a3271d3c1e0bc1a87886c0b01d3e32f95e19d70c3>;interfaceref<union.ef34b1fae8df131c6c97185482820bb32cd957a6b0ed51ce6b23465fc63eb844>
src/abap/nodes/statement_node.ts.StatementNode::findDirectExpressionsMulti,src/abap/nodes/statement_node.ts.StatementNode::findDirectExpressionsMulti/body/s0/x,src/abap/nodes/statement_node.ts:201:35,other,new,classref<src/abap/nodes/expression_node.ts.ExpressionNode>,shared object table,,0,false,0,0,0,hierarchy/mixed upper bound,class:src/abap/nodes/expression_node.ts.ExpressionNode;class:src/abap/nodes/statement_node.ts.StatementNode;class:src/abap/nodes/structure_node.ts.StructureNode;class:src/abap/nodes/token_node.ts.TokenNode;class:src/abap/nodes/token_node_regex.ts.TokenNodeRegex,classref<src/abap/nodes/expression_node.ts.ExpressionNode>
src/abap/nodes/statement_node.ts.StatementNode::findDirectExpressionsMulti,src/abap/nodes/statement_node.ts.StatementNode::findDirectExpressionsMulti/body/s1,src/abap/nodes/statement_node.ts:202:5,other,foreach,interfaceref<union.66719939903e43ae9586894a3271d3c1e0bc1a87886c0b01d3e32f95e19d70c3>,shared object table,interfaceref<union.66719939903e43ae9586894a3271d3c1e0bc1a87886c0b01d3e32f95e19d70c3>,1,false,1,1,0,hierarchy/mixed upper bound,class:src/abap/nodes/expression_node.ts.ExpressionNode;class:src/abap/nodes/statement_node.ts.StatementNode;class:src/abap/nodes/structure_node.ts.StructureNode;class:src/abap/nodes/token_node.ts.TokenNode;class:src/abap/nodes/token_node_regex.ts.TokenNodeRegex,interfaceref<src/abap/nodes/_inode.ts.INode>;interfaceref<union.66719939903e43ae9586894a3271d3c1e0bc1a87886c0b01d3e32f95e19d70c3>;interfaceref<union.ef34b1fae8df131c6c97185482820bb32cd957a6b0ed51ce6b23465fc63eb844>
src/abap/nodes/statement_node.ts.StatementNode::findDirectTokenByText,src/abap/nodes/statement_node.ts.StatementNode::findDirectTokenByText/body/s1,src/abap/nodes/statement_node.ts:212:5,other,foreach,interfaceref<union.66719939903e43ae9586894a3271d3c1e0bc1a87886c0b01d3e32f95e19d70c3>,shared object table,interfaceref<union.66719939903e43ae9586894a3271d3c1e0bc1a87886c0b01d3e32f95e19d70c3>,1,false,1,1,0,hierarchy/mixed upper bound,class:src/abap/nodes/expression_node.ts.ExpressionNode;class:src/abap/nodes/statement_node.ts.StatementNode;class:src/abap/nodes/structure_node.ts.StructureNode;class:src/abap/nodes/token_node.ts.TokenNode;class:src/abap/nodes/token_node_regex.ts.TokenNodeRegex,interfaceref<src/abap/nodes/_inode.ts.INode>;interfaceref<union.66719939903e43ae9586894a3271d3c1e0bc1a87886c0b01d3e32f95e19d70c3>;interfaceref<union.ef34b1fae8df131c6c97185482820bb32cd957a6b0ed51ce6b23465fc63eb844>
src/abap/nodes/statement_node.ts.StatementNode::findExpressionAfterToken,src/abap/nodes/statement_node.ts.StatementNode::findExpressionAfterToken/body/s1/s1/body/s0/s0/x,src/abap/nodes/statement_node.ts:312:17,other,index,interfaceref<union.66719939903e43ae9586894a3271d3c1e0bc1a87886c0b01d3e32f95e19d70c3>,shared object table,interfaceref<union.66719939903e43ae9586894a3271d3c1e0bc1a87886c0b01d3e32f95e19d70c3>,1,false,1,1,0,hierarchy/mixed upper bound,class:src/abap/nodes/expression_node.ts.ExpressionNode;class:src/abap/nodes/statement_node.ts.StatementNode;class:src/abap/nodes/structure_node.ts.StructureNode;class:src/abap/nodes/token_node.ts.TokenNode;class:src/abap/nodes/token_node_regex.ts.TokenNodeRegex,interfaceref<src/abap/nodes/_inode.ts.INode>;interfaceref<union.66719939903e43ae9586894a3271d3c1e0bc1a87886c0b01d3e32f95e19d70c3>;interfaceref<union.ef34b1fae8df131c6c97185482820bb32cd957a6b0ed51ce6b23465fc63eb844>
src/abap/nodes/statement_node.ts.StatementNode::findExpressionAfterToken,src/abap/nodes/statement_node.ts.StatementNode::findExpressionAfterToken/body/s1/s1/body/s0/s1/x,src/abap/nodes/statement_node.ts:313:20,other,index,interfaceref<union.66719939903e43ae9586894a3271d3c1e0bc1a87886c0b01d3e32f95e19d70c3>,shared object table,interfaceref<union.66719939903e43ae9586894a3271d3c1e0bc1a87886c0b01d3e32f95e19d70c3>,1,false,1,1,0,hierarchy/mixed upper bound,class:src/abap/nodes/expression_node.ts.ExpressionNode;class:src/abap/nodes/statement_node.ts.StatementNode;class:src/abap/nodes/structure_node.ts.StructureNode;class:src/abap/nodes/token_node.ts.TokenNode;class:src/abap/nodes/token_node_regex.ts.TokenNodeRegex,interfaceref<src/abap/nodes/_inode.ts.INode>;interfaceref<union.66719939903e43ae9586894a3271d3c1e0bc1a87886c0b01d3e32f95e19d70c3>;interfaceref<union.ef34b1fae8df131c6c97185482820bb32cd957a6b0ed51ce6b23465fc63eb844>
src/abap/nodes/statement_node.ts.StatementNode::findExpressionsAfterToken,src/abap/nodes/statement_node.ts.StatementNode::findExpressionsAfterToken/body/s1/x,src/abap/nodes/statement_node.ts:326:17,other,new,classref<src/abap/nodes/expression_node.ts.ExpressionNode>,shared object table,,0,false,0,0,0,hierarchy/mixed upper bound,class:src/abap/nodes/expression_node.ts.ExpressionNode;class:src/abap/nodes/statement_node.ts.StatementNode;class:src/abap/nodes/structure_node.ts.StructureNode;class:src/abap/nodes/token_node.ts.TokenNode;class:src/abap/nodes/token_node_regex.ts.TokenNodeRegex,classref<src/abap/nodes/expression_node.ts.ExpressionNode>
src/abap/nodes/statement_node.ts.StatementNode::findExpressionsAfterToken,src/abap/nodes/statement_node.ts.StatementNode::findExpressionsAfterToken/body/s2/s1/body/s0/s0/x,src/abap/nodes/statement_node.ts:329:17,other,index,interfaceref<union.66719939903e43ae9586894a3271d3c1e0bc1a87886c0b01d3e32f95e19d70c3>,shared object table,interfaceref<union.66719939903e43ae9586894a3271d3c1e0bc1a87886c0b01d3e32f95e19d70c3>,1,false,1,1,0,hierarchy/mixed upper bound,class:src/abap/nodes/expression_node.ts.ExpressionNode;class:src/abap/nodes/statement_node.ts.StatementNode;class:src/abap/nodes/structure_node.ts.StructureNode;class:src/abap/nodes/token_node.ts.TokenNode;class:src/abap/nodes/token_node_regex.ts.TokenNodeRegex,interfaceref<src/abap/nodes/_inode.ts.INode>;interfaceref<union.66719939903e43ae9586894a3271d3c1e0bc1a87886c0b01d3e32f95e19d70c3>;interfaceref<union.ef34b1fae8df131c6c97185482820bb32cd957a6b0ed51ce6b23465fc63eb844>
src/abap/nodes/statement_node.ts.StatementNode::findExpressionsAfterToken,src/abap/nodes/statement_node.ts.StatementNode::findExpressionsAfterToken/body/s2/s1/body/s0/s1/x,src/abap/nodes/statement_node.ts:330:20,other,index,interfaceref<union.66719939903e43ae9586894a3271d3c1e0bc1a87886c0b01d3e32f95e19d70c3>,shared object table,interfaceref<union.66719939903e43ae9586894a3271d3c1e0bc1a87886c0b01d3e32f95e19d70c3>,1,false,1,1,0,hierarchy/mixed upper bound,class:src/abap/nodes/expression_node.ts.ExpressionNode;class:src/abap/nodes/statement_node.ts.StatementNode;class:src/abap/nodes/structure_node.ts.StructureNode;class:src/abap/nodes/token_node.ts.TokenNode;class:src/abap/nodes/token_node_regex.ts.TokenNodeRegex,interfaceref<src/abap/nodes/_inode.ts.INode>;interfaceref<union.66719939903e43ae9586894a3271d3c1e0bc1a87886c0b01d3e32f95e19d70c3>;interfaceref<union.ef34b1fae8df131c6c97185482820bb32cd957a6b0ed51ce6b23465fc63eb844>
src/abap/nodes/statement_node.ts.StatementNode::findFirstExpression,src/abap/nodes/statement_node.ts.StatementNode::findFirstExpression/body/s0,src/abap/nodes/statement_node.ts:221:5,other,foreach,interfaceref<union.66719939903e43ae9586894a3271d3c1e0bc1a87886c0b01d3e32f95e19d70c3>,shared object table,interfaceref<union.66719939903e43ae9586894a3271d3c1e0bc1a87886c0b01d3e32f95e19d70c3>,1,false,1,1,0,hierarchy/mixed upper bound,class:src/abap/nodes/expression_node.ts.ExpressionNode;class:src/abap/nodes/statement_node.ts.StatementNode;class:src/abap/nodes/structure_node.ts.StructureNode;class:src/abap/nodes/token_node.ts.TokenNode;class:src/abap/nodes/token_node_regex.ts.TokenNodeRegex,interfaceref<src/abap/nodes/_inode.ts.INode>;interfaceref<union.66719939903e43ae9586894a3271d3c1e0bc1a87886c0b01d3e32f95e19d70c3>;interfaceref<union.ef34b1fae8df131c6c97185482820bb32cd957a6b0ed51ce6b23465fc63eb844>
src/abap/nodes/statement_node.ts.StatementNode::findTokenSequencePosition,src/abap/nodes/statement_node.ts.StatementNode::findTokenSequencePosition/body/s1,src/abap/nodes/statement_node.ts:290:5,other,foreach,classref<src/abap/1_lexer/tokens/abstract_token.ts.AbstractToken>,shared object table,classref<src/abap/1_lexer/tokens/abstract_token.ts.AbstractToken>,1,false,1,1,1,hierarchy/mixed upper bound,class:src/abap/1_lexer/tokens/association_name.ts.AssociationName;class:src/abap/1_lexer/tokens/at.ts.At;class:src/abap/1_lexer/tokens/atw.ts.AtW;class:src/abap/1_lexer/tokens/bracket_left.ts.BracketLeft;class:src/abap/1_lexer/tokens/bracket_leftw.ts.BracketLeftW;class:src/abap/1_lexer/tokens/bracket_right.ts.BracketRight;class:src/abap/1_lexer/tokens/bracket_rightw.ts.BracketRightW;class:src/abap/1_lexer/tokens/comment.ts.Comment;class:src/abap/1_lexer/tokens/dash.ts.Dash;class:src/abap/1_lexer/tokens/dashw.ts.DashW;class:src/abap/1_lexer/tokens/identifier.ts.Identifier;class:src/abap/1_lexer/tokens/instance_arrow.ts.InstanceArrow;class:src/abap/1_lexer/tokens/instance_arroww.ts.InstanceArrowW;class:src/abap/1_lexer/tokens/paren_left.ts.ParenLeft;class:src/abap/1_lexer/tokens/paren_leftw.ts.ParenLeftW;class:src/abap/1_lexer/tokens/paren_right.ts.ParenRight;class:src/abap/1_lexer/tokens/paren_rightw.ts.ParenRightW;class:src/abap/1_lexer/tokens/plus.ts.Plus;class:src/abap/1_lexer/tokens/plusw.ts.PlusW;class:src/abap/1_lexer/tokens/pragma.ts.Pragma;class:src/abap/1_lexer/tokens/punctuation.ts.Punctuation;class:src/abap/1_lexer/tokens/static_arrow.ts.StaticArrow;class:src/abap/1_lexer/tokens/static_arroww.ts.StaticArrowW;class:src/abap/1_lexer/tokens/string.ts.StringToken;class:src/abap/1_lexer/tokens/string_template.ts.StringTemplate;class:src/abap/1_lexer/tokens/string_template_begin.ts.StringTemplateBegin;class:src/abap/1_lexer/tokens/string_template_end.ts.StringTemplateEnd;class:src/abap/1_lexer/tokens/string_template_middle.ts.StringTemplateMiddle;class:src/abap/1_lexer/tokens/wat.ts.WAt;class:src/abap/1_lexer/tokens/watw.ts.WAtW;class:src/abap/1_lexer/tokens/wbracket_left.ts.WBracketLeft;class:src/abap/1_lexer/tokens/wbracket_leftw.ts.WBracketLeftW;class:src/abap/1_lexer/tokens/wbracket_right.ts.WBracketRight;class:src/abap/1_lexer/tokens/wbracket_rightw.ts.WBracketRightW;class:src/abap/1_lexer/tokens/wdash.ts.WDash;class:src/abap/1_lexer/tokens/wdashw.ts.WDashW;class:src/abap/1_lexer/tokens/winstance_arrow.ts.WInstanceArrow;class:src/abap/1_lexer/tokens/winstance_arroww.ts.WInstanceArrowW;class:src/abap/1_lexer/tokens/wparen_left.ts.WParenLeft;class:src/abap/1_lexer/tokens/wparen_leftw.ts.WParenLeftW;class:src/abap/1_lexer/tokens/wparen_right.ts.WParenRight;class:src/abap/1_lexer/tokens/wparen_rightw.ts.WParenRightW;class:src/abap/1_lexer/tokens/wplus.ts.WPlus;class:src/abap/1_lexer/tokens/wplusw.ts.WPlusW;class:src/abap/1_lexer/tokens/wstatic_arrow.ts.WStaticArrow;class:src/abap/1_lexer/tokens/wstatic_arroww.ts.WStaticArrowW,classref<src/abap/1_lexer/tokens/abstract_token.ts.AbstractToken>
src/abap/nodes/statement_node.ts.StatementNode::getFirstToken,src/abap/nodes/statement_node.ts.StatementNode::getFirstToken/body/s0,src/abap/nodes/statement_node.ts:165:5,other,foreach,interfaceref<union.66719939903e43ae9586894a3271d3c1e0bc1a87886c0b01d3e32f95e19d70c3>,shared object table,interfaceref<union.66719939903e43ae9586894a3271d3c1e0bc1a87886c0b01d3e32f95e19d70c3>,1,false,1,1,0,hierarchy/mixed upper bound,class:src/abap/nodes/expression_node.ts.ExpressionNode;class:src/abap/nodes/statement_node.ts.StatementNode;class:src/abap/nodes/structure_node.ts.StructureNode;class:src/abap/nodes/token_node.ts.TokenNode;class:src/abap/nodes/token_node_regex.ts.TokenNodeRegex,interfaceref<src/abap/nodes/_inode.ts.INode>;interfaceref<union.66719939903e43ae9586894a3271d3c1e0bc1a87886c0b01d3e32f95e19d70c3>;interfaceref<union.ef34b1fae8df131c6c97185482820bb32cd957a6b0ed51ce6b23465fc63eb844>
src/abap/nodes/statement_node.ts.StatementNode::getTokens,src/abap/nodes/statement_node.ts.StatementNode::getTokens/body/s0/x,src/abap/nodes/statement_node.ts:64:37,other,new,classref<src/abap/1_lexer/tokens/abstract_token.ts.AbstractToken>,shared object table,,0,false,0,0,0,hierarchy/mixed upper bound,class:src/abap/1_lexer/tokens/association_name.ts.AssociationName;class:src/abap/1_lexer/tokens/at.ts.At;class:src/abap/1_lexer/tokens/atw.ts.AtW;class:src/abap/1_lexer/tokens/bracket_left.ts.BracketLeft;class:src/abap/1_lexer/tokens/bracket_leftw.ts.BracketLeftW;class:src/abap/1_lexer/tokens/bracket_right.ts.BracketRight;class:src/abap/1_lexer/tokens/bracket_rightw.ts.BracketRightW;class:src/abap/1_lexer/tokens/comment.ts.Comment;class:src/abap/1_lexer/tokens/dash.ts.Dash;class:src/abap/1_lexer/tokens/dashw.ts.DashW;class:src/abap/1_lexer/tokens/identifier.ts.Identifier;class:src/abap/1_lexer/tokens/instance_arrow.ts.InstanceArrow;class:src/abap/1_lexer/tokens/instance_arroww.ts.InstanceArrowW;class:src/abap/1_lexer/tokens/paren_left.ts.ParenLeft;class:src/abap/1_lexer/tokens/paren_leftw.ts.ParenLeftW;class:src/abap/1_lexer/tokens/paren_right.ts.ParenRight;class:src/abap/1_lexer/tokens/paren_rightw.ts.ParenRightW;class:src/abap/1_lexer/tokens/plus.ts.Plus;class:src/abap/1_lexer/tokens/plusw.ts.PlusW;class:src/abap/1_lexer/tokens/pragma.ts.Pragma;class:src/abap/1_lexer/tokens/punctuation.ts.Punctuation;class:src/abap/1_lexer/tokens/static_arrow.ts.StaticArrow;class:src/abap/1_lexer/tokens/static_arroww.ts.StaticArrowW;class:src/abap/1_lexer/tokens/string.ts.StringToken;class:src/abap/1_lexer/tokens/string_template.ts.StringTemplate;class:src/abap/1_lexer/tokens/string_template_begin.ts.StringTemplateBegin;class:src/abap/1_lexer/tokens/string_template_end.ts.StringTemplateEnd;class:src/abap/1_lexer/tokens/string_template_middle.ts.StringTemplateMiddle;class:src/abap/1_lexer/tokens/wat.ts.WAt;class:src/abap/1_lexer/tokens/watw.ts.WAtW;class:src/abap/1_lexer/tokens/wbracket_left.ts.WBracketLeft;class:src/abap/1_lexer/tokens/wbracket_leftw.ts.WBracketLeftW;class:src/abap/1_lexer/tokens/wbracket_right.ts.WBracketRight;class:src/abap/1_lexer/tokens/wbracket_rightw.ts.WBracketRightW;class:src/abap/1_lexer/tokens/wdash.ts.WDash;class:src/abap/1_lexer/tokens/wdashw.ts.WDashW;class:src/abap/1_lexer/tokens/winstance_arrow.ts.WInstanceArrow;class:src/abap/1_lexer/tokens/winstance_arroww.ts.WInstanceArrowW;class:src/abap/1_lexer/tokens/wparen_left.ts.WParenLeft;class:src/abap/1_lexer/tokens/wparen_leftw.ts.WParenLeftW;class:src/abap/1_lexer/tokens/wparen_right.ts.WParenRight;class:src/abap/1_lexer/tokens/wparen_rightw.ts.WParenRightW;class:src/abap/1_lexer/tokens/wplus.ts.WPlus;class:src/abap/1_lexer/tokens/wplusw.ts.WPlusW;class:src/abap/1_lexer/tokens/wstatic_arrow.ts.WStaticArrow;class:src/abap/1_lexer/tokens/wstatic_arroww.ts.WStaticArrowW,classref<src/abap/1_lexer/tokens/abstract_token.ts.AbstractToken>
src/abap/nodes/statement_node.ts.StatementNode::getTokens,src/abap/nodes/statement_node.ts.StatementNode::getTokens/body/s1,src/abap/nodes/statement_node.ts:66:5,other,foreach,interfaceref<union.66719939903e43ae9586894a3271d3c1e0bc1a87886c0b01d3e32f95e19d70c3>,shared object table,interfaceref<union.66719939903e43ae9586894a3271d3c1e0bc1a87886c0b01d3e32f95e19d70c3>,1,false,1,1,0,hierarchy/mixed upper bound,class:src/abap/nodes/expression_node.ts.ExpressionNode;class:src/abap/nodes/statement_node.ts.StatementNode;class:src/abap/nodes/structure_node.ts.StructureNode;class:src/abap/nodes/token_node.ts.TokenNode;class:src/abap/nodes/token_node_regex.ts.TokenNodeRegex,interfaceref<src/abap/nodes/_inode.ts.INode>;interfaceref<union.66719939903e43ae9586894a3271d3c1e0bc1a87886c0b01d3e32f95e19d70c3>;interfaceref<union.ef34b1fae8df131c6c97185482820bb32cd957a6b0ed51ce6b23465fc63eb844>
src/abap/nodes/statement_node.ts.StatementNode::getTokens,src/abap/nodes/statement_node.ts.StatementNode::getTokens/body/s1/body/s0/x/seq/s0,src/abap/nodes/statement_node.ts:67:7,other,foreach,classref<src/abap/1_lexer/tokens/abstract_token.ts.AbstractToken>,shared object table,classref<src/abap/1_lexer/tokens/abstract_token.ts.AbstractToken>,2,false,1,1,1,hierarchy/mixed upper bound,class:src/abap/1_lexer/tokens/association_name.ts.AssociationName;class:src/abap/1_lexer/tokens/at.ts.At;class:src/abap/1_lexer/tokens/atw.ts.AtW;class:src/abap/1_lexer/tokens/bracket_left.ts.BracketLeft;class:src/abap/1_lexer/tokens/bracket_leftw.ts.BracketLeftW;class:src/abap/1_lexer/tokens/bracket_right.ts.BracketRight;class:src/abap/1_lexer/tokens/bracket_rightw.ts.BracketRightW;class:src/abap/1_lexer/tokens/comment.ts.Comment;class:src/abap/1_lexer/tokens/dash.ts.Dash;class:src/abap/1_lexer/tokens/dashw.ts.DashW;class:src/abap/1_lexer/tokens/identifier.ts.Identifier;class:src/abap/1_lexer/tokens/instance_arrow.ts.InstanceArrow;class:src/abap/1_lexer/tokens/instance_arroww.ts.InstanceArrowW;class:src/abap/1_lexer/tokens/paren_left.ts.ParenLeft;class:src/abap/1_lexer/tokens/paren_leftw.ts.ParenLeftW;class:src/abap/1_lexer/tokens/paren_right.ts.ParenRight;class:src/abap/1_lexer/tokens/paren_rightw.ts.ParenRightW;class:src/abap/1_lexer/tokens/plus.ts.Plus;class:src/abap/1_lexer/tokens/plusw.ts.PlusW;class:src/abap/1_lexer/tokens/pragma.ts.Pragma;class:src/abap/1_lexer/tokens/punctuation.ts.Punctuation;class:src/abap/1_lexer/tokens/static_arrow.ts.StaticArrow;class:src/abap/1_lexer/tokens/static_arroww.ts.StaticArrowW;class:src/abap/1_lexer/tokens/string.ts.StringToken;class:src/abap/1_lexer/tokens/string_template.ts.StringTemplate;class:src/abap/1_lexer/tokens/string_template_begin.ts.StringTemplateBegin;class:src/abap/1_lexer/tokens/string_template_end.ts.StringTemplateEnd;class:src/abap/1_lexer/tokens/string_template_middle.ts.StringTemplateMiddle;class:src/abap/1_lexer/tokens/wat.ts.WAt;class:src/abap/1_lexer/tokens/watw.ts.WAtW;class:src/abap/1_lexer/tokens/wbracket_left.ts.WBracketLeft;class:src/abap/1_lexer/tokens/wbracket_leftw.ts.WBracketLeftW;class:src/abap/1_lexer/tokens/wbracket_right.ts.WBracketRight;class:src/abap/1_lexer/tokens/wbracket_rightw.ts.WBracketRightW;class:src/abap/1_lexer/tokens/wdash.ts.WDash;class:src/abap/1_lexer/tokens/wdashw.ts.WDashW;class:src/abap/1_lexer/tokens/winstance_arrow.ts.WInstanceArrow;class:src/abap/1_lexer/tokens/winstance_arroww.ts.WInstanceArrowW;class:src/abap/1_lexer/tokens/wparen_left.ts.WParenLeft;class:src/abap/1_lexer/tokens/wparen_leftw.ts.WParenLeftW;class:src/abap/1_lexer/tokens/wparen_right.ts.WParenRight;class:src/abap/1_lexer/tokens/wparen_rightw.ts.WParenRightW;class:src/abap/1_lexer/tokens/wplus.ts.WPlus;class:src/abap/1_lexer/tokens/wplusw.ts.WPlusW;class:src/abap/1_lexer/tokens/wstatic_arrow.ts.WStaticArrow;class:src/abap/1_lexer/tokens/wstatic_arroww.ts.WStaticArrowW,classref<src/abap/1_lexer/tokens/abstract_token.ts.AbstractToken>
src/abap/nodes/statement_node.ts.StatementNode::toTokens,src/abap/nodes/statement_node.ts.StatementNode::toTokens/body/s0/x,src/abap/nodes/statement_node.ts:344:37,other,new,classref<src/abap/1_lexer/tokens/abstract_token.ts.AbstractToken>,shared object table,,0,false,0,0,0,hierarchy/mixed upper bound,class:src/abap/1_lexer/tokens/association_name.ts.AssociationName;class:src/abap/1_lexer/tokens/at.ts.At;class:src/abap/1_lexer/tokens/atw.ts.AtW;class:src/abap/1_lexer/tokens/bracket_left.ts.BracketLeft;class:src/abap/1_lexer/tokens/bracket_leftw.ts.BracketLeftW;class:src/abap/1_lexer/tokens/bracket_right.ts.BracketRight;class:src/abap/1_lexer/tokens/bracket_rightw.ts.BracketRightW;class:src/abap/1_lexer/tokens/comment.ts.Comment;class:src/abap/1_lexer/tokens/dash.ts.Dash;class:src/abap/1_lexer/tokens/dashw.ts.DashW;class:src/abap/1_lexer/tokens/identifier.ts.Identifier;class:src/abap/1_lexer/tokens/instance_arrow.ts.InstanceArrow;class:src/abap/1_lexer/tokens/instance_arroww.ts.InstanceArrowW;class:src/abap/1_lexer/tokens/paren_left.ts.ParenLeft;class:src/abap/1_lexer/tokens/paren_leftw.ts.ParenLeftW;class:src/abap/1_lexer/tokens/paren_right.ts.ParenRight;class:src/abap/1_lexer/tokens/paren_rightw.ts.ParenRightW;class:src/abap/1_lexer/tokens/plus.ts.Plus;class:src/abap/1_lexer/tokens/plusw.ts.PlusW;class:src/abap/1_lexer/tokens/pragma.ts.Pragma;class:src/abap/1_lexer/tokens/punctuation.ts.Punctuation;class:src/abap/1_lexer/tokens/static_arrow.ts.StaticArrow;class:src/abap/1_lexer/tokens/static_arroww.ts.StaticArrowW;class:src/abap/1_lexer/tokens/string.ts.StringToken;class:src/abap/1_lexer/tokens/string_template.ts.StringTemplate;class:src/abap/1_lexer/tokens/string_template_begin.ts.StringTemplateBegin;class:src/abap/1_lexer/tokens/string_template_end.ts.StringTemplateEnd;class:src/abap/1_lexer/tokens/string_template_middle.ts.StringTemplateMiddle;class:src/abap/1_lexer/tokens/wat.ts.WAt;class:src/abap/1_lexer/tokens/watw.ts.WAtW;class:src/abap/1_lexer/tokens/wbracket_left.ts.WBracketLeft;class:src/abap/1_lexer/tokens/wbracket_leftw.ts.WBracketLeftW;class:src/abap/1_lexer/tokens/wbracket_right.ts.WBracketRight;class:src/abap/1_lexer/tokens/wbracket_rightw.ts.WBracketRightW;class:src/abap/1_lexer/tokens/wdash.ts.WDash;class:src/abap/1_lexer/tokens/wdashw.ts.WDashW;class:src/abap/1_lexer/tokens/winstance_arrow.ts.WInstanceArrow;class:src/abap/1_lexer/tokens/winstance_arroww.ts.WInstanceArrowW;class:src/abap/1_lexer/tokens/wparen_left.ts.WParenLeft;class:src/abap/1_lexer/tokens/wparen_leftw.ts.WParenLeftW;class:src/abap/1_lexer/tokens/wparen_right.ts.WParenRight;class:src/abap/1_lexer/tokens/wparen_rightw.ts.WParenRightW;class:src/abap/1_lexer/tokens/wplus.ts.WPlus;class:src/abap/1_lexer/tokens/wplusw.ts.WPlusW;class:src/abap/1_lexer/tokens/wstatic_arrow.ts.WStaticArrow;class:src/abap/1_lexer/tokens/wstatic_arroww.ts.WStaticArrowW,classref<src/abap/1_lexer/tokens/abstract_token.ts.AbstractToken>
src/abap/nodes/statement_node.ts.StatementNode::toTokens,src/abap/nodes/statement_node.ts.StatementNode::toTokens/body/s2,src/abap/nodes/statement_node.ts:351:5,other,foreach,interfaceref<src/abap/nodes/_inode.ts.INode>,shared object table,interfaceref<src/abap/nodes/_inode.ts.INode>,1,false,1,1,0,hierarchy/mixed upper bound,class:src/abap/nodes/expression_node.ts.ExpressionNode;class:src/abap/nodes/statement_node.ts.StatementNode;class:src/abap/nodes/structure_node.ts.StructureNode;class:src/abap/nodes/token_node.ts.TokenNode;class:src/abap/nodes/token_node_regex.ts.TokenNodeRegex,interfaceref<src/abap/nodes/_inode.ts.INode>;interfaceref<union.66719939903e43ae9586894a3271d3c1e0bc1a87886c0b01d3e32f95e19d70c3>;interfaceref<union.ef34b1fae8df131c6c97185482820bb32cd957a6b0ed51ce6b23465fc63eb844>
src/abap/nodes/statement_node.ts.StatementNode::toTokens,src/abap/nodes/statement_node.ts.StatementNode::toTokens/body/s2/body/s0/else/s0/x/seq/s0,src/abap/nodes/statement_node.ts:355:9,other,foreach,classref<src/abap/1_lexer/tokens/abstract_token.ts.AbstractToken>,shared object table,classref<src/abap/1_lexer/tokens/abstract_token.ts.AbstractToken>,2,false,1,1,1,hierarchy/mixed upper bound,class:src/abap/1_lexer/tokens/association_name.ts.AssociationName;class:src/abap/1_lexer/tokens/at.ts.At;class:src/abap/1_lexer/tokens/atw.ts.AtW;class:src/abap/1_lexer/tokens/bracket_left.ts.BracketLeft;class:src/abap/1_lexer/tokens/bracket_leftw.ts.BracketLeftW;class:src/abap/1_lexer/tokens/bracket_right.ts.BracketRight;class:src/abap/1_lexer/tokens/bracket_rightw.ts.BracketRightW;class:src/abap/1_lexer/tokens/comment.ts.Comment;class:src/abap/1_lexer/tokens/dash.ts.Dash;class:src/abap/1_lexer/tokens/dashw.ts.DashW;class:src/abap/1_lexer/tokens/identifier.ts.Identifier;class:src/abap/1_lexer/tokens/instance_arrow.ts.InstanceArrow;class:src/abap/1_lexer/tokens/instance_arroww.ts.InstanceArrowW;class:src/abap/1_lexer/tokens/paren_left.ts.ParenLeft;class:src/abap/1_lexer/tokens/paren_leftw.ts.ParenLeftW;class:src/abap/1_lexer/tokens/paren_right.ts.ParenRight;class:src/abap/1_lexer/tokens/paren_rightw.ts.ParenRightW;class:src/abap/1_lexer/tokens/plus.ts.Plus;class:src/abap/1_lexer/tokens/plusw.ts.PlusW;class:src/abap/1_lexer/tokens/pragma.ts.Pragma;class:src/abap/1_lexer/tokens/punctuation.ts.Punctuation;class:src/abap/1_lexer/tokens/static_arrow.ts.StaticArrow;class:src/abap/1_lexer/tokens/static_arroww.ts.StaticArrowW;class:src/abap/1_lexer/tokens/string.ts.StringToken;class:src/abap/1_lexer/tokens/string_template.ts.StringTemplate;class:src/abap/1_lexer/tokens/string_template_begin.ts.StringTemplateBegin;class:src/abap/1_lexer/tokens/string_template_end.ts.StringTemplateEnd;class:src/abap/1_lexer/tokens/string_template_middle.ts.StringTemplateMiddle;class:src/abap/1_lexer/tokens/wat.ts.WAt;class:src/abap/1_lexer/tokens/watw.ts.WAtW;class:src/abap/1_lexer/tokens/wbracket_left.ts.WBracketLeft;class:src/abap/1_lexer/tokens/wbracket_leftw.ts.WBracketLeftW;class:src/abap/1_lexer/tokens/wbracket_right.ts.WBracketRight;class:src/abap/1_lexer/tokens/wbracket_rightw.ts.WBracketRightW;class:src/abap/1_lexer/tokens/wdash.ts.WDash;class:src/abap/1_lexer/tokens/wdashw.ts.WDashW;class:src/abap/1_lexer/tokens/winstance_arrow.ts.WInstanceArrow;class:src/abap/1_lexer/tokens/winstance_arroww.ts.WInstanceArrowW;class:src/abap/1_lexer/tokens/wparen_left.ts.WParenLeft;class:src/abap/1_lexer/tokens/wparen_leftw.ts.WParenLeftW;class:src/abap/1_lexer/tokens/wparen_right.ts.WParenRight;class:src/abap/1_lexer/tokens/wparen_rightw.ts.WParenRightW;class:src/abap/1_lexer/tokens/wplus.ts.WPlus;class:src/abap/1_lexer/tokens/wplusw.ts.WPlusW;class:src/abap/1_lexer/tokens/wstatic_arrow.ts.WStaticArrow;class:src/abap/1_lexer/tokens/wstatic_arroww.ts.WStaticArrowW,classref<src/abap/1_lexer/tokens/abstract_token.ts.AbstractToken>
src/abap/nodes/statement_node.ts.module::class_constructor,src/abap/nodes/statement_node.ts.module::class_constructor/body/s0/y,src/abap/nodes/statement_node.ts:18:63,other,new,classref<src/abap/1_lexer/tokens/abstract_token.ts.AbstractToken>,shared object table,,0,false,0,0,0,no non-null rows resolved (not an exact proof),,classref<src/abap/1_lexer/tokens/abstract_token.ts.AbstractToken>
src/abap/nodes/structure_node.ts.StructureNode::findAllStatements,src/abap/nodes/structure_node.ts.StructureNode::findAllStatements/body/s0/x,src/abap/nodes/structure_node.ts:161:34,other,new,classref<src/abap/nodes/statement_node.ts.StatementNode>,shared object table,,0,false,0,0,0,hierarchy/mixed upper bound,class:src/abap/nodes/expression_node.ts.ExpressionNode;class:src/abap/nodes/statement_node.ts.StatementNode;class:src/abap/nodes/structure_node.ts.StructureNode;class:src/abap/nodes/token_node.ts.TokenNode;class:src/abap/nodes/token_node_regex.ts.TokenNodeRegex,classref<src/abap/nodes/statement_node.ts.StatementNode>
src/abap/nodes/structure_node.ts.StructureNode::findAllStatements,src/abap/nodes/structure_node.ts.StructureNode::findAllStatements/body/s1,src/abap/nodes/structure_node.ts:162:5,other,foreach,interfaceref<union.ef34b1fae8df131c6c97185482820bb32cd957a6b0ed51ce6b23465fc63eb844>,shared object table,interfaceref<union.ef34b1fae8df131c6c97185482820bb32cd957a6b0ed51ce6b23465fc63eb844>,1,false,1,1,0,hierarchy/mixed upper bound,class:src/abap/nodes/expression_node.ts.ExpressionNode;class:src/abap/nodes/statement_node.ts.StatementNode;class:src/abap/nodes/structure_node.ts.StructureNode;class:src/abap/nodes/token_node.ts.TokenNode;class:src/abap/nodes/token_node_regex.ts.TokenNodeRegex,interfaceref<src/abap/nodes/_inode.ts.INode>;interfaceref<union.66719939903e43ae9586894a3271d3c1e0bc1a87886c0b01d3e32f95e19d70c3>;interfaceref<union.ef34b1fae8df131c6c97185482820bb32cd957a6b0ed51ce6b23465fc63eb844>
src/abap/nodes/structure_node.ts.StructureNode::findAllStatements,src/abap/nodes/structure_node.ts.StructureNode::findAllStatements/body/s1/body/s0/body/s0/x/seq/s0,src/abap/nodes/structure_node.ts:164:9,other,foreach,classref<src/abap/nodes/statement_node.ts.StatementNode>,shared object table,classref<src/abap/nodes/statement_node.ts.StatementNode>,2,false,1,1,1,hierarchy/mixed upper bound,class:src/abap/nodes/expression_node.ts.ExpressionNode;class:src/abap/nodes/statement_node.ts.StatementNode;class:src/abap/nodes/structure_node.ts.StructureNode;class:src/abap/nodes/token_node.ts.TokenNode;class:src/abap/nodes/token_node_regex.ts.TokenNodeRegex,classref<src/abap/nodes/statement_node.ts.StatementNode>
src/abap/nodes/structure_node.ts.StructureNode::findAllStructures,src/abap/nodes/structure_node.ts.StructureNode::findAllStructures/body/s0/x,src/abap/nodes/structure_node.ts:225:34,other,new,classref<src/abap/nodes/structure_node.ts.StructureNode>,shared object table,,0,false,0,0,0,hierarchy/mixed upper bound,class:src/abap/nodes/expression_node.ts.ExpressionNode;class:src/abap/nodes/statement_node.ts.StatementNode;class:src/abap/nodes/structure_node.ts.StructureNode;class:src/abap/nodes/token_node.ts.TokenNode;class:src/abap/nodes/token_node_regex.ts.TokenNodeRegex,classref<src/abap/nodes/structure_node.ts.StructureNode>
src/abap/nodes/structure_node.ts.StructureNode::findAllStructures,src/abap/nodes/structure_node.ts.StructureNode::findAllStructures/body/s1/body/s0/x/seq/s0/x,src/abap/nodes/structure_node.ts:227:14,other,new,classref<src/abap/nodes/structure_node.ts.StructureNode>,shared object table,,0,false,0,0,0,hierarchy/mixed upper bound,class:src/abap/nodes/expression_node.ts.ExpressionNode;class:src/abap/nodes/statement_node.ts.StatementNode;class:src/abap/nodes/structure_node.ts.StructureNode;class:src/abap/nodes/token_node.ts.TokenNode;class:src/abap/nodes/token_node_regex.ts.TokenNodeRegex,classref<src/abap/nodes/structure_node.ts.StructureNode>
src/abap/nodes/structure_node.ts.StructureNode::findAllStructures,src/abap/nodes/structure_node.ts.StructureNode::findAllStructures/body/s2,src/abap/nodes/structure_node.ts:229:5,other,foreach,interfaceref<union.ef34b1fae8df131c6c97185482820bb32cd957a6b0ed51ce6b23465fc63eb844>,shared object table,interfaceref<union.ef34b1fae8df131c6c97185482820bb32cd957a6b0ed51ce6b23465fc63eb844>,1,false,1,1,0,hierarchy/mixed upper bound,class:src/abap/nodes/expression_node.ts.ExpressionNode;class:src/abap/nodes/statement_node.ts.StatementNode;class:src/abap/nodes/structure_node.ts.StructureNode;class:src/abap/nodes/token_node.ts.TokenNode;class:src/abap/nodes/token_node_regex.ts.TokenNodeRegex,interfaceref<src/abap/nodes/_inode.ts.INode>;interfaceref<union.66719939903e43ae9586894a3271d3c1e0bc1a87886c0b01d3e32f95e19d70c3>;interfaceref<union.ef34b1fae8df131c6c97185482820bb32cd957a6b0ed51ce6b23465fc63eb844>
src/abap/nodes/structure_node.ts.StructureNode::findAllStructures,src/abap/nodes/structure_node.ts.StructureNode::findAllStructures/body/s2/body/s0/else/else/s0/x/seq/s0,src/abap/nodes/structure_node.ts:235:9,other,foreach,classref<src/abap/nodes/structure_node.ts.StructureNode>,shared object table,classref<src/abap/nodes/structure_node.ts.StructureNode>,2,false,1,1,1,hierarchy/mixed upper bound,class:src/abap/nodes/expression_node.ts.ExpressionNode;class:src/abap/nodes/statement_node.ts.StatementNode;class:src/abap/nodes/structure_node.ts.StructureNode;class:src/abap/nodes/token_node.ts.TokenNode;class:src/abap/nodes/token_node_regex.ts.TokenNodeRegex,classref<src/abap/nodes/structure_node.ts.StructureNode>
src/abap/nodes/structure_node.ts.StructureNode::findDirectStatements,src/abap/nodes/structure_node.ts.StructureNode::findDirectStatements/body/s0/x,src/abap/nodes/structure_node.ts:56:34,other,new,classref<src/abap/nodes/statement_node.ts.StatementNode>,shared object table,,0,false,0,0,0,hierarchy/mixed upper bound,class:src/abap/nodes/expression_node.ts.ExpressionNode;class:src/abap/nodes/statement_node.ts.StatementNode;class:src/abap/nodes/structure_node.ts.StructureNode;class:src/abap/nodes/token_node.ts.TokenNode;class:src/abap/nodes/token_node_regex.ts.TokenNodeRegex,classref<src/abap/nodes/statement_node.ts.StatementNode>
src/abap/nodes/structure_node.ts.StructureNode::findDirectStatements,src/abap/nodes/structure_node.ts.StructureNode::findDirectStatements/body/s1,src/abap/nodes/structure_node.ts:57:5,other,foreach,interfaceref<union.ef34b1fae8df131c6c97185482820bb32cd957a6b0ed51ce6b23465fc63eb844>,shared object table,interfaceref<union.ef34b1fae8df131c6c97185482820bb32cd957a6b0ed51ce6b23465fc63eb844>,1,false,1,1,0,hierarchy/mixed upper bound,class:src/abap/nodes/expression_node.ts.ExpressionNode;class:src/abap/nodes/statement_node.ts.StatementNode;class:src/abap/nodes/structure_node.ts.StructureNode;class:src/abap/nodes/token_node.ts.TokenNode;class:src/abap/nodes/token_node_regex.ts.TokenNodeRegex,interfaceref<src/abap/nodes/_inode.ts.INode>;interfaceref<union.66719939903e43ae9586894a3271d3c1e0bc1a87886c0b01d3e32f95e19d70c3>;interfaceref<union.ef34b1fae8df131c6c97185482820bb32cd957a6b0ed51ce6b23465fc63eb844>
src/abap/nodes/structure_node.ts.StructureNode::findDirectStructure,src/abap/nodes/structure_node.ts.StructureNode::findDirectStructure/body/s1,src/abap/nodes/structure_node.ts:245:5,other,foreach,interfaceref<union.ef34b1fae8df131c6c97185482820bb32cd957a6b0ed51ce6b23465fc63eb844>,shared object table,interfaceref<union.ef34b1fae8df131c6c97185482820bb32cd957a6b0ed51ce6b23465fc63eb844>,1,false,1,1,0,hierarchy/mixed upper bound,class:src/abap/nodes/expression_node.ts.ExpressionNode;class:src/abap/nodes/statement_node.ts.StatementNode;class:src/abap/nodes/structure_node.ts.StructureNode;class:src/abap/nodes/token_node.ts.TokenNode;class:src/abap/nodes/token_node_regex.ts.TokenNodeRegex,interfaceref<src/abap/nodes/_inode.ts.INode>;interfaceref<union.66719939903e43ae9586894a3271d3c1e0bc1a87886c0b01d3e32f95e19d70c3>;interfaceref<union.ef34b1fae8df131c6c97185482820bb32cd957a6b0ed51ce6b23465fc63eb844>
src/abap/nodes/structure_node.ts.StructureNode::findDirectStructures,src/abap/nodes/structure_node.ts.StructureNode::findDirectStructures/body/s0/x,src/abap/nodes/structure_node.ts:66:34,other,new,classref<src/abap/nodes/structure_node.ts.StructureNode>,shared object table,,0,false,0,0,0,hierarchy/mixed upper bound,class:src/abap/nodes/expression_node.ts.ExpressionNode;class:src/abap/nodes/statement_node.ts.StatementNode;class:src/abap/nodes/structure_node.ts.StructureNode;class:src/abap/nodes/token_node.ts.TokenNode;class:src/abap/nodes/token_node_regex.ts.TokenNodeRegex,classref<src/abap/nodes/structure_node.ts.StructureNode>
src/abap/nodes/structure_node.ts.StructureNode::findDirectStructures,src/abap/nodes/structure_node.ts.StructureNode::findDirectStructures/body/s1,src/abap/nodes/structure_node.ts:67:5,other,foreach,interfaceref<union.ef34b1fae8df131c6c97185482820bb32cd957a6b0ed51ce6b23465fc63eb844>,shared object table,interfaceref<union.ef34b1fae8df131c6c97185482820bb32cd957a6b0ed51ce6b23465fc63eb844>,1,false,1,1,0,hierarchy/mixed upper bound,class:src/abap/nodes/expression_node.ts.ExpressionNode;class:src/abap/nodes/statement_node.ts.StatementNode;class:src/abap/nodes/structure_node.ts.StructureNode;class:src/abap/nodes/token_node.ts.TokenNode;class:src/abap/nodes/token_node_regex.ts.TokenNodeRegex,interfaceref<src/abap/nodes/_inode.ts.INode>;interfaceref<union.66719939903e43ae9586894a3271d3c1e0bc1a87886c0b01d3e32f95e19d70c3>;interfaceref<union.ef34b1fae8df131c6c97185482820bb32cd957a6b0ed51ce6b23465fc63eb844>
src/abap/nodes/structure_node.ts.StructureNode::findFirstExpression,src/abap/nodes/structure_node.ts.StructureNode::findFirstExpression/body/s0,src/abap/nodes/structure_node.ts:92:5,other,foreach,interfaceref<union.ef34b1fae8df131c6c97185482820bb32cd957a6b0ed51ce6b23465fc63eb844>,shared object table,interfaceref<union.ef34b1fae8df131c6c97185482820bb32cd957a6b0ed51ce6b23465fc63eb844>,1,false,1,1,0,hierarchy/mixed upper bound,class:src/abap/nodes/expression_node.ts.ExpressionNode;class:src/abap/nodes/statement_node.ts.StatementNode;class:src/abap/nodes/structure_node.ts.StructureNode;class:src/abap/nodes/token_node.ts.TokenNode;class:src/abap/nodes/token_node_regex.ts.TokenNodeRegex,interfaceref<src/abap/nodes/_inode.ts.INode>;interfaceref<union.66719939903e43ae9586894a3271d3c1e0bc1a87886c0b01d3e32f95e19d70c3>;interfaceref<union.ef34b1fae8df131c6c97185482820bb32cd957a6b0ed51ce6b23465fc63eb844>
src/abap/nodes/structure_node.ts.StructureNode::findFirstStatement,src/abap/nodes/structure_node.ts.StructureNode::findFirstStatement/body/s0,src/abap/nodes/structure_node.ts:76:5,other,foreach,interfaceref<union.ef34b1fae8df131c6c97185482820bb32cd957a6b0ed51ce6b23465fc63eb844>,shared object table,interfaceref<union.ef34b1fae8df131c6c97185482820bb32cd957a6b0ed51ce6b23465fc63eb844>,1,false,1,1,0,hierarchy/mixed upper bound,class:src/abap/nodes/expression_node.ts.ExpressionNode;class:src/abap/nodes/statement_node.ts.StatementNode;class:src/abap/nodes/structure_node.ts.StructureNode;class:src/abap/nodes/token_node.ts.TokenNode;class:src/abap/nodes/token_node_regex.ts.TokenNodeRegex,interfaceref<src/abap/nodes/_inode.ts.INode>;interfaceref<union.66719939903e43ae9586894a3271d3c1e0bc1a87886c0b01d3e32f95e19d70c3>;interfaceref<union.ef34b1fae8df131c6c97185482820bb32cd957a6b0ed51ce6b23465fc63eb844>
src/abap/nodes/structure_node.ts.StructureNode::findFirstStructure,src/abap/nodes/structure_node.ts.StructureNode::findFirstStructure/body/s1,src/abap/nodes/structure_node.ts:257:5,other,foreach,interfaceref<union.ef34b1fae8df131c6c97185482820bb32cd957a6b0ed51ce6b23465fc63eb844>,shared object table,interfaceref<union.ef34b1fae8df131c6c97185482820bb32cd957a6b0ed51ce6b23465fc63eb844>,1,false,1,1,0,hierarchy/mixed upper bound,class:src/abap/nodes/expression_node.ts.ExpressionNode;class:src/abap/nodes/statement_node.ts.StatementNode;class:src/abap/nodes/structure_node.ts.StructureNode;class:src/abap/nodes/token_node.ts.TokenNode;class:src/abap/nodes/token_node_regex.ts.TokenNodeRegex,interfaceref<src/abap/nodes/_inode.ts.INode>;interfaceref<union.66719939903e43ae9586894a3271d3c1e0bc1a87886c0b01d3e32f95e19d70c3>;interfaceref<union.ef34b1fae8df131c6c97185482820bb32cd957a6b0ed51ce6b23465fc63eb844>
src/abap/nodes/token_node.ts.module::class_constructor,src/abap/nodes/token_node.ts.module::class_constructor/body/s0/y,src/abap/nodes/token_node.ts:4:56,other,new,interfaceref<src/abap/nodes/_inode.ts.INode>,shared object table,,0,false,0,0,0,no non-null rows resolved (not an exact proof),,interfaceref<src/abap/nodes/_inode.ts.INode>
src/abap/types/basic/structure_type.ts.StructureType::constructor,src/abap/types/basic/structure_type.ts.StructureType::constructor/body/s3,src/abap/types/basic/structure_type.ts:25:5,other,foreach,classref<src/abap/types/basic/structure_type.ts.IStructureComponent>,shared object table,classref<src/abap/types/basic/structure_type.ts.IStructureComponent>,1,false,1,1,1,unknown native/unresolved flow,class:src/abap/types/basic/structure_type.ts.IStructureComponent;unknown:classref<src/abap/types/basic/structure_type.ts.IStructureComponent>,classref<src/abap/types/basic/structure_type.ts.IStructureComponent>
src/abap/types/basic/structure_type.ts.StructureType::containsVoid,src/abap/types/basic/structure_type.ts.StructureType::containsVoid/body/s0/x/seq/s1,src/abap/types/basic/structure_type.ts:65:12,other,foreach,classref<src/abap/types/basic/structure_type.ts.IStructureComponent>,shared object table,classref<src/abap/types/basic/structure_type.ts.IStructureComponent>,1,false,1,1,1,unknown native/unresolved flow,class:src/abap/types/basic/structure_type.ts.IStructureComponent;unknown:classref<src/abap/types/basic/structure_type.ts.IStructureComponent>,classref<src/abap/types/basic/structure_type.ts.IStructureComponent>
src/abap/types/class_attributes.ts.Attributes::buildByName,src/abap/types/class_attributes.ts.Attributes::buildByName/body/s1,src/abap/types/class_attributes.ts:115:5,other,foreach,classref<src/abap/types/class_attribute.ts.ClassAttribute>,shared object table,classref<src/abap/types/class_attribute.ts.ClassAttribute>,1,false,1,1,0,exact,class:src/abap/types/class_attribute.ts.ClassAttribute,classref<src/abap/types/_typed_identifier.ts.TypedIdentifier>;classref<src/abap/types/class_attribute.ts.ClassAttribute>
src/abap/types/class_attributes.ts.Attributes::buildByName,src/abap/types/class_attributes.ts.Attributes::buildByName/body/s2,src/abap/types/class_attributes.ts:118:5,other,foreach,classref<src/abap/types/class_attribute.ts.ClassAttribute>,shared object table,classref<src/abap/types/class_attribute.ts.ClassAttribute>,1,false,1,1,0,exact,class:src/abap/types/class_attribute.ts.ClassAttribute,classref<src/abap/types/_typed_identifier.ts.TypedIdentifier>;classref<src/abap/types/class_attribute.ts.ClassAttribute>
src/abap/types/class_attributes.ts.Attributes::buildByName,src/abap/types/class_attributes.ts.Attributes::buildByName/body/s3,src/abap/types/class_attributes.ts:124:5,other,foreach,classref<src/abap/types/class_constant.ts.ClassConstant>,shared object table,classref<src/abap/types/class_constant.ts.ClassConstant>,1,false,1,1,0,exact,class:src/abap/types/class_constant.ts.ClassConstant,classref<src/abap/types/_typed_identifier.ts.TypedIdentifier>;classref<src/abap/types/class_constant.ts.ClassConstant>
src/abap/types/class_attributes.ts.Attributes::constructor,src/abap/types/class_attributes.ts.Attributes::constructor/body/s0/y,src/abap/types/class_attributes.ts:39:19,other,new,classref<src/abap/types/class_attribute.ts.ClassAttribute>,shared object table,,0,false,0,0,0,exact,class:src/abap/types/class_attribute.ts.ClassAttribute,classref<src/abap/types/_typed_identifier.ts.TypedIdentifier>;classref<src/abap/types/class_attribute.ts.ClassAttribute>
src/abap/types/class_attributes.ts.Attributes::constructor,src/abap/types/class_attributes.ts.Attributes::constructor/body/s1/y,src/abap/types/class_attributes.ts:40:21,other,new,classref<src/abap/types/class_attribute.ts.ClassAttribute>,shared object table,,0,false,0,0,0,exact,class:src/abap/types/class_attribute.ts.ClassAttribute,classref<src/abap/types/_typed_identifier.ts.TypedIdentifier>;classref<src/abap/types/class_attribute.ts.ClassAttribute>
src/abap/types/class_attributes.ts.Attributes::constructor,src/abap/types/class_attributes.ts.Attributes::constructor/body/s2/y,src/abap/types/class_attributes.ts:41:22,other,new,classref<src/abap/types/class_constant.ts.ClassConstant>,shared object table,,0,false,0,0,0,exact,class:src/abap/types/class_constant.ts.ClassConstant,classref<src/abap/types/_typed_identifier.ts.TypedIdentifier>;classref<src/abap/types/class_constant.ts.ClassConstant>
src/abap/types/class_attributes.ts.Attributes::constructor,src/abap/types/class_attributes.ts.Attributes::constructor/body/s3/y,src/abap/types/class_attributes.ts:42:20,other,new,classref<src/abap/types/alias.ts.Alias>,shared object table,,0,false,0,0,0,exact,class:src/abap/types/alias.ts.Alias,classref<src/abap/types/alias.ts.Alias>
src/abap/types/class_attributes.ts.Attributes::constructor,src/abap/types/class_attributes.ts.Attributes::constructor/body/s5/y,src/abap/types/class_attributes.ts:44:18,other,new,classref<src/abap/types/_type_definitions.ts.TypeDefinitionsEntry>,shared object table,,0,false,0,0,0,exact,class:src/abap/types/_type_definitions.ts.TypeDefinitionsEntry,classref<src/abap/types/_type_definitions.ts.TypeDefinitionsEntry>
src/abap/types/class_attributes.ts.Attributes::constructor,src/abap/types/class_attributes.ts.Attributes::constructor/body/s8/y,src/abap/types/class_attributes.ts:47:16,other,array.concat,classref<src/abap/types/class_attribute.ts.ClassAttribute>,shared object table,,0,false,0,0,0,exact,class:src/abap/types/class_attribute.ts.ClassAttribute,classref<src/abap/types/class_attribute.ts.ClassAttribute>
src/abap/types/class_attributes.ts.Attributes::existsInInterface,src/abap/types/class_attributes.ts.Attributes::existsInInterface/body/s4/x/0/1/seq/s1,src/abap/types/class_attributes.ts:296:12,other,foreach,interfaceref<src/abap/types/_event_definition.ts.IEventDefinition>,shared object table,interfaceref<src/abap/types/_event_definition.ts.IEventDefinition>,1,false,1,1,1,hierarchy/mixed upper bound,class:src/abap/types/event_definition.ts.EventDefinition,interfaceref<src/abap/types/_event_definition.ts.IEventDefinition>
src/abap/types/class_attributes.ts.Attributes::existsInInterface,src/abap/types/class_attributes.ts.Attributes::existsInInterface/body/s4/x/1/seq/s1,src/abap/types/class_attributes.ts:297:12,other,foreach,classref<src/abap/types/alias.ts.Alias>,shared object table,classref<src/abap/types/alias.ts.Alias>,1,false,1,1,1,exact,class:src/abap/types/alias.ts.Alias,classref<src/abap/types/alias.ts.Alias>
src/abap/types/class_attributes.ts.Attributes::existsInInterface,src/abap/types/class_attributes.ts.Attributes::existsInInterface/body/s5,src/abap/types/class_attributes.ts:301:5,other,foreach,classref<src/abap/types/_interface_definition.ts.IImplementing>,shared object table,classref<src/abap/types/_interface_definition.ts.IImplementing>,1,false,1,1,1,exact,class:src/abap/types/_interface_definition.ts.IImplementing,classref<src/abap/types/_interface_definition.ts.IImplementing>
src/abap/types/class_attributes.ts.Attributes::parse,src/abap/types/class_attributes.ts.Attributes::parse/body/s1/body/s0,src/abap/types/class_attributes.ts:137:7,other,foreach,classref<src/abap/nodes/statement_node.ts.StatementNode>,shared object table,classref<src/abap/nodes/statement_node.ts.StatementNode>,1,false,1,1,1,hierarchy/mixed upper bound,class:src/abap/nodes/expression_node.ts.ExpressionNode;class:src/abap/nodes/statement_node.ts.StatementNode;class:src/abap/nodes/structure_node.ts.StructureNode;class:src/abap/nodes/token_node.ts.TokenNode;class:src/abap/nodes/token_node_regex.ts.TokenNodeRegex,classref<src/abap/nodes/statement_node.ts.StatementNode>
src/abap/types/class_attributes.ts.Attributes::parse,src/abap/types/class_attributes.ts.Attributes::parse/body/s3/body/s0,src/abap/types/class_attributes.ts:151:7,other,foreach,classref<src/abap/nodes/statement_node.ts.StatementNode>,shared object table,classref<src/abap/nodes/statement_node.ts.StatementNode>,1,false,1,1,1,hierarchy/mixed upper bound,class:src/abap/nodes/expression_node.ts.ExpressionNode;class:src/abap/nodes/statement_node.ts.StatementNode;class:src/abap/nodes/structure_node.ts.StructureNode;class:src/abap/nodes/token_node.ts.TokenNode;class:src/abap/nodes/token_node_regex.ts.TokenNodeRegex,classref<src/abap/nodes/statement_node.ts.StatementNode>
src/abap/types/class_attributes.ts.Attributes::parseSection,src/abap/types/class_attributes.ts.Attributes::parseSection/body/s1,src/abap/types/class_attributes.ts:169:5,other,foreach,interfaceref<union.ef34b1fae8df131c6c97185482820bb32cd957a6b0ed51ce6b23465fc63eb844>,shared object table,interfaceref<union.ef34b1fae8df131c6c97185482820bb32cd957a6b0ed51ce6b23465fc63eb844>,1,false,1,1,0,hierarchy/mixed upper bound,class:src/abap/nodes/expression_node.ts.ExpressionNode;class:src/abap/nodes/statement_node.ts.StatementNode;class:src/abap/nodes/structure_node.ts.StructureNode;class:src/abap/nodes/token_node.ts.TokenNode;class:src/abap/nodes/token_node_regex.ts.TokenNodeRegex,interfaceref<src/abap/nodes/_inode.ts.INode>;interfaceref<union.66719939903e43ae9586894a3271d3c1e0bc1a87886c0b01d3e32f95e19d70c3>;interfaceref<union.ef34b1fae8df131c6c97185482820bb32cd957a6b0ed51ce6b23465fc63eb844>
src/abap/types/class_attributes.ts.Attributes::parseSection,src/abap/types/class_attributes.ts.Attributes::parseSection/body/s1/body/s1/body/s0/else/else/else/body/s3,src/abap/types/class_attributes.ts:195:11,other,foreach,classref<src/abap/types/_typed_identifier.ts.TypedIdentifier>,shared object table,classref<src/abap/types/_typed_identifier.ts.TypedIdentifier>,2,false,1,1,0,unknown native/unresolved flow,,
src/abap/types/class_attributes.ts.Attributes::parseSection,src/abap/types/class_attributes.ts.Attributes::parseSection/body/s1/body/s1/body/s0/else/else/else/body/s4,src/abap/types/class_attributes.ts:201:11,other,foreach,classref<src/abap/types/_typed_identifier.ts.TypedIdentifier>,shared object table,classref<src/abap/types/_typed_identifier.ts.TypedIdentifier>,2,false,1,1,0,unknown native/unresolved flow,,
src/abap/types/class_definition.ts.ClassDefinition::checkClassConstructor,src/abap/types/class_definition.ts.ClassDefinition::checkClassConstructor/body/s0,src/abap/types/class_definition.ts:192:5,other,foreach,interfaceref<src/abap/types/_method_definition.ts.IMethodDefinition>,shared object table,interfaceref<src/abap/types/_method_definition.ts.IMethodDefinition>,1,false,1,1,1,no non-null rows resolved (not an exact proof),,interfaceref<src/abap/types/_method_definition.ts.IMethodDefinition>
src/abap/types/class_definition.ts.ClassDefinition::checkEventNameConflicts,src/abap/types/class_definition.ts.ClassDefinition::checkEventNameConflicts/body/s0,src/abap/types/class_definition.ts:268:5,other,foreach,interfaceref<src/abap/types/_event_definition.ts.IEventDefinition>,shared object table,interfaceref<src/abap/types/_event_definition.ts.IEventDefinition>,1,false,1,1,1,hierarchy/mixed upper bound,class:src/abap/types/event_definition.ts.EventDefinition,interfaceref<src/abap/types/_event_definition.ts.IEventDefinition>
src/abap/types/class_definition.ts.ClassDefinition::checkInterfaceVisibility,src/abap/types/class_definition.ts.ClassDefinition::checkInterfaceVisibility/body/s0/x/seq/s0/x,src/abap/types/class_definition.ts:205:22,other,new,classref<src/abap/nodes/structure_node.ts.StructureNode>,typed optional-reference table,,0,false,0,0,0,hierarchy/mixed upper bound,class:src/abap/nodes/expression_node.ts.ExpressionNode;class:src/abap/nodes/statement_node.ts.StatementNode;class:src/abap/nodes/structure_node.ts.StructureNode;class:src/abap/nodes/token_node.ts.TokenNode;class:src/abap/nodes/token_node_regex.ts.TokenNodeRegex,classref<src/abap/nodes/structure_node.ts.StructureNode>
src/abap/types/class_definition.ts.ClassDefinition::checkInterfaceVisibility,src/abap/types/class_definition.ts.ClassDefinition::checkInterfaceVisibility/body/s1,src/abap/types/class_definition.ts:209:5,other,foreach,classref<src/abap/nodes/structure_node.ts.StructureNode>,typed optional-reference table,optional<classref<src/abap/nodes/structure_node.ts.StructureNode>>,1,false,0,0,0,hierarchy/mixed upper bound,class:src/abap/nodes/expression_node.ts.ExpressionNode;class:src/abap/nodes/statement_node.ts.StatementNode;class:src/abap/nodes/structure_node.ts.StructureNode;class:src/abap/nodes/token_node.ts.TokenNode;class:src/abap/nodes/token_node_regex.ts.TokenNodeRegex,classref<src/abap/nodes/structure_node.ts.StructureNode>
src/abap/types/class_definition.ts.ClassDefinition::checkInterfaceVisibility,src/abap/types/class_definition.ts.ClassDefinition::checkInterfaceVisibility/body/s1/body/s0,src/abap/types/class_definition.ts:210:7,other,foreach,classref<src/abap/nodes/statement_node.ts.StatementNode>,shared object table,classref<src/abap/nodes/statement_node.ts.StatementNode>,2,false,1,1,1,hierarchy/mixed upper bound,class:src/abap/nodes/expression_node.ts.ExpressionNode;class:src/abap/nodes/statement_node.ts.StatementNode;class:src/abap/nodes/structure_node.ts.StructureNode;class:src/abap/nodes/token_node.ts.TokenNode;class:src/abap/nodes/token_node_regex.ts.TokenNodeRegex,classref<src/abap/nodes/statement_node.ts.StatementNode>
src/abap/types/class_definition.ts.ClassDefinition::checkInterfaceVisibility,src/abap/types/class_definition.ts.ClassDefinition::checkInterfaceVisibility/body/s1/body/s0/x/1/2,src/abap/types/class_definition.ts:210:86,other,new,classref<src/abap/nodes/statement_node.ts.StatementNode>,shared object table,,1,false,0,0,0,no non-null rows resolved (not an exact proof),,classref<src/abap/nodes/statement_node.ts.StatementNode>
src/abap/types/class_definition.ts.ClassDefinition::checkMethodNameConflicts,src/abap/types/class_definition.ts.ClassDefinition::checkMethodNameConflicts/body/s0,src/abap/types/class_definition.ts:259:5,other,foreach,interfaceref<src/abap/types/_method_definition.ts.IMethodDefinition>,shared object table,interfaceref<src/abap/types/_method_definition.ts.IMethodDefinition>,1,false,1,1,1,no non-null rows resolved (not an exact proof),,interfaceref<src/abap/types/_method_definition.ts.IMethodDefinition>
src/abap/types/class_definition.ts.ClassDefinition::checkMethodNameLength,src/abap/types/class_definition.ts.ClassDefinition::checkMethodNameLength/body/s0,src/abap/types/class_definition.ts:183:5,other,foreach,interfaceref<src/abap/types/_method_definition.ts.IMethodDefinition>,shared object table,interfaceref<src/abap/types/_method_definition.ts.IMethodDefinition>,1,false,1,1,1,no non-null rows resolved (not an exact proof),,interfaceref<src/abap/types/_method_definition.ts.IMethodDefinition>
src/abap/types/class_definition.ts.ClassDefinition::checkMethodsFromSuperClasses,src/abap/types/class_definition.ts.ClassDefinition::checkMethodsFromSuperClasses/body/s4/body/s1,src/abap/types/class_definition.ts:224:7,other,foreach,interfaceref<src/abap/types/_method_definition.ts.IMethodDefinition>,shared object table,interfaceref<src/abap/types/_method_definition.ts.IMethodDefinition>,2,false,1,1,1,no non-null rows resolved (not an exact proof),,interfaceref<src/abap/types/_method_definition.ts.IMethodDefinition>
src/abap/types/class_definition.ts.ClassDefinition::checkMethodsFromSuperClasses,src/abap/types/class_definition.ts.ClassDefinition::checkMethodsFromSuperClasses/body/s4/body/s1/x/1/2,src/abap/types/class_definition.ts:224:65,other,new,interfaceref<src/abap/types/_method_definition.ts.IMethodDefinition>,shared object table,,1,false,0,0,0,no non-null rows resolved (not an exact proof),,interfaceref<src/abap/types/_method_definition.ts.IMethodDefinition>
src/abap/types/class_definition.ts.ClassDefinition::checkMethodsFromSuperClasses,src/abap/types/class_definition.ts.ClassDefinition::checkMethodsFromSuperClasses/body/s4/body/s2,src/abap/types/class_definition.ts:238:7,other,foreach,classref<src/abap/types/alias.ts.Alias>,shared object table,classref<src/abap/types/alias.ts.Alias>,2,false,1,1,1,exact,class:src/abap/types/alias.ts.Alias,classref<src/abap/types/alias.ts.Alias>
src/abap/types/class_definition.ts.ClassDefinition::checkMethodsFromSuperClasses,src/abap/types/class_definition.ts.ClassDefinition::checkMethodsFromSuperClasses/body/s4/body/s2/x/1/2,src/abap/types/class_definition.ts:238:45,other,new,classref<src/abap/types/alias.ts.Alias>,shared object table,,1,false,0,0,0,no non-null rows resolved (not an exact proof),,classref<src/abap/types/alias.ts.Alias>
src/abap/types/class_definition.ts.ClassDefinition::checkMethodsFromSuperClasses,src/abap/types/class_definition.ts.ClassDefinition::checkMethodsFromSuperClasses/body/s5,src/abap/types/class_definition.ts:244:5,other,foreach,interfaceref<src/abap/types/_method_definition.ts.IMethodDefinition>,shared object table,interfaceref<src/abap/types/_method_definition.ts.IMethodDefinition>,1,false,1,1,1,no non-null rows resolved (not an exact proof),,interfaceref<src/abap/types/_method_definition.ts.IMethodDefinition>
src/abap/types/class_definition.ts.ClassDefinition::constructor,src/abap/types/class_definition.ts.ClassDefinition::constructor/body/s19,src/abap/types/class_definition.ts:69:5,other,foreach,classref<src/abap/nodes/statement_node.ts.StatementNode>,shared object table,classref<src/abap/nodes/statement_node.ts.StatementNode>,1,false,1,1,1,hierarchy/mixed upper bound,class:src/abap/nodes/expression_node.ts.ExpressionNode;class:src/abap/nodes/statement_node.ts.StatementNode;class:src/abap/nodes/structure_node.ts.StructureNode;class:src/abap/nodes/token_node.ts.TokenNode;class:src/abap/nodes/token_node_regex.ts.TokenNodeRegex,classref<src/abap/nodes/statement_node.ts.StatementNode>
src/abap/types/class_definition.ts.ClassDefinition::constructor,src/abap/types/class_definition.ts.ClassDefinition::constructor/body/s19/body/s1/x/seq/s0/x/seq/s4/body/s0/x/0,,other,array.get,interfaceref<src/abap/types/_event_definition.ts.IEventDefinition>,shared object table,optional<interfaceref<src/abap/types/_event_definition.ts.IEventDefinition>>,2,false,1,1,1,hierarchy/mixed upper bound,class:src/abap/types/event_definition.ts.EventDefinition,interfaceref<src/abap/types/_event_definition.ts.IEventDefinition>
src/abap/types/class_definition.ts.ClassDefinition::constructor,src/abap/types/class_definition.ts.ClassDefinition::constructor/body/s5/y,src/abap/types/class_definition.ts:49:19,other,new,interfaceref<src/abap/types/_event_definition.ts.IEventDefinition>,shared object table,,0,false,0,0,0,hierarchy/mixed upper bound,class:src/abap/types/event_definition.ts.EventDefinition,interfaceref<src/abap/types/_event_definition.ts.IEventDefinition>
src/abap/types/class_definition.ts.ClassDefinition::constructor,src/abap/types/class_definition.ts.ClassDefinition::constructor/body/s6/y,src/abap/types/class_definition.ts:50:25,other,new,classref<src/abap/types/_interface_definition.ts.IImplementing>,shared object table,,0,false,0,0,0,exact,class:src/abap/types/_interface_definition.ts.IImplementing,classref<src/abap/types/_interface_definition.ts.IImplementing>
src/abap/types/class_definition.ts.ClassDefinition::findFriends,src/abap/types/class_definition.ts.ClassDefinition::findFriends/body/s1,src/abap/types/class_definition.ts:279:5,other,foreach,classref<src/abap/nodes/expression_node.ts.ExpressionNode>,shared object table,classref<src/abap/nodes/expression_node.ts.ExpressionNode>,1,false,1,1,1,hierarchy/mixed upper bound,class:src/abap/nodes/expression_node.ts.ExpressionNode;class:src/abap/nodes/statement_node.ts.StatementNode;class:src/abap/nodes/structure_node.ts.StructureNode;class:src/abap/nodes/token_node.ts.TokenNode;class:src/abap/nodes/token_node_regex.ts.TokenNodeRegex,classref<src/abap/nodes/expression_node.ts.ExpressionNode>
src/abap/types/class_definition.ts.ClassDefinition::findFriends,src/abap/types/class_definition.ts.ClassDefinition::findFriends/body/s1/x/1/2,src/abap/types/class_definition.ts:279:122,other,new,classref<src/abap/nodes/expression_node.ts.ExpressionNode>,shared object table,,0,false,0,0,0,no non-null rows resolved (not an exact proof),,classref<src/abap/nodes/expression_node.ts.ExpressionNode>
src/abap/types/class_definition.ts.ClassDefinition::parse,src/abap/types/class_definition.ts.ClassDefinition::parse/body/s0,src/abap/types/class_definition.ts:310:5,other,foreach,classref<src/abap/nodes/statement_node.ts.StatementNode>,shared object table,classref<src/abap/nodes/statement_node.ts.StatementNode>,1,false,1,1,1,hierarchy/mixed upper bound,class:src/abap/nodes/expression_node.ts.ExpressionNode;class:src/abap/nodes/statement_node.ts.StatementNode;class:src/abap/nodes/structure_node.ts.StructureNode;class:src/abap/nodes/token_node.ts.TokenNode;class:src/abap/nodes/token_node_regex.ts.TokenNodeRegex,classref<src/abap/nodes/statement_node.ts.StatementNode>
src/abap/types/event_definition.ts.EventDefinition::constructor,src/abap/types/event_definition.ts.EventDefinition::constructor/body/s4/y,src/abap/types/event_definition.ts:26:23,other,new,classref<src/abap/types/_typed_identifier.ts.TypedIdentifier>,shared object table,,0,false,0,0,0,exact,class:src/abap/types/_typed_identifier.ts.TypedIdentifier,classref<src/abap/types/_typed_identifier.ts.TypedIdentifier>
src/abap/types/event_definition.ts.EventDefinition::parse,src/abap/types/event_definition.ts.EventDefinition::parse/body/s0,src/abap/types/event_definition.ts:43:5,other,foreach,classref<src/abap/nodes/expression_node.ts.ExpressionNode>,shared object table,classref<src/abap/nodes/expression_node.ts.ExpressionNode>,1,false,1,1,1,hierarchy/mixed upper bound,class:src/abap/nodes/expression_node.ts.ExpressionNode;class:src/abap/nodes/statement_node.ts.StatementNode;class:src/abap/nodes/structure_node.ts.StructureNode;class:src/abap/nodes/token_node.ts.TokenNode;class:src/abap/nodes/token_node_regex.ts.TokenNodeRegex,classref<src/abap/nodes/expression_node.ts.ExpressionNode>
src/abap/types/form_definition.ts.FormDefinition::findParams,src/abap/types/form_definition.ts.FormDefinition::findParams/body/s0/x,src/abap/types/form_definition.ts:95:36,other,new,classref<src/abap/types/_typed_identifier.ts.TypedIdentifier>,shared object table,,0,false,0,0,0,exact,class:src/abap/types/_typed_identifier.ts.TypedIdentifier,classref<src/abap/types/_typed_identifier.ts.TypedIdentifier>
src/abap/types/form_definition.ts.FormDefinition::findParams,src/abap/types/form_definition.ts.FormDefinition::findParams/body/s1,src/abap/types/form_definition.ts:96:5,other,foreach,classref<src/abap/nodes/expression_node.ts.ExpressionNode>,shared object table,classref<src/abap/nodes/expression_node.ts.ExpressionNode>,1,false,1,1,1,hierarchy/mixed upper bound,class:src/abap/nodes/expression_node.ts.ExpressionNode;class:src/abap/nodes/statement_node.ts.StatementNode;class:src/abap/nodes/structure_node.ts.StructureNode;class:src/abap/nodes/token_node.ts.TokenNode;class:src/abap/nodes/token_node_regex.ts.TokenNodeRegex,classref<src/abap/nodes/expression_node.ts.ExpressionNode>
src/abap/types/form_definition.ts.FormDefinition::findTables,src/abap/types/form_definition.ts.FormDefinition::findTables/body/s0/x,src/abap/types/form_definition.ts:51:36,other,new,classref<src/abap/types/_typed_identifier.ts.TypedIdentifier>,shared object table,,0,false,0,0,0,exact,class:src/abap/types/_typed_identifier.ts.TypedIdentifier,classref<src/abap/types/_typed_identifier.ts.TypedIdentifier>
src/abap/types/form_definition.ts.FormDefinition::findTables,src/abap/types/form_definition.ts.FormDefinition::findTables/body/s2/body/s0/x,src/abap/types/form_definition.ts:55:14,other,new,classref<src/abap/types/_typed_identifier.ts.TypedIdentifier>,shared object table,,0,false,0,0,0,no non-null rows resolved (not an exact proof),,classref<src/abap/types/_typed_identifier.ts.TypedIdentifier>
src/abap/types/form_definition.ts.FormDefinition::findTables,src/abap/types/form_definition.ts.FormDefinition::findTables/body/s3,src/abap/types/form_definition.ts:58:5,other,foreach,classref<src/abap/nodes/expression_node.ts.ExpressionNode>,shared object table,classref<src/abap/nodes/expression_node.ts.ExpressionNode>,1,false,1,1,1,hierarchy/mixed upper bound,class:src/abap/nodes/expression_node.ts.ExpressionNode;class:src/abap/nodes/statement_node.ts.StatementNode;class:src/abap/nodes/structure_node.ts.StructureNode;class:src/abap/nodes/token_node.ts.TokenNode;class:src/abap/nodes/token_node_regex.ts.TokenNodeRegex,classref<src/abap/nodes/expression_node.ts.ExpressionNode>
src/abap/types/form_definition.ts.FormDefinition::findType,src/abap/types/form_definition.ts.FormDefinition::findType/body/s1/body/s0/x,src/abap/types/form_definition.ts:89:14,other,new,classref<src/abap/types/_typed_identifier.ts.TypedIdentifier>,shared object table,,0,false,0,0,0,no non-null rows resolved (not an exact proof),,classref<src/abap/types/_typed_identifier.ts.TypedIdentifier>
src/abap/types/interface_definition.ts.InterfaceDefinition::checkInterfacesExists,src/abap/types/interface_definition.ts.InterfaceDefinition::checkInterfacesExists/body/s0,src/abap/types/interface_definition.ts:100:5,other,foreach,classref<src/abap/nodes/statement_node.ts.StatementNode>,shared object table,classref<src/abap/nodes/statement_node.ts.StatementNode>,1,false,1,1,1,hierarchy/mixed upper bound,class:src/abap/nodes/expression_node.ts.ExpressionNode;class:src/abap/nodes/statement_node.ts.StatementNode;class:src/abap/nodes/structure_node.ts.StructureNode;class:src/abap/nodes/token_node.ts.TokenNode;class:src/abap/nodes/token_node_regex.ts.TokenNodeRegex,classref<src/abap/nodes/statement_node.ts.StatementNode>
src/abap/types/interface_definition.ts.InterfaceDefinition::checkMethodNameLength,src/abap/types/interface_definition.ts.InterfaceDefinition::checkMethodNameLength/body/s0,src/abap/types/interface_definition.ts:91:5,other,foreach,interfaceref<src/abap/types/_method_definition.ts.IMethodDefinition>,shared object table,interfaceref<src/abap/types/_method_definition.ts.IMethodDefinition>,1,false,1,1,1,no non-null rows resolved (not an exact proof),,interfaceref<src/abap/types/_method_definition.ts.IMethodDefinition>
src/abap/types/interface_definition.ts.InterfaceDefinition::constructor,src/abap/types/interface_definition.ts.InterfaceDefinition::constructor/body/s4/y,src/abap/types/interface_definition.ts:40:19,other,new,interfaceref<src/abap/types/_event_definition.ts.IEventDefinition>,shared object table,,0,false,0,0,0,hierarchy/mixed upper bound,class:src/abap/types/event_definition.ts.EventDefinition,interfaceref<src/abap/types/_event_definition.ts.IEventDefinition>
src/abap/types/interface_definition.ts.InterfaceDefinition::constructor,src/abap/types/interface_definition.ts.InterfaceDefinition::constructor/body/s5/y,src/abap/types/interface_definition.ts:41:25,other,new,classref<src/abap/types/_interface_definition.ts.IImplementing>,shared object table,,0,false,0,0,0,exact,class:src/abap/types/_interface_definition.ts.IImplementing,classref<src/abap/types/_interface_definition.ts.IImplementing>
src/abap/types/interface_definition.ts.InterfaceDefinition::parse,src/abap/types/interface_definition.ts.InterfaceDefinition::parse/body/s7,src/abap/types/interface_definition.ts:131:5,other,foreach,classref<src/abap/nodes/statement_node.ts.StatementNode>,shared object table,classref<src/abap/nodes/statement_node.ts.StatementNode>,1,false,1,1,1,hierarchy/mixed upper bound,class:src/abap/nodes/expression_node.ts.ExpressionNode;class:src/abap/nodes/statement_node.ts.StatementNode;class:src/abap/nodes/structure_node.ts.StructureNode;class:src/abap/nodes/token_node.ts.TokenNode;class:src/abap/nodes/token_node_regex.ts.TokenNodeRegex,classref<src/abap/nodes/statement_node.ts.StatementNode>
src/abap/types/interface_definition.ts.InterfaceDefinition::parse,src/abap/types/interface_definition.ts.InterfaceDefinition::parse/body/s7/body/s1/x/seq/s0/x/seq/s4/body/s0/x/0,,other,array.get,interfaceref<src/abap/types/_event_definition.ts.IEventDefinition>,shared object table,optional<interfaceref<src/abap/types/_event_definition.ts.IEventDefinition>>,2,false,1,1,1,hierarchy/mixed upper bound,class:src/abap/types/event_definition.ts.EventDefinition,interfaceref<src/abap/types/_event_definition.ts.IEventDefinition>
src/abap/types/method_definition.ts.MethodDefinition::constructor,src/abap/types/method_definition.ts.MethodDefinition::constructor/body/s15,src/abap/types/method_definition.ts:72:5,other,foreach,classref<src/abap/nodes/expression_node.ts.ExpressionNode>,shared object table,classref<src/abap/nodes/expression_node.ts.ExpressionNode>,1,false,1,1,1,hierarchy/mixed upper bound,class:src/abap/nodes/expression_node.ts.ExpressionNode;class:src/abap/nodes/statement_node.ts.StatementNode;class:src/abap/nodes/structure_node.ts.StructureNode;class:src/abap/nodes/token_node.ts.TokenNode;class:src/abap/nodes/token_node_regex.ts.TokenNodeRegex,classref<src/abap/nodes/expression_node.ts.ExpressionNode>
src/abap/types/method_definition.ts.MethodDefinition::constructor,src/abap/types/method_definition.ts.MethodDefinition::constructor/body/s15/x/1/2,src/abap/types/method_definition.ts:72:123,other,new,classref<src/abap/nodes/expression_node.ts.ExpressionNode>,shared object table,,0,false,0,0,0,no non-null rows resolved (not an exact proof),,classref<src/abap/nodes/expression_node.ts.ExpressionNode>
src/abap/types/method_definition.ts.MethodDefinition::constructor,src/abap/types/method_definition.ts.MethodDefinition::constructor/body/s17,src/abap/types/method_definition.ts:87:5,other,foreach,classref<src/abap/nodes/expression_node.ts.ExpressionNode>,shared object table,classref<src/abap/nodes/expression_node.ts.ExpressionNode>,1,false,1,1,1,hierarchy/mixed upper bound,class:src/abap/nodes/expression_node.ts.ExpressionNode;class:src/abap/nodes/statement_node.ts.StatementNode;class:src/abap/nodes/structure_node.ts.StructureNode;class:src/abap/nodes/token_node.ts.TokenNode;class:src/abap/nodes/token_node_regex.ts.TokenNodeRegex,classref<src/abap/nodes/expression_node.ts.ExpressionNode>
src/abap/types/method_definition.ts.MethodDefinition::constructor,src/abap/types/method_definition.ts.MethodDefinition::constructor/body/s17/x/1/2,src/abap/types/method_definition.ts:87:136,other,new,classref<src/abap/nodes/expression_node.ts.ExpressionNode>,shared object table,,0,false,0,0,0,no non-null rows resolved (not an exact proof),,classref<src/abap/nodes/expression_node.ts.ExpressionNode>
src/abap/types/method_definitions.ts.MethodDefinitions::getAll,src/abap/types/method_definitions.ts.MethodDefinitions::getAll/body/s0/x,,other,new,interfaceref<src/abap/types/_method_definition.ts.IMethodDefinition>,shared object table,,0,false,0,0,0,no non-null rows resolved (not an exact proof),,interfaceref<src/abap/types/_method_definition.ts.IMethodDefinition>
src/abap/types/method_definitions.ts.MethodDefinitions::parse,src/abap/types/method_definitions.ts.MethodDefinitions::parse/body/s5,src/abap/types/method_definitions.ts:53:5,other,foreach,classref<src/abap/nodes/statement_node.ts.StatementNode>,shared object table,classref<src/abap/nodes/statement_node.ts.StatementNode>,1,false,1,1,1,hierarchy/mixed upper bound,class:src/abap/nodes/expression_node.ts.ExpressionNode;class:src/abap/nodes/statement_node.ts.StatementNode;class:src/abap/nodes/structure_node.ts.StructureNode;class:src/abap/nodes/token_node.ts.TokenNode;class:src/abap/nodes/token_node_regex.ts.TokenNodeRegex,classref<src/abap/nodes/statement_node.ts.StatementNode>
src/abap/types/method_definitions.ts.MethodDefinitions::parse,src/abap/types/method_definitions.ts.MethodDefinitions::parse/body/s5/x/1/2,src/abap/types/method_definitions.ts:53:60,other,new,classref<src/abap/nodes/statement_node.ts.StatementNode>,shared object table,,0,false,0,0,0,no non-null rows resolved (not an exact proof),,classref<src/abap/nodes/statement_node.ts.StatementNode>
src/abap/types/method_definitions.ts.MethodDefinitions::parse,src/abap/types/method_definitions.ts.MethodDefinitions::parse/body/s7,src/abap/types/method_definitions.ts:58:5,other,foreach,classref<src/abap/nodes/statement_node.ts.StatementNode>,shared object table,classref<src/abap/nodes/statement_node.ts.StatementNode>,1,false,1,1,1,hierarchy/mixed upper bound,class:src/abap/nodes/expression_node.ts.ExpressionNode;class:src/abap/nodes/statement_node.ts.StatementNode;class:src/abap/nodes/structure_node.ts.StructureNode;class:src/abap/nodes/token_node.ts.TokenNode;class:src/abap/nodes/token_node_regex.ts.TokenNodeRegex,classref<src/abap/nodes/statement_node.ts.StatementNode>
src/abap/types/method_definitions.ts.MethodDefinitions::parse,src/abap/types/method_definitions.ts.MethodDefinitions::parse/body/s7/x/1/2,src/abap/types/method_definitions.ts:58:60,other,new,classref<src/abap/nodes/statement_node.ts.StatementNode>,shared object table,,0,false,0,0,0,no non-null rows resolved (not an exact proof),,classref<src/abap/nodes/statement_node.ts.StatementNode>
src/abap/types/method_definitions.ts.MethodDefinitions::parse,src/abap/types/method_definitions.ts.MethodDefinitions::parse/body/s9,src/abap/types/method_definitions.ts:63:5,other,foreach,classref<src/abap/nodes/statement_node.ts.StatementNode>,shared object table,classref<src/abap/nodes/statement_node.ts.StatementNode>,1,false,1,1,1,hierarchy/mixed upper bound,class:src/abap/nodes/expression_node.ts.ExpressionNode;class:src/abap/nodes/statement_node.ts.StatementNode;class:src/abap/nodes/structure_node.ts.StructureNode;class:src/abap/nodes/token_node.ts.TokenNode;class:src/abap/nodes/token_node_regex.ts.TokenNodeRegex,classref<src/abap/nodes/statement_node.ts.StatementNode>
src/abap/types/method_definitions.ts.MethodDefinitions::parse,src/abap/types/method_definitions.ts.MethodDefinitions::parse/body/s9/x/1/2,src/abap/types/method_definitions.ts:63:60,other,new,classref<src/abap/nodes/statement_node.ts.StatementNode>,shared object table,,0,false,0,0,0,no non-null rows resolved (not an exact proof),,classref<src/abap/nodes/statement_node.ts.StatementNode>
src/abap/types/method_definitions.ts.MethodDefinitions::parseInterface,src/abap/types/method_definitions.ts.MethodDefinitions::parseInterface/body/s1,src/abap/types/method_definitions.ts:36:5,other,foreach,classref<src/abap/nodes/statement_node.ts.StatementNode>,shared object table,classref<src/abap/nodes/statement_node.ts.StatementNode>,1,false,1,1,1,hierarchy/mixed upper bound,class:src/abap/nodes/expression_node.ts.ExpressionNode;class:src/abap/nodes/statement_node.ts.StatementNode;class:src/abap/nodes/structure_node.ts.StructureNode;class:src/abap/nodes/token_node.ts.TokenNode;class:src/abap/nodes/token_node_regex.ts.TokenNodeRegex,classref<src/abap/nodes/statement_node.ts.StatementNode>
src/abap/types/method_parameters.ts.MethodParameters::add,src/abap/types/method_parameters.ts.MethodParameters::add/body/s0,src/abap/types/method_parameters.ts:298:5,other,foreach,classref<src/abap/nodes/expression_node.ts.ExpressionNode>,shared object table,classref<src/abap/nodes/expression_node.ts.ExpressionNode>,1,false,1,1,1,hierarchy/mixed upper bound,class:src/abap/nodes/expression_node.ts.ExpressionNode;class:src/abap/nodes/statement_node.ts.StatementNode;class:src/abap/nodes/structure_node.ts.StructureNode;class:src/abap/nodes/token_node.ts.TokenNode;class:src/abap/nodes/token_node_regex.ts.TokenNodeRegex,classref<src/abap/nodes/expression_node.ts.ExpressionNode>
src/abap/types/method_parameters.ts.MethodParameters::add,src/abap/types/method_parameters.ts.MethodParameters::add/body/s0/body/s8/body/s0/x/0/0,src/abap/types/method_parameters.ts:316:22,other,index,classref<src/abap/types/_typed_identifier.ts.TypedIdentifier>,shared object table,classref<src/abap/types/_typed_identifier.ts.TypedIdentifier>,1,false,1,1,1,exact,class:src/abap/types/_typed_identifier.ts.TypedIdentifier,classref<src/abap/types/_typed_identifier.ts.TypedIdentifier>
src/abap/types/method_parameters.ts.MethodParameters::add,src/abap/types/method_parameters.ts.MethodParameters::add/body/s0/body/s8/else/body/s0/x/0/0,src/abap/types/method_parameters.ts:319:22,other,index,classref<src/abap/types/_typed_identifier.ts.TypedIdentifier>,shared object table,classref<src/abap/types/_typed_identifier.ts.TypedIdentifier>,1,false,1,1,1,exact,class:src/abap/types/_typed_identifier.ts.TypedIdentifier,classref<src/abap/types/_typed_identifier.ts.TypedIdentifier>
src/abap/types/method_parameters.ts.MethodParameters::add,src/abap/types/method_parameters.ts.MethodParameters::add/body/s3,src/abap/types/method_parameters.ts:333:5,other,foreach,classref<src/abap/nodes/expression_node.ts.ExpressionNode>,shared object table,classref<src/abap/nodes/expression_node.ts.ExpressionNode>,1,false,1,1,1,hierarchy/mixed upper bound,class:src/abap/nodes/expression_node.ts.ExpressionNode;class:src/abap/nodes/statement_node.ts.StatementNode;class:src/abap/nodes/structure_node.ts.StructureNode;class:src/abap/nodes/token_node.ts.TokenNode;class:src/abap/nodes/token_node_regex.ts.TokenNodeRegex,classref<src/abap/nodes/expression_node.ts.ExpressionNode>
src/abap/types/method_parameters.ts.MethodParameters::checkDuplicateNames,src/abap/types/method_parameters.ts.MethodParameters::checkDuplicateNames/body/s1,src/abap/types/method_parameters.ts:215:5,other,foreach,classref<src/abap/types/_typed_identifier.ts.TypedIdentifier>,shared object table,classref<src/abap/types/_typed_identifier.ts.TypedIdentifier>,1,false,1,1,1,exact,class:src/abap/types/_typed_identifier.ts.TypedIdentifier,classref<src/abap/types/_typed_identifier.ts.TypedIdentifier>
src/abap/types/method_parameters.ts.MethodParameters::checkNameLengths,src/abap/types/method_parameters.ts.MethodParameters::checkNameLengths/body/s0,src/abap/types/method_parameters.ts:225:5,other,foreach,classref<src/abap/types/_typed_identifier.ts.TypedIdentifier>,shared object table,classref<src/abap/types/_typed_identifier.ts.TypedIdentifier>,1,false,1,1,1,exact,class:src/abap/types/_typed_identifier.ts.TypedIdentifier,classref<src/abap/types/_typed_identifier.ts.TypedIdentifier>
src/abap/types/method_parameters.ts.MethodParameters::constructor,src/abap/types/method_parameters.ts.MethodParameters::constructor/body/s1/y,src/abap/types/method_parameters.ts:38:22,other,new,classref<src/abap/types/_typed_identifier.ts.TypedIdentifier>,shared object table,,0,false,0,0,0,exact,class:src/abap/types/_typed_identifier.ts.TypedIdentifier,classref<src/abap/types/_typed_identifier.ts.TypedIdentifier>
src/abap/types/method_parameters.ts.MethodParameters::constructor,src/abap/types/method_parameters.ts.MethodParameters::constructor/body/s2/y,src/abap/types/method_parameters.ts:39:22,other,new,classref<src/abap/types/_typed_identifier.ts.TypedIdentifier>,shared object table,,0,false,0,0,0,exact,class:src/abap/types/_typed_identifier.ts.TypedIdentifier,classref<src/abap/types/_typed_identifier.ts.TypedIdentifier>
src/abap/types/method_parameters.ts.MethodParameters::constructor,src/abap/types/method_parameters.ts.MethodParameters::constructor/body/s3/y,src/abap/types/method_parameters.ts:40:21,other,new,classref<src/abap/types/_typed_identifier.ts.TypedIdentifier>,shared object table,,0,false,0,0,0,exact,class:src/abap/types/_typed_identifier.ts.TypedIdentifier,classref<src/abap/types/_typed_identifier.ts.TypedIdentifier>
src/abap/types/method_parameters.ts.MethodParameters::getAll,src/abap/types/method_parameters.ts.MethodParameters::getAll/body/s0/x,src/abap/types/method_parameters.ts:69:36,other,new,classref<src/abap/types/_typed_identifier.ts.TypedIdentifier>,shared object table,,0,false,0,0,0,exact,class:src/abap/types/_typed_identifier.ts.TypedIdentifier,classref<src/abap/types/_typed_identifier.ts.TypedIdentifier>
src/abap/types/method_parameters.ts.MethodParameters::getAll,src/abap/types/method_parameters.ts.MethodParameters::getAll/body/s3/x/seq/s0,src/abap/types/method_parameters.ts:74:5,other,foreach,classref<src/abap/types/_typed_identifier.ts.TypedIdentifier>,shared object table,classref<src/abap/types/_typed_identifier.ts.TypedIdentifier>,1,false,1,1,1,exact,class:src/abap/types/_typed_identifier.ts.TypedIdentifier,classref<src/abap/types/_typed_identifier.ts.TypedIdentifier>
src/abap/types/method_parameters.ts.MethodParameters::getAll,src/abap/types/method_parameters.ts.MethodParameters::getAll/body/s4/x/seq/s0,src/abap/types/method_parameters.ts:75:5,other,foreach,classref<src/abap/types/_typed_identifier.ts.TypedIdentifier>,shared object table,classref<src/abap/types/_typed_identifier.ts.TypedIdentifier>,1,false,1,1,1,exact,class:src/abap/types/_typed_identifier.ts.TypedIdentifier,classref<src/abap/types/_typed_identifier.ts.TypedIdentifier>
src/abap/types/method_parameters.ts.MethodParameters::getAll,src/abap/types/method_parameters.ts.MethodParameters::getAll/body/s5/x/seq/s0,src/abap/types/method_parameters.ts:76:5,other,foreach,classref<src/abap/types/_typed_identifier.ts.TypedIdentifier>,shared object table,classref<src/abap/types/_typed_identifier.ts.TypedIdentifier>,1,false,1,1,1,exact,class:src/abap/types/_typed_identifier.ts.TypedIdentifier,classref<src/abap/types/_typed_identifier.ts.TypedIdentifier>
src/abap/types/method_parameters.ts.MethodParameters::getDefaultImporting,src/abap/types/method_parameters.ts.MethodParameters::getDefaultImporting/body/s0/else/body/s0/x/1/0/0,src/abap/types/method_parameters.ts:84:14,other,index,classref<src/abap/types/_typed_identifier.ts.TypedIdentifier>,shared object table,classref<src/abap/types/_typed_identifier.ts.TypedIdentifier>,0,false,1,1,1,exact,class:src/abap/types/_typed_identifier.ts.TypedIdentifier,classref<src/abap/types/_typed_identifier.ts.TypedIdentifier>
src/abap/types/method_parameters.ts.MethodParameters::getDefaultImporting,src/abap/types/method_parameters.ts.MethodParameters::getDefaultImporting/body/s1/x/seq/s1,src/abap/types/method_parameters.ts:89:22,other,foreach,classref<src/abap/types/_typed_identifier.ts.TypedIdentifier>,shared object table,classref<src/abap/types/_typed_identifier.ts.TypedIdentifier>,1,false,1,1,1,exact,class:src/abap/types/_typed_identifier.ts.TypedIdentifier,classref<src/abap/types/_typed_identifier.ts.TypedIdentifier>
src/abap/types/method_parameters.ts.MethodParameters::getRequiredParameters,src/abap/types/method_parameters.ts.MethodParameters::getRequiredParameters/body/s0/x,src/abap/types/method_parameters.ts:103:36,other,new,classref<src/abap/types/_typed_identifier.ts.TypedIdentifier>,shared object table,,0,false,0,0,0,exact,class:src/abap/types/_typed_identifier.ts.TypedIdentifier,classref<src/abap/types/_typed_identifier.ts.TypedIdentifier>
src/abap/types/method_parameters.ts.MethodParameters::getRequiredParameters,src/abap/types/method_parameters.ts.MethodParameters::getRequiredParameters/body/s1,src/abap/types/method_parameters.ts:105:5,other,foreach,classref<src/abap/types/_typed_identifier.ts.TypedIdentifier>,shared object table,classref<src/abap/types/_typed_identifier.ts.TypedIdentifier>,1,false,1,1,1,exact,class:src/abap/types/_typed_identifier.ts.TypedIdentifier,classref<src/abap/types/_typed_identifier.ts.TypedIdentifier>
src/abap/types/method_parameters.ts.MethodParameters::getRequiredParameters,src/abap/types/method_parameters.ts.MethodParameters::getRequiredParameters/body/s2,src/abap/types/method_parameters.ts:113:5,other,foreach,classref<src/abap/types/_typed_identifier.ts.TypedIdentifier>,shared object table,classref<src/abap/types/_typed_identifier.ts.TypedIdentifier>,1,false,1,1,1,exact,class:src/abap/types/_typed_identifier.ts.TypedIdentifier,classref<src/abap/types/_typed_identifier.ts.TypedIdentifier>
src/abap/types/method_parameters.ts.MethodParameters::isPassByValue,src/abap/types/method_parameters.ts.MethodParameters::isPassByValue/body/s0/x/1/0/seq/s0/x/seq/s0/x,src/abap/types/method_parameters.ts:341:10,other,array.get,interfaceref<union.66719939903e43ae9586894a3271d3c1e0bc1a87886c0b01d3e32f95e19d70c3>,shared object table,optional<interfaceref<union.66719939903e43ae9586894a3271d3c1e0bc1a87886c0b01d3e32f95e19d70c3>>,0,false,1,1,0,hierarchy/mixed upper bound,class:src/abap/nodes/expression_node.ts.ExpressionNode;class:src/abap/nodes/statement_node.ts.StatementNode;class:src/abap/nodes/structure_node.ts.StructureNode;class:src/abap/nodes/token_node.ts.TokenNode;class:src/abap/nodes/token_node_regex.ts.TokenNodeRegex,interfaceref<src/abap/nodes/_inode.ts.INode>;interfaceref<union.66719939903e43ae9586894a3271d3c1e0bc1a87886c0b01d3e32f95e19d70c3>;interfaceref<union.ef34b1fae8df131c6c97185482820bb32cd957a6b0ed51ce6b23465fc63eb844>
src/abap/types/method_parameters.ts.MethodParameters::parse,src/abap/types/method_parameters.ts.MethodParameters::parse/body/s1/body/s7,src/abap/types/method_parameters.ts:163:7,other,foreach,classref<src/abap/nodes/expression_node.ts.ExpressionNode>,shared object table,classref<src/abap/nodes/expression_node.ts.ExpressionNode>,1,false,1,1,1,hierarchy/mixed upper bound,class:src/abap/nodes/expression_node.ts.ExpressionNode;class:src/abap/nodes/statement_node.ts.StatementNode;class:src/abap/nodes/structure_node.ts.StructureNode;class:src/abap/nodes/token_node.ts.TokenNode;class:src/abap/nodes/token_node_regex.ts.TokenNodeRegex,classref<src/abap/nodes/expression_node.ts.ExpressionNode>
src/abap/types/method_parameters.ts.MethodParameters::parse,src/abap/types/method_parameters.ts.MethodParameters::parse/body/s1/body/s7/body/s4/x/1/2/seq/s4/body/s0/x/0,,other,array.get,classref<src/abap/types/_typed_identifier.ts.TypedIdentifier>,shared object table,optional<classref<src/abap/types/_typed_identifier.ts.TypedIdentifier>>,2,false,1,1,1,exact,class:src/abap/types/_typed_identifier.ts.TypedIdentifier,classref<src/abap/types/_typed_identifier.ts.TypedIdentifier>
src/abap/types/method_parameters.ts.MethodParameters::workaroundRAP,src/abap/types/method_parameters.ts.MethodParameters::workaroundRAP/body/s3/body/s1,src/abap/types/method_parameters.ts:243:7,other,foreach,classref<src/abap/nodes/expression_node.ts.ExpressionNode>,shared object table,classref<src/abap/nodes/expression_node.ts.ExpressionNode>,1,false,1,1,1,hierarchy/mixed upper bound,class:src/abap/nodes/expression_node.ts.ExpressionNode;class:src/abap/nodes/statement_node.ts.StatementNode;class:src/abap/nodes/structure_node.ts.StructureNode;class:src/abap/nodes/token_node.ts.TokenNode;class:src/abap/nodes/token_node_regex.ts.TokenNodeRegex,classref<src/abap/nodes/expression_node.ts.ExpressionNode>
src/abap/types/method_parameters.ts.MethodParameters::workaroundRAP,src/abap/types/method_parameters.ts.MethodParameters::workaroundRAP/body/s5/body/s0/x/seq/s0/x,src/abap/types/method_parameters.ts:283:28,other,new,classref<src/abap/types/_typed_identifier.ts.TypedIdentifier>,shared object table,,0,false,0,0,0,exact,class:src/abap/types/_typed_identifier.ts.TypedIdentifier,classref<src/abap/types/_typed_identifier.ts.TypedIdentifier>
src/abap/types/method_parameters.ts.MethodParameters::workaroundRAP,src/abap/types/method_parameters.ts.MethodParameters::workaroundRAP/body/s5/body/s0/x/seq/s1,src/abap/types/method_parameters.ts:283:28,other,foreach,classref<src/abap/types/_typed_identifier.ts.TypedIdentifier>,shared object table,classref<src/abap/types/_typed_identifier.ts.TypedIdentifier>,1,false,1,1,1,exact,class:src/abap/types/_typed_identifier.ts.TypedIdentifier,classref<src/abap/types/_typed_identifier.ts.TypedIdentifier>
src/abap/types/method_parameters.ts.MethodParameters::workaroundRAP,src/abap/types/method_parameters.ts.MethodParameters::workaroundRAP/body/s5/body/s1/body/s0/x,src/abap/types/method_parameters.ts:285:9,other,array.shift,classref<src/abap/types/_typed_identifier.ts.TypedIdentifier>,shared object table,optional<classref<src/abap/types/_typed_identifier.ts.TypedIdentifier>>,1,false,1,1,1,exact,class:src/abap/types/_typed_identifier.ts.TypedIdentifier,classref<src/abap/types/_typed_identifier.ts.TypedIdentifier>
src/abap/types/method_parameters.ts.MethodParameters::workaroundRAP,src/abap/types/method_parameters.ts.MethodParameters::workaroundRAP/body/s5/body/s2/x/seq/s0,src/abap/types/method_parameters.ts:287:7,other,foreach,classref<src/abap/types/_typed_identifier.ts.TypedIdentifier>,shared object table,classref<src/abap/types/_typed_identifier.ts.TypedIdentifier>,1,false,1,1,1,exact,class:src/abap/types/_typed_identifier.ts.TypedIdentifier,classref<src/abap/types/_typed_identifier.ts.TypedIdentifier>
src/abap/types/method_parameters.ts.MethodParameters::workaroundRAP,src/abap/types/method_parameters.ts.MethodParameters::workaroundRAP/body/s5/body/s3/x/seq/s0/x,src/abap/types/method_parameters.ts:289:29,other,new,classref<src/abap/types/_typed_identifier.ts.TypedIdentifier>,shared object table,,0,false,0,0,0,exact,class:src/abap/types/_typed_identifier.ts.TypedIdentifier,classref<src/abap/types/_typed_identifier.ts.TypedIdentifier>
src/abap/types/method_parameters.ts.MethodParameters::workaroundRAP,src/abap/types/method_parameters.ts.MethodParameters::workaroundRAP/body/s5/body/s3/x/seq/s1,src/abap/types/method_parameters.ts:289:29,other,foreach,classref<src/abap/types/_typed_identifier.ts.TypedIdentifier>,shared object table,classref<src/abap/types/_typed_identifier.ts.TypedIdentifier>,1,false,1,1,1,exact,class:src/abap/types/_typed_identifier.ts.TypedIdentifier,classref<src/abap/types/_typed_identifier.ts.TypedIdentifier>
src/abap/types/method_parameters.ts.MethodParameters::workaroundRAP,src/abap/types/method_parameters.ts.MethodParameters::workaroundRAP/body/s5/body/s4/body/s0/x,src/abap/types/method_parameters.ts:291:9,other,array.shift,classref<src/abap/types/_typed_identifier.ts.TypedIdentifier>,shared object table,optional<classref<src/abap/types/_typed_identifier.ts.TypedIdentifier>>,1,false,1,1,1,exact,class:src/abap/types/_typed_identifier.ts.TypedIdentifier,classref<src/abap/types/_typed_identifier.ts.TypedIdentifier>
src/abap/types/method_parameters.ts.MethodParameters::workaroundRAP,src/abap/types/method_parameters.ts.MethodParameters::workaroundRAP/body/s5/body/s5/x/seq/s0,src/abap/types/method_parameters.ts:293:7,other,foreach,classref<src/abap/types/_typed_identifier.ts.TypedIdentifier>,shared object table,classref<src/abap/types/_typed_identifier.ts.TypedIdentifier>,1,false,1,1,1,exact,class:src/abap/types/_typed_identifier.ts.TypedIdentifier,classref<src/abap/types/_typed_identifier.ts.TypedIdentifier>
src/abap/types/type_definitions.ts.TypeDefinitions::constructor,src/abap/types/type_definitions.ts.TypeDefinitions::constructor/body/s2,src/abap/types/type_definitions.ts:10:5,other,foreach,classref<src/abap/types/_type_definitions.ts.TypeDefinitionsEntry>,shared object table,classref<src/abap/types/_type_definitions.ts.TypeDefinitionsEntry>,1,false,1,1,1,exact,class:src/abap/types/_type_definitions.ts.TypeDefinitionsEntry,classref<src/abap/types/_type_definitions.ts.TypeDefinitionsEntry>
src/artifacts_rules.ts.ArtifactsRules::getRules,src/artifacts_rules.ts.ArtifactsRules::getRules/body/s0/x,src/artifacts_rules.ts:7:26,other,new,interfaceref<src/rules/_irule.ts.IRule>,shared object table,,0,false,0,0,0,no non-null rows resolved (not an exact proof),,interfaceref<src/rules/_irule.ts.IRule>
src/cds/cds_lexer.ts.Result::constructor,src/cds/cds_lexer.ts.Result::constructor/body/s0/y,src/cds/cds_lexer.ts:41:46,other,new,classref<src/abap/1_lexer/tokens/abstract_token.ts.AbstractToken>,shared object table,,0,false,0,0,0,no non-null rows resolved (not an exact proof),,classref<src/abap/1_lexer/tokens/abstract_token.ts.AbstractToken>
src/config.ts.Config::getDefault,src/config.ts.Config::getDefault/body/s1/x/seq/s3/body/s0/x/0,,other,array.get,interfaceref<src/rules/_irule.ts.IRule>,shared object table,optional<interfaceref<src/rules/_irule.ts.IRule>>,1,false,1,1,1,no non-null rows resolved (not an exact proof),,interfaceref<src/rules/_irule.ts.IRule>
src/config.ts.Config::getDefault,src/config.ts.Config::getDefault/body/s1/x/seq/s3/body/s2/body/s0/x/0,,other,array.get,interfaceref<src/rules/_irule.ts.IRule>,shared object table,optional<interfaceref<src/rules/_irule.ts.IRule>>,2,false,1,1,1,no non-null rows resolved (not an exact proof),,interfaceref<src/rules/_irule.ts.IRule>
src/config.ts.Config::getDefault,src/config.ts.Config::getDefault/body/s2,src/config.ts:18:5,other,foreach,interfaceref<src/rules/_irule.ts.IRule>,shared object table,interfaceref<src/rules/_irule.ts.IRule>,1,false,1,1,1,no non-null rows resolved (not an exact proof),,interfaceref<src/rules/_irule.ts.IRule>
src/config.ts.Config::getDefault,src/config.ts.Config::getDefault/body/s4/x/arg1/1/seq/s0/x,src/config.ts:54:21,other,new,classref<src/_config.ts.IDependency>,shared object table,,0,false,0,0,0,exact,class:src/_config.ts.IDependency,classref<src/_config.ts.IDependency>
src/config.ts.Config::getEnabledRules,src/config.ts.Config::getEnabledRules/body/s0/x,src/config.ts:73:28,other,new,interfaceref<src/rules/_irule.ts.IRule>,shared object table,,0,false,0,0,0,no non-null rows resolved (not an exact proof),,interfaceref<src/rules/_irule.ts.IRule>
src/config.ts.Config::getEnabledRules,src/config.ts.Config::getEnabledRules/body/s1,src/config.ts:74:5,other,foreach,interfaceref<src/rules/_irule.ts.IRule>,shared object table,interfaceref<src/rules/_irule.ts.IRule>,1,false,1,1,1,no non-null rows resolved (not an exact proof),,interfaceref<src/rules/_irule.ts.IRule>
src/ddic.ts.DDIC::lookupDDLS,src/ddic.ts.DDIC::lookupDDLS/body/s2,src/ddic.ts:227:5,other,foreach,interfaceref<src/objects/_iobject.ts.IObject>,shared object table,interfaceref<src/objects/_iobject.ts.IObject>,1,false,1,1,1,no non-null rows resolved (not an exact proof),,interfaceref<src/objects/_iobject.ts.IObject>
src/ddic_references.ts.DDICReferences::addUsing,src/ddic_references.ts.DDICReferences::addUsing/body/s4/body/s0/x/arg1,src/ddic_references.ts:27:46,other,new,classref<src/_iddic_references.ts.IObjectAndToken>,shared object table,,0,false,0,0,0,no non-null rows resolved (not an exact proof),,classref<src/_iddic_references.ts.IObjectAndToken>
src/ddic_references.ts.DDICReferences::addUsing,src/ddic_references.ts.DDICReferences::addUsing/body/s4/x/seq/s0/x,src/ddic_references.ts:26:9,other,map.get,classref<src/_iddic_references.ts.IObjectAndToken>,shared object table,,0,false,0,0,0,unknown native/unresolved flow,unknown:classref<src/_iddic_references.ts.IObjectAndToken>,classref<src/_iddic_references.ts.IObjectAndToken>
src/ddic_references.ts.DDICReferences::addUsing,src/ddic_references.ts.DDICReferences::addUsing/body/s5/x/0/0,src/ddic_references.ts:29:5,other,map.get,classref<src/_iddic_references.ts.IObjectAndToken>,shared object table,,0,false,0,0,0,unknown native/unresolved flow,class:src/_iddic_references.ts.IObjectAndToken;unknown:classref<src/_iddic_references.ts.IObjectAndToken>,classref<src/_iddic_references.ts.IObjectAndToken>
src/ddic_references.ts.DDICReferences::addUsing,src/ddic_references.ts.DDICReferences::addUsing/body/s6/body/s1/body/s0/x/arg1,src/ddic_references.ts:37:68,other,new,classref<src/_iddic_references.ts.IObjectAndToken>,shared object table,,0,false,0,0,0,no non-null rows resolved (not an exact proof),,classref<src/_iddic_references.ts.IObjectAndToken>
src/ddic_references.ts.DDICReferences::addUsing,src/ddic_references.ts.DDICReferences::addUsing/body/s6/body/s1/x/seq/s0/x,src/ddic_references.ts:36:11,other,map.get,classref<src/_iddic_references.ts.IObjectAndToken>,shared object table,,0,false,0,0,0,unknown native/unresolved flow,unknown:classref<src/_iddic_references.ts.IObjectAndToken>,classref<src/_iddic_references.ts.IObjectAndToken>
src/ddic_references.ts.DDICReferences::addUsing,src/ddic_references.ts.DDICReferences::addUsing/body/s6/body/s2/x/0/0,src/ddic_references.ts:39:7,other,map.get,classref<src/_iddic_references.ts.IObjectAndToken>,shared object table,,0,false,0,0,0,unknown native/unresolved flow,class:src/_iddic_references.ts.IObjectAndToken;unknown:classref<src/_iddic_references.ts.IObjectAndToken>,classref<src/_iddic_references.ts.IObjectAndToken>
src/ddic_references.ts.DDICReferences::clear,src/ddic_references.ts.DDICReferences::clear/body/s0,src/ddic_references.ts:45:5,other,foreach,classref<src/_iddic_references.ts.IObjectAndToken>,shared object table,classref<src/_iddic_references.ts.IObjectAndToken>,1,false,1,1,1,unknown native/unresolved flow,unknown:classref<src/_iddic_references.ts.IObjectAndToken>,classref<src/_iddic_references.ts.IObjectAndToken>
src/ddic_references.ts.DDICReferences::clear,src/ddic_references.ts.DDICReferences::clear/body/s0/body/s0/body/s0/x/1/2,src/ddic_references.ts:47:23,other,map.get,classref<src/_iddic_references.ts.IObjectAndToken>,shared object table,,1,false,0,0,0,unknown native/unresolved flow,unknown:classref<src/_iddic_references.ts.IObjectAndToken>,classref<src/_iddic_references.ts.IObjectAndToken>
src/ddic_references.ts.DDICReferences::clear,src/ddic_references.ts.DDICReferences::clear/body/s0/body/s0/body/s1/body/s0/x,src/ddic_references.ts:49:11,other,array.pop,classref<src/_iddic_references.ts.IObjectAndToken>,shared object table,optional<classref<src/_iddic_references.ts.IObjectAndToken>>,1,false,1,1,1,unknown native/unresolved flow,unknown:classref<src/_iddic_references.ts.IObjectAndToken>,classref<src/_iddic_references.ts.IObjectAndToken>
src/ddic_references.ts.DDICReferences::clear,src/ddic_references.ts.DDICReferences::clear/body/s3/body/s0/x/arg1,src/ddic_references.ts:58:40,other,new,classref<src/_iddic_references.ts.IObjectAndToken>,shared object table,,0,false,0,0,0,no non-null rows resolved (not an exact proof),,classref<src/_iddic_references.ts.IObjectAndToken>
src/ddic_references.ts.DDICReferences::clear,src/ddic_references.ts.DDICReferences::clear/body/s3/x/0/1/2,src/ddic_references.ts:57:9,other,map.get,classref<src/_iddic_references.ts.IObjectAndToken>,shared object table,,0,false,0,0,0,unknown native/unresolved flow,unknown:classref<src/_iddic_references.ts.IObjectAndToken>,classref<src/_iddic_references.ts.IObjectAndToken>
src/ddic_references.ts.DDICReferences::listUsing,src/ddic_references.ts.DDICReferences::listUsing/body/s2/x/1/2,src/ddic_references.ts:70:19,other,map.get,classref<src/_iddic_references.ts.IObjectAndToken>,shared object table,,0,false,0,0,0,unknown native/unresolved flow,unknown:classref<src/_iddic_references.ts.IObjectAndToken>,classref<src/_iddic_references.ts.IObjectAndToken>
src/ddic_references.ts.DDICReferences::listUsing,src/ddic_references.ts.DDICReferences::listUsing/body/s3/else/s0/x,src/ddic_references.ts:74:14,other,new,classref<src/_iddic_references.ts.IObjectAndToken>,shared object table,,0,false,0,0,0,no non-null rows resolved (not an exact proof),,classref<src/_iddic_references.ts.IObjectAndToken>
src/edit_helper.ts.EditHelper::deleteRange,src/edit_helper.ts.EditHelper::deleteRange/body/s2/x/seq/s1/x/arg1/seq/s0/x,src/edit_helper.ts:200:25,other,new,classref<src/edit_helper.ts.ITextEdit>,shared object table,,0,false,0,0,0,exact,class:src/edit_helper.ts.ITextEdit,classref<src/edit_helper.ts.ITextEdit>
src/edit_helper.ts.EditHelper::deleteStatement,src/edit_helper.ts.EditHelper::deleteStatement/body/s6,src/edit_helper.ts:133:5,other,foreach,classref<src/abap/nodes/statement_node.ts.StatementNode>,shared object table,classref<src/abap/nodes/statement_node.ts.StatementNode>,1,false,1,1,1,exact,class:src/abap/nodes/statement_node.ts.StatementNode,classref<src/abap/nodes/statement_node.ts.StatementNode>
src/edit_helper.ts.EditHelper::deleteStatement,src/edit_helper.ts.EditHelper::deleteStatement/body/s9,src/edit_helper.ts:159:5,other,foreach,classref<src/abap/1_lexer/tokens/abstract_token.ts.AbstractToken>,shared object table,classref<src/abap/1_lexer/tokens/abstract_token.ts.AbstractToken>,1,false,1,1,1,hierarchy/mixed upper bound,class:src/abap/1_lexer/tokens/association_name.ts.AssociationName;class:src/abap/1_lexer/tokens/at.ts.At;class:src/abap/1_lexer/tokens/atw.ts.AtW;class:src/abap/1_lexer/tokens/bracket_left.ts.BracketLeft;class:src/abap/1_lexer/tokens/bracket_leftw.ts.BracketLeftW;class:src/abap/1_lexer/tokens/bracket_right.ts.BracketRight;class:src/abap/1_lexer/tokens/bracket_rightw.ts.BracketRightW;class:src/abap/1_lexer/tokens/comment.ts.Comment;class:src/abap/1_lexer/tokens/dash.ts.Dash;class:src/abap/1_lexer/tokens/dashw.ts.DashW;class:src/abap/1_lexer/tokens/identifier.ts.Identifier;class:src/abap/1_lexer/tokens/instance_arrow.ts.InstanceArrow;class:src/abap/1_lexer/tokens/instance_arroww.ts.InstanceArrowW;class:src/abap/1_lexer/tokens/paren_left.ts.ParenLeft;class:src/abap/1_lexer/tokens/paren_leftw.ts.ParenLeftW;class:src/abap/1_lexer/tokens/paren_right.ts.ParenRight;class:src/abap/1_lexer/tokens/paren_rightw.ts.ParenRightW;class:src/abap/1_lexer/tokens/plus.ts.Plus;class:src/abap/1_lexer/tokens/plusw.ts.PlusW;class:src/abap/1_lexer/tokens/pragma.ts.Pragma;class:src/abap/1_lexer/tokens/punctuation.ts.Punctuation;class:src/abap/1_lexer/tokens/static_arrow.ts.StaticArrow;class:src/abap/1_lexer/tokens/static_arroww.ts.StaticArrowW;class:src/abap/1_lexer/tokens/string.ts.StringToken;class:src/abap/1_lexer/tokens/string_template.ts.StringTemplate;class:src/abap/1_lexer/tokens/string_template_begin.ts.StringTemplateBegin;class:src/abap/1_lexer/tokens/string_template_end.ts.StringTemplateEnd;class:src/abap/1_lexer/tokens/string_template_middle.ts.StringTemplateMiddle;class:src/abap/1_lexer/tokens/wat.ts.WAt;class:src/abap/1_lexer/tokens/watw.ts.WAtW;class:src/abap/1_lexer/tokens/wbracket_left.ts.WBracketLeft;class:src/abap/1_lexer/tokens/wbracket_leftw.ts.WBracketLeftW;class:src/abap/1_lexer/tokens/wbracket_right.ts.WBracketRight;class:src/abap/1_lexer/tokens/wbracket_rightw.ts.WBracketRightW;class:src/abap/1_lexer/tokens/wdash.ts.WDash;class:src/abap/1_lexer/tokens/wdashw.ts.WDashW;class:src/abap/1_lexer/tokens/winstance_arrow.ts.WInstanceArrow;class:src/abap/1_lexer/tokens/winstance_arroww.ts.WInstanceArrowW;class:src/abap/1_lexer/tokens/wparen_left.ts.WParenLeft;class:src/abap/1_lexer/tokens/wparen_leftw.ts.WParenLeftW;class:src/abap/1_lexer/tokens/wparen_right.ts.WParenRight;class:src/abap/1_lexer/tokens/wparen_rightw.ts.WParenRightW;class:src/abap/1_lexer/tokens/wplus.ts.WPlus;class:src/abap/1_lexer/tokens/wplusw.ts.WPlusW;class:src/abap/1_lexer/tokens/wstatic_arrow.ts.WStaticArrow;class:src/abap/1_lexer/tokens/wstatic_arroww.ts.WStaticArrowW,classref<src/abap/1_lexer/tokens/abstract_token.ts.AbstractToken>
src/edit_helper.ts.EditHelper::deleteToken,src/edit_helper.ts.EditHelper::deleteToken/body/s2/x/seq/s1/x/arg1/seq/s0/x,src/edit_helper.ts:194:25,other,new,classref<src/edit_helper.ts.ITextEdit>,shared object table,,0,false,0,0,0,exact,class:src/edit_helper.ts.ITextEdit,classref<src/edit_helper.ts.ITextEdit>
src/edit_helper.ts.EditHelper::findStatement,src/edit_helper.ts.EditHelper::findStatement/body/s1,src/edit_helper.ts:113:5,other,foreach,classref<src/abap/nodes/statement_node.ts.StatementNode>,shared object table,classref<src/abap/nodes/statement_node.ts.StatementNode>,1,false,1,1,1,exact,class:src/abap/nodes/statement_node.ts.StatementNode,classref<src/abap/nodes/statement_node.ts.StatementNode>
src/edit_helper.ts.EditHelper::firstAfterColon,src/edit_helper.ts.EditHelper::firstAfterColon/body/s1,src/edit_helper.ts:183:5,other,foreach,classref<src/abap/1_lexer/tokens/abstract_token.ts.AbstractToken>,shared object table,classref<src/abap/1_lexer/tokens/abstract_token.ts.AbstractToken>,1,false,1,1,1,hierarchy/mixed upper bound,class:src/abap/1_lexer/tokens/association_name.ts.AssociationName;class:src/abap/1_lexer/tokens/at.ts.At;class:src/abap/1_lexer/tokens/atw.ts.AtW;class:src/abap/1_lexer/tokens/bracket_left.ts.BracketLeft;class:src/abap/1_lexer/tokens/bracket_leftw.ts.BracketLeftW;class:src/abap/1_lexer/tokens/bracket_right.ts.BracketRight;class:src/abap/1_lexer/tokens/bracket_rightw.ts.BracketRightW;class:src/abap/1_lexer/tokens/comment.ts.Comment;class:src/abap/1_lexer/tokens/dash.ts.Dash;class:src/abap/1_lexer/tokens/dashw.ts.DashW;class:src/abap/1_lexer/tokens/identifier.ts.Identifier;class:src/abap/1_lexer/tokens/instance_arrow.ts.InstanceArrow;class:src/abap/1_lexer/tokens/instance_arroww.ts.InstanceArrowW;class:src/abap/1_lexer/tokens/paren_left.ts.ParenLeft;class:src/abap/1_lexer/tokens/paren_leftw.ts.ParenLeftW;class:src/abap/1_lexer/tokens/paren_right.ts.ParenRight;class:src/abap/1_lexer/tokens/paren_rightw.ts.ParenRightW;class:src/abap/1_lexer/tokens/plus.ts.Plus;class:src/abap/1_lexer/tokens/plusw.ts.PlusW;class:src/abap/1_lexer/tokens/pragma.ts.Pragma;class:src/abap/1_lexer/tokens/punctuation.ts.Punctuation;class:src/abap/1_lexer/tokens/static_arrow.ts.StaticArrow;class:src/abap/1_lexer/tokens/static_arroww.ts.StaticArrowW;class:src/abap/1_lexer/tokens/string.ts.StringToken;class:src/abap/1_lexer/tokens/string_template.ts.StringTemplate;class:src/abap/1_lexer/tokens/string_template_begin.ts.StringTemplateBegin;class:src/abap/1_lexer/tokens/string_template_end.ts.StringTemplateEnd;class:src/abap/1_lexer/tokens/string_template_middle.ts.StringTemplateMiddle;class:src/abap/1_lexer/tokens/wat.ts.WAt;class:src/abap/1_lexer/tokens/watw.ts.WAtW;class:src/abap/1_lexer/tokens/wbracket_left.ts.WBracketLeft;class:src/abap/1_lexer/tokens/wbracket_leftw.ts.WBracketLeftW;class:src/abap/1_lexer/tokens/wbracket_right.ts.WBracketRight;class:src/abap/1_lexer/tokens/wbracket_rightw.ts.WBracketRightW;class:src/abap/1_lexer/tokens/wdash.ts.WDash;class:src/abap/1_lexer/tokens/wdashw.ts.WDashW;class:src/abap/1_lexer/tokens/winstance_arrow.ts.WInstanceArrow;class:src/abap/1_lexer/tokens/winstance_arroww.ts.WInstanceArrowW;class:src/abap/1_lexer/tokens/wparen_left.ts.WParenLeft;class:src/abap/1_lexer/tokens/wparen_leftw.ts.WParenLeftW;class:src/abap/1_lexer/tokens/wparen_right.ts.WParenRight;class:src/abap/1_lexer/tokens/wparen_rightw.ts.WParenRightW;class:src/abap/1_lexer/tokens/wplus.ts.WPlus;class:src/abap/1_lexer/tokens/wplusw.ts.WPlusW;class:src/abap/1_lexer/tokens/wstatic_arrow.ts.WStaticArrow;class:src/abap/1_lexer/tokens/wstatic_arroww.ts.WStaticArrowW,classref<src/abap/1_lexer/tokens/abstract_token.ts.AbstractToken>
src/edit_helper.ts.EditHelper::insertAt,src/edit_helper.ts.EditHelper::insertAt/body/s2/x/seq/s1/x/arg1/seq/s0/x,src/edit_helper.ts:206:25,other,new,classref<src/edit_helper.ts.ITextEdit>,shared object table,,0,false,0,0,0,exact,class:src/edit_helper.ts.ITextEdit,classref<src/edit_helper.ts.ITextEdit>
src/edit_helper.ts.EditHelper::merge,src/edit_helper.ts.EditHelper::merge/body/s1/body/s0/body/s0/x/arg1,src/edit_helper.ts:94:18,other,new,classref<src/edit_helper.ts.ITextEdit>,shared object table,,1,false,0,0,0,no non-null rows resolved (not an exact proof),,classref<src/edit_helper.ts.ITextEdit>
src/edit_helper.ts.EditHelper::merge,src/edit_helper.ts.EditHelper::merge/body/s1/body/s0/x/seq/s0/x,src/edit_helper.ts:93:11,other,map.get,classref<src/edit_helper.ts.ITextEdit>,shared object table,,1,false,0,0,0,unknown native/unresolved flow,unknown:classref<src/edit_helper.ts.ITextEdit>,classref<src/edit_helper.ts.ITextEdit>
src/edit_helper.ts.EditHelper::merge,src/edit_helper.ts.EditHelper::merge/body/s1/body/s1/x/arg1,src/edit_helper.ts:96:16,other,array.concat,classref<src/edit_helper.ts.ITextEdit>,shared object table,,1,false,0,0,0,unknown native/unresolved flow,unknown:classref<src/edit_helper.ts.ITextEdit>,classref<src/edit_helper.ts.ITextEdit>
src/edit_helper.ts.EditHelper::merge,src/edit_helper.ts.EditHelper::merge/body/s1/body/s1/x/arg1/0/0,src/edit_helper.ts:96:16,other,map.get,classref<src/edit_helper.ts.ITextEdit>,shared object table,,1,false,0,0,0,unknown native/unresolved flow,unknown:classref<src/edit_helper.ts.ITextEdit>,classref<src/edit_helper.ts.ITextEdit>
src/edit_helper.ts.EditHelper::merge,src/edit_helper.ts.EditHelper::merge/body/s1/body/s1/x/arg1/arg0/0,src/edit_helper.ts:96:30,other,map.get,classref<src/edit_helper.ts.ITextEdit>,shared object table,,1,false,0,0,0,unknown native/unresolved flow,unknown:classref<src/edit_helper.ts.ITextEdit>,classref<src/edit_helper.ts.ITextEdit>
src/edit_helper.ts.EditHelper::merge,src/edit_helper.ts.EditHelper::merge/body/s2/body/s0/body/s0/x/arg1,src/edit_helper.ts:101:18,other,new,classref<src/edit_helper.ts.ITextEdit>,shared object table,,1,false,0,0,0,no non-null rows resolved (not an exact proof),,classref<src/edit_helper.ts.ITextEdit>
src/edit_helper.ts.EditHelper::merge,src/edit_helper.ts.EditHelper::merge/body/s2/body/s0/x/seq/s0/x,src/edit_helper.ts:100:11,other,map.get,classref<src/edit_helper.ts.ITextEdit>,shared object table,,1,false,0,0,0,unknown native/unresolved flow,unknown:classref<src/edit_helper.ts.ITextEdit>,classref<src/edit_helper.ts.ITextEdit>
src/edit_helper.ts.EditHelper::merge,src/edit_helper.ts.EditHelper::merge/body/s2/body/s1/x/arg1,src/edit_helper.ts:103:16,other,array.concat,classref<src/edit_helper.ts.ITextEdit>,shared object table,,1,false,0,0,0,unknown native/unresolved flow,unknown:classref<src/edit_helper.ts.ITextEdit>,classref<src/edit_helper.ts.ITextEdit>
src/edit_helper.ts.EditHelper::merge,src/edit_helper.ts.EditHelper::merge/body/s2/body/s1/x/arg1/0/0,src/edit_helper.ts:103:16,other,map.get,classref<src/edit_helper.ts.ITextEdit>,shared object table,,1,false,0,0,0,unknown native/unresolved flow,unknown:classref<src/edit_helper.ts.ITextEdit>,classref<src/edit_helper.ts.ITextEdit>
src/edit_helper.ts.EditHelper::merge,src/edit_helper.ts.EditHelper::merge/body/s2/body/s1/x/arg1/arg0/0,src/edit_helper.ts:103:30,other,map.get,classref<src/edit_helper.ts.ITextEdit>,shared object table,,1,false,0,0,0,unknown native/unresolved flow,unknown:classref<src/edit_helper.ts.ITextEdit>,classref<src/edit_helper.ts.ITextEdit>
src/edit_helper.ts.EditHelper::mergeList,src/edit_helper.ts.EditHelper::mergeList/body/s1/body/s0/body/s0/body/s0/x/arg1,src/edit_helper.ts:81:31,other,new,classref<src/edit_helper.ts.ITextEdit>,shared object table,,2,false,0,0,0,no non-null rows resolved (not an exact proof),,classref<src/edit_helper.ts.ITextEdit>
src/edit_helper.ts.EditHelper::mergeList,src/edit_helper.ts.EditHelper::mergeList/body/s1/body/s0/body/s0/x/seq/s0/x,src/edit_helper.ts:80:13,other,map.get,classref<src/edit_helper.ts.ITextEdit>,shared object table,,2,false,0,0,0,unknown native/unresolved flow,unknown:classref<src/edit_helper.ts.ITextEdit>,classref<src/edit_helper.ts.ITextEdit>
src/edit_helper.ts.EditHelper::mergeList,src/edit_helper.ts.EditHelper::mergeList/body/s1/body/s0/body/s1/x/arg1,src/edit_helper.ts:83:29,other,array.concat,classref<src/edit_helper.ts.ITextEdit>,shared object table,,2,false,0,0,0,unknown native/unresolved flow,unknown:classref<src/edit_helper.ts.ITextEdit>,classref<src/edit_helper.ts.ITextEdit>
src/edit_helper.ts.EditHelper::mergeList,src/edit_helper.ts.EditHelper::mergeList/body/s1/body/s0/body/s1/x/arg1/0/0,src/edit_helper.ts:83:29,other,map.get,classref<src/edit_helper.ts.ITextEdit>,shared object table,,2,false,0,0,0,unknown native/unresolved flow,unknown:classref<src/edit_helper.ts.ITextEdit>,classref<src/edit_helper.ts.ITextEdit>
src/edit_helper.ts.EditHelper::mergeList,src/edit_helper.ts.EditHelper::mergeList/body/s1/body/s0/body/s1/x/arg1/arg0/0,src/edit_helper.ts:83:54,other,map.get,classref<src/edit_helper.ts.ITextEdit>,shared object table,,2,false,0,0,0,unknown native/unresolved flow,unknown:classref<src/edit_helper.ts.ITextEdit>,classref<src/edit_helper.ts.ITextEdit>
src/edit_helper.ts.EditHelper::replaceRange,src/edit_helper.ts.EditHelper::replaceRange/body/s2/x/seq/s1/x/arg1/seq/s0/x,src/edit_helper.ts:216:25,other,new,classref<src/edit_helper.ts.ITextEdit>,shared object table,,0,false,0,0,0,exact,class:src/edit_helper.ts.ITextEdit,classref<src/edit_helper.ts.ITextEdit>
src/msag_references.ts.MSAGReferences::addUsing,src/msag_references.ts.MSAGReferences::addUsing/body/s1/body/s0/x/arg1,src/msag_references.ts:15:38,other,new,classref<shape.26075853820ac3c29e636045eff99267436001784ab55247f897ecb68d257014>,shared object table,,0,false,0,0,0,no non-null rows resolved (not an exact proof),,classref<shape.26075853820ac3c29e636045eff99267436001784ab55247f897ecb68d257014>
src/msag_references.ts.MSAGReferences::addUsing,src/msag_references.ts.MSAGReferences::addUsing/body/s1/x/seq/s0/x,src/msag_references.ts:14:9,other,map.get,classref<shape.26075853820ac3c29e636045eff99267436001784ab55247f897ecb68d257014>,shared object table,,0,false,0,0,0,unknown native/unresolved flow,unknown:classref<shape.26075853820ac3c29e636045eff99267436001784ab55247f897ecb68d257014>,classref<shape.26075853820ac3c29e636045eff99267436001784ab55247f897ecb68d257014>
src/msag_references.ts.MSAGReferences::addUsing,src/msag_references.ts.MSAGReferences::addUsing/body/s2/x/0/0,src/msag_references.ts:17:5,other,map.get,classref<shape.26075853820ac3c29e636045eff99267436001784ab55247f897ecb68d257014>,shared object table,,0,false,0,0,0,unknown native/unresolved flow,class:shape.26075853820ac3c29e636045eff99267436001784ab55247f897ecb68d257014;unknown:classref<shape.26075853820ac3c29e636045eff99267436001784ab55247f897ecb68d257014>,classref<shape.26075853820ac3c29e636045eff99267436001784ab55247f897ecb68d257014>
src/msag_references.ts.MSAGReferences::addUsing,src/msag_references.ts.MSAGReferences::addUsing/body/s4/body/s0/x/arg1,src/msag_references.ts:27:52,other,new,classref<src/_imacro_references.ts.IFilenameAndToken>,shared object table,,0,false,0,0,0,no non-null rows resolved (not an exact proof),,classref<src/_imacro_references.ts.IFilenameAndToken>
src/msag_references.ts.MSAGReferences::addUsing,src/msag_references.ts.MSAGReferences::addUsing/body/s4/x/seq/s0/x,src/msag_references.ts:26:9,other,map.get,classref<src/_imacro_references.ts.IFilenameAndToken>,shared object table,,0,false,0,0,0,unknown native/unresolved flow,unknown:classref<src/_imacro_references.ts.IFilenameAndToken>,classref<src/_imacro_references.ts.IFilenameAndToken>
src/msag_references.ts.MSAGReferences::addUsing,src/msag_references.ts.MSAGReferences::addUsing/body/s5/x/0/0,src/msag_references.ts:29:5,other,map.get,classref<src/_imacro_references.ts.IFilenameAndToken>,shared object table,,0,false,0,0,0,unknown native/unresolved flow,class:src/_imacro_references.ts.IFilenameAndToken;unknown:classref<src/_imacro_references.ts.IFilenameAndToken>,classref<src/_imacro_references.ts.IFilenameAndToken>
src/msag_references.ts.MSAGReferences::clear,src/msag_references.ts.MSAGReferences::clear/body/s0,src/msag_references.ts:36:5,other,foreach,interfaceref<src/files/_ifile.ts.IFile>,shared object table,interfaceref<src/files/_ifile.ts.IFile>,1,false,1,1,1,hierarchy/mixed upper bound,class:src/files/memory_file.ts.MemoryFile,interfaceref<src/files/_ifile.ts.IFile>
src/msag_references.ts.MSAGReferences::clear,src/msag_references.ts.MSAGReferences::clear/body/s0/body/s1,src/msag_references.ts:38:7,other,foreach,classref<shape.26075853820ac3c29e636045eff99267436001784ab55247f897ecb68d257014>,shared object table,classref<shape.26075853820ac3c29e636045eff99267436001784ab55247f897ecb68d257014>,2,false,1,1,1,unknown native/unresolved flow,unknown:classref<shape.26075853820ac3c29e636045eff99267436001784ab55247f897ecb68d257014>,classref<shape.26075853820ac3c29e636045eff99267436001784ab55247f897ecb68d257014>
src/msag_references.ts.MSAGReferences::clear,src/msag_references.ts.MSAGReferences::clear/body/s0/body/s1/body/s0/x/arg1/seq/s0/x,src/msag_references.ts:41:11,other,new,classref<src/_imacro_references.ts.IFilenameAndToken>,shared object table,,2,false,0,0,0,unknown native/unresolved flow,unknown:classref<src/_imacro_references.ts.IFilenameAndToken>,classref<src/_imacro_references.ts.IFilenameAndToken>
src/msag_references.ts.MSAGReferences::clear,src/msag_references.ts.MSAGReferences::clear/body/s0/body/s1/body/s0/x/arg1/seq/s1,src/msag_references.ts:41:11,other,foreach,classref<src/_imacro_references.ts.IFilenameAndToken>,shared object table,classref<src/_imacro_references.ts.IFilenameAndToken>,3,false,1,1,1,unknown native/unresolved flow,unknown:classref<src/_imacro_references.ts.IFilenameAndToken>,classref<src/_imacro_references.ts.IFilenameAndToken>
src/msag_references.ts.MSAGReferences::clear,src/msag_references.ts.MSAGReferences::clear/body/s0/body/s1/body/s0/x/arg1/seq/s1/x/0,src/msag_references.ts:41:11,other,map.get,classref<src/_imacro_references.ts.IFilenameAndToken>,shared object table,,2,false,0,0,0,unknown native/unresolved flow,unknown:classref<src/_imacro_references.ts.IFilenameAndToken>,classref<src/_imacro_references.ts.IFilenameAndToken>
src/msag_references.ts.MSAGReferences::clear,src/msag_references.ts.MSAGReferences::clear/body/s0/body/s1/x/1/2,src/msag_references.ts:38:60,other,new,classref<shape.26075853820ac3c29e636045eff99267436001784ab55247f897ecb68d257014>,shared object table,,1,false,0,0,0,no non-null rows resolved (not an exact proof),,classref<shape.26075853820ac3c29e636045eff99267436001784ab55247f897ecb68d257014>
src/msag_references.ts.MSAGReferences::clear,src/msag_references.ts.MSAGReferences::clear/body/s0/body/s1/x/seq/s0/x,src/msag_references.ts:38:28,other,map.get,classref<shape.26075853820ac3c29e636045eff99267436001784ab55247f897ecb68d257014>,shared object table,,1,false,0,0,0,unknown native/unresolved flow,unknown:classref<shape.26075853820ac3c29e636045eff99267436001784ab55247f897ecb68d257014>,classref<shape.26075853820ac3c29e636045eff99267436001784ab55247f897ecb68d257014>
src/objects/_abap_object.ts.ABAPObject::constructor,src/objects/_abap_object.ts.ABAPObject::constructor/body/s1/y,src/objects/_abap_object.ts:28:19,other,new,classref<src/abap/abap_file.ts.ABAPFile>,shared object table,,0,false,0,0,0,no non-null rows resolved (not an exact proof),,classref<src/abap/abap_file.ts.ABAPFile>
src/objects/_abap_object.ts.ABAPObject::getABAPFileByName,src/objects/_abap_object.ts.ABAPObject::getABAPFileByName/body/s0,src/objects/_abap_object.ts:74:5,other,foreach,classref<src/abap/abap_file.ts.ABAPFile>,shared object table,classref<src/abap/abap_file.ts.ABAPFile>,1,false,1,1,1,exact,class:src/abap/abap_file.ts.ABAPFile,classref<src/abap/abap_file.ts.ABAPFile>
src/objects/_abap_object.ts.ABAPObject::getMainABAPFile,src/objects/_abap_object.ts.ABAPObject::getMainABAPFile/body/s2,src/objects/_abap_object.ts:85:5,other,foreach,classref<src/abap/abap_file.ts.ABAPFile>,shared object table,classref<src/abap/abap_file.ts.ABAPFile>,1,false,1,1,1,exact,class:src/abap/abap_file.ts.ABAPFile,classref<src/abap/abap_file.ts.ABAPFile>
src/objects/_abap_object.ts.ABAPObject::getMainABAPFile,src/objects/_abap_object.ts.ABAPObject::getMainABAPFile/body/s3,src/objects/_abap_object.ts:91:5,other,foreach,classref<src/abap/abap_file.ts.ABAPFile>,shared object table,classref<src/abap/abap_file.ts.ABAPFile>,1,false,1,1,1,exact,class:src/abap/abap_file.ts.ABAPFile,classref<src/abap/abap_file.ts.ABAPFile>
src/objects/_abap_object.ts.ABAPObject::parse_instantiated_src/objects/_abap_object.ts.ABAPObject,src/objects/_abap_object.ts.ABAPObject::parse_instantiated_src/objects/_abap_object.ts.ABAPObject/body/s1/s1/x/seq/s0/x,src/objects/_abap_object.ts:43:23,other,new,interfaceref<src/files/_ifile.ts.IFile>,shared object table,,0,false,0,0,0,hierarchy/mixed upper bound,class:src/files/memory_file.ts.MemoryFile,interfaceref<src/files/_ifile.ts.IFile>
src/objects/_abap_object.ts.ABAPObject::parse_instantiated_src/objects/_abap_object.ts.ABAPObject,src/objects/_abap_object.ts.ABAPObject::parse_instantiated_src/objects/_abap_object.ts.ABAPObject/body/s1/s1/x/seq/s1,src/objects/_abap_object.ts:43:23,other,foreach,interfaceref<src/files/_ifile.ts.IFile>,shared object table,interfaceref<src/files/_ifile.ts.IFile>,1,false,1,1,1,hierarchy/mixed upper bound,class:src/files/memory_file.ts.MemoryFile,interfaceref<src/files/_ifile.ts.IFile>
src/objects/_abap_object.ts.ABAPObject::setDirty,src/objects/_abap_object.ts.ABAPObject::setDirty/body/s4/y,src/objects/_abap_object.ts:58:19,other,new,classref<src/abap/abap_file.ts.ABAPFile>,shared object table,,0,false,0,0,0,no non-null rows resolved (not an exact proof),,classref<src/abap/abap_file.ts.ABAPFile>
src/objects/_abstract_object.ts.AbstractObject::addFile,src/objects/_abstract_object.ts.AbstractObject::addFile/body/s1/s1/body/s0/s0/x/0/0,src/objects/_abstract_object.ts:51:11,other,index,interfaceref<src/files/_ifile.ts.IFile>,shared object table,interfaceref<src/files/_ifile.ts.IFile>,1,false,1,1,1,hierarchy/mixed upper bound,class:src/files/memory_file.ts.MemoryFile,interfaceref<src/files/_ifile.ts.IFile>
src/objects/_abstract_object.ts.AbstractObject::constructor,src/objects/_abstract_object.ts.AbstractObject::constructor/body/s1/y,src/objects/_abstract_object.ts:23:18,other,new,interfaceref<src/files/_ifile.ts.IFile>,shared object table,,0,false,0,0,0,hierarchy/mixed upper bound,class:src/files/memory_file.ts.MemoryFile,interfaceref<src/files/_ifile.ts.IFile>
src/objects/_abstract_object.ts.AbstractObject::constructor,src/objects/_abstract_object.ts.AbstractObject::constructor/body/s2/y,src/objects/_abstract_object.ts:24:16,other,new,classref<src/issue.ts.Issue>,shared object table,,0,false,0,0,0,no non-null rows resolved (not an exact proof),,classref<src/issue.ts.Issue>
src/objects/_abstract_object.ts.AbstractObject::getXMLFile,src/objects/_abstract_object.ts.AbstractObject::getXMLFile/body/s2,src/objects/_abstract_object.ts:101:5,other,foreach,interfaceref<src/files/_ifile.ts.IFile>,shared object table,interfaceref<src/files/_ifile.ts.IFile>,1,false,1,1,1,hierarchy/mixed upper bound,class:src/files/memory_file.ts.MemoryFile,interfaceref<src/files/_ifile.ts.IFile>
src/objects/_abstract_object.ts.AbstractObject::getXMLFile,src/objects/_abstract_object.ts.AbstractObject::getXMLFile/body/s3,src/objects/_abstract_object.ts:107:5,other,foreach,interfaceref<src/files/_ifile.ts.IFile>,shared object table,interfaceref<src/files/_ifile.ts.IFile>,1,false,1,1,1,hierarchy/mixed upper bound,class:src/files/memory_file.ts.MemoryFile,interfaceref<src/files/_ifile.ts.IFile>
src/objects/_abstract_object.ts.AbstractObject::setDirty,src/objects/_abstract_object.ts.AbstractObject::setDirty/body/s0/y,src/objects/_abstract_object.ts:42:16,other,new,classref<src/issue.ts.Issue>,shared object table,,0,false,0,0,0,no non-null rows resolved (not an exact proof),,classref<src/issue.ts.Issue>
src/objects/_dynpros.ts.module::parseDynpros,src/objects/_dynpros.ts.module::parseDynpros/body/s0/s0/x,src/objects/_dynpros.ts:31:31,other,new,classref<src/objects/_dynpros.ts.DynproHeader>,shared object table,,0,false,0,0,0,exact,class:src/objects/_dynpros.ts.DynproHeader,classref<src/objects/_dynpros.ts.DynproHeader>
src/objects/_dynpros.ts.module::parseDynpros,src/objects/_dynpros.ts.module::parseDynpros/body/s0/s2/body/s0/body/s1/x,src/objects/_dynpros.ts:38:37,other,new,classref<src/objects/_dynpros.ts.DynproField>,shared object table,,1,false,0,0,0,exact,class:src/objects/_dynpros.ts.DynproField,classref<src/objects/_dynpros.ts.DynproField>
src/objects/class.ts.Class::getSequencedFiles,src/objects/class.ts.Class::getSequencedFiles/body/s0/x/seq/s0/x,,other,array.slice0,classref<src/abap/abap_file.ts.ABAPFile>,shared object table,,0,false,0,0,0,exact,class:src/abap/abap_file.ts.ABAPFile,classref<src/abap/abap_file.ts.ABAPFile>
src/objects/class.ts.Class::getSequencedFiles,src/objects/class.ts.Class::getSequencedFiles/body/s0/x/seq/s3/body/s0/x/0,,other,array.get,classref<src/abap/abap_file.ts.ABAPFile>,shared object table,optional<classref<src/abap/abap_file.ts.ABAPFile>>,1,false,1,1,1,exact,class:src/abap/abap_file.ts.ABAPFile,classref<src/abap/abap_file.ts.ABAPFile>
src/objects/class.ts.Class::getSequencedFiles,src/objects/class.ts.Class::getSequencedFiles/body/s0/x/seq/s3/body/s2/body/s0/x/0,,other,array.get,classref<src/abap/abap_file.ts.ABAPFile>,shared object table,optional<classref<src/abap/abap_file.ts.ABAPFile>>,2,false,1,1,1,exact,class:src/abap/abap_file.ts.ABAPFile,classref<src/abap/abap_file.ts.ABAPFile>
src/objects/program.ts.Program::getSequencedFiles,src/objects/program.ts.Program::getSequencedFiles/body/s1/body/s0/x,src/objects/program.ts:22:14,other,new,classref<src/abap/abap_file.ts.ABAPFile>,shared object table,,0,false,0,0,0,no non-null rows resolved (not an exact proof),,classref<src/abap/abap_file.ts.ABAPFile>
src/objects/program.ts.Program::getSequencedFiles,src/objects/program.ts.Program::getSequencedFiles/body/s2/x/seq/s0/x,src/objects/program.ts:24:12,other,new,classref<src/abap/abap_file.ts.ABAPFile>,shared object table,,0,false,0,0,0,exact,class:src/abap/abap_file.ts.ABAPFile,classref<src/abap/abap_file.ts.ABAPFile>
src/objects/program.ts.Program::parseXML,src/objects/program.ts.Program::parseXML/body/s3/body/s0/y/1/arg3/1,src/objects/program.ts:78:18,other,new,classref<src/objects/_dynpros.ts.DynproHeader>,shared object table,,0,false,0,0,0,no non-null rows resolved (not an exact proof),,classref<src/objects/_dynpros.ts.DynproHeader>
src/objects/type_pool.ts.TypePool::getSequencedFiles,src/objects/type_pool.ts.TypePool::getSequencedFiles/body/s1/body/s0/x,src/objects/type_pool.ts:13:14,other,new,classref<src/abap/abap_file.ts.ABAPFile>,shared object table,,0,false,0,0,0,no non-null rows resolved (not an exact proof),,classref<src/abap/abap_file.ts.ABAPFile>
src/objects/type_pool.ts.TypePool::getSequencedFiles,src/objects/type_pool.ts.TypePool::getSequencedFiles/body/s2/x/seq/s0/x,src/objects/type_pool.ts:15:12,other,new,classref<src/abap/abap_file.ts.ABAPFile>,shared object table,,0,false,0,0,0,exact,class:src/abap/abap_file.ts.ABAPFile,classref<src/abap/abap_file.ts.ABAPFile>
src/registry.ts.ParsingPerformance::clear,src/registry.ts.ParsingPerformance::clear/body/s0/y,src/registry.ts:27:20,other,new,classref<shape.d184d639b396286a74f614f4fc726acfc24441b4971c69640385ddf95d828f31>,shared object table,,0,false,0,0,0,exact,class:shape.d184d639b396286a74f614f4fc726acfc24441b4971c69640385ddf95d828f31,classref<shape.d184d639b396286a74f614f4fc726acfc24441b4971c69640385ddf95d828f31>
src/registry.ts.ParsingPerformance::output,src/registry.ts.ParsingPerformance::output/body/s1/x/seq/s2/body/s1/body/s0/x,src/registry.ts:63:5,other,index,classref<shape.d184d639b396286a74f614f4fc726acfc24441b4971c69640385ddf95d828f31>,shared object table,classref<shape.d184d639b396286a74f614f4fc726acfc24441b4971c69640385ddf95d828f31>,2,false,1,1,1,exact,class:shape.d184d639b396286a74f614f4fc726acfc24441b4971c69640385ddf95d828f31,classref<shape.d184d639b396286a74f614f4fc726acfc24441b4971c69640385ddf95d828f31>
src/registry.ts.ParsingPerformance::output,src/registry.ts.ParsingPerformance::output/body/s1/x/seq/s2/body/s1/body/s1/x,src/registry.ts:63:5,other,index,classref<shape.d184d639b396286a74f614f4fc726acfc24441b4971c69640385ddf95d828f31>,shared object table,classref<shape.d184d639b396286a74f614f4fc726acfc24441b4971c69640385ddf95d828f31>,2,false,1,1,1,exact,class:shape.d184d639b396286a74f614f4fc726acfc24441b4971c69640385ddf95d828f31,classref<shape.d184d639b396286a74f614f4fc726acfc24441b4971c69640385ddf95d828f31>
src/registry.ts.ParsingPerformance::output,src/registry.ts.ParsingPerformance::output/body/s1/x/seq/s2/body/s1/body/s2/body/s0/x,src/registry.ts:63:5,other,index,classref<shape.d184d639b396286a74f614f4fc726acfc24441b4971c69640385ddf95d828f31>,shared object table,classref<shape.d184d639b396286a74f614f4fc726acfc24441b4971c69640385ddf95d828f31>,2,false,1,1,1,exact,class:shape.d184d639b396286a74f614f4fc726acfc24441b4971c69640385ddf95d828f31,classref<shape.d184d639b396286a74f614f4fc726acfc24441b4971c69640385ddf95d828f31>
src/registry.ts.ParsingPerformance::output,src/registry.ts.ParsingPerformance::output/body/s1/x/seq/s2/body/s1/body/s2/body/s1/y,src/registry.ts:63:5,other,index,classref<shape.d184d639b396286a74f614f4fc726acfc24441b4971c69640385ddf95d828f31>,shared object table,classref<shape.d184d639b396286a74f614f4fc726acfc24441b4971c69640385ddf95d828f31>,2,false,1,1,1,exact,class:shape.d184d639b396286a74f614f4fc726acfc24441b4971c69640385ddf95d828f31,classref<shape.d184d639b396286a74f614f4fc726acfc24441b4971c69640385ddf95d828f31>
src/registry.ts.ParsingPerformance::output,src/registry.ts.ParsingPerformance::output/body/s2/s1/body/s0/s0/x,src/registry.ts:66:19,other,index,classref<shape.d184d639b396286a74f614f4fc726acfc24441b4971c69640385ddf95d828f31>,shared object table,classref<shape.d184d639b396286a74f614f4fc726acfc24441b4971c69640385ddf95d828f31>,1,false,1,1,1,exact,class:shape.d184d639b396286a74f614f4fc726acfc24441b4971c69640385ddf95d828f31,classref<shape.d184d639b396286a74f614f4fc726acfc24441b4971c69640385ddf95d828f31>
src/registry.ts.ParsingPerformance::push,src/registry.ts.ParsingPerformance::push/body/s2/body/s0/y,src/registry.ts:43:22,other,new,classref<shape.d184d639b396286a74f614f4fc726acfc24441b4971c69640385ddf95d828f31>,shared object table,,0,false,0,0,0,exact,class:shape.d184d639b396286a74f614f4fc726acfc24441b4971c69640385ddf95d828f31,classref<shape.d184d639b396286a74f614f4fc726acfc24441b4971c69640385ddf95d828f31>
src/registry.ts.Registry::_addFiles,src/registry.ts.Registry::_addFiles/body/s1,src/registry.ts:234:5,other,foreach,interfaceref<src/files/_ifile.ts.IFile>,shared object table,interfaceref<src/files/_ifile.ts.IFile>,1,false,1,1,0,hierarchy/mixed upper bound,class:src/files/memory_file.ts.MemoryFile,classref<src/files/memory_file.ts.MemoryFile>;interfaceref<src/files/_ifile.ts.IFile>
src/registry.ts.Registry::addDependencies,src/registry.ts.Registry::addDependencies/body/s0,src/registry.ts:281:5,other,foreach,interfaceref<src/files/_ifile.ts.IFile>,shared object table,interfaceref<src/files/_ifile.ts.IFile>,1,false,1,1,0,hierarchy/mixed upper bound,class:src/files/memory_file.ts.MemoryFile,classref<src/files/memory_file.ts.MemoryFile>;interfaceref<src/files/_ifile.ts.IFile>
src/registry.ts.Registry::addDependency,src/registry.ts.Registry::addDependency/body/s5/x/arg0/seq/s0/x,src/registry.ts:298:20,other,new,interfaceref<src/files/_ifile.ts.IFile>,shared object table,,0,false,0,0,0,hierarchy/mixed upper bound,class:src/files/memory_file.ts.MemoryFile,interfaceref<src/files/_ifile.ts.IFile>
src/registry.ts.Registry::addFile,src/registry.ts.Registry::addFile/body/s0/x/arg0/seq/s0/x,src/registry.ts:210:26,other,new,interfaceref<src/files/_ifile.ts.IFile>,shared object table,,0,false,0,0,0,no non-null rows resolved (not an exact proof),,interfaceref<src/files/_ifile.ts.IFile>
src/registry.ts.Registry::checkDuplicateFilename,src/registry.ts.Registry::checkDuplicateFilename/body/s2,src/registry.ts:262:5,other,foreach,interfaceref<src/files/_ifile.ts.IFile>,shared object table,interfaceref<src/files/_ifile.ts.IFile>,1,false,1,1,1,hierarchy/mixed upper bound,class:src/files/memory_file.ts.MemoryFile,interfaceref<src/files/_ifile.ts.IFile>
src/registry.ts.Registry::getFileByName,src/registry.ts.Registry::getFileByName/body/s1,src/registry.ts:168:5,other,foreach,interfaceref<src/objects/_iobject.ts.IObject>,shared object table,interfaceref<src/objects/_iobject.ts.IObject>,1,false,1,1,1,no non-null rows resolved (not an exact proof),,interfaceref<src/objects/_iobject.ts.IObject>
src/registry.ts.Registry::getFileByName,src/registry.ts.Registry::getFileByName/body/s1/body/s0,src/registry.ts:169:7,other,foreach,interfaceref<src/files/_ifile.ts.IFile>,shared object table,interfaceref<src/files/_ifile.ts.IFile>,2,false,1,1,1,hierarchy/mixed upper bound,class:src/files/memory_file.ts.MemoryFile,interfaceref<src/files/_ifile.ts.IFile>
src/registry.ts.Registry::getObjectCount,src/registry.ts.Registry::getObjectCount/body/s1,src/registry.ts:155:5,other,foreach,interfaceref<src/objects/_iobject.ts.IObject>,shared object table,interfaceref<src/objects/_iobject.ts.IObject>,1,false,1,1,1,no non-null rows resolved (not an exact proof),,interfaceref<src/objects/_iobject.ts.IObject>
src/registry.ts.Registry::getObjects,src/registry.ts.Registry::getObjects/body/s0/x,,other,new,interfaceref<src/objects/_iobject.ts.IObject>,shared object table,,0,false,0,0,0,no non-null rows resolved (not an exact proof),,interfaceref<src/objects/_iobject.ts.IObject>
src/registry.ts.Registry::getObjectsByType,src/registry.ts.Registry::getObjectsByType/body/s0/x,,other,new,interfaceref<src/objects/_iobject.ts.IObject>,shared object table,,0,false,0,0,0,no non-null rows resolved (not an exact proof),,interfaceref<src/objects/_iobject.ts.IObject>
src/registry.ts.Registry::isDirty,src/registry.ts.Registry::isDirty/body/s0,src/registry.ts:402:5,other,foreach,interfaceref<src/objects/_iobject.ts.IObject>,shared object table,interfaceref<src/objects/_iobject.ts.IObject>,1,false,1,1,1,no non-null rows resolved (not an exact proof),,interfaceref<src/objects/_iobject.ts.IObject>
src/registry.ts.Registry::parse_instantiated_src/registry.ts.Registry,src/registry.ts.Registry::parse_instantiated_src/registry.ts.Registry/body/s2,src/registry.ts:361:5,other,foreach,interfaceref<src/objects/_iobject.ts.IObject>,shared object table,interfaceref<src/objects/_iobject.ts.IObject>,1,false,1,1,1,no non-null rows resolved (not an exact proof),,interfaceref<src/objects/_iobject.ts.IObject>
src/registry.ts.Registry::setConfig,src/registry.ts.Registry::setConfig/body/s0,src/registry.ts:197:5,other,foreach,interfaceref<src/objects/_iobject.ts.IObject>,shared object table,interfaceref<src/objects/_iobject.ts.IObject>,1,false,1,1,1,no non-null rows resolved (not an exact proof),,interfaceref<src/objects/_iobject.ts.IObject>
src/rules/_abap_rule.ts.ABAPRule::run,src/rules/_abap_rule.ts.ABAPRule::run/body/s0/body/s0/x,src/rules/_abap_rule.ts:24:14,rules,new,classref<src/issue.ts.Issue>,shared object table,,0,false,0,0,0,no non-null rows resolved (not an exact proof),,classref<src/issue.ts.Issue>
src/rules/_abap_rule.ts.ABAPRule::run,src/rules/_abap_rule.ts.ABAPRule::run/body/s2/x,src/rules/_abap_rule.ts:28:29,rules,new,classref<src/issue.ts.Issue>,shared object table,,0,false,0,0,0,hierarchy/mixed upper bound,class:src/abap/4_file_information/_abap_file_information.ts.InfoInterfaceDefinition;class:src/issue.ts.Issue,classref<src/issue.ts.Issue>
src/rules/_abap_rule.ts.ABAPRule::run,src/rules/_abap_rule.ts.ABAPRule::run/body/s3,src/rules/_abap_rule.ts:30:5,rules,foreach,classref<src/abap/abap_file.ts.ABAPFile>,shared object table,classref<src/abap/abap_file.ts.ABAPFile>,1,false,1,1,1,exact,class:src/abap/abap_file.ts.ABAPFile,classref<src/abap/abap_file.ts.ABAPFile>
src/rules/_abap_rule.ts.ABAPRule::run,src/rules/_abap_rule.ts.ABAPRule::run/body/s3/body/s0/x/seq/s0,src/rules/_abap_rule.ts:31:7,rules,foreach,classref<src/issue.ts.Issue>,shared object table,classref<src/issue.ts.Issue>,2,false,1,1,1,hierarchy/mixed upper bound,class:src/abap/4_file_information/_abap_file_information.ts.InfoInterfaceDefinition;class:src/issue.ts.Issue,classref<src/issue.ts.Issue>
src/rules/allowed_object_naming.ts.AllowedObjectNaming::run,src/rules/allowed_object_naming.ts.AllowedObjectNaming::run/body/s4/body/s0/x/seq/s0/x,src/rules/allowed_object_naming.ts:54:14,rules,new,classref<src/issue.ts.Issue>,shared object table,,0,false,0,0,0,exact,class:src/issue.ts.Issue,classref<src/issue.ts.Issue>
src/rules/allowed_object_naming.ts.AllowedObjectNaming::run,src/rules/allowed_object_naming.ts.AllowedObjectNaming::run/body/s4/body/s0/x/seq/s1/x/arg0/arg0,src/rules/allowed_object_naming.ts:54:27,rules,index,interfaceref<src/files/_ifile.ts.IFile>,shared object table,interfaceref<src/files/_ifile.ts.IFile>,0,false,1,1,1,hierarchy/mixed upper bound,class:src/files/memory_file.ts.MemoryFile,interfaceref<src/files/_ifile.ts.IFile>
src/rules/allowed_object_naming.ts.AllowedObjectNaming::run,src/rules/allowed_object_naming.ts.AllowedObjectNaming::run/body/s5/x,src/rules/allowed_object_naming.ts:57:12,rules,new,classref<src/issue.ts.Issue>,shared object table,,0,false,0,0,0,no non-null rows resolved (not an exact proof),,classref<src/issue.ts.Issue>
src/rules/check_syntax.ts.CheckSyntax::run,src/rules/check_syntax.ts.CheckSyntax::run/body/s0/body/s0/x,src/rules/check_syntax.ts:42:14,rules,new,classref<src/issue.ts.Issue>,shared object table,,0,false,0,0,0,no non-null rows resolved (not an exact proof),,classref<src/issue.ts.Issue>
src/rules/check_syntax.ts.CheckSyntax::run,src/rules/check_syntax.ts.CheckSyntax::run/body/s2/body/s0/x/seq/s3/body/s0/x/0,,rules,array.get,classref<src/issue.ts.Issue>,shared object table,optional<classref<src/issue.ts.Issue>>,1,false,1,1,1,exact,class:src/issue.ts.Issue,classref<src/issue.ts.Issue>
src/rules/constant_classes.ts.ConstantClassesConf::constructor,src/rules/constant_classes.ts.ConstantClassesConf::constructor/body/s1/y,src/rules/constant_classes.ts:26:42,rules,new,classref<src/rules/constant_classes.ts.DomainClassMapping>,shared object table,,0,false,0,0,0,no non-null rows resolved (not an exact proof),,classref<src/rules/constant_classes.ts.DomainClassMapping>
src/rules/function_module_recommendations.ts.FunctionModuleRecommendationsConf::constructor,src/rules/function_module_recommendations.ts.FunctionModuleRecommendationsConf::constructor/body/s1/y/seq/s0/x,src/rules/function_module_recommendations.ts:27:47,rules,new,classref<src/rules/function_module_recommendations.ts.Recommendations>,shared object table,,0,false,0,0,0,exact,class:src/rules/function_module_recommendations.ts.Recommendations,classref<src/rules/function_module_recommendations.ts.Recommendations>
src/rules/implement_methods.ts.ImplementMethods::buildFix,src/rules/implement_methods.ts.ImplementMethods::buildFix/body/s2,src/rules/implement_methods.ts:131:5,rules,foreach,classref<src/abap/nodes/statement_node.ts.StatementNode>,shared object table,classref<src/abap/nodes/statement_node.ts.StatementNode>,1,false,1,1,1,hierarchy/mixed upper bound,class:src/abap/nodes/expression_node.ts.ExpressionNode;class:src/abap/nodes/statement_node.ts.StatementNode;class:src/abap/nodes/structure_node.ts.StructureNode;class:src/abap/nodes/token_node.ts.TokenNode;class:src/abap/nodes/token_node_regex.ts.TokenNodeRegex,classref<src/abap/nodes/statement_node.ts.StatementNode>
src/rules/implement_methods.ts.ImplementMethods::buildFix,src/rules/implement_methods.ts.ImplementMethods::buildFix/body/s2/x/1/2,src/rules/implement_methods.ts:131:95,rules,new,classref<src/abap/nodes/statement_node.ts.StatementNode>,shared object table,,0,false,0,0,0,no non-null rows resolved (not an exact proof),,classref<src/abap/nodes/statement_node.ts.StatementNode>
src/rules/implement_methods.ts.ImplementMethods::checkClass,src/rules/implement_methods.ts.ImplementMethods::checkClass/body/s0/x,src/rules/implement_methods.ts:90:26,rules,new,classref<src/issue.ts.Issue>,shared object table,,0,false,0,0,0,exact,class:src/issue.ts.Issue,classref<src/issue.ts.Issue>
src/rules/implement_methods.ts.ImplementMethods::checkClass,src/rules/implement_methods.ts.ImplementMethods::checkClass/body/s1,src/rules/implement_methods.ts:92:5,rules,foreach,classref<src/abap/4_file_information/_abap_file_information.ts.InfoMethodDefinition>,shared object table,classref<src/abap/4_file_information/_abap_file_information.ts.InfoMethodDefinition>,1,false,1,1,1,exact,class:src/abap/4_file_information/_abap_file_information.ts.InfoMethodDefinition,classref<src/abap/4_file_information/_abap_file_information.ts.InfoMethodDefinition>
src/rules/implement_methods.ts.ImplementMethods::checkClass,src/rules/implement_methods.ts.ImplementMethods::checkClass/body/s1/body/s0/x/1/2/seq/s4/body/s0/x/0,,rules,array.get,classref<src/abap/4_file_information/_identifier.ts.Identifier>,shared object table,optional<classref<src/abap/4_file_information/_identifier.ts.Identifier>>,2,false,1,1,1,exact,class:src/abap/4_file_information/_identifier.ts.Identifier,classref<src/abap/4_file_information/_identifier.ts.Identifier>
src/rules/implement_methods.ts.ImplementMethods::checkInterfaces,src/rules/implement_methods.ts.ImplementMethods::checkInterfaces/body/s0/x,src/rules/implement_methods.ts:212:26,rules,new,classref<src/issue.ts.Issue>,shared object table,,0,false,0,0,0,exact,class:src/issue.ts.Issue,classref<src/issue.ts.Issue>
src/rules/implement_methods.ts.ImplementMethods::checkInterfaces,src/rules/implement_methods.ts.ImplementMethods::checkInterfaces/body/s1,src/rules/implement_methods.ts:214:5,rules,foreach,classref<src/abap/4_file_information/_abap_file_information.ts.InfoImplementing>,shared object table,classref<src/abap/4_file_information/_abap_file_information.ts.InfoImplementing>,1,false,1,1,1,exact,class:src/abap/4_file_information/_abap_file_information.ts.InfoImplementing,classref<src/abap/4_file_information/_abap_file_information.ts.InfoImplementing>
src/rules/implement_methods.ts.ImplementMethods::checkInterfaces,src/rules/implement_methods.ts.ImplementMethods::checkInterfaces/body/s1/body/s1/else/body/s0/x/seq/s0/x,src/rules/implement_methods.ts:220:16,rules,new,classref<src/issue.ts.Issue>,shared object table,,1,false,0,0,0,hierarchy/mixed upper bound,class:src/abap/4_file_information/_abap_file_information.ts.InfoInterfaceDefinition;class:src/issue.ts.Issue,classref<src/issue.ts.Issue>
src/rules/implement_methods.ts.ImplementMethods::checkInterfaces,src/rules/implement_methods.ts.ImplementMethods::checkInterfaces/body/s1/body/s2,src/rules/implement_methods.ts:223:7,rules,foreach,classref<src/rules/implement_methods.ts.IMethod>,shared object table,classref<src/rules/implement_methods.ts.IMethod>,2,false,1,1,1,exact,class:src/rules/implement_methods.ts.IMethod,classref<src/rules/implement_methods.ts.IMethod>
src/rules/implement_methods.ts.ImplementMethods::findInterfaceByName,src/rules/implement_methods.ts.ImplementMethods::findInterfaceByName/body/s2/body/s0,src/rules/implement_methods.ts:162:7,rules,foreach,classref<src/abap/abap_file.ts.ABAPFile>,shared object table,classref<src/abap/abap_file.ts.ABAPFile>,1,false,1,1,1,exact,class:src/abap/abap_file.ts.ABAPFile,classref<src/abap/abap_file.ts.ABAPFile>
src/rules/implement_methods.ts.ImplementMethods::findInterfaceByName,src/rules/implement_methods.ts.ImplementMethods::findInterfaceByName/body/s2/else/s0/y/1/2,src/rules/implement_methods.ts:170:14,rules,index,classref<src/abap/4_file_information/_abap_file_information.ts.InfoInterfaceDefinition>,shared object table,classref<src/abap/4_file_information/_abap_file_information.ts.InfoInterfaceDefinition>,0,false,1,1,1,exact,class:src/abap/4_file_information/_abap_file_information.ts.InfoInterfaceDefinition,classref<src/abap/4_file_information/_abap_file_information.ts.InfoInterfaceDefinition>
src/rules/implement_methods.ts.ImplementMethods::findInterfaceMethods,src/rules/implement_methods.ts.ImplementMethods::findInterfaceMethods/body/s0/x/seq/s0/x,src/rules/implement_methods.ts:178:21,rules,new,classref<src/rules/implement_methods.ts.IMethod>,shared object table,,0,false,0,0,0,exact,class:src/rules/implement_methods.ts.IMethod,classref<src/rules/implement_methods.ts.IMethod>
src/rules/implement_methods.ts.ImplementMethods::findInterfaceMethods,src/rules/implement_methods.ts.ImplementMethods::findInterfaceMethods/body/s0/x/seq/s1,src/rules/implement_methods.ts:178:21,rules,foreach,classref<src/abap/4_file_information/_abap_file_information.ts.InfoMethodDefinition>,shared object table,classref<src/abap/4_file_information/_abap_file_information.ts.InfoMethodDefinition>,1,false,1,1,1,exact,class:src/abap/4_file_information/_abap_file_information.ts.InfoMethodDefinition,classref<src/abap/4_file_information/_abap_file_information.ts.InfoMethodDefinition>
src/rules/implement_methods.ts.ImplementMethods::findInterfaceMethods,src/rules/implement_methods.ts.ImplementMethods::findInterfaceMethods/body/s1,src/rules/implement_methods.ts:181:5,rules,foreach,classref<src/abap/4_file_information/_abap_file_information.ts.InfoImplementing>,shared object table,classref<src/abap/4_file_information/_abap_file_information.ts.InfoImplementing>,1,false,1,1,1,exact,class:src/abap/4_file_information/_abap_file_information.ts.InfoImplementing,classref<src/abap/4_file_information/_abap_file_information.ts.InfoImplementing>
src/rules/implement_methods.ts.ImplementMethods::findInterfaceMethods,src/rules/implement_methods.ts.ImplementMethods::findInterfaceMethods/body/s1/body/s1/body/s0/x/seq/s3/body/s0/x/0,,rules,array.get,classref<src/abap/4_file_information/_abap_file_information.ts.InfoMethodDefinition>,shared object table,optional<classref<src/abap/4_file_information/_abap_file_information.ts.InfoMethodDefinition>>,2,false,1,1,1,exact,class:src/abap/4_file_information/_abap_file_information.ts.InfoMethodDefinition,classref<src/abap/4_file_information/_abap_file_information.ts.InfoMethodDefinition>
src/rules/implement_methods.ts.ImplementMethods::isAbstract,src/rules/implement_methods.ts.ImplementMethods::isAbstract/body/s3/x/1/2/seq/s4/body/s0/x/0,,rules,array.get,classref<src/abap/4_file_information/_abap_file_information.ts.InfoImplementing>,shared object table,optional<classref<src/abap/4_file_information/_abap_file_information.ts.InfoImplementing>>,1,false,1,1,1,exact,class:src/abap/4_file_information/_abap_file_information.ts.InfoImplementing,classref<src/abap/4_file_information/_abap_file_information.ts.InfoImplementing>
src/rules/implement_methods.ts.ImplementMethods::isImplemented,src/rules/implement_methods.ts.ImplementMethods::isImplemented/body/s2/x/seq/s4/body/s0/x/0,,rules,array.get,classref<src/abap/4_file_information/_identifier.ts.Identifier>,shared object table,optional<classref<src/abap/4_file_information/_identifier.ts.Identifier>>,1,false,1,1,1,exact,class:src/abap/4_file_information/_identifier.ts.Identifier,classref<src/abap/4_file_information/_identifier.ts.Identifier>
src/rules/implement_methods.ts.ImplementMethods::isImplemented,src/rules/implement_methods.ts.ImplementMethods::isImplemented/body/s3/body/s0,src/rules/implement_methods.ts:288:7,rules,foreach,classref<src/abap/4_file_information/_abap_file_information.ts.InfoAlias>,shared object table,classref<src/abap/4_file_information/_abap_file_information.ts.InfoAlias>,1,false,1,1,1,exact,class:src/abap/4_file_information/_abap_file_information.ts.InfoAlias,classref<src/abap/4_file_information/_abap_file_information.ts.InfoAlias>
src/rules/implement_methods.ts.ImplementMethods::isImplemented,src/rules/implement_methods.ts.ImplementMethods::isImplemented/body/s3/body/s0/body/s0/body/s0/y/seq/s4/body/s0/x/0,,rules,array.get,classref<src/abap/4_file_information/_identifier.ts.Identifier>,shared object table,optional<classref<src/abap/4_file_information/_identifier.ts.Identifier>>,2,false,1,1,1,exact,class:src/abap/4_file_information/_identifier.ts.Identifier,classref<src/abap/4_file_information/_identifier.ts.Identifier>
src/rules/implement_methods.ts.ImplementMethods::isImplemented,src/rules/implement_methods.ts.ImplementMethods::isImplemented/body/s5/body/s0,src/rules/implement_methods.ts:304:7,rules,foreach,classref<src/abap/4_file_information/_abap_file_information.ts.InfoImplementing>,shared object table,classref<src/abap/4_file_information/_abap_file_information.ts.InfoImplementing>,1,false,1,1,1,exact,class:src/abap/4_file_information/_abap_file_information.ts.InfoImplementing,classref<src/abap/4_file_information/_abap_file_information.ts.InfoImplementing>
src/rules/implement_methods.ts.ImplementMethods::lookupDefinitionInObject,src/rules/implement_methods.ts.ImplementMethods::lookupDefinitionInObject/body/s0,src/rules/implement_methods.ts:80:5,rules,foreach,classref<src/abap/abap_file.ts.ABAPFile>,shared object table,classref<src/abap/abap_file.ts.ABAPFile>,1,false,1,1,1,exact,class:src/abap/abap_file.ts.ABAPFile,classref<src/abap/abap_file.ts.ABAPFile>
src/rules/implement_methods.ts.ImplementMethods::lookupImplementationInObject,src/rules/implement_methods.ts.ImplementMethods::lookupImplementationInObject/body/s0,src/rules/implement_methods.ts:70:5,rules,foreach,classref<src/abap/abap_file.ts.ABAPFile>,shared object table,classref<src/abap/abap_file.ts.ABAPFile>,1,false,1,1,1,exact,class:src/abap/abap_file.ts.ABAPFile,classref<src/abap/abap_file.ts.ABAPFile>
src/rules/implement_methods.ts.ImplementMethods::runParsed,src/rules/implement_methods.ts.ImplementMethods::runParsed/body/s0/x,src/rules/implement_methods.ts:47:24,rules,new,classref<src/issue.ts.Issue>,shared object table,,0,false,0,0,0,no non-null rows resolved (not an exact proof),,classref<src/issue.ts.Issue>
src/rules/implement_methods.ts.ImplementMethods::runParsed,src/rules/implement_methods.ts.ImplementMethods::runParsed/body/s1/body/s0/x,src/rules/implement_methods.ts:50:14,rules,new,classref<src/issue.ts.Issue>,shared object table,,0,false,0,0,0,no non-null rows resolved (not an exact proof),,classref<src/issue.ts.Issue>
src/rules/implement_methods.ts.ImplementMethods::runParsed,src/rules/implement_methods.ts.ImplementMethods::runParsed/body/s1/else/body/s0/x,src/rules/implement_methods.ts:52:14,rules,new,classref<src/issue.ts.Issue>,shared object table,,0,false,0,0,0,no non-null rows resolved (not an exact proof),,classref<src/issue.ts.Issue>
src/rules/implement_methods.ts.ImplementMethods::runParsed,src/rules/implement_methods.ts.ImplementMethods::runParsed/body/s3,src/rules/implement_methods.ts:57:5,rules,foreach,classref<src/abap/4_file_information/_abap_file_information.ts.InfoClassDefinition>,shared object table,classref<src/abap/4_file_information/_abap_file_information.ts.InfoClassDefinition>,1,false,1,1,1,exact,class:src/abap/4_file_information/_abap_file_information.ts.InfoClassDefinition,classref<src/abap/4_file_information/_abap_file_information.ts.InfoClassDefinition>
src/rules/implement_methods.ts.ImplementMethods::runParsed,src/rules/implement_methods.ts.ImplementMethods::runParsed/body/s3/body/s1/y,src/rules/implement_methods.ts:60:13,rules,array.concat,classref<src/issue.ts.Issue>,shared object table,,1,false,0,0,0,hierarchy/mixed upper bound,class:src/abap/4_file_information/_abap_file_information.ts.InfoInterfaceDefinition;class:src/issue.ts.Issue,classref<src/issue.ts.Issue>
src/rules/implement_methods.ts.ImplementMethods::runParsed,src/rules/implement_methods.ts.ImplementMethods::runParsed/body/s3/body/s2/y,src/rules/implement_methods.ts:61:13,rules,array.concat,classref<src/issue.ts.Issue>,shared object table,,1,false,0,0,0,hierarchy/mixed upper bound,class:src/abap/4_file_information/_abap_file_information.ts.InfoInterfaceDefinition;class:src/issue.ts.Issue,classref<src/issue.ts.Issue>
src/rules/parser_error.ts.ParserError::run,src/rules/parser_error.ts.ParserError::run/body/s0/x,src/rules/parser_error.ts:43:29,rules,new,classref<src/issue.ts.Issue>,shared object table,,0,false,0,0,0,exact,class:src/issue.ts.Issue,classref<src/issue.ts.Issue>
src/rules/parser_error.ts.ParserError::run,src/rules/parser_error.ts.ParserError::run/body/s1/x/seq/s0,src/rules/parser_error.ts:45:5,rules,foreach,classref<src/issue.ts.Issue>,shared object table,classref<src/issue.ts.Issue>,1,false,1,1,1,exact,class:src/issue.ts.Issue,classref<src/issue.ts.Issue>
src/rules/parser_error.ts.ParserError::run,src/rules/parser_error.ts.ParserError::run/body/s2/body/s0,src/rules/parser_error.ts:48:7,rules,foreach,classref<src/abap/abap_file.ts.ABAPFile>,shared object table,classref<src/abap/abap_file.ts.ABAPFile>,1,false,1,1,1,exact,class:src/abap/abap_file.ts.ABAPFile,classref<src/abap/abap_file.ts.ABAPFile>
src/rules/parser_error.ts.ParserError::run,src/rules/parser_error.ts.ParserError::run/body/s2/body/s0/body/s0,src/rules/parser_error.ts:50:9,rules,foreach,classref<src/abap/nodes/statement_node.ts.StatementNode>,shared object table,classref<src/abap/nodes/statement_node.ts.StatementNode>,2,false,1,1,1,exact,class:src/abap/nodes/statement_node.ts.StatementNode,classref<src/abap/nodes/statement_node.ts.StatementNode>
src/rules/parser_error.ts.ParserError::run,src/rules/parser_error.ts.ParserError::run/body/s2/body/s0/body/s0/body/s0/body/s0/body/s1/x/arg1,src/rules/parser_error.ts:54:49,rules,index,classref<src/abap/1_lexer/tokens/abstract_token.ts.AbstractToken>,shared object table,classref<src/abap/1_lexer/tokens/abstract_token.ts.AbstractToken>,2,false,1,1,1,hierarchy/mixed upper bound,class:src/abap/1_lexer/tokens/association_name.ts.AssociationName;class:src/abap/1_lexer/tokens/at.ts.At;class:src/abap/1_lexer/tokens/atw.ts.AtW;class:src/abap/1_lexer/tokens/bracket_left.ts.BracketLeft;class:src/abap/1_lexer/tokens/bracket_leftw.ts.BracketLeftW;class:src/abap/1_lexer/tokens/bracket_right.ts.BracketRight;class:src/abap/1_lexer/tokens/bracket_rightw.ts.BracketRightW;class:src/abap/1_lexer/tokens/comment.ts.Comment;class:src/abap/1_lexer/tokens/dash.ts.Dash;class:src/abap/1_lexer/tokens/dashw.ts.DashW;class:src/abap/1_lexer/tokens/identifier.ts.Identifier;class:src/abap/1_lexer/tokens/instance_arrow.ts.InstanceArrow;class:src/abap/1_lexer/tokens/instance_arroww.ts.InstanceArrowW;class:src/abap/1_lexer/tokens/paren_left.ts.ParenLeft;class:src/abap/1_lexer/tokens/paren_leftw.ts.ParenLeftW;class:src/abap/1_lexer/tokens/paren_right.ts.ParenRight;class:src/abap/1_lexer/tokens/paren_rightw.ts.ParenRightW;class:src/abap/1_lexer/tokens/plus.ts.Plus;class:src/abap/1_lexer/tokens/plusw.ts.PlusW;class:src/abap/1_lexer/tokens/pragma.ts.Pragma;class:src/abap/1_lexer/tokens/punctuation.ts.Punctuation;class:src/abap/1_lexer/tokens/static_arrow.ts.StaticArrow;class:src/abap/1_lexer/tokens/static_arroww.ts.StaticArrowW;class:src/abap/1_lexer/tokens/string.ts.StringToken;class:src/abap/1_lexer/tokens/string_template.ts.StringTemplate;class:src/abap/1_lexer/tokens/string_template_begin.ts.StringTemplateBegin;class:src/abap/1_lexer/tokens/string_template_end.ts.StringTemplateEnd;class:src/abap/1_lexer/tokens/string_template_middle.ts.StringTemplateMiddle;class:src/abap/1_lexer/tokens/wat.ts.WAt;class:src/abap/1_lexer/tokens/watw.ts.WAtW;class:src/abap/1_lexer/tokens/wbracket_left.ts.WBracketLeft;class:src/abap/1_lexer/tokens/wbracket_leftw.ts.WBracketLeftW;class:src/abap/1_lexer/tokens/wbracket_right.ts.WBracketRight;class:src/abap/1_lexer/tokens/wbracket_rightw.ts.WBracketRightW;class:src/abap/1_lexer/tokens/wdash.ts.WDash;class:src/abap/1_lexer/tokens/wdashw.ts.WDashW;class:src/abap/1_lexer/tokens/winstance_arrow.ts.WInstanceArrow;class:src/abap/1_lexer/tokens/winstance_arroww.ts.WInstanceArrowW;class:src/abap/1_lexer/tokens/wparen_left.ts.WParenLeft;class:src/abap/1_lexer/tokens/wparen_leftw.ts.WParenLeftW;class:src/abap/1_lexer/tokens/wparen_right.ts.WParenRight;class:src/abap/1_lexer/tokens/wparen_rightw.ts.WParenRightW;class:src/abap/1_lexer/tokens/wplus.ts.WPlus;class:src/abap/1_lexer/tokens/wplusw.ts.WPlusW;class:src/abap/1_lexer/tokens/wstatic_arrow.ts.WStaticArrow;class:src/abap/1_lexer/tokens/wstatic_arroww.ts.WStaticArrowW,classref<src/abap/1_lexer/tokens/abstract_token.ts.AbstractToken>
src/rules/parser_error.ts.ParserError::run,src/rules/parser_error.ts.ParserError::run/body/s2/body/s0/body/s1/body/s0,src/rules/parser_error.ts:70:11,rules,foreach,classref<src/abap/nodes/statement_node.ts.StatementNode>,shared object table,classref<src/abap/nodes/statement_node.ts.StatementNode>,2,false,1,1,1,exact,class:src/abap/nodes/statement_node.ts.StatementNode,classref<src/abap/nodes/statement_node.ts.StatementNode>
src/rules/prefer_pragmas.ts.PreferPragmasConf::constructor,src/rules/prefer_pragmas.ts.PreferPragmasConf::constructor/body/s1/y/seq/s0/x,src/rules/prefer_pragmas.ts:9:54,rules,new,classref<shape.0adceb99073db09f4701195584c11e7787d425833ecefca44f213f7edbedaa85>,shared object table,,0,false,0,0,0,exact,class:shape.0adceb99073db09f4701195584c11e7787d425833ecefca44f213f7edbedaa85,classref<shape.0adceb99073db09f4701195584c11e7787d425833ecefca44f213f7edbedaa85>
src/rules/superclass_final.ts.SuperclassFinal::findInRelatedProgramIncludes,src/rules/superclass_final.ts.SuperclassFinal::findInRelatedProgramIncludes/body/s3,src/rules/superclass_final.ts:95:5,rules,foreach,interfaceref<src/objects/_iobject.ts.IObject>,shared object table,interfaceref<src/objects/_iobject.ts.IObject>,1,false,1,1,1,no non-null rows resolved (not an exact proof),,interfaceref<src/objects/_iobject.ts.IObject>
src/rules/superclass_final.ts.SuperclassFinal::runParsed,src/rules/superclass_final.ts.SuperclassFinal::runParsed/body/s0/x,src/rules/superclass_final.ts:41:29,rules,new,classref<src/issue.ts.Issue>,shared object table,,0,false,0,0,0,exact,class:src/issue.ts.Issue,classref<src/issue.ts.Issue>
src/rules/superclass_final.ts.SuperclassFinal::runParsed,src/rules/superclass_final.ts.SuperclassFinal::runParsed/body/s1,src/rules/superclass_final.ts:43:5,rules,foreach,classref<src/abap/4_file_information/_abap_file_information.ts.InfoClassDefinition>,shared object table,classref<src/abap/4_file_information/_abap_file_information.ts.InfoClassDefinition>,1,false,1,1,1,exact,class:src/abap/4_file_information/_abap_file_information.ts.InfoClassDefinition,classref<src/abap/4_file_information/_abap_file_information.ts.InfoClassDefinition>
src/rules/superclass_final.ts.SuperclassFinal::runParsed,src/rules/superclass_final.ts.SuperclassFinal::runParsed/body/s1/body/s5/body/s0,src/rules/superclass_final.ts:54:9,rules,foreach,classref<src/abap/abap_file.ts.ABAPFile>,shared object table,classref<src/abap/abap_file.ts.ABAPFile>,2,false,1,1,1,exact,class:src/abap/abap_file.ts.ABAPFile,classref<src/abap/abap_file.ts.ABAPFile>
src/rules/uncaught_exception.ts.UncaughtException::constructor,src/rules/uncaught_exception.ts.UncaughtException::constructor/body/s1/y,src/rules/uncaught_exception.ts:31:29,rules,new,classref<src/issue.ts.Issue>,shared object table,,0,false,0,0,0,no non-null rows resolved (not an exact proof),,classref<src/issue.ts.Issue>
src/rules/unknown_types.ts.UnknownTypes::checkParameters,src/rules/unknown_types.ts.UnknownTypes::checkParameters/body/s0,src/rules/unknown_types.ts:143:5,rules,foreach,interfaceref<src/abap/types/_method_definition.ts.IMethodDefinition>,shared object table,interfaceref<src/abap/types/_method_definition.ts.IMethodDefinition>,1,false,1,1,1,no non-null rows resolved (not an exact proof),,interfaceref<src/abap/types/_method_definition.ts.IMethodDefinition>
src/rules/unknown_types.ts.UnknownTypes::checkParameters,src/rules/unknown_types.ts.UnknownTypes::checkParameters/body/s0/body/s0,src/rules/unknown_types.ts:144:7,rules,foreach,classref<src/abap/types/_typed_identifier.ts.TypedIdentifier>,shared object table,classref<src/abap/types/_typed_identifier.ts.TypedIdentifier>,2,false,1,1,1,exact,class:src/abap/types/_typed_identifier.ts.TypedIdentifier,classref<src/abap/types/_typed_identifier.ts.TypedIdentifier>
src/rules/unknown_types.ts.UnknownTypes::checkParameters,src/rules/unknown_types.ts.UnknownTypes::checkParameters/body/s0/x/1/2,src/rules/unknown_types.ts:143:62,rules,new,interfaceref<src/abap/types/_method_definition.ts.IMethodDefinition>,shared object table,,0,false,0,0,0,no non-null rows resolved (not an exact proof),,interfaceref<src/abap/types/_method_definition.ts.IMethodDefinition>
src/rules/unknown_types.ts.UnknownTypes::checkParameters,src/rules/unknown_types.ts.UnknownTypes::checkParameters/body/s1,src/rules/unknown_types.ts:151:5,rules,foreach,interfaceref<src/abap/types/_event_definition.ts.IEventDefinition>,shared object table,interfaceref<src/abap/types/_event_definition.ts.IEventDefinition>,1,false,1,1,1,hierarchy/mixed upper bound,class:src/abap/types/event_definition.ts.EventDefinition,interfaceref<src/abap/types/_event_definition.ts.IEventDefinition>
src/rules/unknown_types.ts.UnknownTypes::checkParameters,src/rules/unknown_types.ts.UnknownTypes::checkParameters/body/s1/body/s0,src/rules/unknown_types.ts:152:7,rules,foreach,classref<src/abap/types/_typed_identifier.ts.TypedIdentifier>,shared object table,classref<src/abap/types/_typed_identifier.ts.TypedIdentifier>,2,false,1,1,1,exact,class:src/abap/types/_typed_identifier.ts.TypedIdentifier,classref<src/abap/types/_typed_identifier.ts.TypedIdentifier>
src/rules/unknown_types.ts.UnknownTypes::checkParameters,src/rules/unknown_types.ts.UnknownTypes::checkParameters/body/s1/x/1/2,src/rules/unknown_types.ts:151:41,rules,new,interfaceref<src/abap/types/_event_definition.ts.IEventDefinition>,shared object table,,0,false,0,0,0,no non-null rows resolved (not an exact proof),,interfaceref<src/abap/types/_event_definition.ts.IEventDefinition>
src/rules/unknown_types.ts.UnknownTypes::containsUnknown,src/rules/unknown_types.ts.UnknownTypes::containsUnknown/body/s0/else/body/s0,src/rules/unknown_types.ts:166:7,rules,foreach,classref<src/abap/types/basic/structure_type.ts.IStructureComponent>,shared object table,classref<src/abap/types/basic/structure_type.ts.IStructureComponent>,1,false,1,1,1,unknown native/unresolved flow,class:src/abap/types/basic/structure_type.ts.IStructureComponent;unknown:classref<src/abap/types/basic/structure_type.ts.IStructureComponent>,classref<src/abap/types/basic/structure_type.ts.IStructureComponent>
src/rules/unknown_types.ts.UnknownTypes::removeDuplicates,src/rules/unknown_types.ts.UnknownTypes::removeDuplicates/body/s0/x,src/rules/unknown_types.ts:61:35,rules,new,classref<src/issue.ts.Issue>,shared object table,,0,false,0,0,0,exact,class:src/issue.ts.Issue,classref<src/issue.ts.Issue>
src/rules/unknown_types.ts.UnknownTypes::removeDuplicates,src/rules/unknown_types.ts.UnknownTypes::removeDuplicates/body/s1,src/rules/unknown_types.ts:62:5,rules,foreach,classref<src/issue.ts.Issue>,shared object table,classref<src/issue.ts.Issue>,1,false,1,1,1,exact,class:src/issue.ts.Issue,classref<src/issue.ts.Issue>
src/rules/unknown_types.ts.UnknownTypes::removeDuplicates,src/rules/unknown_types.ts.UnknownTypes::removeDuplicates/body/s1/body/s1,src/rules/unknown_types.ts:64:7,rules,foreach,classref<src/issue.ts.Issue>,shared object table,classref<src/issue.ts.Issue>,2,false,1,1,1,exact,class:src/issue.ts.Issue,classref<src/issue.ts.Issue>
src/rules/unknown_types.ts.UnknownTypes::run,src/rules/unknown_types.ts.UnknownTypes::run/body/s0/body/s0/x,src/rules/unknown_types.ts:49:14,rules,new,classref<src/issue.ts.Issue>,shared object table,,0,false,0,0,0,no non-null rows resolved (not an exact proof),,classref<src/issue.ts.Issue>
src/rules/unknown_types.ts.UnknownTypes::traverse,src/rules/unknown_types.ts.UnknownTypes::traverse/body/s0/x,src/rules/unknown_types.ts:79:26,rules,new,classref<src/issue.ts.Issue>,shared object table,,0,false,0,0,0,exact,class:src/issue.ts.Issue,classref<src/issue.ts.Issue>
src/rules/unknown_types.ts.UnknownTypes::traverse,src/rules/unknown_types.ts.UnknownTypes::traverse/body/s2,src/rules/unknown_types.ts:81:5,rules,foreach,classref<src/abap/5_syntax/_reference.ts.IReference>,shared object table,classref<src/abap/5_syntax/_reference.ts.IReference>,1,false,1,1,1,exact,class:src/abap/5_syntax/_reference.ts.IReference,classref<src/abap/5_syntax/_reference.ts.IReference>
src/rules/unknown_types.ts.UnknownTypes::traverse,src/rules/unknown_types.ts.UnknownTypes::traverse/body/s6,src/rules/unknown_types.ts:135:5,rules,foreach,interfaceref<src/abap/5_syntax/_spaghetti_scope.ts.ISpaghettiScopeNode>,shared object table,interfaceref<src/abap/5_syntax/_spaghetti_scope.ts.ISpaghettiScopeNode>,1,false,1,1,0,hierarchy/mixed upper bound,class:src/abap/5_syntax/spaghetti_scope.ts.SpaghettiScopeNode,classref<src/abap/5_syntax/spaghetti_scope.ts.SpaghettiScopeNode>;interfaceref<src/abap/5_syntax/_spaghetti_scope.ts.ISpaghettiScopeNode>
src/rules/unknown_types.ts.UnknownTypes::traverse,src/rules/unknown_types.ts.UnknownTypes::traverse/body/s6/body/s0/x/seq/s0,src/rules/unknown_types.ts:136:7,rules,foreach,classref<src/issue.ts.Issue>,shared object table,classref<src/issue.ts.Issue>,2,false,1,1,1,exact,class:src/issue.ts.Issue,classref<src/issue.ts.Issue>
src/rules/unused_methods.ts.WorkArea::constructor,src/rules/unused_methods.ts.WorkArea::constructor/body/s0/y,src/rules/unused_methods.ts:27:51,rules,new,classref<src/abap/4_file_information/_abap_file_information.ts.InfoMethodDefinition>,shared object table,,0,false,0,0,0,no non-null rows resolved (not an exact proof),,classref<src/abap/4_file_information/_abap_file_information.ts.InfoMethodDefinition>
src/rules/unused_methods.ts.WorkArea::constructor,src/rules/unused_methods.ts.WorkArea::constructor/body/s1/y,src/rules/unused_methods.ts:30:17,rules,new,classref<src/abap/4_file_information/_abap_file_information.ts.InfoMethodDefinition>,shared object table,,0,false,0,0,0,no non-null rows resolved (not an exact proof),,classref<src/abap/4_file_information/_abap_file_information.ts.InfoMethodDefinition>
src/rules_runner.ts.RulesRunner::excludeIssues,src/rules_runner.ts.RulesRunner::excludeIssues/body/s3/body/s0/s1/body/s0/s0/x/0,src/rules_runner.ts:140:26,other,index,classref<src/issue.ts.Issue>,shared object table,classref<src/issue.ts.Issue>,1,false,1,1,1,hierarchy/mixed upper bound,class:src/abap/4_file_information/_abap_file_information.ts.InfoInterfaceDefinition;class:src/issue.ts.Issue,classref<src/issue.ts.Issue>
src/rules_runner.ts.RulesRunner::excludeIssues,src/rules_runner.ts.RulesRunner::excludeIssues/body/s3/body/s0/s1/body/s0/s1/body/s0/x,src/rules_runner.ts:142:11,other,array.splice2,classref<src/issue.ts.Issue>,shared object table,,1,false,0,0,0,hierarchy/mixed upper bound,class:src/abap/4_file_information/_abap_file_information.ts.InfoInterfaceDefinition;class:src/issue.ts.Issue,classref<src/issue.ts.Issue>
src/rules_runner.ts.RulesRunner::excludeIssues,src/rules_runner.ts.RulesRunner::excludeIssues/body/s4,src/rules_runner.ts:148:5,other,foreach,interfaceref<src/rules/_irule.ts.IRule>,shared object table,interfaceref<src/rules/_irule.ts.IRule>,1,false,1,1,1,no non-null rows resolved (not an exact proof),,interfaceref<src/rules/_irule.ts.IRule>
src/rules_runner.ts.RulesRunner::excludeIssues,src/rules_runner.ts.RulesRunner::excludeIssues/body/s4/body/s4/s1/body/s0/s0/x/0/0,src/rules_runner.ts:157:13,other,index,classref<src/issue.ts.Issue>,shared object table,classref<src/issue.ts.Issue>,2,false,1,1,1,hierarchy/mixed upper bound,class:src/abap/4_file_information/_abap_file_information.ts.InfoInterfaceDefinition;class:src/issue.ts.Issue,classref<src/issue.ts.Issue>
src/rules_runner.ts.RulesRunner::excludeIssues,src/rules_runner.ts.RulesRunner::excludeIssues/body/s4/body/s4/s1/body/s0/s1/x/0,src/rules_runner.ts:161:26,other,index,classref<src/issue.ts.Issue>,shared object table,classref<src/issue.ts.Issue>,2,false,1,1,1,hierarchy/mixed upper bound,class:src/abap/4_file_information/_abap_file_information.ts.InfoInterfaceDefinition;class:src/issue.ts.Issue,classref<src/issue.ts.Issue>
src/rules_runner.ts.RulesRunner::excludeIssues,src/rules_runner.ts.RulesRunner::excludeIssues/body/s4/body/s4/s1/body/s0/s2/body/s0/x,src/rules_runner.ts:163:11,other,array.splice2,classref<src/issue.ts.Issue>,shared object table,,2,false,0,0,0,hierarchy/mixed upper bound,class:src/abap/4_file_information/_abap_file_information.ts.InfoInterfaceDefinition;class:src/issue.ts.Issue,classref<src/issue.ts.Issue>
src/rules_runner.ts.RulesRunner::objectsToCheck,src/rules_runner.ts.RulesRunner::objectsToCheck/body/s0/x,src/rules_runner.ts:49:30,other,new,interfaceref<src/objects/_iobject.ts.IObject>,shared object table,,0,false,0,0,0,no non-null rows resolved (not an exact proof),,interfaceref<src/objects/_iobject.ts.IObject>
src/rules_runner.ts.RulesRunner::objectsToCheck,src/rules_runner.ts.RulesRunner::objectsToCheck/body/s2,src/rules_runner.ts:52:5,other,foreach,interfaceref<src/objects/_iobject.ts.IObject>,shared object table,interfaceref<src/objects/_iobject.ts.IObject>,1,false,1,1,1,no non-null rows resolved (not an exact proof),,interfaceref<src/objects/_iobject.ts.IObject>
src/rules_runner.ts.RulesRunner::runRules,src/rules_runner.ts.RulesRunner::runRules/body/s1/x,src/rules_runner.ts:63:20,other,new,classref<src/issue.ts.Issue>,shared object table,,0,false,0,0,0,hierarchy/mixed upper bound,class:src/abap/4_file_information/_abap_file_information.ts.InfoInterfaceDefinition;class:src/issue.ts.Issue,classref<src/issue.ts.Issue>
src/rules_runner.ts.RulesRunner::runRules,src/rules_runner.ts.RulesRunner::runRules/body/s10,src/rules_runner.ts:107:5,other,foreach,interfaceref<src/objects/_iobject.ts.IObject>,shared object table,interfaceref<src/objects/_iobject.ts.IObject>,1,false,1,1,1,no non-null rows resolved (not an exact proof),,interfaceref<src/objects/_iobject.ts.IObject>
src/rules_runner.ts.RulesRunner::runRules,src/rules_runner.ts.RulesRunner::runRules/body/s10/body/s1,src/rules_runner.ts:109:7,other,foreach,interfaceref<src/rules/_irule.ts.IRule>,shared object table,interfaceref<src/rules/_irule.ts.IRule>,2,false,1,1,1,no non-null rows resolved (not an exact proof),,interfaceref<src/rules/_irule.ts.IRule>
src/rules_runner.ts.RulesRunner::runRules,src/rules_runner.ts.RulesRunner::runRules/body/s10/body/s1/body/s1/x/seq/s0,src/rules_runner.ts:111:9,other,foreach,classref<src/issue.ts.Issue>,shared object table,classref<src/issue.ts.Issue>,3,false,1,1,1,hierarchy/mixed upper bound,class:src/abap/4_file_information/_abap_file_information.ts.InfoInterfaceDefinition;class:src/issue.ts.Issue,classref<src/issue.ts.Issue>
src/rules_runner.ts.RulesRunner::runRules,src/rules_runner.ts.RulesRunner::runRules/body/s11/body/s0/x,src/rules_runner.ts:118:52,other,new,classref<shape.dd44bc035e4c4e168337ddd005068db21044dc68e68eaa08e83ca7f9852155c1>,shared object table,,0,false,0,0,0,exact,class:shape.dd44bc035e4c4e168337ddd005068db21044dc68e68eaa08e83ca7f9852155c1,classref<shape.dd44bc035e4c4e168337ddd005068db21044dc68e68eaa08e83ca7f9852155c1>
src/rules_runner.ts.RulesRunner::runRules,src/rules_runner.ts.RulesRunner::runRules/body/s11/body/s2/x/seq/s2/body/s1/body/s0/x,src/rules_runner.ts:124:7,other,index,classref<shape.dd44bc035e4c4e168337ddd005068db21044dc68e68eaa08e83ca7f9852155c1>,shared object table,classref<shape.dd44bc035e4c4e168337ddd005068db21044dc68e68eaa08e83ca7f9852155c1>,2,false,1,1,1,exact,class:shape.dd44bc035e4c4e168337ddd005068db21044dc68e68eaa08e83ca7f9852155c1,classref<shape.dd44bc035e4c4e168337ddd005068db21044dc68e68eaa08e83ca7f9852155c1>
src/rules_runner.ts.RulesRunner::runRules,src/rules_runner.ts.RulesRunner::runRules/body/s11/body/s2/x/seq/s2/body/s1/body/s1/x,src/rules_runner.ts:124:7,other,index,classref<shape.dd44bc035e4c4e168337ddd005068db21044dc68e68eaa08e83ca7f9852155c1>,shared object table,classref<shape.dd44bc035e4c4e168337ddd005068db21044dc68e68eaa08e83ca7f9852155c1>,2,false,1,1,1,exact,class:shape.dd44bc035e4c4e168337ddd005068db21044dc68e68eaa08e83ca7f9852155c1,classref<shape.dd44bc035e4c4e168337ddd005068db21044dc68e68eaa08e83ca7f9852155c1>
src/rules_runner.ts.RulesRunner::runRules,src/rules_runner.ts.RulesRunner::runRules/body/s11/body/s2/x/seq/s2/body/s1/body/s2/body/s0/x,src/rules_runner.ts:124:7,other,index,classref<shape.dd44bc035e4c4e168337ddd005068db21044dc68e68eaa08e83ca7f9852155c1>,shared object table,classref<shape.dd44bc035e4c4e168337ddd005068db21044dc68e68eaa08e83ca7f9852155c1>,2,false,1,1,1,exact,class:shape.dd44bc035e4c4e168337ddd005068db21044dc68e68eaa08e83ca7f9852155c1,classref<shape.dd44bc035e4c4e168337ddd005068db21044dc68e68eaa08e83ca7f9852155c1>
src/rules_runner.ts.RulesRunner::runRules,src/rules_runner.ts.RulesRunner::runRules/body/s11/body/s2/x/seq/s2/body/s1/body/s2/body/s1/y,src/rules_runner.ts:124:7,other,index,classref<shape.dd44bc035e4c4e168337ddd005068db21044dc68e68eaa08e83ca7f9852155c1>,shared object table,classref<shape.dd44bc035e4c4e168337ddd005068db21044dc68e68eaa08e83ca7f9852155c1>,2,false,1,1,1,exact,class:shape.dd44bc035e4c4e168337ddd005068db21044dc68e68eaa08e83ca7f9852155c1,classref<shape.dd44bc035e4c4e168337ddd005068db21044dc68e68eaa08e83ca7f9852155c1>
src/rules_runner.ts.RulesRunner::runRules,src/rules_runner.ts.RulesRunner::runRules/body/s11/body/s3,src/rules_runner.ts:125:7,other,foreach,classref<shape.dd44bc035e4c4e168337ddd005068db21044dc68e68eaa08e83ca7f9852155c1>,shared object table,classref<shape.dd44bc035e4c4e168337ddd005068db21044dc68e68eaa08e83ca7f9852155c1>,1,false,1,1,1,exact,class:shape.dd44bc035e4c4e168337ddd005068db21044dc68e68eaa08e83ca7f9852155c1,classref<shape.dd44bc035e4c4e168337ddd005068db21044dc68e68eaa08e83ca7f9852155c1>
src/rules_runner.ts.RulesRunner::runRules,src/rules_runner.ts.RulesRunner::runRules/body/s5,src/rules_runner.ts:71:5,other,foreach,interfaceref<src/objects/_iobject.ts.IObject>,shared object table,interfaceref<src/objects/_iobject.ts.IObject>,1,false,1,1,1,no non-null rows resolved (not an exact proof),,interfaceref<src/objects/_iobject.ts.IObject>
src/rules_runner.ts.RulesRunner::runRules,src/rules_runner.ts.RulesRunner::runRules/body/s8,src/rules_runner.ts:87:5,other,foreach,interfaceref<src/rules/_irule.ts.IRule>,shared object table,interfaceref<src/rules/_irule.ts.IRule>,1,false,1,1,1,no non-null rows resolved (not an exact proof),,interfaceref<src/rules/_irule.ts.IRule>
src/rules_runner.ts.SyntaxPerformance::constructor,src/rules_runner.ts.SyntaxPerformance::constructor/body/s0/y,src/rules_runner.ts:11:65,other,new,classref<shape.0c21b215a8ec99b06f4a3babffabfb13313afa4decaeb1efc6f5c5033cd9f923>,shared object table,,0,false,0,0,0,no non-null rows resolved (not an exact proof),,classref<shape.0c21b215a8ec99b06f4a3babffabfb13313afa4decaeb1efc6f5c5033cd9f923>
src/utils/cyclomatic_complexity_stats.ts.CyclomaticComplexityStats::run,src/utils/cyclomatic_complexity_stats.ts.CyclomaticComplexityStats::run/body/s0/x,src/utils/cyclomatic_complexity_stats.ts:21:48,other,new,classref<src/utils/cyclomatic_complexity_stats.ts.ICyclomaticComplexityResult>,shared object table,,0,false,0,0,0,exact,class:src/utils/cyclomatic_complexity_stats.ts.ICyclomaticComplexityResult,classref<src/utils/cyclomatic_complexity_stats.ts.ICyclomaticComplexityResult>
src/utils/cyclomatic_complexity_stats.ts.CyclomaticComplexityStats::run,src/utils/cyclomatic_complexity_stats.ts.CyclomaticComplexityStats::run/body/s1/body/s0/x,src/utils/cyclomatic_complexity_stats.ts:24:14,other,new,classref<src/utils/cyclomatic_complexity_stats.ts.ICyclomaticComplexityResult>,shared object table,,0,false,0,0,0,no non-null rows resolved (not an exact proof),,classref<src/utils/cyclomatic_complexity_stats.ts.ICyclomaticComplexityResult>
src/utils/cyclomatic_complexity_stats.ts.CyclomaticComplexityStats::run,src/utils/cyclomatic_complexity_stats.ts.CyclomaticComplexityStats::run/body/s2,src/utils/cyclomatic_complexity_stats.ts:27:5,other,foreach,classref<src/abap/abap_file.ts.ABAPFile>,shared object table,classref<src/abap/abap_file.ts.ABAPFile>,1,false,1,1,1,exact,class:src/abap/abap_file.ts.ABAPFile,classref<src/abap/abap_file.ts.ABAPFile>
src/utils/cyclomatic_complexity_stats.ts.CyclomaticComplexityStats::run,src/utils/cyclomatic_complexity_stats.ts.CyclomaticComplexityStats::run/body/s2/body/s0,src/utils/cyclomatic_complexity_stats.ts:28:7,other,foreach,classref<src/abap/nodes/structure_node.ts.StructureNode>,shared object table,classref<src/abap/nodes/structure_node.ts.StructureNode>,2,false,1,1,1,hierarchy/mixed upper bound,class:src/abap/nodes/expression_node.ts.ExpressionNode;class:src/abap/nodes/statement_node.ts.StatementNode;class:src/abap/nodes/structure_node.ts.StructureNode;class:src/abap/nodes/token_node.ts.TokenNode;class:src/abap/nodes/token_node_regex.ts.TokenNodeRegex,classref<src/abap/nodes/structure_node.ts.StructureNode>
src/utils/cyclomatic_complexity_stats.ts.CyclomaticComplexityStats::run,src/utils/cyclomatic_complexity_stats.ts.CyclomaticComplexityStats::run/body/s2/body/s0/body/s1,src/utils/cyclomatic_complexity_stats.ts:30:9,other,foreach,classref<src/abap/nodes/statement_node.ts.StatementNode>,shared object table,classref<src/abap/nodes/statement_node.ts.StatementNode>,3,false,1,1,0,unknown native/unresolved flow,,
src/utils/cyclomatic_complexity_stats.ts.CyclomaticComplexityStats::run,src/utils/cyclomatic_complexity_stats.ts.CyclomaticComplexityStats::run/body/s2/body/s0/x/1/2,src/utils/cyclomatic_complexity_stats.ts:28:84,other,new,classref<src/abap/nodes/structure_node.ts.StructureNode>,shared object table,,1,false,0,0,0,no non-null rows resolved (not an exact proof),,classref<src/abap/nodes/structure_node.ts.StructureNode>
src/utils/form_length_stats.ts.FormLengthStats::run,src/utils/form_length_stats.ts.FormLengthStats::run/body/s0/x,src/utils/form_length_stats.ts:12:40,other,new,classref<src/utils/method_length_stats.ts.IMethodLengthResult>,shared object table,,0,false,0,0,0,exact,class:src/utils/method_length_stats.ts.IMethodLengthResult,classref<src/utils/method_length_stats.ts.IMethodLengthResult>
src/utils/form_length_stats.ts.FormLengthStats::run,src/utils/form_length_stats.ts.FormLengthStats::run/body/s5/body/s0/x,src/utils/form_length_stats.ts:19:14,other,new,classref<src/utils/method_length_stats.ts.IMethodLengthResult>,shared object table,,0,false,0,0,0,no non-null rows resolved (not an exact proof),,classref<src/utils/method_length_stats.ts.IMethodLengthResult>
src/utils/form_length_stats.ts.FormLengthStats::run,src/utils/form_length_stats.ts.FormLengthStats::run/body/s6,src/utils/form_length_stats.ts:22:5,other,foreach,classref<src/abap/abap_file.ts.ABAPFile>,shared object table,classref<src/abap/abap_file.ts.ABAPFile>,1,false,1,1,1,exact,class:src/abap/abap_file.ts.ABAPFile,classref<src/abap/abap_file.ts.ABAPFile>
src/utils/form_length_stats.ts.FormLengthStats::run,src/utils/form_length_stats.ts.FormLengthStats::run/body/s6/body/s0,src/utils/form_length_stats.ts:23:7,other,foreach,classref<src/abap/nodes/statement_node.ts.StatementNode>,shared object table,classref<src/abap/nodes/statement_node.ts.StatementNode>,2,false,1,1,1,exact,class:src/abap/nodes/statement_node.ts.StatementNode,classref<src/abap/nodes/statement_node.ts.StatementNode>
src/utils/function_length_stats.ts.FunctionLengthStats::run,src/utils/function_length_stats.ts.FunctionLengthStats::run/body/s0/x,src/utils/function_length_stats.ts:12:40,other,new,classref<src/utils/method_length_stats.ts.IMethodLengthResult>,shared object table,,0,false,0,0,0,exact,class:src/utils/method_length_stats.ts.IMethodLengthResult,classref<src/utils/method_length_stats.ts.IMethodLengthResult>
src/utils/function_length_stats.ts.FunctionLengthStats::run,src/utils/function_length_stats.ts.FunctionLengthStats::run/body/s5/body/s0/x,src/utils/function_length_stats.ts:19:14,other,new,classref<src/utils/method_length_stats.ts.IMethodLengthResult>,shared object table,,0,false,0,0,0,no non-null rows resolved (not an exact proof),,classref<src/utils/method_length_stats.ts.IMethodLengthResult>
src/utils/function_length_stats.ts.FunctionLengthStats::run,src/utils/function_length_stats.ts.FunctionLengthStats::run/body/s6,src/utils/function_length_stats.ts:22:5,other,foreach,classref<src/abap/abap_file.ts.ABAPFile>,shared object table,classref<src/abap/abap_file.ts.ABAPFile>,1,false,1,1,1,exact,class:src/abap/abap_file.ts.ABAPFile,classref<src/abap/abap_file.ts.ABAPFile>
src/utils/function_length_stats.ts.FunctionLengthStats::run,src/utils/function_length_stats.ts.FunctionLengthStats::run/body/s6/body/s0,src/utils/function_length_stats.ts:23:7,other,foreach,classref<src/abap/nodes/statement_node.ts.StatementNode>,shared object table,classref<src/abap/nodes/statement_node.ts.StatementNode>,2,false,1,1,1,exact,class:src/abap/nodes/statement_node.ts.StatementNode,classref<src/abap/nodes/statement_node.ts.StatementNode>
src/utils/include_graph.ts.Graph::findTop,src/utils/include_graph.ts.Graph::findTop/body/s0/x,src/utils/include_graph.ts:68:28,other,new,classref<src/utils/include_graph.ts.IVertex>,shared object table,,0,false,0,0,0,no non-null rows resolved (not an exact proof),,classref<src/utils/include_graph.ts.IVertex>
src/utils/include_graph.ts.Graph::findTop,src/utils/include_graph.ts.Graph::findTop/body/s1/body/s0/x/seq/s0,src/utils/include_graph.ts:70:7,other,foreach,classref<src/utils/include_graph.ts.IVertex>,shared object table,classref<src/utils/include_graph.ts.IVertex>,2,false,1,1,1,no non-null rows resolved (not an exact proof),,classref<src/utils/include_graph.ts.IVertex>
src/utils/include_graph.ts.IncludeGraph::addVertices,src/utils/include_graph.ts.IncludeGraph::addVertices/body/s0,src/utils/include_graph.ts:178:5,other,foreach,classref<src/objects/_abap_object.ts.ABAPObject>,shared object table,classref<src/objects/_abap_object.ts.ABAPObject>,1,false,1,1,1,no non-null rows resolved (not an exact proof),,classref<src/objects/_abap_object.ts.ABAPObject>
src/utils/include_graph.ts.IncludeGraph::addVertices,src/utils/include_graph.ts.IncludeGraph::addVertices/body/s0/body/s0/else/else/body/s0,src/utils/include_graph.ts:196:9,other,foreach,classref<src/abap/abap_file.ts.ABAPFile>,shared object table,classref<src/abap/abap_file.ts.ABAPFile>,2,false,1,1,1,exact,class:src/abap/abap_file.ts.ABAPFile,classref<src/abap/abap_file.ts.ABAPFile>
src/utils/include_graph.ts.IncludeGraph::addVertices,src/utils/include_graph.ts.IncludeGraph::addVertices/body/s0/body/s0/else/else/else/body/s0,src/utils/include_graph.ts:203:9,other,foreach,classref<shape.0e610234a61c59728f9f67694a386e1b3a2f7dc5de0a2d3b1efe237fc1aa716c>,shared object table,classref<shape.0e610234a61c59728f9f67694a386e1b3a2f7dc5de0a2d3b1efe237fc1aa716c>,2,false,1,1,0,unknown native/unresolved flow,,
src/utils/include_graph.ts.IncludeGraph::build,src/utils/include_graph.ts.IncludeGraph::build/body/s1,src/utils/include_graph.ts:141:5,other,foreach,classref<src/objects/_abap_object.ts.ABAPObject>,shared object table,classref<src/objects/_abap_object.ts.ABAPObject>,1,false,1,1,1,no non-null rows resolved (not an exact proof),,classref<src/objects/_abap_object.ts.ABAPObject>
src/utils/include_graph.ts.IncludeGraph::build,src/utils/include_graph.ts.IncludeGraph::build/body/s1/body/s0,src/utils/include_graph.ts:142:7,other,foreach,classref<src/abap/abap_file.ts.ABAPFile>,shared object table,classref<src/abap/abap_file.ts.ABAPFile>,2,false,1,1,1,exact,class:src/abap/abap_file.ts.ABAPFile,classref<src/abap/abap_file.ts.ABAPFile>
src/utils/include_graph.ts.IncludeGraph::build,src/utils/include_graph.ts.IncludeGraph::build/body/s1/body/s0/body/s1,src/utils/include_graph.ts:148:9,other,foreach,classref<src/abap/nodes/statement_node.ts.StatementNode>,shared object table,classref<src/abap/nodes/statement_node.ts.StatementNode>,3,false,1,1,1,exact,class:src/abap/nodes/statement_node.ts.StatementNode,classref<src/abap/nodes/statement_node.ts.StatementNode>
src/utils/include_graph.ts.IncludeGraph::constructor,src/utils/include_graph.ts.IncludeGraph::constructor/body/s3/y,src/utils/include_graph.ts:92:19,other,new,classref<src/issue.ts.Issue>,shared object table,,0,false,0,0,0,exact,class:src/issue.ts.Issue,classref<src/issue.ts.Issue>
src/utils/include_graph.ts.IncludeGraph::listMainForInclude_instantiated_src/utils/include_graph.ts.IncludeGraph,src/utils/include_graph.ts.IncludeGraph::listMainForInclude_instantiated_src/utils/include_graph.ts.IncludeGraph/body/s2,src/utils/include_graph.ts:104:5,other,foreach,classref<src/utils/include_graph.ts.IVertex>,shared object table,classref<src/utils/include_graph.ts.IVertex>,1,false,1,1,1,no non-null rows resolved (not an exact proof),,classref<src/utils/include_graph.ts.IVertex>
src/utils/include_graph.ts.module::getABAPObjects,src/utils/include_graph.ts.module::getABAPObjects/body/s0/s0/x,src/utils/include_graph.ts:19:29,other,new,classref<src/objects/_abap_object.ts.ABAPObject>,shared object table,,0,false,0,0,0,no non-null rows resolved (not an exact proof),,classref<src/objects/_abap_object.ts.ABAPObject>
src/utils/include_graph.ts.module::getABAPObjects,src/utils/include_graph.ts.module::getABAPObjects/body/s0/s1,src/utils/include_graph.ts:20:3,other,foreach,interfaceref<src/objects/_iobject.ts.IObject>,shared object table,interfaceref<src/objects/_iobject.ts.IObject>,1,false,1,1,1,no non-null rows resolved (not an exact proof),,interfaceref<src/objects/_iobject.ts.IObject>
src/utils/method_length_stats.ts.MethodLengthStats::run,src/utils/method_length_stats.ts.MethodLengthStats::run/body/s0/x,src/utils/method_length_stats.ts:21:40,other,new,classref<src/utils/method_length_stats.ts.IMethodLengthResult>,shared object table,,0,false,0,0,0,exact,class:src/utils/method_length_stats.ts.IMethodLengthResult,classref<src/utils/method_length_stats.ts.IMethodLengthResult>
src/utils/method_length_stats.ts.MethodLengthStats::run,src/utils/method_length_stats.ts.MethodLengthStats::run/body/s5/body/s0/x,src/utils/method_length_stats.ts:28:14,other,new,classref<src/utils/method_length_stats.ts.IMethodLengthResult>,shared object table,,0,false,0,0,0,no non-null rows resolved (not an exact proof),,classref<src/utils/method_length_stats.ts.IMethodLengthResult>
src/utils/method_length_stats.ts.MethodLengthStats::run,src/utils/method_length_stats.ts.MethodLengthStats::run/body/s6,src/utils/method_length_stats.ts:31:5,other,foreach,classref<src/abap/abap_file.ts.ABAPFile>,shared object table,classref<src/abap/abap_file.ts.ABAPFile>,1,false,1,1,1,exact,class:src/abap/abap_file.ts.ABAPFile,classref<src/abap/abap_file.ts.ABAPFile>
src/utils/method_length_stats.ts.MethodLengthStats::run,src/utils/method_length_stats.ts.MethodLengthStats::run/body/s6/body/s1,src/utils/method_length_stats.ts:33:7,other,foreach,classref<src/abap/nodes/statement_node.ts.StatementNode>,shared object table,classref<src/abap/nodes/statement_node.ts.StatementNode>,2,false,1,1,1,exact,class:src/abap/nodes/statement_node.ts.StatementNode,classref<src/abap/nodes/statement_node.ts.StatementNode>
src/version.ts.module::class_constructor,src/version.ts.module::class_constructor/body/s22/y/seq/s0/x,src/version.ts:66:24,other,new,classref<tuple.473287f8298dba7163a897908958f7c0eae733e25d2e027992ea2edc9bed2fa8.9392c2913985a8d9dece285370a034dbfd0b9818f6378b05362544daf2088e35>,shared object table,,0,false,0,0,0,exact,class:tuple.473287f8298dba7163a897908958f7c0eae733e25d2e027992ea2edc9bed2fa8.9392c2913985a8d9dece285370a034dbfd0b9818f6378b05362544daf2088e35,classref<tuple.473287f8298dba7163a897908958f7c0eae733e25d2e027992ea2edc9bed2fa8.9392c2913985a8d9dece285370a034dbfd0b9818f6378b05362544daf2088e35>
src/version.ts.module::class_constructor,src/version.ts.module::class_constructor/body/s23/y/seq/s1/x,src/version.ts:156:3,other,new,classref<src/version.ts.ABAPRelease>,shared object table,,0,false,0,0,0,exact,class:src/version.ts.ABAPRelease,classref<src/version.ts.ABAPRelease>
src/version.ts.module::class_constructor,src/version.ts.module::class_constructor/body/s23/y/seq/s2,src/version.ts:156:3,other,foreach,classref<tuple.473287f8298dba7163a897908958f7c0eae733e25d2e027992ea2edc9bed2fa8.9392c2913985a8d9dece285370a034dbfd0b9818f6378b05362544daf2088e35>,shared object table,classref<tuple.473287f8298dba7163a897908958f7c0eae733e25d2e027992ea2edc9bed2fa8.9392c2913985a8d9dece285370a034dbfd0b9818f6378b05362544daf2088e35>,1,false,1,1,1,exact,class:tuple.473287f8298dba7163a897908958f7c0eae733e25d2e027992ea2edc9bed2fa8.9392c2913985a8d9dece285370a034dbfd0b9818f6378b05362544daf2088e35,classref<tuple.473287f8298dba7163a897908958f7c0eae733e25d2e027992ea2edc9bed2fa8.9392c2913985a8d9dece285370a034dbfd0b9818f6378b05362544daf2088e35>
src/version.ts.module::class_constructor,src/version.ts.module::class_constructor/body/s24/y/seq/s1,src/version.ts:160:3,other,foreach,classref<tuple.473287f8298dba7163a897908958f7c0eae733e25d2e027992ea2edc9bed2fa8.8f9108e347ad289a33aa5df99962abce4e6d371906c6508e3a0fcfd0983f8809>,shared object table,classref<tuple.473287f8298dba7163a897908958f7c0eae733e25d2e027992ea2edc9bed2fa8.8f9108e347ad289a33aa5df99962abce4e6d371906c6508e3a0fcfd0983f8809>,1,false,1,1,1,exact,class:tuple.473287f8298dba7163a897908958f7c0eae733e25d2e027992ea2edc9bed2fa8.8f9108e347ad289a33aa5df99962abce4e6d371906c6508e3a0fcfd0983f8809,classref<tuple.473287f8298dba7163a897908958f7c0eae733e25d2e027992ea2edc9bed2fa8.8f9108e347ad289a33aa5df99962abce4e6d371906c6508e3a0fcfd0983f8809>
src/version.ts.module::class_constructor,src/version.ts.module::class_constructor/body/s24/y/seq/s1/x/seq/s1/x,src/version.ts:160:22,other,new,classref<tuple.473287f8298dba7163a897908958f7c0eae733e25d2e027992ea2edc9bed2fa8.8f9108e347ad289a33aa5df99962abce4e6d371906c6508e3a0fcfd0983f8809>,shared object table,,0,false,0,0,0,exact,class:tuple.473287f8298dba7163a897908958f7c0eae733e25d2e027992ea2edc9bed2fa8.8f9108e347ad289a33aa5df99962abce4e6d371906c6508e3a0fcfd0983f8809,classref<tuple.473287f8298dba7163a897908958f7c0eae733e25d2e027992ea2edc9bed2fa8.8f9108e347ad289a33aa5df99962abce4e6d371906c6508e3a0fcfd0983f8809>
src/version.ts.module::class_constructor,src/version.ts.module::class_constructor/body/s24/y/seq/s1/x/seq/s2,src/version.ts:160:22,other,foreach,classref<tuple.473287f8298dba7163a897908958f7c0eae733e25d2e027992ea2edc9bed2fa8.9392c2913985a8d9dece285370a034dbfd0b9818f6378b05362544daf2088e35>,shared object table,classref<tuple.473287f8298dba7163a897908958f7c0eae733e25d2e027992ea2edc9bed2fa8.9392c2913985a8d9dece285370a034dbfd0b9818f6378b05362544daf2088e35>,1,false,1,1,1,exact,class:tuple.473287f8298dba7163a897908958f7c0eae733e25d2e027992ea2edc9bed2fa8.9392c2913985a8d9dece285370a034dbfd0b9818f6378b05362544daf2088e35,classref<tuple.473287f8298dba7163a897908958f7c0eae733e25d2e027992ea2edc9bed2fa8.9392c2913985a8d9dece285370a034dbfd0b9818f6378b05362544daf2088e35>
src/version.ts.module::class_constructor,src/version.ts.module::class_constructor/body/s24/y/seq/s1/x/seq/s2/body/s1/x/arg0/1/arg1,src/version.ts:160:63,other,index,classref<src/version.ts.ABAPRelease>,shared object table,classref<src/version.ts.ABAPRelease>,1,false,1,1,1,exact,class:src/version.ts.ABAPRelease,classref<src/version.ts.ABAPRelease>
