n,count,inside_loops,normalized,example_location,example
2,909,606,REPLACE ALL OCCURRENCES OF LIT IN TMP WITH LIT. | REPLACE ALL OCCURRENCES OF LIT IN TMP WITH LIT.,src/abap/2_statements/statement_parser.ts.StatementParser.lazyUnknown:294,REPLACE ALL OCCURRENCES OF `ß` IN t12 WITH `SS`. REPLACE ALL OCCURRENCES OF `ŉ` IN t12 WITH `ʼN`.
3,900,600,REPLACE ALL OCCURRENCES OF LIT IN TMP WITH LIT. | REPLACE ALL OCCURRENCES OF LIT IN TMP WITH LIT. | REPLACE ALL OCCURRENCES OF LIT IN TMP WITH LIT.,src/abap/2_statements/statement_parser.ts.StatementParser.lazyUnknown:294,REPLACE ALL OCCURRENCES OF `ß` IN t12 WITH `SS`. REPLACE ALL OCCURRENCES OF `ŉ` IN t12 WITH `ʼN`. REPLACE ALL OCCURRENCES OF `ǰ` IN t12 WITH `J̌`.
2,761,366,DATA TMP TYPE REF TO NAME. | CLEAR TMP.,src/abap/1_lexer/lexer.ts.Lexer.add:59,DATA t4 TYPE REF TO z_src_abap_1_l_cca5bd2c711d39. CLEAR t4.
2,290,164,CLEAR TMP. | DATA(TMP) = CAST NAME( TMP ).,src/abap/1_lexer/lexer.ts.Lexer.add:524,CLEAR t202. DATA(t203) = CAST z_src_position_90002a97f25e1e( t187 ).
3,290,164,DATA TMP TYPE REF TO NAME. | CLEAR TMP. | DATA(TMP) = CAST NAME( TMP ).,src/abap/1_lexer/lexer.ts.Lexer.add:523,DATA t202 TYPE REF TO z_src_position_90002a97f25e1e. CLEAR t202. DATA(t203) = CAST z_src_position_90002a97f25e1e( t187 ).
2,241,120,CLEAR TMP. | DATA TMP TYPE REF TO NAME.,src/abap/1_lexer/lexer.ts.Lexer.add:494,CLEAR t187. DATA t188 TYPE REF TO z_src_position_90002a97f25e1e.
3,241,120,CLEAR TMP. | DATA TMP TYPE REF TO NAME. | CLEAR TMP.,src/abap/1_lexer/lexer.ts.Lexer.add:494,CLEAR t187. DATA t188 TYPE REF TO z_src_position_90002a97f25e1e. CLEAR t188.
3,241,120,DATA TMP TYPE REF TO NAME. | CLEAR TMP. | DATA TMP TYPE REF TO NAME.,src/abap/1_lexer/lexer.ts.Lexer.add:493,DATA t187 TYPE REF TO z_src_position_90002a97f25e1e. CLEAR t187. DATA t188 TYPE REF TO z_src_position_90002a97f25e1e.
2,180,93,TMP = TMP. | ENDIF.,src/abap/1_lexer/lexer.ts.Lexer.add:79,t11 = t13. ENDIF.
2,178,127,DATA(TMP) = CAST NAME( TMP ). | TMP = TMP->NAME.,src/abap/1_lexer/lexer.ts.Lexer.add:65,DATA(t8) = CAST z_src_abap_1_l_cca5bd2c711d39( t4 ). t7 = t8->z_member_raw_eb82124cb04f25.
2,148,88,TMP = TMP. | TMP = TMP.,src/abap/1_lexer/lexer.ts.Lexer.add:77,t13 = t9. t9 = t11.
2,135,78,ENDIF. | TMP = TMP.,src/abap/1_lexer/lexer.ts.Lexer.add:160,ENDIF. t1 = t2.
2,125,73,DATA(TMP) = VALUE ABAP_BOOL( ). | DATA(TMP) = VALUE ABAP_BOOL( ).,src/abap/1_lexer/lexer.ts.Lexer.add:234,DATA(t76) = VALUE abap_bool( ). DATA(t77) = VALUE abap_bool( ).
2,117,55,TMP = XSDBOOL( TMP = TMP ). | TMP = TMP.,src/abap/1_lexer/lexer.ts.Lexer.add:309,t105 = xsdbool( t106 = t107 ). t104 = t105.
2,113,65,DATA(TMP) = CAST NAME( TMP ). | TMP = TMP.,src/abap/1_lexer/lexer.ts.Lexer.add:525,DATA(t203) = CAST z_src_position_90002a97f25e1e( t187 ). t202 = t203.
2,109,56,TMP = TMP. | DATA TMP TYPE REF TO NAME.,src/abap/1_lexer/lexer.ts.Lexer.add:1393,t600 = t601. DATA t602 TYPE REF TO z_runtime_dyna_a429568d5be89e.
3,109,56,TMP = TMP. | DATA TMP TYPE REF TO NAME. | CLEAR TMP.,src/abap/1_lexer/lexer.ts.Lexer.add:1393,t600 = t601. DATA t602 TYPE REF TO z_runtime_dyna_a429568d5be89e. CLEAR t602.
2,106,80,DATA(TMP) = VALUE I( ). | DATA(TMP) = CAST NAME( TMP ).,src/abap/1_lexer/lexer.ts.Lexer.add:67,DATA(t9) = VALUE i( ). DATA(t10) = CAST z_src_abap_1_l_cca5bd2c711d39( t4 ).
2,93,34,TMP = TMP. | ELSE.,src/abap/1_lexer/lexer.ts.Lexer.add:258,t75 = t87. ELSE.
2,91,52,IF TMP = ABAP_TRUE. | DATA(TMP) = VALUE ABAP_BOOL( ).,src/abap/1_lexer/lexer.ts.Lexer.add:628,IF t251 = abap_true. DATA(t254) = VALUE abap_bool( ).
2,88,41,ENDIF. | ENDIF.,src/abap/1_lexer/lexer.ts.Lexer.add:337,ENDIF. ENDIF.
3,85,53,CLEAR TMP. | DATA(TMP) = CAST NAME( TMP ). | TMP = TMP.,src/abap/1_lexer/lexer.ts.Lexer.add:524,CLEAR t202. DATA(t203) = CAST z_src_position_90002a97f25e1e( t187 ). t202 = t203.
2,77,39,DATA TMP TYPE REF TO OBJECT. | CLEAR TMP.,src/abap/2_statements/combi.ts.Alternative.run:79,DATA t6 TYPE REF TO object. CLEAR t6.
2,77,44,TMP = TMP. | IF TMP = ABAP_TRUE.,src/abap/1_lexer/lexer.ts.Lexer.add:627,t250 = t251. IF t251 = abap_true.
2,76,45,DATA(TMP) = VALUE INT8( ). | DATA(TMP) = VALUE I( ).,src/abap/1_lexer/lexer.ts.Lexer.add:203,DATA(t58) = VALUE int8( ). DATA(t59) = VALUE i( ).
2,76,20,IF TMP = ABAP_TRUE. | DATA TMP TYPE REF TO NAME.,src/abap/1_lexer/lexer.ts.Lexer.add:515,IF t196 = abap_true. DATA t198 TYPE REF TO z_src_virtual__1d807b7e8348de.
3,76,20,IF TMP = ABAP_TRUE. | DATA TMP TYPE REF TO NAME. | CLEAR TMP.,src/abap/1_lexer/lexer.ts.Lexer.add:515,IF t196 = abap_true. DATA t198 TYPE REF TO z_src_virtual__1d807b7e8348de. CLEAR t198.
2,76,47,TMP = TMP. | DATA(TMP) = VALUE INT8( ).,src/abap/1_lexer/lexer.ts.Lexer.add:175,t40 = t41. DATA(t42) = VALUE int8( ).
2,74,5,RESULT = TMP. | RETURN.,src/abap/1_lexer/lexer_stream.ts.LexerStream.advance:140,result = t41. RETURN.
3,72,54,CLEAR TMP. | DATA(TMP) = CAST NAME( TMP ). | TMP = TMP->NAME.,src/abap/2_statements/combi.ts.Expression.run:110,CLEAR t34. DATA(t35) = CAST z_src_abap_2_s_b6c5f651b292e5( t29 ). t34 = t35->z_member_token_ed4bfabc8c4cec.
2,72,50,DATA(TMP) = VALUE ABAP_BOOL( ). | DATA(TMP) = CONV I( TMP ).,src/abap/1_lexer/lexer.ts.Lexer.add:216,DATA(t64) = VALUE abap_bool( ). DATA(t65) = CONV i( t52 ).
2,70,31,TMP = XSDBOOL( TMP = TMP ). | IF TMP = ABAP_TRUE.,src/abap/1_lexer/lexer.ts.Lexer.add:553,t213 = xsdbool( t214 = t215 ). IF t213 = abap_true.
2,69,42,DATA(TMP) = CAST NAME( TMP ). | DATA TMP TYPE REF TO NAME.,src/abap/2_statements/combi.ts.Alternative.run:98,DATA(t15) = CAST z_runtime_arra_c22708faf2e354( t2 ). DATA t16 TYPE REF TO z_src_abap_2_s_b6c5f651b292e5.
3,69,42,DATA(TMP) = CAST NAME( TMP ). | DATA TMP TYPE REF TO NAME. | CLEAR TMP.,src/abap/2_statements/combi.ts.Alternative.run:98,DATA(t15) = CAST z_runtime_arra_c22708faf2e354( t2 ). DATA t16 TYPE REF TO z_src_abap_2_s_b6c5f651b292e5. CLEAR t16.
3,69,42,TMP = TMP. | IF TMP = ABAP_TRUE. | DATA(TMP) = VALUE ABAP_BOOL( ).,src/abap/1_lexer/lexer.ts.Lexer.add:627,t250 = t251. IF t251 = abap_true. DATA(t254) = VALUE abap_bool( ).
3,68,43,TMP = TMP. | ENDIF. | TMP = TMP.,src/abap/1_lexer/lexer.ts.Lexer.add:298,t75 = t89. ENDIF. t69 = t75.
3,67,28,TMP = XSDBOOL( TMP = TMP ). | TMP = TMP. | ENDIF.,src/abap/1_lexer/lexer.ts.Lexer.add:315,t108 = xsdbool( t109 = t110 ). t104 = t108. ENDIF.
2,66,46,TMP = TMP->NAME. | TMP = TMP.,src/abap/1_lexer/lexer.ts.Lexer.add:178,t42 = t43->z_member_col_cdb3c3718bda2d. t39 = t42.
3,64,44,DATA(TMP) = CAST NAME( TMP ). | TMP = TMP->NAME. | TMP = TMP.,src/abap/1_lexer/lexer.ts.Lexer.add:177,DATA(t43) = CAST z_src_abap_1_l_4d08aedee14b5b( t40 ). t42 = t43->z_member_col_cdb3c3718bda2d. t39 = t42.
2,62,36,DATA(TMP) = VALUE INT8( ). | DATA(TMP) = VALUE INT8( ).,src/abap/1_lexer/lexer.ts.Lexer.add:170,DATA(t38) = VALUE int8( ). DATA(t39) = VALUE int8( ).
2,62,23,ELSE. | DATA(TMP) = VALUE ABAP_BOOL( ).,src/abap/1_lexer/lexer.ts.Lexer.add:561,ELSE. DATA(t220) = VALUE abap_bool( ).
2,59,28,TMP = TMP. | DATA(TMP) = VALUE ABAP_BOOL( ).,src/abap/1_lexer/lexer.ts.Lexer.add:161,t1 = t2. DATA(t33) = VALUE abap_bool( ).
2,57,39,DATA(TMP) = CONV I( NAME=>NAME ). | TMP = XSDBOOL( TMP = TMP ).,src/abap/1_lexer/lexer.ts.Lexer.add:308,DATA(t107) = CONV i( z_src_abap_1_l_9d1bf4ef0204bc=>z_member_ch_sp_1e1455ae5d77cb ). t105 = xsdbool( t106 = t107 ).
2,56,39,DATA(TMP) = CONV I( TMP ). | DATA(TMP) = CONV I( NAME=>NAME ).,src/abap/1_lexer/lexer.ts.Lexer.add:307,DATA(t106) = CONV i( t67 ). DATA(t107) = CONV i( z_src_abap_1_l_9d1bf4ef0204bc=>z_member_ch_sp_1e1455ae5d77cb ).
3,56,39,DATA(TMP) = VALUE ABAP_BOOL( ). | DATA(TMP) = CONV I( TMP ). | DATA(TMP) = CONV I( NAME=>NAME ).,src/abap/1_lexer/lexer.ts.Lexer.add:306,DATA(t105) = VALUE abap_bool( ). DATA(t106) = CONV i( t67 ). DATA(t107) = CONV i( z_src_abap_1_l_9d1bf4ef0204bc=>z_member_ch_sp_1e1455ae5d77cb ).
3,55,41,DATA(TMP) = VALUE I( ). | DATA(TMP) = CAST NAME( TMP ). | TMP = TMP->NAME.,src/abap/1_lexer/lexer.ts.Lexer.add:67,DATA(t9) = VALUE i( ). DATA(t10) = CAST z_src_abap_1_l_cca5bd2c711d39( t4 ). t9 = t10->z_member_start_4dd113ee116862.
2,55,25,ENDIF. | IF TMP = ABAP_TRUE.,src/abap/1_lexer/lexer.ts.Lexer.add:253,ENDIF. IF t76 = abap_true.
2,55,3,TMP = NEW NAME( NAME = TMP NAME = TMP ). | TMP = TMP.,src/abap/1_lexer/lexer.ts.Lexer.add:510,t188 = NEW z_src_position_90002a97f25e1e( z_param_row_56bae4ece65baf = t189 z_param_col_6e69bc5fb2ff80 = t190 ). t187 = t188.
3,53,24,TMP = TMP. | ENDIF. | IF TMP = ABAP_TRUE.,src/abap/1_lexer/lexer.ts.Lexer.add:252,t76 = t80. ENDIF. IF t76 = abap_true.
2,51,33,DATA(TMP) = CONV I( NAME=>NAME ). | TMP = TMP.,src/abap/1_lexer/lexer.ts.Lexer.add:256,DATA(t88) = CONV i( z_src_abap_1_l_947bbb88034ba0=>z_member_eof_9d9c0193bdc4f4 ). t87 = t88.
2,51,33,DATA(TMP) = VALUE INT8( ). | DATA(TMP) = CONV I( NAME=>NAME ).,src/abap/1_lexer/lexer.ts.Lexer.add:255,DATA(t87) = VALUE int8( ). DATA(t88) = CONV i( z_src_abap_1_l_947bbb88034ba0=>z_member_eof_9d9c0193bdc4f4 ).
3,51,33,DATA(TMP) = VALUE INT8( ). | DATA(TMP) = CONV I( NAME=>NAME ). | TMP = TMP.,src/abap/1_lexer/lexer.ts.Lexer.add:255,DATA(t87) = VALUE int8( ). DATA(t88) = CONV i( z_src_abap_1_l_947bbb88034ba0=>z_member_eof_9d9c0193bdc4f4 ). t87 = t88.
3,51,20,ENDIF. | ENDIF. | ENDIF.,src/abap/1_lexer/lexer.ts.Lexer.add:748,ENDIF. ENDIF. ENDIF.
3,50,34,DATA(TMP) = CONV I( NAME=>NAME ). | TMP = XSDBOOL( TMP = TMP ). | TMP = TMP.,src/abap/1_lexer/lexer.ts.Lexer.add:308,DATA(t107) = CONV i( z_src_abap_1_l_9d1bf4ef0204bc=>z_member_ch_sp_1e1455ae5d77cb ). t105 = xsdbool( t106 = t107 ). t104 = t105.
3,50,34,DATA(TMP) = CONV I( TMP ). | DATA(TMP) = CONV I( NAME=>NAME ). | TMP = XSDBOOL( TMP = TMP ).,src/abap/1_lexer/lexer.ts.Lexer.add:307,DATA(t106) = CONV i( t67 ). DATA(t107) = CONV i( z_src_abap_1_l_9d1bf4ef0204bc=>z_member_ch_sp_1e1455ae5d77cb ). t105 = xsdbool( t106 = t107 ).
2,49,31,DATA(TMP) = VALUE I( ). | DATA(TMP) = VALUE I( ).,src/abap/1_lexer/lexer.ts.Lexer.add:85,DATA(t15) = VALUE i( ). DATA(t16) = VALUE i( ).
2,48,8,CLEAR TMP. | CREATE OBJECT TMP.,src/abap/2_statements/combi.ts.Alternative.run:73,CLEAR t3. CREATE OBJECT t3.
3,48,8,DATA TMP TYPE REF TO NAME. | CLEAR TMP. | CREATE OBJECT TMP.,src/abap/2_statements/combi.ts.Alternative.run:72,DATA t3 TYPE REF TO z_runtime_arra_c22708faf2e354. CLEAR t3. CREATE OBJECT t3.
2,48,26,DATA TMP TYPE X LENGTH NUM. | CLEAR TMP.,src/abap/1_lexer/lexer.ts.Lexer.add:98,DATA t22 TYPE x LENGTH 1. CLEAR t22.
2,48,5,DATA(TMP) = VALUE ABAP_BOOL( ). | DATA(TMP) = CONV ABAP_BOOL( TMP ).,src/abap/1_lexer/lexer.ts.Lexer.add:659,DATA(t268) = VALUE abap_bool( ). DATA(t269) = CONV abap_bool( t118 ).
2,48,27,IF TMP < RANGE_INT8_BOUND_MIN OR TMP > RANGE_INT8_BOUND_MAX. | RAISE EXCEPTION TYPE CX_SY_ARITHMETIC_OVERFLOW.,src/abap/1_lexer/lexer.ts.Lexer.add:359,IF t127 < range_int8_bound_min OR t127 > range_int8_bound_max. RAISE EXCEPTION TYPE cx_sy_arithmetic_overflow.
3,48,27,IF TMP < RANGE_INT8_BOUND_MIN OR TMP > RANGE_INT8_BOUND_MAX. | RAISE EXCEPTION TYPE CX_SY_ARITHMETIC_OVERFLOW. | ENDIF.,src/abap/1_lexer/lexer.ts.Lexer.add:359,IF t127 < range_int8_bound_min OR t127 > range_int8_bound_max. RAISE EXCEPTION TYPE cx_sy_arithmetic_overflow. ENDIF.
2,48,27,RAISE EXCEPTION TYPE CX_SY_ARITHMETIC_OVERFLOW. | ENDIF.,src/abap/1_lexer/lexer.ts.Lexer.add:360,RAISE EXCEPTION TYPE cx_sy_arithmetic_overflow. ENDIF.
3,47,8,CLEAR TMP. | CREATE OBJECT TMP. | TMP = TMP.,src/abap/2_statements/combi.ts.Alternative.run:73,CLEAR t3. CREATE OBJECT t3. t2 = t3.
3,47,0,CLEAR TMP. | DATA(TMP) = CAST NAME( TMP ). | DATA(TMP) = CONV STRING( TMP ).,src/abap/1_lexer/lexer.ts.Lexer.add:556,CLEAR t217. DATA(t218) = CAST z_src_position_90002a97f25e1e( t187 ). DATA(t219) = CONV string( t1 ).
2,47,8,CREATE OBJECT TMP. | TMP = TMP.,src/abap/2_statements/combi.ts.Alternative.run:74,CREATE OBJECT t3. t2 = t3.
2,47,32,DATA(TMP) = CAST NAME( TMP ). | DATA(TMP) = CAST NAME( TMP ).,src/abap/2_statements/combi.ts.Alternative.run:87,DATA(t9) = CAST z_src_abap_2_s_e1e980746d06e1( t5 ). DATA(t10) = CAST z_runtime_arra_c22708faf2e354( t1 ).
2,47,0,DATA(TMP) = CAST NAME( TMP ). | DATA(TMP) = CONV STRING( TMP ).,src/abap/1_lexer/lexer.ts.Lexer.add:557,DATA(t218) = CAST z_src_position_90002a97f25e1e( t187 ). DATA(t219) = CONV string( t1 ).
3,47,0,DATA(TMP) = CAST NAME( TMP ). | DATA(TMP) = CONV STRING( TMP ). | TMP = NEW NAME( NAME = TMP NAME = TMP ).,src/abap/1_lexer/lexer.ts.Lexer.add:557,DATA(t218) = CAST z_src_position_90002a97f25e1e( t187 ). DATA(t219) = CONV string( t1 ). t217 = NEW z_src_abap_1_l_adf79c05e2d553( z_param_start_fb71be8754f59b = t218 z_param_str_b4492f271a40dd = t219 ).
2,47,0,DATA(TMP) = CONV STRING( TMP ). | TMP = NEW NAME( NAME = TMP NAME = TMP ).,src/abap/1_lexer/lexer.ts.Lexer.add:558,DATA(t219) = CONV string( t1 ). t217 = NEW z_src_abap_1_l_adf79c05e2d553( z_param_start_fb71be8754f59b = t218 z_param_str_b4492f271a40dd = t219 ).
3,47,0,DATA(TMP) = CONV STRING( TMP ). | TMP = NEW NAME( NAME = TMP NAME = TMP ). | TMP = TMP.,src/abap/1_lexer/lexer.ts.Lexer.add:558,DATA(t219) = CONV string( t1 ). t217 = NEW z_src_abap_1_l_adf79c05e2d553( z_param_start_fb71be8754f59b = t218 z_param_str_b4492f271a40dd = t219 ). t211 = t217.
3,46,26,DATA(TMP) = CAST NAME( TMP ). | TMP = TMP. | DATA TMP TYPE REF TO NAME.,src/abap/1_lexer/lexer.ts.Lexer.add:1392,DATA(t601) = CAST z_src_abap_1_l_506101b34e5cc0( t211 ). t600 = t601. DATA t602 TYPE REF TO z_runtime_dyna_a429568d5be89e.
2,46,5,DATA(TMP) = CONV ABAP_BOOL( ABAP_TRUE ). | TMP = XSDBOOL( TMP = TMP ).,src/abap/1_lexer/lexer.ts.Lexer.add:661,DATA(t270) = CONV abap_bool( abap_true ). t268 = xsdbool( t269 = t270 ).
2,43,2,DATA(TMP) = CONV ABAP_BOOL( TMP ). | DATA(TMP) = CONV ABAP_BOOL( ABAP_TRUE ).,src/abap/1_lexer/lexer.ts.Lexer.add:660,DATA(t269) = CONV abap_bool( t118 ). DATA(t270) = CONV abap_bool( abap_true ).
3,43,2,DATA(TMP) = CONV ABAP_BOOL( TMP ). | DATA(TMP) = CONV ABAP_BOOL( ABAP_TRUE ). | TMP = XSDBOOL( TMP = TMP ).,src/abap/1_lexer/lexer.ts.Lexer.add:660,DATA(t269) = CONV abap_bool( t118 ). DATA(t270) = CONV abap_bool( abap_true ). t268 = xsdbool( t269 = t270 ).
3,43,2,DATA(TMP) = VALUE ABAP_BOOL( ). | DATA(TMP) = CONV ABAP_BOOL( TMP ). | DATA(TMP) = CONV ABAP_BOOL( ABAP_TRUE ).,src/abap/1_lexer/lexer.ts.Lexer.add:659,DATA(t268) = VALUE abap_bool( ). DATA(t269) = CONV abap_bool( t118 ). DATA(t270) = CONV abap_bool( abap_true ).
3,43,25,DATA(TMP) = VALUE ABAP_BOOL( ). | DATA(TMP) = VALUE ABAP_BOOL( ). | DATA(TMP) = VALUE ABAP_BOOL( ).,src/abap/1_lexer/lexer.ts.Lexer.add:303,DATA(t102) = VALUE abap_bool( ). DATA(t103) = VALUE abap_bool( ). DATA(t104) = VALUE abap_bool( ).
2,42,32,DATA(TMP) = CAST NAME( TMP ). | TMP = LINES( TMP->ITEMS ).,src/abap/2_statements/combi.ts.Alternative.run:93,DATA(t13) = CAST z_runtime_arra_c22708faf2e354( t7 ). t12 = lines( t13->items ).
3,42,32,DATA(TMP) = VALUE I( ). | DATA(TMP) = CAST NAME( TMP ). | TMP = LINES( TMP->ITEMS ).,src/abap/2_statements/combi.ts.Alternative.run:92,DATA(t12) = VALUE i( ). DATA(t13) = CAST z_runtime_arra_c22708faf2e354( t7 ). t12 = lines( t13->items ).
2,42,24,DATA(TMP) = VALUE STRING( ). | DATA(TMP) = CAST NAME( TMP ).,src/abap/1_lexer/lexer.ts.Lexer.add:64,DATA(t7) = VALUE string( ). DATA(t8) = CAST z_src_abap_1_l_cca5bd2c711d39( t4 ).
3,42,3,TMP = NEW NAME( NAME = TMP NAME = TMP ). | TMP = TMP. | ELSE.,src/abap/1_lexer/lexer.ts.Lexer.add:559,t217 = NEW z_src_abap_1_l_adf79c05e2d553( z_param_start_fb71be8754f59b = t218 z_param_str_b4492f271a40dd = t219 ). t211 = t217. ELSE.
2,41,12,CLEAR TMP. | DATA(TMP) = CAST NAME( ME->NAME ).,src/abap/1_lexer/lexer.ts.Lexer.add:60,CLEAR t4. DATA(t5) = CAST z_src_abap_1_l_cca5bd2c711d39( me->z_member_buffe_50d854778a22d2 ).
3,41,12,DATA TMP TYPE REF TO NAME. | CLEAR TMP. | DATA(TMP) = CAST NAME( ME->NAME ).,src/abap/1_lexer/lexer.ts.Lexer.add:59,DATA t4 TYPE REF TO z_src_abap_1_l_cca5bd2c711d39. CLEAR t4. DATA(t5) = CAST z_src_abap_1_l_cca5bd2c711d39( me->z_member_buffe_50d854778a22d2 ).
2,40,19,CLEAR TMP. | TMP = TMP.,src/abap/1_lexer/lexer.ts.Lexer.add:546,CLEAR t212. t211 = t212.
2,39,12,CLEAR TMP. | DATA TMP TYPE REF TO OBJECT.,src/abap/2_statements/combi.ts.Alternative.run:78,CLEAR t5. DATA t6 TYPE REF TO object.
3,39,12,CLEAR TMP. | DATA TMP TYPE REF TO OBJECT. | CLEAR TMP.,src/abap/2_statements/combi.ts.Alternative.run:78,CLEAR t5. DATA t6 TYPE REF TO object. CLEAR t6.
2,39,12,CLEAR TMP. | LOOP AT TMP->ITEMS INTO TMP.,src/abap/2_statements/combi.ts.Alternative.run:80,CLEAR t6. LOOP AT t4->items INTO t6.
3,39,12,CLEAR TMP. | LOOP AT TMP->ITEMS INTO TMP. | TMP ?= TMP.,src/abap/2_statements/combi.ts.Alternative.run:80,CLEAR t6. LOOP AT t4->items INTO t6. t5 ?= t6.
3,39,12,DATA TMP TYPE REF TO NAME. | CLEAR TMP. | DATA TMP TYPE REF TO OBJECT.,src/abap/2_statements/combi.ts.Alternative.run:77,DATA t5 TYPE REF TO z_src_abap_2_s_e1e980746d06e1. CLEAR t5. DATA t6 TYPE REF TO object.
3,39,12,DATA TMP TYPE REF TO OBJECT. | CLEAR TMP. | LOOP AT TMP->ITEMS INTO TMP.,src/abap/2_statements/combi.ts.Alternative.run:79,DATA t6 TYPE REF TO object. CLEAR t6. LOOP AT t4->items INTO t6.
2,39,28,DATA(TMP) = VALUE ABAP_BOOL( ). | DATA(TMP) = VALUE I( ).,src/abap/1_lexer/lexer.ts.Lexer.add:162,DATA(t33) = VALUE abap_bool( ). DATA(t34) = VALUE i( ).
2,39,25,DATA(TMP) = VALUE INT8( ). | DATA TMP TYPE REF TO NAME.,src/abap/1_lexer/lexer.ts.Lexer.add:171,DATA(t39) = VALUE int8( ). DATA t40 TYPE REF TO z_src_abap_1_l_4d08aedee14b5b.
3,39,25,DATA(TMP) = VALUE INT8( ). | DATA TMP TYPE REF TO NAME. | CLEAR TMP.,src/abap/1_lexer/lexer.ts.Lexer.add:171,DATA(t39) = VALUE int8( ). DATA t40 TYPE REF TO z_src_abap_1_l_4d08aedee14b5b. CLEAR t40.
2,39,12,LOOP AT TMP->ITEMS INTO TMP. | TMP ?= TMP.,src/abap/2_statements/combi.ts.Alternative.run:81,LOOP AT t4->items INTO t6. t5 ?= t6.
2,39,12,TMP = TMP. | DATA(TMP) = CAST NAME( TMP ).,src/abap/1_lexer/lexer.ts.Lexer.add:1713,t740 = t741. DATA(t742) = CAST z_src_abap_1_l_cca5bd2c711d39( t740 ).
3,38,17,DATA TMP TYPE REF TO NAME. | CLEAR TMP. | TMP = TMP.,src/abap/1_lexer/lexer.ts.Lexer.add:545,DATA t212 TYPE REF TO z_src_abap_1_l_506101b34e5cc0. CLEAR t212. t211 = t212.
2,38,16,DATA(TMP) = CONV I( STRLEN( TMP ) ). | TMP = TMP.,src/abap/1_lexer/lexer.ts.Lexer.add:165,DATA(t36) = CONV i( strlen( t35 ) ). t34 = t36.
2,37,14,ELSE. | DATA TMP TYPE REF TO NAME.,src/abap/1_lexer/lexer.ts.Lexer.add:741,ELSE. DATA t306 TYPE REF TO z_src_abap_1_l_b22fdb51f8f4f0.
3,37,14,ELSE. | DATA TMP TYPE REF TO NAME. | CLEAR TMP.,src/abap/1_lexer/lexer.ts.Lexer.add:741,ELSE. DATA t306 TYPE REF TO z_src_abap_1_l_b22fdb51f8f4f0. CLEAR t306.
3,37,14,TMP = TMP. | ELSE. | DATA TMP TYPE REF TO NAME.,src/abap/1_lexer/lexer.ts.Lexer.add:740,t211 = t303. ELSE. DATA t306 TYPE REF TO z_src_abap_1_l_b22fdb51f8f4f0.
3,37,20,TMP = XSDBOOL( TMP = TMP ). | TMP = TMP. | IF TMP = ABAP_TRUE.,src/abap/1_lexer/lexer.ts.Lexer.add:626,t251 = xsdbool( t252 = t253 ). t250 = t251. IF t251 = abap_true.
3,36,7,TMP = TMP. | ELSE. | DATA(TMP) = VALUE ABAP_BOOL( ).,src/abap/1_lexer/lexer.ts.Lexer.add:560,t211 = t217. ELSE. DATA(t220) = VALUE abap_bool( ).
2,34,0,DATA(TMP) = CAST NAME( NAME ). | DATA TMP TYPE REF TO NAME.,src/abap/2_statements/combi.ts.Alternative.run:69,DATA(t1) = CAST z_runtime_arra_c22708faf2e354( z_param_r_f634cd02b53efc ). DATA t2 TYPE REF TO z_runtime_arra_c22708faf2e354.
3,34,0,DATA(TMP) = CAST NAME( NAME ). | DATA TMP TYPE REF TO NAME. | CLEAR TMP.,src/abap/2_statements/combi.ts.Alternative.run:69,DATA(t1) = CAST z_runtime_arra_c22708faf2e354( z_param_r_f634cd02b53efc ). DATA t2 TYPE REF TO z_runtime_arra_c22708faf2e354. CLEAR t2.
2,34,24,DATA(TMP) = VALUE I( ). | DATA(TMP) = VALUE STRING( ).,src/abap/1_lexer/lexer.ts.Lexer.add:90,DATA(t18) = VALUE i( ). DATA(t19) = VALUE string( ).
3,34,22,DATA(TMP) = VALUE STRING( ). | DATA(TMP) = CAST NAME( TMP ). | TMP = TMP->NAME.,src/abap/1_lexer/lexer.ts.Lexer.add:64,DATA(t7) = VALUE string( ). DATA(t8) = CAST z_src_abap_1_l_cca5bd2c711d39( t4 ). t7 = t8->z_member_raw_eb82124cb04f25.
3,34,23,ENDIF. | TMP = TMP. | TMP = TMP.,src/abap/1_lexer/lexer.ts.Lexer.add:296,ENDIF. t89 = t90. t75 = t89.
2,33,7,DATA(TMP) = CONV STRING( LIT ). | TMP = XSDBOOL( TMP = TMP ).,src/abap/1_lexer/lexer.ts.Lexer.add:625,DATA(t253) = CONV string( |\|| ). t251 = xsdbool( t252 = t253 ).
2,33,14,IF TMP = ABAP_FALSE. | DATA(TMP) = VALUE ABAP_BOOL( ).,src/abap/1_lexer/lexer.ts.Lexer.add:240,IF t77 = abap_false. DATA(t80) = VALUE abap_bool( ).
2,33,14,TMP = TMP. | IF TMP = ABAP_FALSE.,src/abap/1_lexer/lexer.ts.Lexer.add:239,t76 = t77. IF t77 = abap_false.
3,33,14,TMP = TMP. | IF TMP = ABAP_FALSE. | DATA(TMP) = VALUE ABAP_BOOL( ).,src/abap/1_lexer/lexer.ts.Lexer.add:239,t76 = t77. IF t77 = abap_false. DATA(t80) = VALUE abap_bool( ).
2,30,21,DATA(TMP) = CAST NAME( TMP ). | APPEND TMP TO TMP->ITEMS.,src/abap/2_statements/combi.ts.Alternative.run:117,DATA(t24) = CAST z_src_abap_2_s_b6c5f651b292e5( t21 ). APPEND t24 TO t23->items.
2,30,10,DATA(TMP) = CONV STRING( TMP ). | DATA(TMP) = CONV STRING( LIT ).,src/abap/1_lexer/lexer.ts.Lexer.add:624,DATA(t252) = CONV string( t236 ). DATA(t253) = CONV string( |\|| ).
3,30,20,ENDIF. | TMP = TMP. | IF TMP = ABAP_TRUE.,src/abap/1_lexer/lexer.ts.Lexer.add:656,ENDIF. t260 = t261. IF t261 = abap_true.
3,29,21,DATA(TMP) = CAST NAME( TMP ). | TMP = LINES( TMP->ITEMS ). | DATA(TMP) = CONV I( LIT ).,src/abap/2_statements/combi.ts.Alternative.run:93,DATA(t13) = CAST z_runtime_arra_c22708faf2e354( t7 ). t12 = lines( t13->items ). DATA(t14) = CONV i( '1' ).
2,29,16,DATA(TMP) = VALUE ABAP_BOOL( ). | DATA(TMP) = CAST NAME( TMP ).,src/abap/1_lexer/lexer.ts.Lexer.add:1399,DATA(t604) = VALUE abap_bool( ). DATA(t605) = CAST z_src_abap_1_l_506101b34e5cc0( t600 ).
2,29,10,DATA(TMP) = VALUE ABAP_BOOL( ). | DATA(TMP) = CONV STRING( TMP ).,src/abap/1_lexer/lexer.ts.Lexer.add:623,DATA(t251) = VALUE abap_bool( ). DATA(t252) = CONV string( t236 ).
3,29,10,DATA(TMP) = VALUE ABAP_BOOL( ). | DATA(TMP) = CONV STRING( TMP ). | DATA(TMP) = CONV STRING( LIT ).,src/abap/1_lexer/lexer.ts.Lexer.add:623,DATA(t251) = VALUE abap_bool( ). DATA(t252) = CONV string( t236 ). DATA(t253) = CONV string( |\|| ).
3,29,21,DATA(TMP) = VALUE INT8( ). | DATA(TMP) = VALUE I( ). | DATA(TMP) = CAST NAME( TMP ).,src/abap/1_lexer/lexer.ts.Lexer.add:203,DATA(t58) = VALUE int8( ). DATA(t59) = VALUE i( ). DATA(t60) = CAST z_src_abap_1_l_4d08aedee14b5b( t56 ).
2,29,21,IF TMP = ABAP_TRUE. | DATA(TMP) = CAST NAME( TMP ).,src/abap/1_lexer/lexer.ts.Lexer.process:1890,IF t67 = abap_true. DATA(t71) = CAST z_src_abap_1_l_cca5bd2c711d39( t53 ).
2,29,21,TMP = LINES( TMP->ITEMS ). | DATA(TMP) = CONV I( LIT ).,src/abap/2_statements/combi.ts.Alternative.run:94,t12 = lines( t13->items ). DATA(t14) = CONV i( '1' ).
2,28,13,IF TMP = ABAP_TRUE. | DATA(TMP) = VALUE INT8( ).,src/abap/1_lexer/lexer.ts.Lexer.add:169,IF t33 = abap_true. DATA(t38) = VALUE int8( ).
2,28,11,RAISE EXCEPTION TYPE CX_SY_RANGE_OUT_OF_BOUNDS. | ENDIF.,src/abap/1_lexer/lexer.ts.Lexer.add:268,RAISE EXCEPTION TYPE cx_sy_range_out_of_bounds. ENDIF.
3,27,19,DATA(TMP) = CAST NAME( TMP ). | DATA(TMP) = CAST NAME( TMP ). | APPEND TMP TO TMP->ITEMS.,src/abap/2_statements/combi.ts.Alternative.run:116,DATA(t23) = CAST z_runtime_arra_c22708faf2e354( t2 ). DATA(t24) = CAST z_src_abap_2_s_b6c5f651b292e5( t21 ). APPEND t24 TO t23->items.
2,27,19,DATA(TMP) = VALUE STRING( ). | DATA(TMP) = VALUE STRING( ).,src/abap/1_lexer/lexer.ts.Lexer.add:56,DATA(t1) = VALUE string( ). DATA(t2) = VALUE string( ).
2,26,13,CLEAR TMP. | DATA(TMP) = CONV ABAP_BOOL( ABAP_TRUE ).,src/abap/2_statements/combi.ts.Expression.run:62,CLEAR t11. DATA(t12) = CONV abap_bool( abap_true ).
3,26,13,CLEAR TMP. | DATA(TMP) = CONV ABAP_BOOL( ABAP_TRUE ). | IF TMP = ABAP_TRUE.,src/abap/2_statements/combi.ts.Expression.run:62,CLEAR t11. DATA(t12) = CONV abap_bool( abap_true ). IF t12 = abap_true.
3,26,13,CLEAR TMP. | TMP = TMP. | ENDIF.,src/abap/2_statements/combi.ts.Expression.run:69,CLEAR t14. t11 = t14. ENDIF.
3,26,13,DATA TMP TYPE REF TO NAME. | CLEAR TMP. | DATA(TMP) = CONV ABAP_BOOL( ABAP_TRUE ).,src/abap/2_statements/combi.ts.Expression.run:61,DATA t11 TYPE REF TO z_src_abap_2_s_e1e980746d06e1. CLEAR t11. DATA(t12) = CONV abap_bool( abap_true ).
2,26,13,DATA(TMP) = CONV ABAP_BOOL( ABAP_TRUE ). | IF TMP = ABAP_TRUE.,src/abap/2_statements/combi.ts.Expression.run:63,DATA(t12) = CONV abap_bool( abap_true ). IF t12 = abap_true.
3,26,13,IF TMP = ABAP_TRUE. | DATA(TMP) = VALUE INT8( ). | DATA(TMP) = CONV I( NAME=>NAME ).,src/abap/1_lexer/lexer.ts.Lexer.add:254,IF t76 = abap_true. DATA(t87) = VALUE int8( ). DATA(t88) = CONV i( z_src_abap_1_l_947bbb88034ba0=>z_member_eof_9d9c0193bdc4f4 ).
3,26,18,RAISE EXCEPTION TYPE CX_SY_ARITHMETIC_OVERFLOW. | ENDIF. | TMP = TMP.,src/abap/1_lexer/lexer.ts.Lexer.add:360,RAISE EXCEPTION TYPE cx_sy_arithmetic_overflow. ENDIF. t126 = t127.
3,26,16,TMP = TMP. | TMP = TMP. | TMP = TMP.,src/abap/1_lexer/lexer.ts.Lexer.add:77,t13 = t9. t9 = t11. t11 = t13.
2,25,13,DATA TMP TYPE C LENGTH NUM. | CLEAR TMP.,src/abap/1_lexer/lexer.ts.Lexer.add:95,DATA t20 TYPE c LENGTH 1. CLEAR t20.
3,25,15,DATA(TMP) = CAST NAME( TMP ). | TMP = TMP->NAME. | DATA(TMP) = VALUE I( ).,src/abap/1_lexer/lexer.ts.Lexer.add:65,DATA(t8) = CAST z_src_abap_1_l_cca5bd2c711d39( t4 ). t7 = t8->z_member_raw_eb82124cb04f25. DATA(t9) = VALUE i( ).
3,25,20,DATA(TMP) = VALUE ABAP_BOOL( ). | DATA(TMP) = VALUE I( ). | DATA(TMP) = CAST NAME( TMP ).,src/abap/1_lexer/lexer.ts.Lexer.process:1783,DATA(t24) = VALUE abap_bool( ). DATA(t25) = VALUE i( ). DATA(t26) = CAST z_src_abap_1_l_4d08aedee14b5b( t21 ).
3,25,17,DATA(TMP) = VALUE INT8( ). | DATA(TMP) = VALUE INT8( ). | DATA(TMP) = VALUE I( ).,src/abap/1_lexer/lexer.ts.Lexer.add:351,DATA(t127) = VALUE int8( ). DATA(t128) = VALUE int8( ). DATA(t129) = VALUE i( ).
3,25,15,IF TMP = ABAP_TRUE. | DATA(TMP) = VALUE ABAP_BOOL( ). | DATA(TMP) = VALUE ABAP_BOOL( ).,src/abap/1_lexer/lexer.ts.Lexer.add:802,IF t325 = abap_true. DATA(t330) = VALUE abap_bool( ). DATA(t331) = VALUE abap_bool( ).
2,25,15,TMP = TMP->NAME. | DATA(TMP) = VALUE I( ).,src/abap/1_lexer/lexer.ts.Lexer.add:66,t7 = t8->z_member_raw_eb82124cb04f25. DATA(t9) = VALUE i( ).
2,24,13,CLEAR TMP. | DATA TMP TYPE X LENGTH NUM.,src/abap/1_lexer/lexer.ts.Lexer.add:99,CLEAR t22. DATA t23 TYPE x LENGTH 1.
3,24,13,CLEAR TMP. | DATA TMP TYPE X LENGTH NUM. | CLEAR TMP.,src/abap/1_lexer/lexer.ts.Lexer.add:99,CLEAR t22. DATA t23 TYPE x LENGTH 1. CLEAR t23.
2,24,13,CLEAR TMP. | DATA(TMP) = VALUE I( ).,src/abap/1_lexer/lexer.ts.Lexer.add:101,CLEAR t23. DATA(t24) = VALUE i( ).
3,24,13,CLEAR TMP. | DATA(TMP) = VALUE I( ). | TMP = TMP.,src/abap/1_lexer/lexer.ts.Lexer.add:101,CLEAR t23. DATA(t24) = VALUE i( ). t20 = t19.
2,24,13,CLEAR TMP. | DATA(TMP) = VALUE XSTRING( ).,src/abap/1_lexer/lexer.ts.Lexer.add:96,CLEAR t20. DATA(t21) = VALUE xstring( ).
3,24,13,CLEAR TMP. | DATA(TMP) = VALUE XSTRING( ). | DATA TMP TYPE X LENGTH NUM.,src/abap/1_lexer/lexer.ts.Lexer.add:96,CLEAR t20. DATA(t21) = VALUE xstring( ). DATA t22 TYPE x LENGTH 1.
3,24,13,DATA TMP TYPE C LENGTH NUM. | CLEAR TMP. | DATA(TMP) = VALUE XSTRING( ).,src/abap/1_lexer/lexer.ts.Lexer.add:95,DATA t20 TYPE c LENGTH 1. CLEAR t20. DATA(t21) = VALUE xstring( ).
3,24,13,DATA TMP TYPE X LENGTH NUM. | CLEAR TMP. | DATA TMP TYPE X LENGTH NUM.,src/abap/1_lexer/lexer.ts.Lexer.add:98,DATA t22 TYPE x LENGTH 1. CLEAR t22. DATA t23 TYPE x LENGTH 1.
3,24,13,DATA TMP TYPE X LENGTH NUM. | CLEAR TMP. | DATA(TMP) = VALUE I( ).,src/abap/1_lexer/lexer.ts.Lexer.add:100,DATA t23 TYPE x LENGTH 1. CLEAR t23. DATA(t24) = VALUE i( ).
3,24,5,DATA(TMP) = CONV ABAP_BOOL( ABAP_TRUE ). | TMP = XSDBOOL( TMP = TMP ). | IF TMP = ABAP_TRUE.,src/abap/1_lexer/lexer.ts.Lexer.add:852,DATA(t355) = CONV abap_bool( abap_true ). t353 = xsdbool( t354 = t355 ). IF t353 = abap_true.
2,24,13,DATA(TMP) = VALUE I( ). | TMP = TMP.,src/abap/1_lexer/lexer.ts.Lexer.add:102,DATA(t24) = VALUE i( ). t20 = t19.
3,24,13,DATA(TMP) = VALUE I( ). | TMP = TMP. | TMP = CL_ABAP_CONV_OUT_CE=>UCCPI( TMP ).,src/abap/1_lexer/lexer.ts.Lexer.add:102,DATA(t24) = VALUE i( ). t20 = t19. t17 = cl_abap_conv_out_ce=>uccpi( t20 ).
2,24,13,DATA(TMP) = VALUE XSTRING( ). | DATA TMP TYPE X LENGTH NUM.,src/abap/1_lexer/lexer.ts.Lexer.add:97,DATA(t21) = VALUE xstring( ). DATA t22 TYPE x LENGTH 1.
3,24,13,DATA(TMP) = VALUE XSTRING( ). | DATA TMP TYPE X LENGTH NUM. | CLEAR TMP.,src/abap/1_lexer/lexer.ts.Lexer.add:97,DATA(t21) = VALUE xstring( ). DATA t22 TYPE x LENGTH 1. CLEAR t22.
2,24,13,ENDIF. | NAME->CONVERT( EXPORTING DATA = TMP IMPORTING BUFFER = TMP ).,src/abap/1_lexer/lexer.ts.Lexer.add:108,ENDIF. z_builtin_code_3bfe63ca77b3f7->convert( EXPORTING data = t19 IMPORTING buffer = t21 ).
3,24,13,ENDIF. | NAME->CONVERT( EXPORTING DATA = TMP IMPORTING BUFFER = TMP ). | TMP = TMP(NUM).,src/abap/1_lexer/lexer.ts.Lexer.add:108,ENDIF. z_builtin_code_3bfe63ca77b3f7->convert( EXPORTING data = t19 IMPORTING buffer = t21 ). t22 = t21(1).
2,24,13,IF NAME IS NOT BOUND. | NAME = CL_ABAP_CONV_OUT_CE=>CREATE( ENCODING = LIT ).,src/abap/1_lexer/lexer.ts.Lexer.add:106,IF z_builtin_code_3bfe63ca77b3f7 IS NOT BOUND. z_builtin_code_3bfe63ca77b3f7 = cl_abap_conv_out_ce=>create( encoding = '4103' ).
3,24,13,IF NAME IS NOT BOUND. | NAME = CL_ABAP_CONV_OUT_CE=>CREATE( ENCODING = LIT ). | ENDIF.,src/abap/1_lexer/lexer.ts.Lexer.add:106,IF z_builtin_code_3bfe63ca77b3f7 IS NOT BOUND. z_builtin_code_3bfe63ca77b3f7 = cl_abap_conv_out_ce=>create( encoding = '4103' ). ENDIF.
2,24,13,IF TMP >= NUM. | IF NAME IS NOT BOUND.,src/abap/1_lexer/lexer.ts.Lexer.add:105,IF t17 >= 255. IF z_builtin_code_3bfe63ca77b3f7 IS NOT BOUND.
3,24,13,IF TMP >= NUM. | IF NAME IS NOT BOUND. | NAME = CL_ABAP_CONV_OUT_CE=>CREATE( ENCODING = LIT ).,src/abap/1_lexer/lexer.ts.Lexer.add:105,IF t17 >= 255. IF z_builtin_code_3bfe63ca77b3f7 IS NOT BOUND. z_builtin_code_3bfe63ca77b3f7 = cl_abap_conv_out_ce=>create( encoding = '4103' ).
2,24,13,NAME = CL_ABAP_CONV_OUT_CE=>CREATE( ENCODING = LIT ). | ENDIF.,src/abap/1_lexer/lexer.ts.Lexer.add:107,z_builtin_code_3bfe63ca77b3f7 = cl_abap_conv_out_ce=>create( encoding = '4103' ). ENDIF.
3,24,13,NAME = CL_ABAP_CONV_OUT_CE=>CREATE( ENCODING = LIT ). | ENDIF. | NAME->CONVERT( EXPORTING DATA = TMP IMPORTING BUFFER = TMP ).,src/abap/1_lexer/lexer.ts.Lexer.add:107,z_builtin_code_3bfe63ca77b3f7 = cl_abap_conv_out_ce=>create( encoding = '4103' ). ENDIF. z_builtin_code_3bfe63ca77b3f7->convert( EXPORTING data = t19 IMPORTING buffer = t21 ).
2,24,13,NAME->CONVERT( EXPORTING DATA = TMP IMPORTING BUFFER = TMP ). | TMP = TMP(NUM).,src/abap/1_lexer/lexer.ts.Lexer.add:109,z_builtin_code_3bfe63ca77b3f7->convert( EXPORTING data = t19 IMPORTING buffer = t21 ). t22 = t21(1).
3,24,13,NAME->CONVERT( EXPORTING DATA = TMP IMPORTING BUFFER = TMP ). | TMP = TMP(NUM). | TMP = TMP+NUM(NUM).,src/abap/1_lexer/lexer.ts.Lexer.add:109,z_builtin_code_3bfe63ca77b3f7->convert( EXPORTING data = t19 IMPORTING buffer = t21 ). t22 = t21(1). t23 = t21+1(1).
2,24,13,TMP = CL_ABAP_CONV_OUT_CE=>UCCPI( TMP ). | IF TMP >= NUM.,src/abap/1_lexer/lexer.ts.Lexer.add:104,t17 = cl_abap_conv_out_ce=>uccpi( t20 ). IF t17 >= 255.
3,24,13,TMP = CL_ABAP_CONV_OUT_CE=>UCCPI( TMP ). | IF TMP >= NUM. | IF NAME IS NOT BOUND.,src/abap/1_lexer/lexer.ts.Lexer.add:104,t17 = cl_abap_conv_out_ce=>uccpi( t20 ). IF t17 >= 255. IF z_builtin_code_3bfe63ca77b3f7 IS NOT BOUND.
2,24,13,TMP = TMP + TMP * NUM. | ENDIF.,src/abap/1_lexer/lexer.ts.Lexer.add:114,t17 = t17 + t24 * 256. ENDIF.
2,24,10,TMP = TMP + TMP. | IF TMP < RANGE_INT8_BOUND_MIN OR TMP > RANGE_INT8_BOUND_MAX.,src/abap/1_lexer/lexer.ts.Lexer.add:358,t127 = t128 + t131. IF t127 < range_int8_bound_min OR t127 > range_int8_bound_max.
3,24,10,TMP = TMP + TMP. | IF TMP < RANGE_INT8_BOUND_MIN OR TMP > RANGE_INT8_BOUND_MAX. | RAISE EXCEPTION TYPE CX_SY_ARITHMETIC_OVERFLOW.,src/abap/1_lexer/lexer.ts.Lexer.add:358,t127 = t128 + t131. IF t127 < range_int8_bound_min OR t127 > range_int8_bound_max. RAISE EXCEPTION TYPE cx_sy_arithmetic_overflow.
2,24,17,TMP = TMP - TMP. | IF TMP < RANGE_INT8_BOUND_MIN OR TMP > RANGE_INT8_BOUND_MAX.,src/abap/1_lexer/lexer.ts.Lexer.add:506,t190 = t191 - t192. IF t190 < range_int8_bound_min OR t190 > range_int8_bound_max.
3,24,17,TMP = TMP - TMP. | IF TMP < RANGE_INT8_BOUND_MIN OR TMP > RANGE_INT8_BOUND_MAX. | RAISE EXCEPTION TYPE CX_SY_ARITHMETIC_OVERFLOW.,src/abap/1_lexer/lexer.ts.Lexer.add:506,t190 = t191 - t192. IF t190 < range_int8_bound_min OR t190 > range_int8_bound_max. RAISE EXCEPTION TYPE cx_sy_arithmetic_overflow.
2,24,13,TMP = TMP(NUM). | TMP = TMP+NUM(NUM).,src/abap/1_lexer/lexer.ts.Lexer.add:110,t22 = t21(1). t23 = t21+1(1).
3,24,13,TMP = TMP(NUM). | TMP = TMP+NUM(NUM). | TMP = TMP.,src/abap/1_lexer/lexer.ts.Lexer.add:110,t22 = t21(1). t23 = t21+1(1). t17 = t22.
2,24,13,TMP = TMP+NUM(NUM). | TMP = TMP.,src/abap/1_lexer/lexer.ts.Lexer.add:111,t23 = t21+1(1). t17 = t22.
3,24,13,TMP = TMP+NUM(NUM). | TMP = TMP. | TMP = TMP.,src/abap/1_lexer/lexer.ts.Lexer.add:111,t23 = t21+1(1). t17 = t22. t24 = t23.
2,24,13,TMP = TMP. | TMP = CL_ABAP_CONV_OUT_CE=>UCCPI( TMP ).,src/abap/1_lexer/lexer.ts.Lexer.add:103,t20 = t19. t17 = cl_abap_conv_out_ce=>uccpi( t20 ).
3,24,13,TMP = TMP. | TMP = CL_ABAP_CONV_OUT_CE=>UCCPI( TMP ). | IF TMP >= NUM.,src/abap/1_lexer/lexer.ts.Lexer.add:103,t20 = t19. t17 = cl_abap_conv_out_ce=>uccpi( t20 ). IF t17 >= 255.
2,24,13,TMP = TMP. | TMP = TMP + TMP * NUM.,src/abap/1_lexer/lexer.ts.Lexer.add:113,t24 = t23. t17 = t17 + t24 * 256.
3,24,13,TMP = TMP. | TMP = TMP + TMP * NUM. | ENDIF.,src/abap/1_lexer/lexer.ts.Lexer.add:113,t24 = t23. t17 = t17 + t24 * 256. ENDIF.
3,24,13,TMP = TMP. | TMP = TMP. | TMP = TMP + TMP * NUM.,src/abap/1_lexer/lexer.ts.Lexer.add:112,t17 = t22. t24 = t23. t17 = t17 + t24 * 256.
3,24,3,TMP = XSDBOOL( TMP = TMP ). | IF TMP = ABAP_TRUE. | DATA TMP TYPE REF TO NAME.,src/abap/1_lexer/lexer.ts.Lexer.add:553,t213 = xsdbool( t214 = t215 ). IF t213 = abap_true. DATA t217 TYPE REF TO z_src_abap_1_l_adf79c05e2d553.
3,23,7,CLEAR TMP. | DATA(TMP) = CAST NAME( ME->NAME ). | TMP = TMP.,src/abap/1_lexer/lexer.ts.Lexer.add:60,CLEAR t4. DATA(t5) = CAST z_src_abap_1_l_cca5bd2c711d39( me->z_member_buffe_50d854778a22d2 ). t4 = t5.
2,23,7,DATA(TMP) = CAST NAME( ME->NAME ). | TMP = TMP.,src/abap/1_lexer/lexer.ts.Lexer.add:61,DATA(t5) = CAST z_src_abap_1_l_cca5bd2c711d39( me->z_member_buffe_50d854778a22d2 ). t4 = t5.
2,23,0,DATA(TMP) = CAST NAME( TMP ). | RESULT = TMP.,src/abap/2_statements/combi.ts.Alternative.run:126,DATA(t27) = CAST z_runtime_arra_c22708faf2e354( t2 ). result = t27.
3,23,0,DATA(TMP) = CAST NAME( TMP ). | RESULT = TMP. | RETURN.,src/abap/2_statements/combi.ts.Alternative.run:126,DATA(t27) = CAST z_runtime_arra_c22708faf2e354( t2 ). result = t27. RETURN.
2,23,9,DATA(TMP) = CONV I( STRLEN( TMP ) ). | IF TMP < NUM OR TMP >= TMP.,src/abap/1_lexer/lexer.ts.Lexer.add:271,DATA(t95) = CONV i( strlen( t91 ) ). IF t93 < 0 OR t93 >= t95.
2,23,10,DATA(TMP) = CONV INT8( NUM ). | TMP = TMP + TMP.,src/abap/1_lexer/lexer.ts.Lexer.add:357,DATA(t131) = CONV int8( 1 ). t127 = t128 + t131.
3,23,10,DATA(TMP) = CONV INT8( NUM ). | TMP = TMP + TMP. | IF TMP < RANGE_INT8_BOUND_MIN OR TMP > RANGE_INT8_BOUND_MAX.,src/abap/1_lexer/lexer.ts.Lexer.add:357,DATA(t131) = CONV int8( 1 ). t127 = t128 + t131. IF t127 < range_int8_bound_min OR t127 > range_int8_bound_max.
3,23,4,DATA(TMP) = CONV STRING( TMP ). | DATA(TMP) = CONV STRING( LIT ). | TMP = XSDBOOL( TMP = TMP ).,src/abap/1_lexer/lexer.ts.Lexer.add:624,DATA(t252) = CONV string( t236 ). DATA(t253) = CONV string( |\|| ). t251 = xsdbool( t252 = t253 ).
3,23,17,ELSE. | DATA(TMP) = VALUE ABAP_BOOL( ). | DATA(TMP) = VALUE ABAP_BOOL( ).,src/abap/1_lexer/lexer.ts.Lexer.add:561,ELSE. DATA(t220) = VALUE abap_bool( ). DATA(t221) = VALUE abap_bool( ).
2,23,11,ENDIF. | DATA TMP TYPE REF TO NAME.,src/abap/1_lexer/lexer.ts.Lexer.add:492,ENDIF. DATA t187 TYPE REF TO z_src_position_90002a97f25e1e.
3,23,11,ENDIF. | DATA TMP TYPE REF TO NAME. | CLEAR TMP.,src/abap/1_lexer/lexer.ts.Lexer.add:492,ENDIF. DATA t187 TYPE REF TO z_src_position_90002a97f25e1e. CLEAR t187.
3,23,5,ENDIF. | IF TMP = ABAP_TRUE. | DATA TMP TYPE REF TO NAME.,src/abap/1_lexer/lexer.ts.Lexer.add:578,ENDIF. IF t220 = abap_true. DATA t229 TYPE REF TO z_src_abap_1_l_f51ac735c1e69b.
2,23,17,TMP = TMP + NUM. | DATA TMP TYPE REF TO OBJECT.,src/abap/2_statements/combi.ts.Permutation.run:112,t17 = t17 + 1. DATA t18 TYPE REF TO object.
3,23,17,TMP = TMP + NUM. | DATA TMP TYPE REF TO OBJECT. | CLEAR TMP.,src/abap/2_statements/combi.ts.Permutation.run:112,t17 = t17 + 1. DATA t18 TYPE REF TO object. CLEAR t18.
3,23,14,TMP = TMP. | DATA(TMP) = VALUE INT8( ). | DATA(TMP) = VALUE INT8( ).,src/abap/1_lexer/lexer.ts.Lexer.add:180,t38 = t39. DATA(t44) = VALUE int8( ). DATA(t45) = VALUE int8( ).
3,22,0,DATA(TMP) = CONV ABAP_BOOL( ABAP_TRUE ). | TMP = XSDBOOL( TMP = TMP ). | TMP = TMP.,src/abap/1_lexer/lexer.ts.Lexer.add:661,DATA(t270) = CONV abap_bool( abap_true ). t268 = xsdbool( t269 = t270 ). t260 = t268.
3,22,14,DATA(TMP) = VALUE I( ). | DATA(TMP) = VALUE STRING( ). | DATA(TMP) = CAST NAME( TMP ).,src/abap/1_lexer/lexer.ts.Lexer.add:244,DATA(t83) = VALUE i( ). DATA(t84) = VALUE string( ). DATA(t85) = CAST z_src_abap_1_l_4d08aedee14b5b( t70 ).
2,22,22,EXIT. | ENDIF.,src/abap/1_lexer/lexer.ts.Lexer.add:119,EXIT. ENDIF.
2,22,16,TMP = LINES( TMP->ITEMS ). | TMP = TMP.,src/abap/2_statements/combi.ts.Alternative.run:122,t25 = lines( t26->items ). t19 = t25.
3,22,8,TMP = TMP. | DATA(TMP) = CAST NAME( TMP ). | DATA TMP TYPE REF TO NAME.,src/abap/2_statements/combi.ts.Expression.run:91,t18 = t19. DATA(t23) = CAST z_runtime_arra_c22708faf2e354( t18 ). DATA t24 TYPE REF TO z_src_abap_2_s_b6c5f651b292e5.
2,21,12,TMP = TMP. | DATA(TMP) = CONV INT8( NUM ).,src/abap/1_lexer/lexer.ts.Lexer.add:356,t128 = t129. DATA(t131) = CONV int8( 1 ).
3,21,17,TMP = TMP. | DATA(TMP) = VALUE INT8( ). | DATA(TMP) = VALUE I( ).,src/abap/1_lexer/lexer.ts.Lexer.add:202,t56 = t57. DATA(t58) = VALUE int8( ). DATA(t59) = VALUE i( ).
3,21,15,TMP = TMP. | TMP = TMP. | ENDIF.,src/abap/1_lexer/lexer.ts.Lexer.add:78,t9 = t11. t11 = t13. ENDIF.
2,20,14,CLEAR TMP. | READ TABLE TMP->ITEMS INDEX TMP INTO TMP.,src/abap/2_statements/combi.ts.Permutation.run:114,CLEAR t18. READ TABLE t16->items INDEX t17 INTO t18.
3,20,14,CLEAR TMP. | READ TABLE TMP->ITEMS INDEX TMP INTO TMP. | TMP ?= TMP.,src/abap/2_statements/combi.ts.Permutation.run:114,CLEAR t18. READ TABLE t16->items INDEX t17 INTO t18. t15 ?= t18.
3,20,14,DATA TMP TYPE REF TO OBJECT. | CLEAR TMP. | READ TABLE TMP->ITEMS INDEX TMP INTO TMP.,src/abap/2_statements/combi.ts.Permutation.run:113,DATA t18 TYPE REF TO object. CLEAR t18. READ TABLE t16->items INDEX t17 INTO t18.
3,20,16,DATA(TMP) = CAST NAME( TMP ). | TMP = TMP. | DATA(TMP) = VALUE INT8( ).,src/abap/1_lexer/lexer.ts.Lexer.add:525,DATA(t203) = CAST z_src_position_90002a97f25e1e( t187 ). t202 = t203. DATA(t204) = VALUE int8( ).
3,20,9,DATA(TMP) = CONV I( STRLEN( TMP ) ). | IF TMP < NUM OR TMP >= TMP. | RAISE EXCEPTION TYPE CX_SY_RANGE_OUT_OF_BOUNDS.,src/abap/1_lexer/lexer.ts.Lexer.add:271,DATA(t95) = CONV i( strlen( t91 ) ). IF t93 < 0 OR t93 >= t95. RAISE EXCEPTION TYPE cx_sy_range_out_of_bounds.
3,20,3,DATA(TMP) = CONV STRING( LIT ). | TMP = XSDBOOL( TMP = TMP ). | TMP = TMP.,src/abap/1_lexer/lexer.ts.Lexer.add:625,DATA(t253) = CONV string( |\|| ). t251 = xsdbool( t252 = t253 ). t250 = t251.
2,20,9,DATA(TMP) = CONV STRING( TMP+TMP(NUM) ). | DATA TMP TYPE C LENGTH NUM.,src/abap/1_lexer/lexer.ts.Lexer.add:275,DATA(t96) = CONV string( t91+t93(1) ). DATA t97 TYPE c LENGTH 1.
3,20,9,DATA(TMP) = CONV STRING( TMP+TMP(NUM) ). | DATA TMP TYPE C LENGTH NUM. | CLEAR TMP.,src/abap/1_lexer/lexer.ts.Lexer.add:275,DATA(t96) = CONV string( t91+t93(1) ). DATA t97 TYPE c LENGTH 1. CLEAR t97.
2,20,9,ENDIF. | DATA(TMP) = CONV STRING( TMP+TMP(NUM) ).,src/abap/1_lexer/lexer.ts.Lexer.add:274,ENDIF. DATA(t96) = CONV string( t91+t93(1) ).
3,20,9,ENDIF. | DATA(TMP) = CONV STRING( TMP+TMP(NUM) ). | DATA TMP TYPE C LENGTH NUM.,src/abap/1_lexer/lexer.ts.Lexer.add:274,ENDIF. DATA(t96) = CONV string( t91+t93(1) ). DATA t97 TYPE c LENGTH 1.
2,20,9,IF TMP < NUM OR TMP >= TMP. | RAISE EXCEPTION TYPE CX_SY_RANGE_OUT_OF_BOUNDS.,src/abap/1_lexer/lexer.ts.Lexer.add:272,IF t93 < 0 OR t93 >= t95. RAISE EXCEPTION TYPE cx_sy_range_out_of_bounds.
3,20,9,IF TMP < NUM OR TMP >= TMP. | RAISE EXCEPTION TYPE CX_SY_RANGE_OUT_OF_BOUNDS. | ENDIF.,src/abap/1_lexer/lexer.ts.Lexer.add:272,IF t93 < 0 OR t93 >= t95. RAISE EXCEPTION TYPE cx_sy_range_out_of_bounds. ENDIF.
3,20,7,IF TMP = ABAP_FALSE. | DATA(TMP) = VALUE ABAP_BOOL( ). | DATA(TMP) = CONV I( TMP ).,src/abap/1_lexer/lexer.ts.Lexer.add:311,IF t105 = abap_false. DATA(t108) = VALUE abap_bool( ). DATA(t109) = CONV i( t67 ).
3,20,9,RAISE EXCEPTION TYPE CX_SY_RANGE_OUT_OF_BOUNDS. | ENDIF. | DATA(TMP) = CONV STRING( TMP+TMP(NUM) ).,src/abap/1_lexer/lexer.ts.Lexer.add:273,RAISE EXCEPTION TYPE cx_sy_range_out_of_bounds. ENDIF. DATA(t96) = CONV string( t91+t93(1) ).
2,20,14,READ TABLE TMP->ITEMS INDEX TMP INTO TMP. | TMP ?= TMP.,src/abap/2_statements/combi.ts.Permutation.run:115,READ TABLE t16->items INDEX t17 INTO t18. t15 ?= t18.
3,20,9,TMP = TMP + TMP * NUM. | ENDIF. | TMP = TMP.,src/abap/1_lexer/lexer.ts.Lexer.add:295,t90 = t90 + t101 * 256. ENDIF. t89 = t90.
2,20,13,TMP = TMP. | TMP = TMP - TMP.,src/abap/1_lexer/lexer.ts.Lexer.add:213,t61 = t63. t53 = t54 - t61.
3,20,13,TMP = TMP. | TMP = TMP. | ELSE.,src/abap/1_lexer/lexer.ts.Lexer.add:257,t87 = t88. t75 = t87. ELSE.
2,20,20,TMP ?= TMP. | DATA(TMP) = CAST NAME( TMP ).,src/abap/2_statements/combi.ts.Alternative.run:115,t21 ?= t22. DATA(t23) = CAST z_runtime_arra_c22708faf2e354( t2 ).
2,20,12,TMP ?= TMP. | TMP = TMP.,src/abap/2_statements/combi.ts.Regex.run:112,t24 ?= t29. t21 = t24.
3,19,5,CREATE OBJECT TMP. | TMP = TMP. | DATA TMP TYPE REF TO NAME.,src/abap/2_statements/combi.ts.Optional.run_one:127,CREATE OBJECT t3. t2 = t3. DATA t4 TYPE REF TO z_src_abap_2_s_b6c5f651b292e5.
2,19,12,DATA(TMP) = CONV I( LIT ). | TMP = XSDBOOL( TMP = TMP ).,src/abap/1_lexer/lexer.ts.Lexer.add:800,DATA(t329) = CONV i( '1' ). t325 = xsdbool( t326 = t329 ).
2,19,14,DATA(TMP) = CONV I( TMP ). | DATA(TMP) = CONV I( LIT ).,src/abap/1_lexer/lexer.ts.Lexer.add:217,DATA(t65) = CONV i( t52 ). DATA(t66) = CONV i( '0' ).
3,19,14,DATA(TMP) = VALUE ABAP_BOOL( ). | DATA(TMP) = VALUE ABAP_BOOL( ). | DATA(TMP) = CONV I( TMP ).,src/abap/1_lexer/lexer.ts.Lexer.add:305,DATA(t104) = VALUE abap_bool( ). DATA(t105) = VALUE abap_bool( ). DATA(t106) = CONV i( t67 ).
3,19,11,DATA(TMP) = VALUE INT8( ). | DATA(TMP) = VALUE I( ). | DATA(TMP) = VALUE STRING( ).,src/abap/1_lexer/lexer.ts.Lexer.add:243,DATA(t82) = VALUE int8( ). DATA(t83) = VALUE i( ). DATA(t84) = VALUE string( ).
3,19,1,ELSE. | DATA(TMP) = VALUE ABAP_BOOL( ). | DATA(TMP) = CONV ABAP_BOOL( TMP ).,src/abap/1_lexer/lexer.ts.Lexer.add:849,ELSE. DATA(t353) = VALUE abap_bool( ). DATA(t354) = CONV abap_bool( t50 ).
2,19,13,ELSE. | DATA(TMP) = VALUE INT8( ).,src/abap/1_lexer/lexer.ts.Lexer.add:259,ELSE. DATA(t89) = VALUE int8( ).
2,19,3,ENDIF. | ENDLOOP.,src/abap/2_statements/combi.ts.Alternative.run:124,ENDIF. ENDLOOP.
3,19,5,RESULT = TMP. | RETURN. | ENDIF.,src/abap/1_lexer/lexer_stream.ts.LexerStream.advance:140,result = t41. RETURN. ENDIF.
2,19,5,RETURN. | ENDIF.,src/abap/1_lexer/lexer_stream.ts.LexerStream.advance:141,RETURN. ENDIF.
2,19,14,TMP = TMP. | DATA(TMP) = VALUE STRING( ).,src/abap/1_lexer/lexer.ts.Lexer.add:62,t4 = t5. DATA(t6) = VALUE string( ).
3,18,1,CREATE OBJECT TMP. | TMP = TMP. | DATA(TMP) = CAST NAME( TMP ).,src/abap/2_statements/combi.ts.Alternative.run_one:297,CREATE OBJECT t5. t4 = t5. DATA(t6) = CAST z_runtime_arra_c22708faf2e354( t4 ).
2,18,10,DATA(TMP) = VALUE ABAP_BOOL( ). | DATA TMP TYPE REF TO NAME.,src/abap/1_lexer/lexer.ts.Lexer.add:1389,DATA(t599) = VALUE abap_bool( ). DATA t600 TYPE REF TO z_src_abap_1_l_506101b34e5cc0.
3,18,10,DATA(TMP) = VALUE ABAP_BOOL( ). | DATA TMP TYPE REF TO NAME. | CLEAR TMP.,src/abap/1_lexer/lexer.ts.Lexer.add:1389,DATA(t599) = VALUE abap_bool( ). DATA t600 TYPE REF TO z_src_abap_1_l_506101b34e5cc0. CLEAR t600.
2,18,10,DATA(TMP) = VALUE I( ). | DATA(TMP) = VALUE INT8( ).,src/abap/1_lexer/lexer.ts.Lexer.add:197,DATA(t54) = VALUE i( ). DATA(t55) = VALUE int8( ).
2,18,0,ENDLOOP. | DATA(TMP) = CAST NAME( TMP ).,src/abap/2_statements/combi.ts.Alternative.run:125,ENDLOOP. DATA(t27) = CAST z_runtime_arra_c22708faf2e354( t2 ).
3,18,9,LOOP AT TMP->ITEMS INTO TMP. | TMP ?= TMP. | DATA(TMP) = CAST NAME( TMP ).,src/abap/2_statements/combi.ts.Alternative.run:114,LOOP AT t20->items INTO t22. t21 ?= t22. DATA(t23) = CAST z_runtime_arra_c22708faf2e354( t2 ).
2,18,13,TMP = TMP->NAME( NAME = TMP ). | TMP = TMP.,src/abap/1_lexer/lexer.ts.Lexer.process:2718,t408 = t409->z_member_count_aef1818d79c2bf( z_param_char_da5c30c615561e = t410 ). t373 = t408.
2,18,10,TMP = TMP. | DATA(TMP) = CONV I( STRLEN( TMP ) ).,src/abap/1_lexer/lexer.ts.Lexer.add:83,t3 = t6. DATA(t14) = CONV i( strlen( t3 ) ).
3,18,4,TMP = TMP. | ENDIF. | ENDIF.,src/abap/1_lexer/lexer.ts.Lexer.add:336,t50 = t117. ENDIF. ENDIF.
3,18,13,TMP = TMP. | TMP = TMP - TMP. | IF TMP < RANGE_INT8_BOUND_MIN OR TMP > RANGE_INT8_BOUND_MAX.,src/abap/1_lexer/lexer.ts.Lexer.add:505,t192 = t193. t190 = t191 - t192. IF t190 < range_int8_bound_min OR t190 > range_int8_bound_max.
3,18,6,TMP = XSDBOOL( TMP = TMP ). | IF TMP = ABAP_TRUE. | DATA(TMP) = VALUE ABAP_BOOL( ).,src/abap/1_lexer/lexer.ts.Lexer.add:801,t325 = xsdbool( t326 = t329 ). IF t325 = abap_true. DATA(t330) = VALUE abap_bool( ).
2,17,9,APPEND TMP TO TMP->ITEMS. | ENDLOOP.,src/abap/2_statements/combi.ts.Alternative.run:118,APPEND t24 TO t23->items. ENDLOOP.
2,17,0,DATA RANGE_INT8_BOUND_MAX TYPE INT8. | RANGE_INT8_BOUND_MIN = -NUM.,src/abap/1_lexer/lexer.ts.Lexer.add:45,DATA range_int8_bound_max TYPE int8. range_int8_bound_min = -9007199.
3,17,0,DATA RANGE_INT8_BOUND_MAX TYPE INT8. | RANGE_INT8_BOUND_MIN = -NUM. | RANGE_INT8_BOUND_MIN = RANGE_INT8_BOUND_MIN * NUM.,src/abap/1_lexer/lexer.ts.Lexer.add:45,DATA range_int8_bound_max TYPE int8. range_int8_bound_min = -9007199. range_int8_bound_min = range_int8_bound_min * 1000000000.
2,17,0,DATA RANGE_INT8_BOUND_MIN TYPE INT8. | DATA RANGE_INT8_BOUND_MAX TYPE INT8.,src/abap/1_lexer/lexer.ts.Lexer.add:44,DATA range_int8_bound_min TYPE int8. DATA range_int8_bound_max TYPE int8.
3,17,0,DATA RANGE_INT8_BOUND_MIN TYPE INT8. | DATA RANGE_INT8_BOUND_MAX TYPE INT8. | RANGE_INT8_BOUND_MIN = -NUM.,src/abap/1_lexer/lexer.ts.Lexer.add:44,DATA range_int8_bound_min TYPE int8. DATA range_int8_bound_max TYPE int8. range_int8_bound_min = -9007199.
2,17,11,DATA(TMP) = CONV I( LIT ). | TMP = TMP - TMP.,src/abap/1_lexer/lexer.ts.Lexer.add:613,DATA(t248) = CONV i( '1' ). t244 = t245 - t248.
3,17,11,DATA(TMP) = CONV I( NAME=>NAME ). | TMP = TMP. | TMP = TMP.,src/abap/1_lexer/lexer.ts.Lexer.add:256,DATA(t88) = CONV i( z_src_abap_1_l_947bbb88034ba0=>z_member_eof_9d9c0193bdc4f4 ). t87 = t88. t75 = t87.
2,17,11,DATA(TMP) = VALUE INT8( ). | DATA(TMP) = VALUE ABAP_BOOL( ).,src/abap/1_lexer/lexer.ts.Lexer.add:233,DATA(t75) = VALUE int8( ). DATA(t76) = VALUE abap_bool( ).
2,17,9,DATA(TMP) = VALUE STRING( ). | DATA(TMP) = CONV STRING( TMP ).,src/abap/1_lexer/lexer.ts.Lexer.add:595,DATA(t237) = VALUE string( ). DATA(t238) = CONV string( t1 ).
2,17,9,ENDIF. | DATA(TMP) = VALUE ABAP_BOOL( ).,src/abap/1_lexer/lexer.ts.Lexer.add:338,ENDIF. DATA(t118) = VALUE abap_bool( ).
2,17,17,IF TMP = ABAP_TRUE. | ME->NAME( ).,src/abap/1_lexer/lexer.ts.Lexer.process:2102,IF t158 = abap_true. me->z_member_add_51c1bb18694a11( ).
2,17,0,RANGE_INT8_BOUND_MAX = NUM. | RANGE_INT8_BOUND_MAX = RANGE_INT8_BOUND_MAX * NUM.,src/abap/1_lexer/lexer.ts.Lexer.add:49,range_int8_bound_max = 9007199. range_int8_bound_max = range_int8_bound_max * 1000000000.
3,17,0,RANGE_INT8_BOUND_MAX = NUM. | RANGE_INT8_BOUND_MAX = RANGE_INT8_BOUND_MAX * NUM. | RANGE_INT8_BOUND_MAX = RANGE_INT8_BOUND_MAX + NUM.,src/abap/1_lexer/lexer.ts.Lexer.add:49,range_int8_bound_max = 9007199. range_int8_bound_max = range_int8_bound_max * 1000000000. range_int8_bound_max = range_int8_bound_max + 254740991.
2,17,0,RANGE_INT8_BOUND_MAX = RANGE_INT8_BOUND_MAX * NUM. | RANGE_INT8_BOUND_MAX = RANGE_INT8_BOUND_MAX + NUM.,src/abap/1_lexer/lexer.ts.Lexer.add:50,range_int8_bound_max = range_int8_bound_max * 1000000000. range_int8_bound_max = range_int8_bound_max + 254740991.
2,17,0,RANGE_INT8_BOUND_MIN = -NUM. | RANGE_INT8_BOUND_MIN = RANGE_INT8_BOUND_MIN * NUM.,src/abap/1_lexer/lexer.ts.Lexer.add:46,range_int8_bound_min = -9007199. range_int8_bound_min = range_int8_bound_min * 1000000000.
3,17,0,RANGE_INT8_BOUND_MIN = -NUM. | RANGE_INT8_BOUND_MIN = RANGE_INT8_BOUND_MIN * NUM. | RANGE_INT8_BOUND_MIN = RANGE_INT8_BOUND_MIN - NUM.,src/abap/1_lexer/lexer.ts.Lexer.add:46,range_int8_bound_min = -9007199. range_int8_bound_min = range_int8_bound_min * 1000000000. range_int8_bound_min = range_int8_bound_min - 254740991.
2,17,0,RANGE_INT8_BOUND_MIN = RANGE_INT8_BOUND_MIN * NUM. | RANGE_INT8_BOUND_MIN = RANGE_INT8_BOUND_MIN - NUM.,src/abap/1_lexer/lexer.ts.Lexer.add:47,range_int8_bound_min = range_int8_bound_min * 1000000000. range_int8_bound_min = range_int8_bound_min - 254740991.
3,17,0,RANGE_INT8_BOUND_MIN = RANGE_INT8_BOUND_MIN * NUM. | RANGE_INT8_BOUND_MIN = RANGE_INT8_BOUND_MIN - NUM. | RANGE_INT8_BOUND_MAX = NUM.,src/abap/1_lexer/lexer.ts.Lexer.add:47,range_int8_bound_min = range_int8_bound_min * 1000000000. range_int8_bound_min = range_int8_bound_min - 254740991. range_int8_bound_max = 9007199.
2,17,0,RANGE_INT8_BOUND_MIN = RANGE_INT8_BOUND_MIN - NUM. | RANGE_INT8_BOUND_MAX = NUM.,src/abap/1_lexer/lexer.ts.Lexer.add:48,range_int8_bound_min = range_int8_bound_min - 254740991. range_int8_bound_max = 9007199.
3,17,0,RANGE_INT8_BOUND_MIN = RANGE_INT8_BOUND_MIN - NUM. | RANGE_INT8_BOUND_MAX = NUM. | RANGE_INT8_BOUND_MAX = RANGE_INT8_BOUND_MAX * NUM.,src/abap/1_lexer/lexer.ts.Lexer.add:48,range_int8_bound_min = range_int8_bound_min - 254740991. range_int8_bound_max = 9007199. range_int8_bound_max = range_int8_bound_max * 1000000000.
2,17,10,TMP = ABAP_TRUE. | ENDIF.,src/abap/1_lexer/lexer.ts.Lexer.add:1402,t604 = abap_true. ENDIF.
3,17,6,TMP = TMP. | DATA(TMP) = VALUE ABAP_BOOL( ). | DATA(TMP) = VALUE ABAP_BOOL( ).,src/abap/1_lexer/lexer.ts.Lexer.add:302,t67 = t68. DATA(t102) = VALUE abap_bool( ). DATA(t103) = VALUE abap_bool( ).
3,17,11,TMP = TMP. | ELSE. | DATA(TMP) = VALUE INT8( ).,src/abap/1_lexer/lexer.ts.Lexer.add:258,t75 = t87. ELSE. DATA(t89) = VALUE int8( ).
3,16,5,DATA(TMP) = CAST NAME( ME->NAME ). | TMP = TMP. | DATA(TMP) = VALUE INT8( ).,src/abap/1_lexer/lexer.ts.Lexer.add:174,DATA(t41) = CAST z_src_abap_1_l_4d08aedee14b5b( me->z_member_strea_a7723f2d8ee36b ). t40 = t41. DATA(t42) = VALUE int8( ).
2,16,12,DATA(TMP) = CAST NAME( TMP ). | TMP = TMP->NAME( NAME = TMP ).,src/abap/2_statements/combi.ts.Alternative.run:88,DATA(t10) = CAST z_runtime_arra_c22708faf2e354( t1 ). t8 = t9->z_member_run_71be1bca84374a( z_param_r_f634cd02b53efc = t10 ).
3,16,11,DATA(TMP) = CONV I( LIT ). | TMP = XSDBOOL( TMP = TMP ). | IF TMP = ABAP_TRUE.,src/abap/1_lexer/lexer.ts.Lexer.add:800,DATA(t329) = CONV i( '1' ). t325 = xsdbool( t326 = t329 ). IF t325 = abap_true.
2,16,6,DATA(TMP) = VALUE ABAP_BOOL( ). | DATA(TMP) = CONV INT8( TMP ).,src/abap/1_lexer/lexer.ts.Lexer.add:235,DATA(t77) = VALUE abap_bool( ). DATA(t78) = CONV int8( t72 ).
2,16,8,DATA(TMP) = VALUE ABAP_BOOL( ). | DATA(TMP) = VALUE STRING( ).,src/abap/1_lexer/lexer.ts.Lexer.add:763,DATA(t315) = VALUE abap_bool( ). DATA(t316) = VALUE string( ).
3,16,3,IF TMP = ABAP_TRUE. | DATA(TMP) = VALUE ABAP_BOOL( ). | DATA(TMP) = CONV ABAP_BOOL( TMP ).,src/abap/1_lexer/lexer.ts.Lexer.add:658,IF t261 = abap_true. DATA(t268) = VALUE abap_bool( ). DATA(t269) = CONV abap_bool( t118 ).
3,16,11,READ TABLE TMP->ITEMS INDEX TMP INTO TMP. | TMP ?= TMP. | TMP = TMP.,src/abap/2_statements/combi.ts.Regex.run:111,READ TABLE t25->items INDEX t27 INTO t29. t24 ?= t29. t21 = t24.
2,16,10,TMP = TMP->NAME. | DATA TMP TYPE REF TO NAME.,src/abap/2_statements/statement_parser.ts.StatementParser.categorize:1220,t4 = t5->z_member_state_9163ed41d98ddd. DATA t6 TYPE REF TO z_src_abap_nod_e445d254902ced.
3,16,10,TMP = TMP->NAME. | DATA TMP TYPE REF TO NAME. | CLEAR TMP.,src/abap/2_statements/statement_parser.ts.StatementParser.categorize:1220,t4 = t5->z_member_state_9163ed41d98ddd. DATA t6 TYPE REF TO z_src_abap_nod_e445d254902ced. CLEAR t6.
2,16,0,TMP = TMP. | RESULT = TMP.,src/abap/1_lexer/lexer_stream.ts.LexerStream.charCodeAt:506,t12 = t13. result = t12.
3,16,0,TMP = TMP. | RESULT = TMP. | RETURN.,src/abap/1_lexer/lexer_stream.ts.LexerStream.charCodeAt:506,t12 = t13. result = t12. RETURN.
2,15,4,DATA(TMP) = CONV STRING( TMP ). | DATA(TMP) = CONV I( STRLEN( TMP ) ).,src/abap/1_lexer/lexer.ts.Lexer.add:164,DATA(t35) = CONV string( t1 ). DATA(t36) = CONV i( strlen( t35 ) ).
3,15,4,DATA(TMP) = CONV STRING( TMP ). | DATA(TMP) = CONV I( STRLEN( TMP ) ). | TMP = TMP.,src/abap/1_lexer/lexer.ts.Lexer.add:164,DATA(t35) = CONV string( t1 ). DATA(t36) = CONV i( strlen( t35 ) ). t34 = t36.
2,15,13,DATA(TMP) = VALUE ABAP_BOOL( ). | DATA(TMP) = VALUE INT8( ).,src/abap/1_lexer/lexer.ts.Lexer.process:2082,DATA(t158) = VALUE abap_bool( ). DATA(t159) = VALUE int8( ).
3,15,12,DATA(TMP) = VALUE I( ). | DATA(TMP) = VALUE I( ). | DATA(TMP) = CAST NAME( TMP ).,src/abap/1_lexer/lexer.ts.Lexer.process:2369,DATA(t269) = VALUE i( ). DATA(t270) = VALUE i( ). DATA(t271) = CAST z_src_abap_1_l_4d08aedee14b5b( t265 ).
3,15,9,DATA(TMP) = VALUE I( ). | DATA(TMP) = VALUE INT8( ). | DATA TMP TYPE REF TO NAME.,src/abap/1_lexer/lexer.ts.Lexer.add:197,DATA(t54) = VALUE i( ). DATA(t55) = VALUE int8( ). DATA t56 TYPE REF TO z_src_abap_1_l_4d08aedee14b5b.
2,15,8,DATA(TMP) = VALUE INT8( ). | DATA(TMP) = CAST NAME( TMP ).,src/abap/1_lexer/lexer.ts.Lexer.add:176,DATA(t42) = VALUE int8( ). DATA(t43) = CAST z_src_abap_1_l_4d08aedee14b5b( t40 ).
3,15,8,DATA(TMP) = VALUE INT8( ). | DATA(TMP) = CAST NAME( TMP ). | TMP = TMP->NAME.,src/abap/1_lexer/lexer.ts.Lexer.add:176,DATA(t42) = VALUE int8( ). DATA(t43) = CAST z_src_abap_1_l_4d08aedee14b5b( t40 ). t42 = t43->z_member_col_cdb3c3718bda2d.
2,15,11,DATA(TMP) = VALUE STRING( ). | DATA TMP TYPE REF TO NAME.,src/abap/1_lexer/lexer.ts.Lexer.add:58,DATA(t3) = VALUE string( ). DATA t4 TYPE REF TO z_src_abap_1_l_cca5bd2c711d39.
3,15,11,DATA(TMP) = VALUE STRING( ). | DATA TMP TYPE REF TO NAME. | CLEAR TMP.,src/abap/1_lexer/lexer.ts.Lexer.add:58,DATA(t3) = VALUE string( ). DATA t4 TYPE REF TO z_src_abap_1_l_cca5bd2c711d39. CLEAR t4.
2,15,5,ENDIF. | DATA(TMP) = VALUE INT8( ).,src/abap/1_lexer/lexer.ts.Lexer.process:3060,ENDIF. DATA(t549) = VALUE int8( ).
3,15,11,IF TMP = ABAP_TRUE. | DATA(TMP) = CAST NAME( TMP ). | DATA TMP TYPE REF TO NAME.,src/abap/2_statements/combi.ts.Alternative.run:97,IF t11 = abap_true. DATA(t15) = CAST z_runtime_arra_c22708faf2e354( t2 ). DATA t16 TYPE REF TO z_src_abap_2_s_b6c5f651b292e5.
3,15,9,TMP = TMP->NAME. | DATA(TMP) = VALUE I( ). | DATA(TMP) = CAST NAME( TMP ).,src/abap/1_lexer/lexer.ts.Lexer.add:66,t7 = t8->z_member_raw_eb82124cb04f25. DATA(t9) = VALUE i( ). DATA(t10) = CAST z_src_abap_1_l_cca5bd2c711d39( t4 ).
2,15,3,TMP = TMP. | DATA(TMP) = VALUE I( ).,src/abap/1_lexer/lexer.ts.Lexer.add:88,t16 = t14. DATA(t17) = VALUE i( ).
3,14,9,DATA(TMP) = VALUE ABAP_BOOL( ). | DATA(TMP) = VALUE ABAP_BOOL( ). | DATA(TMP) = CONV STRING( TMP ).,src/abap/1_lexer/lexer.ts.Lexer.add:622,DATA(t250) = VALUE abap_bool( ). DATA(t251) = VALUE abap_bool( ). DATA(t252) = CONV string( t236 ).
3,14,9,ELSE. | DATA(TMP) = VALUE INT8( ). | DATA(TMP) = VALUE I( ).,src/abap/1_lexer/lexer.ts.Lexer.add:259,ELSE. DATA(t89) = VALUE int8( ). DATA(t90) = VALUE i( ).
2,14,7,ENDIF. | DATA(TMP) = CAST NAME( TMP ).,src/abap/1_lexer/lexer.ts.Lexer.process:1908,ENDIF. DATA(t80) = CAST z_src_abap_1_l_cca5bd2c711d39( t53 ).
3,14,14,IF TMP = ABAP_TRUE. | DATA(TMP) = VALUE ABAP_BOOL( ). | DATA(TMP) = CONV I( TMP ).,src/abap/1_lexer/lexer.ts.Lexer.process:2153,IF t182 = abap_true. DATA(t185) = VALUE abap_bool( ). DATA(t186) = CONV i( t119 ).
3,14,8,TMP = TMP. | TMP = TMP. | DATA(TMP) = VALUE ABAP_BOOL( ).,src/abap/1_lexer/lexer.ts.Lexer.add:190,t45 = t48. t44 = t45. DATA(t50) = VALUE abap_bool( ).
2,14,8,TMP = TMP. | TMP = XSDBOOL( TMP = TMP ).,src/abap/1_lexer/lexer.ts.Lexer.add:552,t215 = t216. t213 = xsdbool( t214 = t215 ).
2,13,3,APPEND TMP TO TMP->ITEMS. | DATA(TMP) = CAST NAME( TMP ).,src/abap/2_statements/combi.ts.Alternative.run_one:301,APPEND t7 TO t6->items. DATA(t8) = CAST z_runtime_arra_c22708faf2e354( t4 ).
3,13,10,CLEAR TMP. | DATA(TMP) = CAST NAME( TMP ). | DATA(TMP) = CAST NAME( TMP ).,src/abap/2_statements/combi.ts.Alternative.run:86,CLEAR t8. DATA(t9) = CAST z_src_abap_2_s_e1e980746d06e1( t5 ). DATA(t10) = CAST z_runtime_arra_c22708faf2e354( t1 ).
2,13,9,DATA(TMP) = CAST NAME( TMP ). | TMP = TMP->NAME( ).,src/abap/2_statements/statement_parser.ts.StatementParser.categorizeStatement:1266,DATA(t14) = CAST z_src_abap_nod_e445d254902ced( t1 ). t13 = t14->z_member_getla_9ba4a247c38ea9( ).
3,13,10,DATA(TMP) = CAST NAME( TMP ). | TMP = TMP->NAME. | DATA TMP TYPE REF TO NAME.,src/abap/2_statements/statement_parser.ts.StatementParser.categorize:1219,DATA(t5) = CAST z_src_abap_2_s_4c81ce49a22dce( t1 ). t4 = t5->z_member_state_9163ed41d98ddd. DATA t6 TYPE REF TO z_src_abap_nod_e445d254902ced.
3,13,8,DATA(TMP) = CAST NAME( TMP ). | TMP = TMP->NAME. | DATA(TMP) = CONV I( STRLEN( TMP ) ).,src/abap/1_lexer/lexer.ts.Lexer.add:71,DATA(t12) = CAST z_src_abap_1_l_cca5bd2c711d39( t4 ). t11 = t12->z_member_end_3f10c552cfc0e2. DATA(t13) = CONV i( strlen( t7 ) ).
3,13,5,DATA(TMP) = CONV ABAP_BOOL( ABAP_TRUE ). | IF TMP = ABAP_TRUE. | DATA TMP TYPE REF TO NAME.,src/abap/2_statements/combi.ts.Regex.run:164,DATA(t55) = CONV abap_bool( abap_true ). IF t55 = abap_true. DATA t56 TYPE REF TO z_src_abap_2_s_c435ad477cf33f.
2,13,8,DATA(TMP) = CONV INT8( ME->NAME ). | DATA(TMP) = VALUE INT8( ).,src/abap/1_lexer/lexer.ts.Lexer.add:549,DATA(t214) = CONV int8( me->z_member_m_db4a69995aff75 ). DATA(t215) = VALUE int8( ).
3,13,8,DATA(TMP) = CONV INT8( ME->NAME ). | DATA(TMP) = VALUE INT8( ). | DATA(TMP) = CONV I( NAME=>NAME ).,src/abap/1_lexer/lexer.ts.Lexer.add:549,DATA(t214) = CONV int8( me->z_member_m_db4a69995aff75 ). DATA(t215) = VALUE int8( ). DATA(t216) = CONV i( z_src_abap_1_l_9d1bf4ef0204bc=>z_member_modec_3310fc8aa5a0a5 ).
3,13,4,DATA(TMP) = CONV STRING( LIT ). | TMP = XSDBOOL( TMP = TMP ). | IF TMP = ABAP_TRUE.,src/abap/1_lexer/lexer.ts.Lexer.add:826,DATA(t342) = CONV string( |[| ). t340 = xsdbool( t341 = t342 ). IF t340 = abap_true.
2,13,8,DATA(TMP) = VALUE ABAP_BOOL( ). | DATA(TMP) = CONV INT8( ME->NAME ).,src/abap/1_lexer/lexer.ts.Lexer.add:548,DATA(t213) = VALUE abap_bool( ). DATA(t214) = CONV int8( me->z_member_m_db4a69995aff75 ).
3,13,8,DATA(TMP) = VALUE ABAP_BOOL( ). | DATA(TMP) = CONV INT8( ME->NAME ). | DATA(TMP) = VALUE INT8( ).,src/abap/1_lexer/lexer.ts.Lexer.add:548,DATA(t213) = VALUE abap_bool( ). DATA(t214) = CONV int8( me->z_member_m_db4a69995aff75 ). DATA(t215) = VALUE int8( ).
2,13,10,DATA(TMP) = VALUE I( ). | DATA TMP TYPE REF TO NAME.,src/abap/2_statements/combi.ts.Expression.run:108,DATA(t33) = VALUE i( ). DATA t34 TYPE REF TO z_runtime_arra_c22708faf2e354.
3,13,10,DATA(TMP) = VALUE I( ). | DATA TMP TYPE REF TO NAME. | CLEAR TMP.,src/abap/2_statements/combi.ts.Expression.run:108,DATA(t33) = VALUE i( ). DATA t34 TYPE REF TO z_runtime_arra_c22708faf2e354. CLEAR t34.
2,13,0,DATA(TMP) = VALUE I( ). | DATA(TMP) = CONV STRING( ME->NAME ).,src/abap/1_lexer/lexer_stream.ts.LexerStream.advance:62,DATA(t12) = VALUE i( ). DATA(t13) = CONV string( me->z_member_raw_eb82124cb04f25 ).
3,13,6,DATA(TMP) = VALUE INT8( ). | DATA(TMP) = VALUE INT8( ). | DATA(TMP) = VALUE INT8( ).,src/abap/1_lexer/lexer.ts.Lexer.add:349,DATA(t125) = VALUE int8( ). DATA(t126) = VALUE int8( ). DATA(t127) = VALUE int8( ).
3,13,3,ENDIF. | TMP = TMP. | IF TMP = ABAP_FALSE.,src/abap/1_lexer/lexer.ts.Lexer.add:317,ENDIF. t103 = t104. IF t104 = abap_false.
3,13,10,TMP = LINES( TMP->ITEMS ). | DATA(TMP) = CONV I( LIT ). | TMP = XSDBOOL( TMP = TMP ).,src/abap/2_statements/combi.ts.Alternative.run:94,t12 = lines( t13->items ). DATA(t14) = CONV i( '1' ). t11 = xsdbool( t12 = t14 ).
2,13,8,TMP = TMP->NAME. | DATA(TMP) = CONV I( STRLEN( TMP ) ).,src/abap/1_lexer/lexer.ts.Lexer.add:72,t11 = t12->z_member_end_3f10c552cfc0e2. DATA(t13) = CONV i( strlen( t7 ) ).
3,13,11,TMP = TMP->NAME. | TMP = TMP. | TMP = TMP - TMP.,src/abap/1_lexer/lexer.ts.Lexer.process:2519,t332 = t333->z_member_start_4dd113ee116862. t331 = t332. t327 = t328 - t331.
2,13,4,TMP = TMP. | TMP = XSDBOOL( TMP >= TMP ).,src/abap/1_lexer/lexer.ts.Lexer.add:250,t82 = t83. t80 = xsdbool( t81 >= t82 ).
3,13,7,TMP = XSDBOOL( TMP = TMP ). | TMP = TMP. | IF TMP = ABAP_FALSE.,src/abap/1_lexer/lexer.ts.Lexer.add:309,t105 = xsdbool( t106 = t107 ). t104 = t105. IF t105 = abap_false.
3,12,3,APPEND TMP TO TMP->ITEMS. | DATA(TMP) = CAST NAME( TMP ). | TMP = TMP.,src/abap/2_statements/combi.ts.Alternative.run_one:301,APPEND t7 TO t6->items. DATA(t8) = CAST z_runtime_arra_c22708faf2e354( t4 ). t3 = t8.
2,12,8,APPEND TMP TO TMP->ITEMS. | ENDIF.,src/abap/1_lexer/lexer.ts.Lexer.add:1708,APPEND t738 TO t737->items. ENDIF.
3,12,8,CLEAR TMP. | DATA(TMP) = CAST NAME( TMP ). | DATA TMP TYPE REF TO NAME.,src/abap/2_statements/combi.ts.Regex.run:167,CLEAR t56. DATA(t57) = CAST z_union_667199_4cf1d0543504ab( t43 ). DATA t58 TYPE REF TO z_src_abap_2_s_c435ad477cf33f.
3,12,8,CLEAR TMP. | DATA(TMP) = CAST NAME( TMP ). | DATA TMP TYPE REF TO OBJECT.,src/abap/2_statements/combi.ts.Alternative.run:100,CLEAR t16. DATA(t17) = CAST z_runtime_arra_c22708faf2e354( t7 ). DATA t18 TYPE REF TO object.
2,12,8,CLEAR TMP. | DATA(TMP) = NEW NAME( ).,src/abap/2_statements/statement_parser.ts.StatementParser.categorizeStatement:1295,CLEAR t27. DATA(t28) = NEW z_src_abap_2_s_22c45e442b8391( ).
2,12,8,CLEAR TMP. | TMP = NEW NAME( NAME = TMP NAME = TMP NAME = TMP ).,src/abap/2_statements/result.ts.Result.fromChain:86,CLEAR t9. t6 = NEW z_src_abap_2_s_b6c5f651b292e5( z_param_tokens_3a66ced5b5b26a = t7 z_param_tokeni_36bd2fa45d0f58 = t8 z_param_nodes_51988edc19892d = t9 ).
3,12,8,DATA TMP TYPE REF TO NAME. | CLEAR TMP. | DATA(TMP) = NEW NAME( ).,src/abap/2_statements/statement_parser.ts.StatementParser.categorizeStatement:1294,DATA t27 TYPE REF TO z_src_abap_nod_e445d254902ced. CLEAR t27. DATA(t28) = NEW z_src_abap_2_s_22c45e442b8391( ).
3,12,8,DATA TMP TYPE REF TO NAME. | CLEAR TMP. | TMP = NEW NAME( NAME = TMP NAME = TMP NAME = TMP ).,src/abap/2_statements/result.ts.Result.fromChain:85,DATA t9 TYPE REF TO z_runtime_arra_c22708faf2e354. CLEAR t9. t6 = NEW z_src_abap_2_s_b6c5f651b292e5( z_param_tokens_3a66ced5b5b26a = t7 z_param_tokeni_36bd2fa45d0f58 = t8 z_param_nodes_51988edc19892d = t9 ).
3,12,9,DATA(TMP) = CAST NAME( TMP ). | APPEND TMP TO TMP->ITEMS. | ENDLOOP.,src/abap/2_statements/combi.ts.Alternative.run:117,DATA(t24) = CAST z_src_abap_2_s_b6c5f651b292e5( t21 ). APPEND t24 TO t23->items. ENDLOOP.
2,12,8,DATA(TMP) = CAST NAME( TMP ). | DATA TMP TYPE REF TO OBJECT.,src/abap/2_statements/combi.ts.Alternative.run:101,DATA(t17) = CAST z_runtime_arra_c22708faf2e354( t7 ). DATA t18 TYPE REF TO object.
3,12,8,DATA(TMP) = CAST NAME( TMP ). | DATA TMP TYPE REF TO OBJECT. | CLEAR TMP.,src/abap/2_statements/combi.ts.Alternative.run:101,DATA(t17) = CAST z_runtime_arra_c22708faf2e354( t7 ). DATA t18 TYPE REF TO object. CLEAR t18.
3,12,9,DATA(TMP) = CAST NAME( TMP ). | TMP = TMP->NAME( NAME = TMP ). | TMP = TMP.,src/abap/2_statements/combi.ts.Alternative.run:88,DATA(t10) = CAST z_runtime_arra_c22708faf2e354( t1 ). t8 = t9->z_member_run_71be1bca84374a( z_param_r_f634cd02b53efc = t10 ). t7 = t8.
2,12,8,DATA(TMP) = CONV I( LIT ). | TMP = XSDBOOL( TMP < TMP ).,src/abap/1_lexer/lexer.ts.Lexer.process:1787,DATA(t27) = CONV i( '0' ). t24 = xsdbool( t25 < t27 ).
3,12,8,DATA(TMP) = CONV I( LIT ). | TMP = XSDBOOL( TMP < TMP ). | IF TMP = ABAP_TRUE.,src/abap/1_lexer/lexer.ts.Lexer.process:1787,DATA(t27) = CONV i( '0' ). t24 = xsdbool( t25 < t27 ). IF t24 = abap_true.
3,12,12,DATA(TMP) = CONV I( NAME=>NAME ). | TMP = TMP. | ME->NAME = TMP.,src/abap/1_lexer/lexer.ts.Lexer.process:2112,DATA(t166) = CONV i( z_src_abap_1_l_9d1bf4ef0204bc=>z_member_modes_382721884450c5 ). t165 = t166. me->z_member_m_db4a69995aff75 = t165.
3,12,7,DATA(TMP) = CONV I( NAME=>NAME ). | TMP = TMP. | TMP = XSDBOOL( TMP = TMP ).,src/abap/1_lexer/lexer.ts.Lexer.add:551,DATA(t216) = CONV i( z_src_abap_1_l_9d1bf4ef0204bc=>z_member_modec_3310fc8aa5a0a5 ). t215 = t216. t213 = xsdbool( t214 = t215 ).
2,12,3,DATA(TMP) = CONV INT8( TMP ). | DATA(TMP) = VALUE INT8( ).,src/abap/1_lexer/lexer.ts.Lexer.add:242,DATA(t81) = CONV int8( t72 ). DATA(t82) = VALUE int8( ).
2,12,4,DATA(TMP) = VALUE I( ). | DATA(TMP) = CONV INT8( TMP ).,src/abap/1_lexer/lexer.ts.Lexer.add:265,DATA(t93) = VALUE i( ). DATA(t94) = CONV int8( t72 ).
2,12,4,DATA(TMP) = VALUE I( ). | DATA(TMP) = CONV STRING( TMP ).,src/abap/1_lexer/lexer.ts.Lexer.add:163,DATA(t34) = VALUE i( ). DATA(t35) = CONV string( t1 ).
3,12,4,DATA(TMP) = VALUE I( ). | DATA(TMP) = CONV STRING( TMP ). | DATA(TMP) = CONV I( STRLEN( TMP ) ).,src/abap/1_lexer/lexer.ts.Lexer.add:163,DATA(t34) = VALUE i( ). DATA(t35) = CONV string( t1 ). DATA(t36) = CONV i( strlen( t35 ) ).
2,12,3,ENDIF. | ELSE.,src/abap/1_lexer/lexer.ts.Lexer.add:751,ENDIF. ELSE.
3,12,3,ENDIF. | ELSE. | DATA(TMP) = VALUE ABAP_BOOL( ).,src/abap/1_lexer/lexer.ts.Lexer.add:751,ENDIF. ELSE. DATA(t309) = VALUE abap_bool( ).
3,12,12,ENDIF. | IF TMP = ABAP_TRUE. | ME->NAME( ).,src/abap/1_lexer/lexer.ts.Lexer.process:2128,ENDIF. IF t167 = abap_true. me->z_member_add_51c1bb18694a11( ).
3,12,11,ENDIF. | TMP = TMP. | ENDIF.,src/abap/1_lexer/lexer.ts.Lexer.process:1849,ENDIF. t23 = t30. ENDIF.
3,12,0,TMP = NEW NAME( NAME = TMP NAME = TMP ). | TMP = TMP. | ENDIF.,src/abap/1_lexer/lexer.ts.Lexer.add:746,t306 = NEW z_src_abap_1_l_b22fdb51f8f4f0( z_param_start_fb71be8754f59b = t307 z_param_str_b4492f271a40dd = t308 ). t211 = t306. ENDIF.
3,12,7,TMP = TMP->NAME. | TMP = TMP. | TMP = TMP.,src/abap/1_lexer/lexer.ts.Lexer.add:178,t42 = t43->z_member_col_cdb3c3718bda2d. t39 = t42. t38 = t39.
3,12,5,TMP = TMP. | DATA(TMP) = CONV INT8( NUM ). | TMP = TMP + TMP.,src/abap/1_lexer/lexer.ts.Lexer.add:356,t128 = t129. DATA(t131) = CONV int8( 1 ). t127 = t128 + t131.
3,12,9,TMP = TMP. | DATA(TMP) = VALUE ABAP_BOOL( ). | DATA(TMP) = VALUE I( ).,src/abap/1_lexer/lexer.ts.Lexer.add:161,t1 = t2. DATA(t33) = VALUE abap_bool( ). DATA(t34) = VALUE i( ).
3,12,8,TMP = TMP. | DATA(TMP) = VALUE INT8( ). | DATA(TMP) = VALUE ABAP_BOOL( ).,src/abap/1_lexer/lexer.ts.Lexer.add:232,t72 = t73. DATA(t75) = VALUE int8( ). DATA(t76) = VALUE abap_bool( ).
2,12,12,TMP = TMP. | ME->NAME = TMP.,src/abap/1_lexer/lexer.ts.Lexer.process:2113,t165 = t166. me->z_member_m_db4a69995aff75 = t165.
2,12,8,TMP = XSDBOOL( TMP < TMP ). | IF TMP = ABAP_TRUE.,src/abap/1_lexer/lexer.ts.Lexer.process:1788,t24 = xsdbool( t25 < t27 ). IF t24 = abap_true.
3,12,12,TMP ?= TMP. | DATA(TMP) = CAST NAME( TMP ). | DATA(TMP) = CAST NAME( TMP ).,src/abap/2_statements/combi.ts.Alternative.run:115,t21 ?= t22. DATA(t23) = CAST z_runtime_arra_c22708faf2e354( t2 ). DATA(t24) = CAST z_src_abap_2_s_b6c5f651b292e5( t21 ).
3,11,9,APPEND TMP TO TMP->ITEMS. | ENDLOOP. | DATA(TMP) = VALUE I( ).,src/abap/2_statements/combi.ts.Alternative.run:118,APPEND t24 TO t23->items. ENDLOOP. DATA(t25) = VALUE i( ).
3,11,7,CLEAR TMP. | DATA(TMP) = CAST NAME( TMP ). | TMP = TMP->NAME( ).,src/abap/2_statements/statement_parser.ts.StatementParser.categorizeStatement:1265,CLEAR t13. DATA(t14) = CAST z_src_abap_nod_e445d254902ced( t1 ). t13 = t14->z_member_getla_9ba4a247c38ea9( ).
3,11,3,CLEAR TMP. | TMP = TMP. | DATA(TMP) = VALUE ABAP_BOOL( ).,src/abap/1_lexer/lexer.ts.Lexer.add:546,CLEAR t212. t211 = t212. DATA(t213) = VALUE abap_bool( ).
3,11,9,DATA(TMP) = CAST NAME( TMP ). | TMP = LINES( TMP->ITEMS ). | TMP = TMP.,src/abap/2_statements/combi.ts.Alternative.run:121,DATA(t26) = CAST z_runtime_arra_c22708faf2e354( t2 ). t25 = lines( t26->items ). t19 = t25.
3,11,6,DATA(TMP) = VALUE ABAP_BOOL( ). | DATA(TMP) = CONV I( TMP ). | DATA(TMP) = CONV I( LIT ).,src/abap/1_lexer/lexer.ts.Lexer.add:216,DATA(t64) = VALUE abap_bool( ). DATA(t65) = CONV i( t52 ). DATA(t66) = CONV i( '0' ).
3,11,9,DATA(TMP) = VALUE I( ). | DATA(TMP) = VALUE I( ). | DATA(TMP) = VALUE STRING( ).,src/abap/1_lexer/lexer.ts.Lexer.add:89,DATA(t17) = VALUE i( ). DATA(t18) = VALUE i( ). DATA(t19) = VALUE string( ).
3,11,0,ENDLOOP. | DATA(TMP) = CAST NAME( TMP ). | RESULT = TMP.,src/abap/2_statements/combi.ts.Alternative.run:125,ENDLOOP. DATA(t27) = CAST z_runtime_arra_c22708faf2e354( t2 ). result = t27.
2,11,9,ENDLOOP. | DATA(TMP) = VALUE I( ).,src/abap/2_statements/combi.ts.Alternative.run:119,ENDLOOP. DATA(t25) = VALUE i( ).
3,11,9,ENDLOOP. | DATA(TMP) = VALUE I( ). | DATA(TMP) = CAST NAME( TMP ).,src/abap/2_statements/combi.ts.Alternative.run:119,ENDLOOP. DATA(t25) = VALUE i( ). DATA(t26) = CAST z_runtime_arra_c22708faf2e354( t2 ).
3,11,7,TMP = XSDBOOL( TMP < TMP ). | IF TMP = ABAP_TRUE. | DATA(TMP) = VALUE INT8( ).,src/abap/1_lexer/lexer.ts.Lexer.process:1788,t24 = xsdbool( t25 < t27 ). IF t24 = abap_true. DATA(t28) = VALUE int8( ).
2,11,9,TMP = XSDBOOL( TMP <> TMP ). | TMP = TMP.,src/abap/1_lexer/lexer.ts.Lexer.process:2354,t258 = xsdbool( t259 <> t260 ). t254 = t258.
3,11,9,TMP = XSDBOOL( TMP = TMP ). | IF TMP = ABAP_TRUE. | DATA(TMP) = CAST NAME( TMP ).,src/abap/1_lexer/lexer.ts.Lexer.process:1889,t67 = xsdbool( t68 = t70 ). IF t67 = abap_true. DATA(t71) = CAST z_src_abap_1_l_cca5bd2c711d39( t53 ).
2,11,4,TMP = XSDBOOL( TMP >= TMP ). | IF TMP = ABAP_TRUE.,src/abap/1_lexer/lexer.ts.Lexer.add:219,t64 = xsdbool( t65 >= t66 ). IF t64 = abap_true.
2,10,8,APPEND TMP TO TMP->ITEMS. | ELSE.,src/abap/2_statements/combi.ts.Alternative.run:106,APPEND t16 TO t15->items. ELSE.
2,10,6,CLEAR TMP. | ELSE.,src/abap/1_lexer/lexer.ts.Lexer.add:600,CLEAR t237. ELSE.
2,10,6,CLEAR TMP. | READ TABLE TMP->ITEMS INDEX NUM INTO TMP.,src/abap/2_statements/combi.ts.Alternative.run:103,CLEAR t18. READ TABLE t17->items INDEX 1 INTO t18.
3,10,6,CLEAR TMP. | READ TABLE TMP->ITEMS INDEX NUM INTO TMP. | TMP ?= TMP.,src/abap/2_statements/combi.ts.Alternative.run:103,CLEAR t18. READ TABLE t17->items INDEX 1 INTO t18. t16 ?= t18.
3,10,6,DATA TMP TYPE REF TO OBJECT. | CLEAR TMP. | READ TABLE TMP->ITEMS INDEX NUM INTO TMP.,src/abap/2_statements/combi.ts.Alternative.run:102,DATA t18 TYPE REF TO object. CLEAR t18. READ TABLE t17->items INDEX 1 INTO t18.
2,10,3,DATA(TMP) = CAST NAME( TMP ). | IF TMP IS INITIAL.,src/abap/1_lexer/lexer.ts.Lexer.add:1400,DATA(t605) = CAST z_src_abap_1_l_506101b34e5cc0( t600 ). IF t605 IS INITIAL.
3,10,3,DATA(TMP) = CAST NAME( TMP ). | IF TMP IS INITIAL. | TMP = ABAP_TRUE.,src/abap/1_lexer/lexer.ts.Lexer.add:1400,DATA(t605) = CAST z_src_abap_1_l_506101b34e5cc0( t600 ). IF t605 IS INITIAL. t604 = abap_true.
3,10,8,DATA(TMP) = CAST NAME( TMP ). | TMP = TMP->NAME. | TMP = LINES( TMP->ITEMS ).,src/abap/2_statements/combi.ts.Expression.run:111,DATA(t35) = CAST z_src_abap_2_s_b6c5f651b292e5( t29 ). t34 = t35->z_member_token_ed4bfabc8c4cec. t33 = lines( t34->items ).
2,10,7,DATA(TMP) = CAST NAME( TMP ). | TMP = XSDBOOL( TMP IS BOUND AND TMP IS INSTANCE OF NAME ).,src/abap/2_statements/combi.ts.Star.run:132,DATA(t43) = CAST z_builtin_erro_e8b3bd7e8a547c( t41 ). t42 = xsdbool( t43 IS BOUND AND t43 IS INSTANCE OF z_src_abap_2_s_d3562c97fc1358 ).
2,10,5,DATA(TMP) = CONV ABAP_BOOL( ABAP_FALSE ). | TMP = TMP.,src/abap/1_lexer/lexer.ts.Lexer.add:193,DATA(t51) = CONV abap_bool( abap_false ). t50 = t51.
3,10,2,DATA(TMP) = CONV I( STRLEN( TMP ) ). | TMP = TMP. | TMP = TMP.,src/abap/1_lexer/lexer.ts.Lexer.add:248,DATA(t86) = CONV i( strlen( t84 ) ). t83 = t86. t82 = t83.
2,10,6,DATA(TMP) = CONV INT8( TMP ). | DATA(TMP) = CONV INT8( NUM ).,src/abap/1_lexer/lexer.ts.Lexer.add:236,DATA(t78) = CONV int8( t72 ). DATA(t79) = CONV int8( 0 ).
3,10,2,DATA(TMP) = CONV INT8( TMP ). | DATA(TMP) = VALUE INT8( ). | DATA(TMP) = VALUE I( ).,src/abap/1_lexer/lexer.ts.Lexer.add:242,DATA(t81) = CONV int8( t72 ). DATA(t82) = VALUE int8( ). DATA(t83) = VALUE i( ).
3,10,3,DATA(TMP) = VALUE ABAP_BOOL( ). | DATA(TMP) = CAST NAME( TMP ). | IF TMP IS INITIAL.,src/abap/1_lexer/lexer.ts.Lexer.add:1399,DATA(t604) = VALUE abap_bool( ). DATA(t605) = CAST z_src_abap_1_l_506101b34e5cc0( t600 ). IF t605 IS INITIAL.
3,10,7,DATA(TMP) = VALUE ABAP_BOOL( ). | DATA(TMP) = CAST NAME( TMP ). | TMP = XSDBOOL( TMP IS BOUND AND TMP IS INSTANCE OF NAME ).,src/abap/2_statements/combi.ts.Star.run:131,DATA(t42) = VALUE abap_bool( ). DATA(t43) = CAST z_builtin_erro_e8b3bd7e8a547c( t41 ). t42 = xsdbool( t43 IS BOUND AND t43 IS INSTANCE OF z_src_abap_2_s_d3562c97fc1358 ).
3,10,8,DATA(TMP) = VALUE ABAP_BOOL( ). | DATA(TMP) = VALUE INT8( ). | DATA TMP TYPE REF TO NAME.,src/abap/1_lexer/lexer.ts.Lexer.process:2504,DATA(t323) = VALUE abap_bool( ). DATA(t324) = VALUE int8( ). DATA t325 TYPE REF TO z_src_abap_1_l_cca5bd2c711d39.
3,10,0,DATA(TMP) = VALUE INT8( ). | DATA(TMP) = VALUE I( ). | DATA(TMP) = CONV STRING( ME->NAME ).,src/abap/1_lexer/lexer_stream.ts.LexerStream.advance:73,DATA(t17) = VALUE int8( ). DATA(t18) = VALUE i( ). DATA(t19) = CONV string( me->z_member_raw_eb82124cb04f25 ).
3,10,9,DATA(TMP) = VALUE STRING( ). | DATA(TMP) = VALUE STRING( ). | DATA TMP TYPE REF TO NAME.,src/abap/1_lexer/lexer.ts.Lexer.add:57,DATA(t2) = VALUE string( ). DATA(t3) = VALUE string( ). DATA t4 TYPE REF TO z_src_abap_1_l_cca5bd2c711d39.
3,10,1,ENDIF. | ENDIF. | ELSE.,src/abap/1_lexer/lexer.ts.Lexer.add:750,ENDIF. ENDIF. ELSE.
3,10,0,ENDIF. | ENDLOOP. | DATA(TMP) = CAST NAME( TMP ).,src/abap/2_statements/combi.ts.Alternative.run:124,ENDIF. ENDLOOP. DATA(t27) = CAST z_runtime_arra_c22708faf2e354( t2 ).
2,10,3,IF TMP IS INITIAL. | TMP = ABAP_TRUE.,src/abap/1_lexer/lexer.ts.Lexer.add:1401,IF t605 IS INITIAL. t604 = abap_true.
3,10,2,LOOP AT TMP->ITEMS INTO TMP. | TMP ?= TMP. | DATA TMP TYPE REF TO NAME.,src/abap/2_statements/combi.ts.Alternative.run:81,LOOP AT t4->items INTO t6. t5 ?= t6. DATA t7 TYPE REF TO z_runtime_arra_c22708faf2e354.
2,10,10,ME->NAME = TMP. | ELSE.,src/abap/1_lexer/lexer.ts.Lexer.process:2114,me->z_member_m_db4a69995aff75 = t165. ELSE.
2,10,6,READ TABLE TMP->ITEMS INDEX NUM INTO TMP. | TMP ?= TMP.,src/abap/2_statements/combi.ts.Alternative.run:104,READ TABLE t17->items INDEX 1 INTO t18. t16 ?= t18.
3,10,7,TMP = LINES( TMP->ITEMS ). | TMP = TMP. | DATA(TMP) = VALUE INT8( ).,src/abap/2_statements/combi.ts.Expression.run:113,t33 = lines( t34->items ). t32 = t33. DATA(t36) = VALUE int8( ).
2,10,8,TMP = TMP->NAME. | TMP = LINES( TMP->ITEMS ).,src/abap/2_statements/combi.ts.Expression.run:112,t34 = t35->z_member_token_ed4bfabc8c4cec. t33 = lines( t34->items ).
2,10,6,TMP = TMP->NAME. | TMP = TMP + NUM.,src/abap/2_statements/combi.ts.Regex.run:107,t27 = t28->z_member_token_62f41b3bcb0bad. t27 = t27 + 1.
3,10,6,TMP = TMP->NAME. | TMP = TMP + NUM. | DATA TMP TYPE REF TO OBJECT.,src/abap/2_statements/combi.ts.Regex.run:107,t27 = t28->z_member_token_62f41b3bcb0bad. t27 = t27 + 1. DATA t29 TYPE REF TO object.
3,10,8,TMP = TMP->NAME. | TMP = TMP. | DATA(TMP) = VALUE INT8( ).,src/abap/1_lexer/lexer.ts.Lexer.add:529,t204 = t205->z_member_row_2dc5d934b27d6d. t201 = t204. DATA(t206) = VALUE int8( ).
3,10,1,TMP = TMP. | DATA(TMP) = CAST NAME( TMP ). | DATA(TMP) = CAST NAME( TMP ).,src/abap/2_statements/combi.ts.Alternative.run_one:298,t4 = t5. DATA(t6) = CAST z_runtime_arra_c22708faf2e354( t4 ). DATA(t7) = CAST z_src_abap_2_s_b6c5f651b292e5( t1 ).
3,10,6,TMP = TMP. | DATA(TMP) = VALUE ABAP_BOOL( ). | DATA(TMP) = CAST NAME( TMP ).,src/abap/1_lexer/lexer.ts.Lexer.add:1398,t602 = t603. DATA(t604) = VALUE abap_bool( ). DATA(t605) = CAST z_src_abap_1_l_506101b34e5cc0( t600 ).
3,10,7,TMP = TMP. | DATA(TMP) = VALUE STRING( ). | DATA(TMP) = CAST NAME( TMP ).,src/abap/1_lexer/lexer.ts.Lexer.process:1763,t13 = t14. DATA(t15) = VALUE string( ). DATA(t16) = CAST z_src_abap_1_l_4d08aedee14b5b( t13 ).
3,10,10,TMP = TMP. | ME->NAME = TMP. | ELSE.,src/abap/1_lexer/lexer.ts.Lexer.process:2113,t165 = t166. me->z_member_m_db4a69995aff75 = t165. ELSE.
3,10,4,TMP = TMP. | TMP = XSDBOOL( TMP >= TMP ). | IF TMP = ABAP_TRUE.,src/abap/1_lexer/lexer.ts.Lexer.add:373,t135 = t136. t133 = xsdbool( t134 >= t135 ). IF t133 = abap_true.
3,10,4,TMP = XSDBOOL( TMP >= TMP ). | IF TMP = ABAP_TRUE. | DATA(TMP) = VALUE INT8( ).,src/abap/1_lexer/lexer.ts.Lexer.add:374,t133 = xsdbool( t134 >= t135 ). IF t133 = abap_true. DATA(t140) = VALUE int8( ).
2,10,7,TMP ?= TMP. | APPEND TMP TO TMP->ITEMS.,src/abap/2_statements/combi.ts.Alternative.run:105,t16 ?= t18. APPEND t16 TO t15->items.
2,10,10,TMP ?= TMP. | DATA TMP TYPE REF TO NAME.,src/abap/2_statements/combi.ts.Alternative.run:82,t5 ?= t6. DATA t7 TYPE REF TO z_runtime_arra_c22708faf2e354.
3,10,10,TMP ?= TMP. | DATA TMP TYPE REF TO NAME. | CLEAR TMP.,src/abap/2_statements/combi.ts.Alternative.run:82,t5 ?= t6. DATA t7 TYPE REF TO z_runtime_arra_c22708faf2e354. CLEAR t7.
3,9,6,CLEAR TMP. | DATA(TMP) = NEW NAME( ). | DATA TMP TYPE REF TO NAME.,src/abap/2_statements/statement_parser.ts.StatementParser.categorizeStatement:1295,CLEAR t27. DATA(t28) = NEW z_src_abap_2_s_22c45e442b8391( ). DATA t29 TYPE REF TO z_src_abap_1_l_506101b34e5cc0.
2,9,7,DATA(TMP) = CAST NAME( TMP ). | DATA(TMP) = VALUE I( ).,src/abap/1_lexer/lexer.ts.Lexer.process:1891,DATA(t71) = CAST z_src_abap_1_l_cca5bd2c711d39( t53 ). DATA(t72) = VALUE i( ).
3,9,5,DATA(TMP) = CAST NAME( TMP ). | TMP = TMP->NAME. | TMP = TMP + NUM.,src/abap/2_statements/combi.ts.Regex.run:106,DATA(t28) = CAST z_src_abap_2_s_b6c5f651b292e5( t22 ). t27 = t28->z_member_token_62f41b3bcb0bad. t27 = t27 + 1.
3,9,6,DATA(TMP) = CAST NAME( TMP ). | TMP = TMP. | ELSE.,src/abap/2_statements/statement_parser.ts.StatementParser.categorizeStatement:1329,DATA(t42) = CAST z_src_abap_nod_e445d254902ced( t1 ). t2 = t42. ELSE.
3,9,3,DATA(TMP) = CAST NAME( TMP ). | TMP = TMP. | TMP = TMP.,src/abap/2_statements/combi.ts.Plus.run_one:107,DATA(t9) = CAST z_runtime_arra_c22708faf2e354( t5 ). t4 = t9. t3 = t4.
2,9,8,DATA(TMP) = CONV ABAP_BOOL( ABAP_FALSE ). | TMP = XSDBOOL( TMP = TMP ).,src/abap/2_statements/statement_parser.ts.StatementParser.lazyUnknown:421,DATA(t29) = CONV abap_bool( abap_false ). t21 = xsdbool( t22 = t29 ).
2,9,8,DATA(TMP) = CONV I( LIT ). | TMP = TMP + TMP.,src/abap/1_lexer/lexer.ts.Lexer.process:1912,DATA(t83) = CONV i( '1' ). t81 = t82 + t83.
2,9,8,DATA(TMP) = CONV I( STRLEN( TMP ) ). | DATA(TMP) = VALUE I( ).,src/abap/1_lexer/lexer.ts.Lexer.add:84,DATA(t14) = CONV i( strlen( t3 ) ). DATA(t15) = VALUE i( ).
3,9,8,DATA(TMP) = CONV I( STRLEN( TMP ) ). | DATA(TMP) = VALUE I( ). | DATA(TMP) = VALUE I( ).,src/abap/1_lexer/lexer.ts.Lexer.add:84,DATA(t14) = CONV i( strlen( t3 ) ). DATA(t15) = VALUE i( ). DATA(t16) = VALUE i( ).
3,9,6,DATA(TMP) = CONV I( STRLEN( TMP ) ). | TMP = TMP. | REPLACE ALL OCCURRENCES OF LIT IN TMP WITH LIT.,src/abap/2_statements/statement_parser.ts.StatementParser.lazyUnknown:292,DATA(t15) = CONV i( strlen( t13 ) ). t12 = t13. REPLACE ALL OCCURRENCES OF `ß` IN t12 WITH `SS`.
2,9,6,DATA(TMP) = CONV STRING( TMP ). | DATA(TMP) = CONV I( LIT ).,src/abap/1_lexer/lexer.ts.Lexer.add:596,DATA(t238) = CONV string( t1 ). DATA(t239) = CONV i( '0' ).
2,9,6,DATA(TMP) = NEW NAME( ). | DATA TMP TYPE REF TO NAME.,src/abap/2_statements/statement_parser.ts.StatementParser.categorizeStatement:1296,DATA(t28) = NEW z_src_abap_2_s_22c45e442b8391( ). DATA t29 TYPE REF TO z_src_abap_1_l_506101b34e5cc0.
3,9,6,DATA(TMP) = NEW NAME( ). | DATA TMP TYPE REF TO NAME. | CLEAR TMP.,src/abap/2_statements/statement_parser.ts.StatementParser.categorizeStatement:1296,DATA(t28) = NEW z_src_abap_2_s_22c45e442b8391( ). DATA t29 TYPE REF TO z_src_abap_1_l_506101b34e5cc0. CLEAR t29.
3,9,2,DATA(TMP) = VALUE ABAP_BOOL( ). | DATA(TMP) = CONV INT8( TMP ). | DATA(TMP) = VALUE INT8( ).,src/abap/1_lexer/lexer.ts.Lexer.add:241,DATA(t80) = VALUE abap_bool( ). DATA(t81) = CONV int8( t72 ). DATA(t82) = VALUE int8( ).
3,9,6,DATA(TMP) = VALUE ABAP_BOOL( ). | DATA(TMP) = VALUE ABAP_BOOL( ). | DATA(TMP) = CAST NAME( TMP ).,src/abap/1_lexer/lexer.ts.Lexer.process:1884,DATA(t67) = VALUE abap_bool( ). DATA(t68) = VALUE abap_bool( ). DATA(t69) = CAST z_src_abap_1_l_cca5bd2c711d39( t53 ).
3,9,0,DATA(TMP) = VALUE ABAP_BOOL( ). | DATA(TMP) = VALUE ABAP_BOOL( ). | DATA(TMP) = CONV ABAP_BOOL( TMP ).,src/abap/1_lexer/lexer.ts.Lexer.add:829,DATA(t343) = VALUE abap_bool( ). DATA(t344) = VALUE abap_bool( ). DATA(t345) = CONV abap_bool( t50 ).
3,9,7,DATA(TMP) = VALUE I( ). | DATA(TMP) = CAST NAME( TMP ). | DATA TMP TYPE REF TO NAME.,src/abap/2_statements/combi.ts.Alternative.run:108,DATA(t19) = VALUE i( ). DATA(t20) = CAST z_runtime_arra_c22708faf2e354( t7 ). DATA t21 TYPE REF TO z_src_abap_2_s_b6c5f651b292e5.
3,9,7,DATA(TMP) = VALUE INT8( ). | DATA(TMP) = VALUE I( ). | DATA TMP TYPE REF TO NAME.,src/abap/2_statements/combi.ts.Expression.run:107,DATA(t32) = VALUE int8( ). DATA(t33) = VALUE i( ). DATA t34 TYPE REF TO z_runtime_arra_c22708faf2e354.
3,9,6,DATA(TMP) = VALUE STRING( ). | DATA(TMP) = CONV STRING( TMP ). | DATA(TMP) = CONV I( LIT ).,src/abap/1_lexer/lexer.ts.Lexer.add:595,DATA(t237) = VALUE string( ). DATA(t238) = CONV string( t1 ). DATA(t239) = CONV i( '0' ).
3,9,7,ENDIF. | TMP = TMP. | DATA(TMP) = CONV INT8( NUM ).,src/abap/1_lexer/lexer.ts.Lexer.process:2524,ENDIF. t324 = t327. DATA(t334) = CONV int8( 1 ).
2,9,9,IF TMP = ABAP_FALSE. | EXIT.,src/abap/1_lexer/lexer.ts.Lexer.process:1772,IF t17 = abap_false. EXIT.
3,9,9,IF TMP = ABAP_FALSE. | EXIT. | ENDIF.,src/abap/1_lexer/lexer.ts.Lexer.process:1772,IF t17 = abap_false. EXIT. ENDIF.
3,9,6,IF TMP = ABAP_TRUE. | DATA(TMP) = CAST NAME( TMP ). | TMP = TMP.,src/abap/2_statements/statement_parser.ts.StatementParser.categorizeStatement:1328,IF t39 = abap_true. DATA(t42) = CAST z_src_abap_nod_e445d254902ced( t1 ). t2 = t42.
3,9,3,IF TMP IS INITIAL. | TMP = ABAP_TRUE. | ENDIF.,src/abap/1_lexer/lexer.ts.Lexer.add:1401,IF t605 IS INITIAL. t604 = abap_true. ENDIF.
3,9,0,LOOP AT TMP->ITEMS INTO TMP. | TMP ?= TMP. | DATA(TMP) = VALUE ABAP_BOOL( ).,src/abap/2_statements/combi.ts.Regex.run:59,LOOP AT t4->items INTO t6. t5 ?= t6. DATA(t7) = VALUE abap_bool( ).
3,9,6,REPLACE ALL OCCURRENCES OF LIT IN TMP WITH LIT. | REPLACE ALL OCCURRENCES OF LIT IN TMP WITH LIT. | TRANSLATE TMP TO UPPER CASE.,src/abap/2_statements/statement_parser.ts.StatementParser.lazyUnknown:394,REPLACE ALL OCCURRENCES OF `ﬖ` IN t12 WITH `ՎՆ`. REPLACE ALL OCCURRENCES OF `ﬗ` IN t12 WITH `ՄԽ`. TRANSLATE t12 TO UPPER CASE.
2,9,6,REPLACE ALL OCCURRENCES OF LIT IN TMP WITH LIT. | TRANSLATE TMP TO UPPER CASE.,src/abap/2_statements/statement_parser.ts.StatementParser.lazyUnknown:395,REPLACE ALL OCCURRENCES OF `ﬗ` IN t12 WITH `ՄԽ`. TRANSLATE t12 TO UPPER CASE.
3,9,6,TMP = LINES( TMP->ITEMS ). | DATA(TMP) = CONV I( LIT ). | TMP = TMP - TMP.,src/abap/2_statements/statement_parser.ts.StatementParser.match:1734,t56 = lines( t57->items ). DATA(t58) = CONV i( '1' ). t55 = t56 - t58.
2,9,6,TMP = NEW NAME( NAME = TMP NAME = TMP NAME = TMP ). | DATA TMP TYPE REF TO NAME.,src/abap/2_statements/statement_parser.ts.StatementParser.categorizeStatement:1301,t27 = NEW z_src_abap_nod_e445d254902ced( z_param_statem_a93a3a61ab48a1 = t28 z_param_colon_efc6e029c59417 = t29 z_param_pragma_9ae3ad041053f6 = t30 ). DATA t31 TYPE REF TO z_runtime_arra_c22708faf2e354.
3,9,6,TMP = NEW NAME( NAME = TMP NAME = TMP NAME = TMP ). | DATA TMP TYPE REF TO NAME. | CLEAR TMP.,src/abap/2_statements/statement_parser.ts.StatementParser.categorizeStatement:1301,t27 = NEW z_src_abap_nod_e445d254902ced( z_param_statem_a93a3a61ab48a1 = t28 z_param_colon_efc6e029c59417 = t29 z_param_pragma_9ae3ad041053f6 = t30 ). DATA t31 TYPE REF TO z_runtime_arra_c22708faf2e354. CLEAR t31.
2,9,5,TMP = TMP - TMP. | TMP = TMP.,src/abap/1_lexer/lexer.ts.Lexer.add:214,t53 = t54 - t61. t52 = t53.
3,9,5,TMP = TMP->NAME. | DATA(TMP) = CONV I( STRLEN( TMP ) ). | TMP = TMP.,src/abap/1_lexer/lexer.ts.Lexer.add:247,t84 = t85->z_member_raw_eb82124cb04f25. DATA(t86) = CONV i( strlen( t84 ) ). t83 = t86.
3,9,7,TMP = TMP->NAME. | TMP = LINES( TMP->ITEMS ). | TMP = TMP.,src/abap/2_statements/combi.ts.Expression.run:112,t34 = t35->z_member_token_ed4bfabc8c4cec. t33 = lines( t34->items ). t32 = t33.
3,9,5,TMP = TMP->NAME. | TMP = TMP. | DATA(TMP) = CONV INT8( NUM ).,src/abap/1_lexer/lexer.ts.Lexer.add:355,t129 = t130->z_member_offse_4eb7e0915312eb. t128 = t129. DATA(t131) = CONV int8( 1 ).
3,9,2,TMP = TMP. | DATA(TMP) = CONV I( STRLEN( TMP ) ). | IF TMP < NUM OR TMP >= TMP.,src/abap/1_lexer/lexer.ts.Lexer.add:270,t93 = t94. DATA(t95) = CONV i( strlen( t91 ) ). IF t93 < 0 OR t93 >= t95.
2,9,6,TMP = TMP. | REPLACE ALL OCCURRENCES OF LIT IN TMP WITH LIT.,src/abap/2_statements/statement_parser.ts.StatementParser.lazyUnknown:293,t12 = t13. REPLACE ALL OCCURRENCES OF `ß` IN t12 WITH `SS`.
3,9,6,TMP = TMP. | REPLACE ALL OCCURRENCES OF LIT IN TMP WITH LIT. | REPLACE ALL OCCURRENCES OF LIT IN TMP WITH LIT.,src/abap/2_statements/statement_parser.ts.StatementParser.lazyUnknown:293,t12 = t13. REPLACE ALL OCCURRENCES OF `ß` IN t12 WITH `SS`. REPLACE ALL OCCURRENCES OF `ŉ` IN t12 WITH `ʼN`.
3,9,2,TMP = TMP. | TMP = TMP. | TMP = XSDBOOL( TMP >= TMP ).,src/abap/1_lexer/lexer.ts.Lexer.add:249,t83 = t86. t82 = t83. t80 = xsdbool( t81 >= t82 ).
3,9,6,TMP = TMP. | TMP = XSDBOOL( TMP = TMP ). | TMP = TMP.,src/abap/1_lexer/lexer.ts.Lexer.add:567,t223 = t224. t221 = xsdbool( t222 = t223 ). t220 = t221.
2,9,5,TMP = XSDBOOL( TMP > TMP ). | IF TMP = ABAP_TRUE.,src/abap/1_lexer/lexer.ts.Lexer.add:168,t33 = xsdbool( t34 > t37 ). IF t33 = abap_true.
2,9,9,TMP ?= TMP. | DATA(TMP) = VALUE ABAP_BOOL( ).,src/abap/2_statements/combi.ts.Regex.run:60,t5 ?= t6. DATA(t7) = VALUE abap_bool( ).
3,8,6,CLEAR TMP. | DATA(TMP) = CAST NAME( TMP ). | TMP = NEW NAME( NAME = TMP ).,src/abap/2_statements/combi.ts.Permutation.run:191,CLEAR t56. DATA(t57) = CAST z_runtime_arra_c22708faf2e354( t32 ). t56 = NEW z_src_abap_2_s_67388fb83df4cc( z_param_list_750b7e98c594f7 = t57 ).
3,8,1,DATA(TMP) = CAST NAME( TMP ). | APPEND TMP TO TMP->ITEMS. | DATA(TMP) = CAST NAME( TMP ).,src/abap/2_statements/combi.ts.Alternative.run_one:300,DATA(t7) = CAST z_src_abap_2_s_b6c5f651b292e5( t1 ). APPEND t7 TO t6->items. DATA(t8) = CAST z_runtime_arra_c22708faf2e354( t4 ).
2,8,6,DATA(TMP) = CAST NAME( TMP ). | TMP = NEW NAME( NAME = TMP ).,src/abap/2_statements/combi.ts.Permutation.run:192,DATA(t57) = CAST z_runtime_arra_c22708faf2e354( t32 ). t56 = NEW z_src_abap_2_s_67388fb83df4cc( z_param_list_750b7e98c594f7 = t57 ).
3,8,8,DATA(TMP) = CAST NAME( TMP ). | TMP = TMP->NAME. | DATA(TMP) = CONV I( LIT ).,src/abap/1_lexer/lexer.ts.Lexer.process:1785,DATA(t26) = CAST z_src_abap_1_l_4d08aedee14b5b( t21 ). t25 = t26->z_member_offse_4eb7e0915312eb. DATA(t27) = CONV i( '0' ).
3,8,8,DATA(TMP) = CAST NAME( TMP ). | TMP = TMP->NAME. | DATA(TMP) = CONV I( TMP ).,src/abap/1_lexer/lexer.ts.Lexer.process:2390,DATA(t282) = CAST z_src_abap_1_l_4d08aedee14b5b( t265 ). t281 = t282->z_member_raw_eb82124cb04f25. DATA(t283) = CONV i( t268 ).
3,8,6,DATA(TMP) = CAST NAME( TMP ). | TMP = TMP->NAME. | DATA(TMP) = CONV INT8( NUM ).,src/abap/1_lexer/lexer.ts.Lexer.process:3352,DATA(t674) = CAST z_src_abap_1_l_4d08aedee14b5b( t633 ). t673 = t674->z_member_row_2dc5d934b27d6d. DATA(t675) = CONV int8( 1 ).
3,8,8,DATA(TMP) = CONV ABAP_BOOL( ABAP_FALSE ). | TMP = XSDBOOL( TMP = TMP ). | TMP = TMP.,src/abap/2_statements/statement_parser.ts.StatementParser.lazyUnknown:421,DATA(t29) = CONV abap_bool( abap_false ). t21 = xsdbool( t22 = t29 ). t20 = t21.
3,8,6,DATA(TMP) = CONV ABAP_BOOL( ABAP_TRUE ). | IF TMP = ABAP_TRUE. | DATA(TMP) = CAST NAME( TMP ).,src/abap/2_statements/statement_parser.ts.StatementParser.match:1775,DATA(t75) = CONV abap_bool( abap_true ). IF t75 = abap_true. DATA(t76) = CAST z_runtime_arra_c22708faf2e354( t11 ).
2,8,1,DATA(TMP) = CONV I( LIT ). | TMP = TMP.,src/abap/1_lexer/lexer.ts.Lexer.add:1516,DATA(t654) = CONV i( '1' ). t617 = t654.
2,8,4,DATA(TMP) = CONV I( LIT ). | TMP = XSDBOOL( TMP > TMP ).,src/abap/1_lexer/lexer.ts.Lexer.add:167,DATA(t37) = CONV i( '0' ). t33 = xsdbool( t34 > t37 ).
3,8,6,DATA(TMP) = CONV I( TMP ). | DATA(TMP) = CONV I( LIT ). | TMP = XSDBOOL( TMP < TMP ).,src/abap/1_lexer/lexer.ts.Lexer.process:1894,DATA(t74) = CONV i( t64 ). DATA(t75) = CONV i( '0' ). t73 = xsdbool( t74 < t75 ).
2,8,6,DATA(TMP) = CONV I( TMP ). | TMP = TMP.,src/abap/1_lexer/lexer.ts.Lexer.add:230,DATA(t74) = CONV i( t52 ). t73 = t74.
2,8,7,DATA(TMP) = CONV STRING( LIT ). | DATA(TMP) = CONV I( STRLEN( TMP ) ).,src/abap/1_lexer/lexer.ts.Lexer.process:1749,DATA(t8) = CONV string( || ). DATA(t9) = CONV i( strlen( t5 ) ).
3,8,6,DATA(TMP) = VALUE ABAP_BOOL( ). | DATA(TMP) = VALUE I( ). | DATA(TMP) = VALUE INT8( ).,src/abap/1_lexer/lexer.ts.Lexer.add:1434,DATA(t618) = VALUE abap_bool( ). DATA(t619) = VALUE i( ). DATA(t620) = VALUE int8( ).
3,8,3,DATA(TMP) = VALUE I( ). | DATA(TMP) = VALUE I( ). | DATA(TMP) = VALUE INT8( ).,src/abap/1_lexer/lexer.ts.Lexer.add:196,DATA(t53) = VALUE i( ). DATA(t54) = VALUE i( ). DATA(t55) = VALUE int8( ).
3,8,6,DATA(TMP) = VALUE INT8( ). | DATA(TMP) = VALUE INT8( ). | DATA(TMP) = CAST NAME( TMP ).,src/abap/1_lexer/lexer.ts.Lexer.process:3350,DATA(t672) = VALUE int8( ). DATA(t673) = VALUE int8( ). DATA(t674) = CAST z_src_abap_1_l_4d08aedee14b5b( t633 ).
3,8,3,DATA(TMP) = VALUE STRING( ). | DATA(TMP) = VALUE STRING( ). | DATA(TMP) = CONV STRING( TMP ).,src/abap/1_lexer/lexer.ts.Lexer.add:594,DATA(t236) = VALUE string( ). DATA(t237) = VALUE string( ). DATA(t238) = CONV string( t1 ).
3,8,0,ELSE. | DATA(TMP) = VALUE ABAP_BOOL( ). | DATA(TMP) = CONV STRING( TMP ).,src/abap/1_lexer/lexer.ts.Lexer.add:823,ELSE. DATA(t340) = VALUE abap_bool( ). DATA(t341) = CONV string( t1 ).
2,8,6,ELSE. | DATA(TMP) = VALUE I( ).,src/abap/2_statements/combi.ts.Alternative.run:107,ELSE. DATA(t19) = VALUE i( ).
2,8,5,ENDIF. | TMP = NAME=>NAME( NAME = TMP NAME = TMP NAME = TMP NAME = TMP ).,src/abap/2_statements/combi.ts.Regex.run:188,ENDIF. t46 = z_src_abap_2_s_b6c5f651b292e5=>z_member_fromc_9d7b43515b1343( z_param_tokens_3a66ced5b5b26a = t47 z_param_tokeni_36bd2fa45d0f58 = t49 z_param_nodes_51988edc19892d = t54 z_param_nodeco_6f0a19763cdb2a = t61 ).
3,8,8,ME->NAME = TMP. | ELSE. | DATA(TMP) = VALUE ABAP_BOOL( ).,src/abap/1_lexer/lexer.ts.Lexer.process:2114,me->z_member_m_db4a69995aff75 = t165. ELSE. DATA(t167) = VALUE abap_bool( ).
3,8,2,RAISE EXCEPTION TYPE CX_SY_RANGE_OUT_OF_BOUNDS. | ENDIF. | TMP = TMP.,src/abap/1_lexer/lexer.ts.Lexer.add:268,RAISE EXCEPTION TYPE cx_sy_range_out_of_bounds. ENDIF. t93 = t94.
3,8,0,RANGE_INT8_BOUND_MAX = RANGE_INT8_BOUND_MAX * NUM. | RANGE_INT8_BOUND_MAX = RANGE_INT8_BOUND_MAX + NUM. | DATA(TMP) = CAST NAME( NAME ).,src/abap/2_statements/combi.ts.Expression.run:35,range_int8_bound_max = range_int8_bound_max * 1000000000. range_int8_bound_max = range_int8_bound_max + 254740991. DATA(t1) = CAST z_runtime_arra_c22708faf2e354( z_param_r_f634cd02b53efc ).
2,8,0,RANGE_INT8_BOUND_MAX = RANGE_INT8_BOUND_MAX + NUM. | DATA(TMP) = CAST NAME( NAME ).,src/abap/2_statements/combi.ts.Expression.run:36,range_int8_bound_max = range_int8_bound_max + 254740991. DATA(t1) = CAST z_runtime_arra_c22708faf2e354( z_param_r_f634cd02b53efc ).
3,8,0,RANGE_INT8_BOUND_MAX = RANGE_INT8_BOUND_MAX + NUM. | DATA(TMP) = CAST NAME( NAME ). | DATA TMP TYPE REF TO NAME.,src/abap/2_statements/combi.ts.Expression.run:36,range_int8_bound_max = range_int8_bound_max + 254740991. DATA(t1) = CAST z_runtime_arra_c22708faf2e354( z_param_r_f634cd02b53efc ). DATA t2 TYPE REF TO z_runtime_arra_c22708faf2e354.
3,8,6,TMP = LINES( TMP->ITEMS ). | TMP = TMP. | ENDIF.,src/abap/2_statements/combi.ts.Alternative.run:122,t25 = lines( t26->items ). t19 = t25. ENDIF.
2,8,5,TMP = NEW NAME( NAME = TMP ). | TMP = TMP.,src/abap/1_lexer/lexer.ts.Lexer.process:1753,t3 = NEW z_src_abap_1_l_4d08aedee14b5b( z_param_raw_2fd8c444587bc5 = t4 ). t2 = t3.
2,8,4,TMP = TMP->NAME( NAME = TMP ). | DATA TMP TYPE REF TO NAME.,src/abap/2_statements/combi.ts.Permutation.run:171,t43 = t44->z_member_run_71be1bca84374a( z_param_r_f634cd02b53efc = t47 ). DATA t48 TYPE REF TO z_src_abap_2_s_b6c5f651b292e5.
3,8,4,TMP = TMP->NAME( NAME = TMP ). | DATA TMP TYPE REF TO NAME. | CLEAR TMP.,src/abap/2_statements/combi.ts.Permutation.run:171,t43 = t44->z_member_run_71be1bca84374a( z_param_r_f634cd02b53efc = t47 ). DATA t48 TYPE REF TO z_src_abap_2_s_b6c5f651b292e5. CLEAR t48.
3,8,7,TMP = TMP->NAME( NAME = TMP ). | TMP = TMP. | DATA(TMP) = VALUE ABAP_BOOL( ).,src/abap/2_statements/combi.ts.Alternative.run:89,t8 = t9->z_member_run_71be1bca84374a( z_param_r_f634cd02b53efc = t10 ). t7 = t8. DATA(t11) = VALUE abap_bool( ).
2,8,8,TMP = TMP->NAME. | DATA(TMP) = CONV I( LIT ).,src/abap/1_lexer/lexer.ts.Lexer.process:1786,t25 = t26->z_member_offse_4eb7e0915312eb. DATA(t27) = CONV i( '0' ).
2,8,8,TMP = TMP->NAME. | DATA(TMP) = CONV I( TMP ).,src/abap/1_lexer/lexer.ts.Lexer.process:2391,t281 = t282->z_member_raw_eb82124cb04f25. DATA(t283) = CONV i( t268 ).
2,8,6,TMP = TMP->NAME. | DATA(TMP) = CONV INT8( NUM ).,src/abap/1_lexer/lexer.ts.Lexer.process:3353,t673 = t674->z_member_row_2dc5d934b27d6d. DATA(t675) = CONV int8( 1 ).
2,8,6,TMP = TMP. | DATA(TMP) = CONV I( NAME=>NAME ).,src/abap/1_lexer/lexer.ts.Lexer.add:1512,t619 = t620. DATA(t653) = CONV i( z_src_abap_1_l_9d1bf4ef0204bc=>z_member_eof_9d9c0193bdc4f4 ).
3,8,3,TMP = TMP. | DATA(TMP) = VALUE I( ). | DATA(TMP) = VALUE I( ).,src/abap/1_lexer/lexer.ts.Lexer.add:88,t16 = t14. DATA(t17) = VALUE i( ). DATA(t18) = VALUE i( ).
2,8,0,TMP = TMP. | DO.,src/abap/2_statements/combi.ts.Permutation.run:93,t7 = t8. DO.
3,8,6,TMP ?= TMP. | APPEND TMP TO TMP->ITEMS. | ELSE.,src/abap/2_statements/combi.ts.Alternative.run:105,t16 ?= t18. APPEND t16 TO t15->items. ELSE.
3,7,5,APPEND TMP TO TMP->ITEMS. | ELSE. | DATA(TMP) = VALUE I( ).,src/abap/2_statements/combi.ts.Alternative.run:106,APPEND t16 TO t15->items. ELSE. DATA(t19) = VALUE i( ).
3,7,3,CLEAR TMP. | DATA(TMP) = CAST NAME( TMP ). | TMP = ME->NAME( NAME = TMP ).,src/abap/2_statements/statement_parser.ts.StatementParser.categorize:1229,CLEAR t9. DATA(t10) = CAST z_src_abap_nod_e445d254902ced( t6 ). t9 = me->z_member_categ_aea4bdefbbe09b( z_param_input_967e31f857995e = t10 ).
3,7,6,CLEAR TMP. | ELSE. | IF TMP > TMP - TMP.,src/abap/1_lexer/lexer.ts.Lexer.add:776,CLEAR t316. ELSE. IF t319 > t320 - t318.
2,7,3,DATA(TMP) = CAST NAME( TMP ). | TMP = ME->NAME( NAME = TMP ).,src/abap/2_statements/statement_parser.ts.StatementParser.categorize:1230,DATA(t10) = CAST z_src_abap_nod_e445d254902ced( t6 ). t9 = me->z_member_categ_aea4bdefbbe09b( z_param_input_967e31f857995e = t10 ).
2,7,4,DATA(TMP) = CONV ABAP_BOOL( ABAP_TRUE ). | TMP = TMP.,src/abap/1_lexer/lexer.ts.Lexer.add:335,DATA(t117) = CONV abap_bool( abap_true ). t50 = t117.
3,7,5,DATA(TMP) = CONV I( LIT ). | TMP = TMP - TMP. | TMP = TMP.,src/abap/1_lexer/lexer.ts.Lexer.process:2373,DATA(t272) = CONV i( '1' ). t269 = t270 - t272. t268 = t269.
3,7,0,DATA(TMP) = CONV I( NAME=>NAME ). | TMP = TMP. | RESULT = TMP.,src/abap/1_lexer/lexer_stream.ts.LexerStream.charCodeAt:505,DATA(t13) = CONV i( z_src_abap_1_l_947bbb88034ba0=>z_member_eof_9d9c0193bdc4f4 ). t12 = t13. result = t12.
3,7,5,DATA(TMP) = CONV I( NAME=>NAME ). | TMP = XSDBOOL( TMP = TMP ). | IF TMP = ABAP_TRUE.,src/abap/1_lexer/lexer.ts.Lexer.add:1513,DATA(t653) = CONV i( z_src_abap_1_l_9d1bf4ef0204bc=>z_member_eof_9d9c0193bdc4f4 ). t618 = xsdbool( t619 = t653 ). IF t618 = abap_true.
2,7,6,DATA(TMP) = CONV I( STRLEN( TMP ) ). | IF TMP < NUM.,src/abap/1_lexer/lexer.ts.Lexer.add:768,DATA(t320) = CONV i( strlen( t317 ) ). IF t318 < 0.
3,7,6,DATA(TMP) = CONV I( STRLEN( TMP ) ). | IF TMP < NUM. | TMP = TMP + TMP.,src/abap/1_lexer/lexer.ts.Lexer.add:768,DATA(t320) = CONV i( strlen( t317 ) ). IF t318 < 0. t318 = t318 + t320.
3,7,2,DATA(TMP) = CONV I( STRLEN( TMP ) ). | TMP = TMP. | DATA(TMP) = CONV I( LIT ).,src/abap/1_lexer/lexer.ts.Lexer.add:165,DATA(t36) = CONV i( strlen( t35 ) ). t34 = t36. DATA(t37) = CONV i( '0' ).
3,7,7,DATA(TMP) = CONV I( TMP ). | DATA(TMP) = CONV I( LIT ). | TMP = TMP + TMP.,src/abap/1_lexer/lexer.ts.Lexer.process:1911,DATA(t82) = CONV i( t64 ). DATA(t83) = CONV i( '1' ). t81 = t82 + t83.
2,7,5,DATA(TMP) = CONV I( TMP ). | DATA(TMP) = CONV I( STRLEN( TMP ) ).,src/abap/1_lexer/lexer.ts.Lexer.process:2392,DATA(t283) = CONV i( t268 ). DATA(t284) = CONV i( strlen( t281 ) ).
3,7,5,DATA(TMP) = CONV I( TMP ). | DATA(TMP) = CONV I( STRLEN( TMP ) ). | IF TMP < NUM OR TMP >= TMP.,src/abap/1_lexer/lexer.ts.Lexer.process:2392,DATA(t283) = CONV i( t268 ). DATA(t284) = CONV i( strlen( t281 ) ). IF t283 < 0 OR t283 >= t284.
2,7,7,DATA(TMP) = CONV I( TMP ). | TMP = TMP + NUM.,src/abap/2_statements/combi.ts.Permutation.run:111,DATA(t17) = CONV i( t7 ). t17 = t17 + 1.
3,7,7,DATA(TMP) = CONV I( TMP ). | TMP = TMP + NUM. | DATA TMP TYPE REF TO OBJECT.,src/abap/2_statements/combi.ts.Permutation.run:111,DATA(t17) = CONV i( t7 ). t17 = t17 + 1. DATA t18 TYPE REF TO object.
2,7,2,DATA(TMP) = CONV INT8( TMP ). | TMP = TMP.,src/abap/1_lexer/lexer.ts.Lexer.add:387,DATA(t147) = CONV int8( t126 ). t146 = t147.
3,7,7,DATA(TMP) = CONV STRING( LIT ). | DATA(TMP) = CONV I( STRLEN( TMP ) ). | DATA(TMP) = VALUE I( ).,src/abap/2_statements/statement_parser.ts.StatementParser.lazyUnknown:406,DATA(t24) = CONV string( |CALL METHOD | ). DATA(t25) = CONV i( strlen( t23 ) ). DATA(t26) = VALUE i( ).
3,7,4,DATA(TMP) = VALUE ABAP_BOOL( ). | DATA(TMP) = CONV INT8( TMP ). | DATA(TMP) = CONV INT8( NUM ).,src/abap/1_lexer/lexer.ts.Lexer.add:235,DATA(t77) = VALUE abap_bool( ). DATA(t78) = CONV int8( t72 ). DATA(t79) = CONV int8( 0 ).
3,7,6,DATA(TMP) = VALUE ABAP_BOOL( ). | DATA(TMP) = VALUE ABAP_BOOL( ). | DATA(TMP) = CONV INT8( ME->NAME ).,src/abap/1_lexer/lexer.ts.Lexer.add:562,DATA(t220) = VALUE abap_bool( ). DATA(t221) = VALUE abap_bool( ). DATA(t222) = CONV int8( me->z_member_m_db4a69995aff75 ).
2,7,7,DATA(TMP) = VALUE I( ). | DATA(TMP) = CONV I( TMP ).,src/abap/1_lexer/lexer.ts.Lexer.process:1910,DATA(t81) = VALUE i( ). DATA(t82) = CONV i( t64 ).
3,7,7,DATA(TMP) = VALUE I( ). | DATA(TMP) = CONV I( TMP ). | DATA(TMP) = CONV I( LIT ).,src/abap/1_lexer/lexer.ts.Lexer.process:1910,DATA(t81) = VALUE i( ). DATA(t82) = CONV i( t64 ). DATA(t83) = CONV i( '1' ).
3,7,7,DATA(TMP) = VALUE I( ). | DATA(TMP) = VALUE STRING( ). | TMP = STRLEN( TMP ).,src/abap/2_statements/statement_parser.ts.StatementParser.lazyUnknown:409,DATA(t27) = VALUE i( ). DATA(t28) = VALUE string( ). t26 = strlen( t24 ).
2,7,5,DATA(TMP) = VALUE INT8( ). | DATA(TMP) = CONV I( TMP ).,src/abap/1_lexer/lexer.ts.Lexer.add:229,DATA(t73) = VALUE int8( ). DATA(t74) = CONV i( t52 ).
3,7,5,DATA(TMP) = VALUE INT8( ). | DATA(TMP) = CONV I( TMP ). | TMP = TMP.,src/abap/1_lexer/lexer.ts.Lexer.add:229,DATA(t73) = VALUE int8( ). DATA(t74) = CONV i( t52 ). t73 = t74.
2,7,7,DATA(TMP) = VALUE STRING( ). | TMP = STRLEN( TMP ).,src/abap/2_statements/statement_parser.ts.StatementParser.lazyUnknown:410,DATA(t28) = VALUE string( ). t26 = strlen( t24 ).
3,7,7,DATA(TMP) = VALUE STRING( ). | TMP = STRLEN( TMP ). | IF TMP = NUM.,src/abap/2_statements/statement_parser.ts.StatementParser.lazyUnknown:410,DATA(t28) = VALUE string( ). t26 = strlen( t24 ). IF t26 = 0.
2,7,0,DO. | DATA(TMP) = VALUE ABAP_BOOL( ).,src/abap/2_statements/combi.ts.Permutation.run:94,DO. DATA(t9) = VALUE abap_bool( ).
3,7,5,ELSE. | DATA(TMP) = VALUE I( ). | DATA(TMP) = CAST NAME( TMP ).,src/abap/2_statements/combi.ts.Alternative.run:107,ELSE. DATA(t19) = VALUE i( ). DATA(t20) = CAST z_runtime_arra_c22708faf2e354( t7 ).
2,7,6,ELSE. | IF TMP > TMP - TMP.,src/abap/1_lexer/lexer.ts.Lexer.add:777,ELSE. IF t319 > t320 - t318.
3,7,6,ELSE. | IF TMP > TMP - TMP. | TMP = TMP - TMP.,src/abap/1_lexer/lexer.ts.Lexer.add:777,ELSE. IF t319 > t320 - t318. t319 = t320 - t318.
2,7,7,ELSEIF TMP <= TMP. | TMP = NUM.,src/abap/2_statements/statement_parser.ts.StatementParser.lazyUnknown:414,ELSEIF t26 <= t25. t27 = 0.
3,7,6,ENDIF. | ENDIF. | IF TMP > TMP OR TMP <= NUM.,src/abap/1_lexer/lexer.ts.Lexer.add:773,ENDIF. ENDIF. IF t318 > t320 OR t319 <= 0.
2,7,6,ENDIF. | IF TMP > TMP OR TMP <= NUM.,src/abap/1_lexer/lexer.ts.Lexer.add:774,ENDIF. IF t318 > t320 OR t319 <= 0.
3,7,6,ENDIF. | IF TMP > TMP OR TMP <= NUM. | CLEAR TMP.,src/abap/1_lexer/lexer.ts.Lexer.add:774,ENDIF. IF t318 > t320 OR t319 <= 0. CLEAR t316.
2,7,0,ENDIF. | ME->NAME = TMP.,src/abap/1_lexer/lexer_stream.ts.LexerStream.advance:120,ENDIF. me->z_member_row_2dc5d934b27d6d = t30.
3,7,5,ENDIF. | TMP = NAME=>NAME( NAME = TMP NAME = TMP NAME = TMP NAME = TMP ). | TMP = TMP.,src/abap/2_statements/combi.ts.Regex.run:188,ENDIF. t46 = z_src_abap_2_s_b6c5f651b292e5=>z_member_fromc_9d7b43515b1343( z_param_tokens_3a66ced5b5b26a = t47 z_param_tokeni_36bd2fa45d0f58 = t49 z_param_nodes_51988edc19892d = t54 z_param_nodeco_6f0a19763cdb2a = t61 ). t40 = t46.
2,7,6,ENDIF. | TMP = TMP+TMP(TMP).,src/abap/1_lexer/lexer.ts.Lexer.add:780,ENDIF. t316 = t317+t318(t319).
3,7,6,ENDIF. | TMP = TMP+TMP(TMP). | ENDIF.,src/abap/1_lexer/lexer.ts.Lexer.add:780,ENDIF. t316 = t317+t318(t319). ENDIF.
3,7,2,ENDIF. | TMP = TMP. | DATA(TMP) = VALUE ABAP_BOOL( ).,src/abap/1_lexer/lexer.ts.Lexer.add:160,ENDIF. t1 = t2. DATA(t33) = VALUE abap_bool( ).
3,7,4,ENDIF. | TMP = TMP. | DATA(TMP) = VALUE INT8( ).,src/abap/1_lexer/lexer.ts.Lexer.add:361,ENDIF. t126 = t127. DATA(t132) = VALUE int8( ).
2,7,6,IF TMP < NUM. | TMP = NUM.,src/abap/1_lexer/lexer.ts.Lexer.add:771,IF t318 < 0. t318 = 0.
3,7,6,IF TMP < NUM. | TMP = NUM. | ENDIF.,src/abap/1_lexer/lexer.ts.Lexer.add:771,IF t318 < 0. t318 = 0. ENDIF.
2,7,6,IF TMP < NUM. | TMP = TMP + TMP.,src/abap/1_lexer/lexer.ts.Lexer.add:769,IF t318 < 0. t318 = t318 + t320.
3,7,6,IF TMP < NUM. | TMP = TMP + TMP. | IF TMP < NUM.,src/abap/1_lexer/lexer.ts.Lexer.add:769,IF t318 < 0. t318 = t318 + t320. IF t318 < 0.
2,7,1,IF TMP < RANGE_INT_CHECK_LO_NZIK0ZK OR TMP > RANGE_INT_CHECK_HI_ZIK0ZJ. | RAISE EXCEPTION TYPE CX_SY_RANGE_OUT_OF_BOUNDS.,src/abap/1_lexer/lexer.ts.Lexer.add:267,IF t94 < range_int_check_lo_nzik0zk OR t94 > range_int_check_hi_zik0zj. RAISE EXCEPTION TYPE cx_sy_range_out_of_bounds.
3,7,1,IF TMP < RANGE_INT_CHECK_LO_NZIK0ZK OR TMP > RANGE_INT_CHECK_HI_ZIK0ZJ. | RAISE EXCEPTION TYPE CX_SY_RANGE_OUT_OF_BOUNDS. | ENDIF.,src/abap/1_lexer/lexer.ts.Lexer.add:267,IF t94 < range_int_check_lo_nzik0zk OR t94 > range_int_check_hi_zik0zj. RAISE EXCEPTION TYPE cx_sy_range_out_of_bounds. ENDIF.
3,7,7,IF TMP = ABAP_TRUE. | ME->NAME( ). | DATA(TMP) = VALUE INT8( ).,src/abap/1_lexer/lexer.ts.Lexer.process:2109,IF t162 = abap_true. me->z_member_add_51c1bb18694a11( ). DATA(t165) = VALUE int8( ).
2,7,7,IF TMP = NUM. | TMP = ABAP_TRUE.,src/abap/2_statements/statement_parser.ts.StatementParser.lazyUnknown:412,IF t26 = 0. t22 = abap_true.
3,7,7,IF TMP = NUM. | TMP = ABAP_TRUE. | ELSEIF TMP <= TMP.,src/abap/2_statements/statement_parser.ts.StatementParser.lazyUnknown:412,IF t26 = 0. t22 = abap_true. ELSEIF t26 <= t25.
2,7,7,IF TMP = TMP. | TMP = ABAP_TRUE.,src/abap/2_statements/statement_parser.ts.StatementParser.lazyUnknown:417,IF t28 = t24. t22 = abap_true.
3,7,7,IF TMP = TMP. | TMP = ABAP_TRUE. | ENDIF.,src/abap/2_statements/statement_parser.ts.StatementParser.lazyUnknown:417,IF t28 = t24. t22 = abap_true. ENDIF.
2,7,6,IF TMP > TMP - TMP. | TMP = TMP - TMP.,src/abap/1_lexer/lexer.ts.Lexer.add:778,IF t319 > t320 - t318. t319 = t320 - t318.
3,7,6,IF TMP > TMP - TMP. | TMP = TMP - TMP. | ENDIF.,src/abap/1_lexer/lexer.ts.Lexer.add:778,IF t319 > t320 - t318. t319 = t320 - t318. ENDIF.
2,7,6,IF TMP > TMP OR TMP <= NUM. | CLEAR TMP.,src/abap/1_lexer/lexer.ts.Lexer.add:775,IF t318 > t320 OR t319 <= 0. CLEAR t316.
3,7,6,IF TMP > TMP OR TMP <= NUM. | CLEAR TMP. | ELSE.,src/abap/1_lexer/lexer.ts.Lexer.add:775,IF t318 > t320 OR t319 <= 0. CLEAR t316. ELSE.
2,7,7,ME->NAME( ). | DATA(TMP) = VALUE INT8( ).,src/abap/1_lexer/lexer.ts.Lexer.process:2110,me->z_member_add_51c1bb18694a11( ). DATA(t165) = VALUE int8( ).
3,7,7,ME->NAME( ). | DATA(TMP) = VALUE INT8( ). | DATA(TMP) = CONV I( NAME=>NAME ).,src/abap/1_lexer/lexer.ts.Lexer.process:2110,me->z_member_add_51c1bb18694a11( ). DATA(t165) = VALUE int8( ). DATA(t166) = CONV i( z_src_abap_1_l_9d1bf4ef0204bc=>z_member_modes_382721884450c5 ).
3,7,5,READ TABLE TMP->ITEMS INDEX NUM INTO TMP. | TMP ?= TMP. | APPEND TMP TO TMP->ITEMS.,src/abap/2_statements/combi.ts.Alternative.run:104,READ TABLE t17->items INDEX 1 INTO t18. t16 ?= t18. APPEND t16 TO t15->items.
2,7,7,TMP = ABAP_TRUE. | ELSEIF TMP <= TMP.,src/abap/2_statements/statement_parser.ts.StatementParser.lazyUnknown:413,t22 = abap_true. ELSEIF t26 <= t25.
3,7,7,TMP = ABAP_TRUE. | ELSEIF TMP <= TMP. | TMP = NUM.,src/abap/2_statements/statement_parser.ts.StatementParser.lazyUnknown:413,t22 = abap_true. ELSEIF t26 <= t25. t27 = 0.
3,7,7,TMP = ABAP_TRUE. | ENDIF. | ENDIF.,src/abap/2_statements/statement_parser.ts.StatementParser.lazyUnknown:418,t22 = abap_true. ENDIF. ENDIF.
3,7,3,TMP = ABAP_TRUE. | ENDIF. | TMP = TMP.,src/abap/1_lexer/lexer.ts.Lexer.add:1402,t604 = abap_true. ENDIF. t599 = t604.
2,7,5,TMP = NAME=>NAME( NAME = TMP NAME = TMP NAME = TMP NAME = TMP ). | TMP = TMP.,src/abap/2_statements/combi.ts.Regex.run:189,t46 = z_src_abap_2_s_b6c5f651b292e5=>z_member_fromc_9d7b43515b1343( z_param_tokens_3a66ced5b5b26a = t47 z_param_tokeni_36bd2fa45d0f58 = t49 z_param_nodes_51988edc19892d = t54 z_param_nodeco_6f0a19763cdb2a = t61 ). t40 = t46.
2,7,6,TMP = NUM. | ENDIF.,src/abap/1_lexer/lexer.ts.Lexer.add:772,t318 = 0. ENDIF.
3,7,6,TMP = NUM. | ENDIF. | ENDIF.,src/abap/1_lexer/lexer.ts.Lexer.add:772,t318 = 0. ENDIF. ENDIF.
2,7,7,TMP = STRLEN( TMP ). | IF TMP = NUM.,src/abap/2_statements/statement_parser.ts.StatementParser.lazyUnknown:411,t26 = strlen( t24 ). IF t26 = 0.
3,7,7,TMP = STRLEN( TMP ). | IF TMP = NUM. | TMP = ABAP_TRUE.,src/abap/2_statements/statement_parser.ts.StatementParser.lazyUnknown:411,t26 = strlen( t24 ). IF t26 = 0. t22 = abap_true.
2,7,6,TMP = TMP + TMP. | IF TMP < NUM.,src/abap/1_lexer/lexer.ts.Lexer.add:770,t318 = t318 + t320. IF t318 < 0.
3,7,6,TMP = TMP + TMP. | IF TMP < NUM. | TMP = NUM.,src/abap/1_lexer/lexer.ts.Lexer.add:770,t318 = t318 + t320. IF t318 < 0. t318 = 0.
2,7,6,TMP = TMP - TMP. | ENDIF.,src/abap/1_lexer/lexer.ts.Lexer.add:779,t319 = t320 - t318. ENDIF.
3,7,6,TMP = TMP - TMP. | ENDIF. | TMP = TMP+TMP(TMP).,src/abap/1_lexer/lexer.ts.Lexer.add:779,t319 = t320 - t318. ENDIF. t316 = t317+t318(t319).
2,7,6,TMP = TMP+TMP(TMP). | ENDIF.,src/abap/1_lexer/lexer.ts.Lexer.add:781,t316 = t317+t318(t319). ENDIF.
2,7,7,TMP = TMP+TMP(TMP). | IF TMP = TMP.,src/abap/2_statements/statement_parser.ts.StatementParser.lazyUnknown:416,t28 = t23+t27(t26). IF t28 = t24.
3,7,7,TMP = TMP+TMP(TMP). | IF TMP = TMP. | TMP = ABAP_TRUE.,src/abap/2_statements/statement_parser.ts.StatementParser.lazyUnknown:416,t28 = t23+t27(t26). IF t28 = t24. t22 = abap_true.
3,7,5,TMP = TMP->NAME. | DATA(TMP) = CONV INT8( NUM ). | TMP = TMP + TMP.,src/abap/1_lexer/lexer.ts.Lexer.process:3353,t673 = t674->z_member_row_2dc5d934b27d6d. DATA(t675) = CONV int8( 1 ). t672 = t673 + t675.
2,7,4,TMP = TMP. | APPEND TMP TO TMP->ITEMS.,src/abap/1_lexer/lexer.ts.Lexer.add:1707,t738 = t739. APPEND t738 TO t737->items.
2,7,2,TMP = TMP. | DATA(TMP) = CONV I( LIT ).,src/abap/1_lexer/lexer.ts.Lexer.add:166,t34 = t36. DATA(t37) = CONV i( '0' ).
3,7,5,TMP = TMP. | DATA(TMP) = CONV I( NAME=>NAME ). | TMP = XSDBOOL( TMP = TMP ).,src/abap/1_lexer/lexer.ts.Lexer.add:1512,t619 = t620. DATA(t653) = CONV i( z_src_abap_1_l_9d1bf4ef0204bc=>z_member_eof_9d9c0193bdc4f4 ). t618 = xsdbool( t619 = t653 ).
3,7,4,TMP = TMP. | DATA(TMP) = VALUE INT8( ). | DATA TMP TYPE REF TO NAME.,src/abap/1_lexer/lexer.ts.Lexer.add:521,t199 = t200. DATA(t201) = VALUE int8( ). DATA t202 TYPE REF TO z_src_position_90002a97f25e1e.
3,7,2,TMP = TMP. | DATA(TMP) = VALUE INT8( ). | DATA(TMP) = CAST NAME( TMP ).,src/abap/1_lexer/lexer.ts.Lexer.add:175,t40 = t41. DATA(t42) = VALUE int8( ). DATA(t43) = CAST z_src_abap_1_l_4d08aedee14b5b( t40 ).
3,7,0,TMP = TMP. | DO. | DATA(TMP) = VALUE ABAP_BOOL( ).,src/abap/2_statements/combi.ts.Permutation.run:93,t7 = t8. DO. DATA(t9) = VALUE abap_bool( ).
2,7,0,TMP = TMP. | ENDDO.,src/abap/2_statements/combi.ts.Permutation.run:216,t7 = t65. ENDDO.
2,7,5,TMP = TMP. | TMP = TMP->NAME( NAME = TMP ).,src/abap/1_lexer/lexer.ts.Lexer.process:2717,t410 = t411. t408 = t409->z_member_count_aef1818d79c2bf( z_param_char_da5c30c615561e = t410 ).
2,7,3,TMP->NAME = TMP. | DATA(TMP) = CAST NAME( TMP ).,src/abap/1_lexer/lexer.ts.Lexer.add:1716,t742->z_member_start_4dd113ee116862 = t743. DATA(t744) = CAST z_src_abap_1_l_cca5bd2c711d39( t740 ).
2,6,5,APPEND TMP TO TMP->ITEMS. | DATA TMP TYPE REF TO NAME.,src/abap/2_statements/combi.ts.Optional.run:55,APPEND t8 TO t7->items. DATA t9 TYPE REF TO z_runtime_arra_c22708faf2e354.
3,6,5,APPEND TMP TO TMP->ITEMS. | DATA TMP TYPE REF TO NAME. | CLEAR TMP.,src/abap/2_statements/combi.ts.Optional.run:55,APPEND t8 TO t7->items. DATA t9 TYPE REF TO z_runtime_arra_c22708faf2e354. CLEAR t9.
3,6,1,APPEND TMP TO TMP->ITEMS. | ENDIF. | ENDLOOP.,src/abap/2_statements/combi.ts.Expression.run:177,APPEND t62 TO t61->items. ENDIF. ENDLOOP.
3,6,0,APPEND TMP TO TMP->ITEMS. | ENDLOOP. | DATA(TMP) = CAST NAME( TMP ).,src/abap/2_statements/statement_parser.ts.StatementParser.categorize:1232,APPEND t9 TO t8->items. ENDLOOP. DATA(t11) = CAST z_src_abap_2_s_4c81ce49a22dce( t1 ).
3,6,0,CLEAR TMP. | DATA(TMP) = CAST NAME( ME->NAME ). | TMP = TMP->NAME.,src/abap/4_file_information/abap_file_information.ts.ABAPFileInformation.getClassDefinitionByName:489,CLEAR t6. DATA(t7) = CAST z_src_abap_4_f_5acf3137487da7( me->z_member_parse_d175cb7265d9fc ). t6 = t7->z_member_class_2d2b334ab0f0b7.
3,6,6,CLEAR TMP. | DATA(TMP) = CAST NAME( TMP ). | DATA(TMP) = CONV I( TMP ).,src/abap/2_statements/combi.ts.Permutation.run:148,CLEAR t34. DATA(t35) = CAST z_runtime_arra_c22708faf2e354( t32 ). DATA(t36) = CONV i( t7 ).
3,6,4,CLEAR TMP. | TMP = NEW NAME( NAME = TMP NAME = TMP NAME = TMP ). | DATA TMP TYPE REF TO NAME.,src/abap/2_statements/statement_parser.ts.StatementParser.categorizeStatement:1300,CLEAR t30. t27 = NEW z_src_abap_nod_e445d254902ced( z_param_statem_a93a3a61ab48a1 = t28 z_param_colon_efc6e029c59417 = t29 z_param_pragma_9ae3ad041053f6 = t30 ). DATA t31 TYPE REF TO z_runtime_arra_c22708faf2e354.
2,6,0,DATA RANGE_INT_CHECK_LO_NZIK0ZK TYPE INT8. | RANGE_INT_CHECK_LO_NZIK0ZK = -NUM.,src/abap/1_lexer/lexer.ts.Lexer.add:54,DATA range_int_check_lo_nzik0zk TYPE int8. range_int_check_lo_nzik0zk = -2147483648.
2,6,1,DATA(TMP) = CAST NAME( ME->NAME ). | DATA TMP TYPE REF TO NAME.,src/abap/1_lexer/lexer.ts.Lexer.add:1703,DATA(t737) = CAST z_runtime_arra_c22708faf2e354( me->z_member_token_ed4bfabc8c4cec ). DATA t738 TYPE REF TO z_src_abap_1_l_506101b34e5cc0.
3,6,1,DATA(TMP) = CAST NAME( ME->NAME ). | DATA TMP TYPE REF TO NAME. | CLEAR TMP.,src/abap/1_lexer/lexer.ts.Lexer.add:1703,DATA(t737) = CAST z_runtime_arra_c22708faf2e354( me->z_member_token_ed4bfabc8c4cec ). DATA t738 TYPE REF TO z_src_abap_1_l_506101b34e5cc0. CLEAR t738.
2,6,0,DATA(TMP) = CAST NAME( ME->NAME ). | TMP = TMP->NAME.,src/abap/4_file_information/abap_file_information.ts.ABAPFileInformation.getClassDefinitionByName:490,DATA(t7) = CAST z_src_abap_4_f_5acf3137487da7( me->z_member_parse_d175cb7265d9fc ). t6 = t7->z_member_class_2d2b334ab0f0b7.
2,6,6,DATA(TMP) = CAST NAME( TMP ). | DATA(TMP) = CONV I( TMP ).,src/abap/2_statements/combi.ts.Permutation.run:149,DATA(t35) = CAST z_runtime_arra_c22708faf2e354( t32 ). DATA(t36) = CONV i( t7 ).
3,6,4,DATA(TMP) = CAST NAME( TMP ). | DATA(TMP) = VALUE I( ). | DATA(TMP) = VALUE I( ).,src/abap/1_lexer/lexer.ts.Lexer.process:3402,DATA(t697) = CAST z_src_abap_1_l_4d08aedee14b5b( t633 ). DATA(t698) = VALUE i( ). DATA(t699) = VALUE i( ).
3,6,4,DATA(TMP) = CAST NAME( TMP ). | TMP = NEW NAME( NAME = TMP ). | APPEND TMP TO TMP->ITEMS.,src/abap/2_statements/statement_parser.ts.StatementParser.categorizeStatement:1405,DATA(t75) = CAST z_src_abap_1_l_506101b34e5cc0( t71 ). t74 = NEW z_src_abap_nod_935d26003cb490( z_param_token_06f9e7a29ec34c = t75 ). APPEND t74 TO t73->items.
3,6,4,DATA(TMP) = CAST NAME( TMP ). | TMP = TMP->NAME. | TMP = NEW NAME( NAME = TMP NAME = TMP ).,src/abap/2_statements/combi.ts.Regex.run:171,DATA(t59) = CAST z_src_abap_2_s_b6c5f651b292e5( t41 ). t58 = t59->z_member_nodes_022617c0b510ec. t56 = NEW z_src_abap_2_s_c435ad477cf33f( z_param_node_1324e81b8c7326 = t57 z_param_previo_4981fbd290610f = t58 ).
3,6,4,DATA(TMP) = CAST NAME( TMP ). | TMP = XSDBOOL( TMP IS BOUND AND TMP IS INSTANCE OF NAME ). | TMP = TMP.,src/abap/2_statements/statement_parser.ts.StatementParser.categorizeStatement:1271,DATA(t17) = CAST z_src_abap_1_l_506101b34e5cc0( t12 ). t16 = xsdbool( t17 IS BOUND AND t17 IS INSTANCE OF z_src_abap_1_l_eb674d40d7be44 ). t15 = t16.
2,6,3,DATA(TMP) = CONV I( LIT ). | DATA(TMP) = CONV I( STRLEN( TMP ) ).,src/abap/1_lexer/lexer.ts.Lexer.add:597,DATA(t239) = CONV i( '0' ). DATA(t240) = CONV i( strlen( t238 ) ).
3,6,3,DATA(TMP) = CONV I( LIT ). | TMP = XSDBOOL( TMP > TMP ). | IF TMP = ABAP_TRUE.,src/abap/1_lexer/lexer.ts.Lexer.add:167,DATA(t37) = CONV i( '0' ). t33 = xsdbool( t34 > t37 ). IF t33 = abap_true.
2,6,0,DATA(TMP) = CONV I( ME->NAME ). | TMP = TMP.,src/abap/1_lexer/lexer_stream.ts.LexerStream.getOffset:556,DATA(t2) = CONV i( me->z_member_offse_4eb7e0915312eb ). t1 = t2.
2,6,6,DATA(TMP) = CONV I( NAME=>NAME ). | TMP = XSDBOOL( TMP <> TMP ).,src/abap/1_lexer/lexer.ts.Lexer.process:2353,DATA(t260) = CONV i( z_src_abap_1_l_9d1bf4ef0204bc=>z_member_ch_sp_1e1455ae5d77cb ). t258 = xsdbool( t259 <> t260 ).
3,6,6,DATA(TMP) = CONV I( NAME=>NAME ). | TMP = XSDBOOL( TMP <> TMP ). | TMP = TMP.,src/abap/1_lexer/lexer.ts.Lexer.process:2353,DATA(t260) = CONV i( z_src_abap_1_l_9d1bf4ef0204bc=>z_member_ch_sp_1e1455ae5d77cb ). t258 = xsdbool( t259 <> t260 ). t254 = t258.
3,6,5,DATA(TMP) = CONV I( TMP ). | TMP = TMP. | TMP = TMP.,src/abap/1_lexer/lexer.ts.Lexer.add:230,DATA(t74) = CONV i( t52 ). t73 = t74. t72 = t73.
2,6,6,DATA(TMP) = CONV INT8( NUM ). | TMP = XSDBOOL( TMP > TMP ).,src/abap/1_lexer/lexer.ts.Lexer.process:2672,DATA(t393) = CONV int8( 1 ). t382 = xsdbool( t383 > t393 ).
3,6,2,DATA(TMP) = CONV INT8( TMP ). | TMP = TMP. | DATA(TMP) = CONV I( STRLEN( TMP ) ).,src/abap/1_lexer/lexer.ts.Lexer.add:387,DATA(t147) = CONV int8( t126 ). t146 = t147. DATA(t148) = CONV i( strlen( t144 ) ).
2,6,0,DATA(TMP) = CONV STRING( ME->NAME ). | DATA(TMP) = CONV I( STRLEN( TMP ) ).,src/abap/1_lexer/lexer_stream.ts.LexerStream.advance:63,DATA(t13) = CONV string( me->z_member_raw_eb82124cb04f25 ). DATA(t14) = CONV i( strlen( t13 ) ).
3,6,0,DATA(TMP) = CONV STRING( ME->NAME ). | DATA(TMP) = CONV I( STRLEN( TMP ) ). | TMP = TMP.,src/abap/1_lexer/lexer_stream.ts.LexerStream.advance:63,DATA(t13) = CONV string( me->z_member_raw_eb82124cb04f25 ). DATA(t14) = CONV i( strlen( t13 ) ). t12 = t14.
3,6,6,DATA(TMP) = CONV STRING( TMP ). | DATA(TMP) = CONV STRING( LIT ). | DATA(TMP) = CONV I( STRLEN( TMP ) ).,src/abap/2_statements/statement_parser.ts.StatementParser.lazyUnknown:405,DATA(t23) = CONV string( t11 ). DATA(t24) = CONV string( |CALL METHOD | ). DATA(t25) = CONV i( strlen( t23 ) ).
2,6,6,DATA(TMP) = CONV STRING( TMP ). | TMP = TMP.,src/abap/4_file_information/abap_file_information.ts.ABAPFileInformation.getClassDefinitionByName:548,DATA(t33) = CONV string( t17 ). t32 = t33.
3,6,5,DATA(TMP) = VALUE ABAP_BOOL( ). | DATA(TMP) = VALUE ABAP_BOOL( ). | DATA(TMP) = VALUE I( ).,src/abap/1_lexer/lexer.ts.Lexer.add:753,DATA(t309) = VALUE abap_bool( ). DATA(t310) = VALUE abap_bool( ). DATA(t311) = VALUE i( ).
3,6,4,DATA(TMP) = VALUE ABAP_BOOL( ). | DATA(TMP) = VALUE ABAP_BOOL( ). | DATA(TMP) = VALUE INT8( ).,src/abap/1_lexer/lexer.ts.Lexer.process:2503,DATA(t322) = VALUE abap_bool( ). DATA(t323) = VALUE abap_bool( ). DATA(t324) = VALUE int8( ).
3,6,2,DATA(TMP) = VALUE I( ). | DATA(TMP) = CONV INT8( TMP ). | TMP = TMP.,src/abap/1_lexer/lexer.ts.Lexer.add:386,DATA(t146) = VALUE i( ). DATA(t147) = CONV int8( t126 ). t146 = t147.
3,6,0,DATA(TMP) = VALUE I( ). | DATA(TMP) = CONV STRING( ME->NAME ). | DATA(TMP) = CONV I( STRLEN( TMP ) ).,src/abap/1_lexer/lexer_stream.ts.LexerStream.advance:62,DATA(t12) = VALUE i( ). DATA(t13) = CONV string( me->z_member_raw_eb82124cb04f25 ). DATA(t14) = CONV i( strlen( t13 ) ).
3,6,5,DATA(TMP) = VALUE I( ). | DATA(TMP) = VALUE I( ). | DATA(TMP) = VALUE I( ).,src/abap/1_lexer/lexer.ts.Lexer.add:195,DATA(t52) = VALUE i( ). DATA(t53) = VALUE i( ). DATA(t54) = VALUE i( ).
2,6,0,DATA(TMP) = VALUE INT8( ). | DATA(TMP) = CONV I( ME->NAME ).,src/abap/1_lexer/lexer_stream.ts.LexerStream.getOffset:555,DATA(t1) = VALUE int8( ). DATA(t2) = CONV i( me->z_member_offse_4eb7e0915312eb ).
3,6,0,DATA(TMP) = VALUE INT8( ). | DATA(TMP) = CONV I( ME->NAME ). | TMP = TMP.,src/abap/1_lexer/lexer_stream.ts.LexerStream.getOffset:555,DATA(t1) = VALUE int8( ). DATA(t2) = CONV i( me->z_member_offse_4eb7e0915312eb ). t1 = t2.
2,6,0,DATA(TMP) = VALUE INT8( ). | DATA(TMP) = CONV INT8( ME->NAME ).,src/abap/1_lexer/lexer_stream.ts.LexerStream.advance:114,DATA(t30) = VALUE int8( ). DATA(t31) = CONV int8( me->z_member_row_2dc5d934b27d6d ).
2,6,3,DATA(TMP) = VALUE INT8( ). | DATA(TMP) = CONV INT8( TMP ).,src/abap/1_lexer/lexer.ts.Lexer.add:498,DATA(t190) = VALUE int8( ). DATA(t191) = CONV int8( t38 ).
3,6,5,DATA(TMP) = VALUE INT8( ). | DATA(TMP) = VALUE I( ). | DATA(TMP) = VALUE I( ).,src/abap/1_lexer/lexer.ts.Lexer.add:1525,DATA(t658) = VALUE int8( ). DATA(t659) = VALUE i( ). DATA(t660) = VALUE i( ).
3,6,5,DATA(TMP) = VALUE INT8( ). | DATA(TMP) = VALUE INT8( ). | DATA(TMP) = CONV I( TMP ).,src/abap/1_lexer/lexer.ts.Lexer.add:228,DATA(t72) = VALUE int8( ). DATA(t73) = VALUE int8( ). DATA(t74) = CONV i( t52 ).
3,6,6,ELSEIF TMP <= TMP. | TMP = NUM. | TMP = TMP+TMP(TMP).,src/abap/2_statements/statement_parser.ts.StatementParser.lazyUnknown:414,ELSEIF t26 <= t25. t27 = 0. t28 = t23+t27(t26).
2,6,6,ENDIF. | DATA(TMP) = CONV ABAP_BOOL( ABAP_FALSE ).,src/abap/2_statements/statement_parser.ts.StatementParser.lazyUnknown:420,ENDIF. DATA(t29) = CONV abap_bool( abap_false ).
3,6,6,ENDIF. | DATA(TMP) = CONV ABAP_BOOL( ABAP_FALSE ). | TMP = XSDBOOL( TMP = TMP ).,src/abap/2_statements/statement_parser.ts.StatementParser.lazyUnknown:420,ENDIF. DATA(t29) = CONV abap_bool( abap_false ). t21 = xsdbool( t22 = t29 ).
3,6,2,ENDIF. | DATA(TMP) = VALUE ABAP_BOOL( ). | DATA(TMP) = VALUE ABAP_BOOL( ).,src/abap/1_lexer/lexer.ts.Lexer.add:1386,ENDIF. DATA(t597) = VALUE abap_bool( ). DATA(t598) = VALUE abap_bool( ).
3,6,0,ENDIF. | DATA(TMP) = VALUE INT8( ). | DATA(TMP) = VALUE I( ).,src/abap/1_lexer/lexer_stream.ts.LexerStream.charCodeAt:509,ENDIF. DATA(t14) = VALUE int8( ). DATA(t15) = VALUE i( ).
3,6,6,ENDIF. | ENDIF. | DATA(TMP) = CONV ABAP_BOOL( ABAP_FALSE ).,src/abap/2_statements/statement_parser.ts.StatementParser.lazyUnknown:419,ENDIF. ENDIF. DATA(t29) = CONV abap_bool( abap_false ).
3,6,0,ENDIF. | TMP = TMP. | RESULT = TMP.,src/abap/1_lexer/lexer_stream.ts.LexerStream.charCodeAt:544,ENDIF. t14 = t15. result = t14.
2,6,2,IF TMP = ABAP_TRUE. | DATA(TMP) = CONV ABAP_BOOL( ABAP_TRUE ).,src/abap/1_lexer/lexer.ts.Lexer.add:334,IF t102 = abap_true. DATA(t117) = CONV abap_bool( abap_true ).
3,6,1,IF TMP = ABAP_TRUE. | DATA(TMP) = VALUE ABAP_BOOL( ). | DATA(TMP) = CONV STRING( TMP ).,src/abap/1_lexer/lexer.ts.Lexer.add:628,IF t251 = abap_true. DATA(t254) = VALUE abap_bool( ). DATA(t255) = CONV string( t241 ).
3,6,5,IF TMP = ABAP_TRUE. | DATA(TMP) = VALUE ABAP_BOOL( ). | DATA(TMP) = VALUE I( ).,src/abap/1_lexer/lexer.ts.Lexer.process:2202,IF t204 = abap_true. DATA(t207) = VALUE abap_bool( ). DATA(t208) = VALUE i( ).
3,6,6,IF TMP = ABAP_TRUE. | DATA(TMP) = VALUE ABAP_BOOL( ). | DATA(TMP) = VALUE INT8( ).,src/abap/1_lexer/lexer.ts.Lexer.process:2081,IF t154 = abap_true. DATA(t158) = VALUE abap_bool( ). DATA(t159) = VALUE int8( ).
3,6,3,RAISE EXCEPTION TYPE CX_SY_ARITHMETIC_OVERFLOW. | ENDIF. | DATA TMP TYPE REF TO NAME.,src/abap/2_statements/combi.ts.Regex.run:160,RAISE EXCEPTION TYPE cx_sy_arithmetic_overflow. ENDIF. DATA t54 TYPE REF TO z_src_abap_2_s_c435ad477cf33f.
3,6,3,RAISE EXCEPTION TYPE CX_SY_ARITHMETIC_OVERFLOW. | ENDIF. | TMP = NAME=>NAME( NAME = TMP NAME = TMP NAME = TMP NAME = TMP ).,src/abap/2_statements/combi.ts.Regex.run:187,RAISE EXCEPTION TYPE cx_sy_arithmetic_overflow. ENDIF. t46 = z_src_abap_2_s_b6c5f651b292e5=>z_member_fromc_9d7b43515b1343( z_param_tokens_3a66ced5b5b26a = t47 z_param_tokeni_36bd2fa45d0f58 = t49 z_param_nodes_51988edc19892d = t54 z_param_nodeco_6f0a19763cdb2a = t61 ).
3,6,0,RETURN. | ENDIF. | DATA(TMP) = VALUE INT8( ).,src/abap/1_lexer/lexer_stream.ts.LexerStream.advance:141,RETURN. ENDIF. DATA(t42) = VALUE int8( ).
3,6,4,TMP = LINES( TMP->ITEMS ). | DATA(TMP) = CONV I( LIT ). | TMP = XSDBOOL( TMP > TMP ).,src/abap/2_statements/combi.ts.AlternativePriority.run:94,t12 = lines( t13->items ). DATA(t14) = CONV i( '0' ). t11 = xsdbool( t12 > t14 ).
2,6,4,TMP = NEW NAME( NAME = TMP ). | APPEND TMP TO TMP->ITEMS.,src/abap/2_statements/statement_parser.ts.StatementParser.categorizeStatement:1406,t74 = NEW z_src_abap_nod_935d26003cb490( z_param_token_06f9e7a29ec34c = t75 ). APPEND t74 TO t73->items.
2,6,3,TMP = NEW NAME( NAME = TMP NAME = TMP NAME = TMP ). | TMP = TMP.,src/abap/1_lexer/lexer.ts.Lexer.add:540,t198 = NEW z_src_virtual__1d807b7e8348de( z_param_virtua_1a34d91d55f432 = t199 z_param_row_56bae4ece65baf = t201 z_param_col_6e69bc5fb2ff80 = t206 ). t187 = t198.
2,6,6,TMP = NUM. | TMP = TMP+TMP(TMP).,src/abap/2_statements/statement_parser.ts.StatementParser.lazyUnknown:415,t27 = 0. t28 = t23+t27(t26).
3,6,6,TMP = NUM. | TMP = TMP+TMP(TMP). | IF TMP = TMP.,src/abap/2_statements/statement_parser.ts.StatementParser.lazyUnknown:415,t27 = 0. t28 = t23+t27(t26). IF t28 = t24.
3,6,5,TMP = TMP - TMP. | TMP = TMP. | DATA(TMP) = VALUE INT8( ).,src/abap/1_lexer/lexer.ts.Lexer.add:1544,t659 = t660 - t667. t658 = t659. DATA(t670) = VALUE int8( ).
3,6,2,TMP = TMP->NAME. | DATA(TMP) = VALUE I( ). | DATA(TMP) = CONV INT8( TMP ).,src/abap/1_lexer/lexer.ts.Lexer.add:264,t91 = t92->z_member_raw_eb82124cb04f25. DATA(t93) = VALUE i( ). DATA(t94) = CONV int8( t72 ).
2,6,4,TMP = TMP->NAME. | TMP = NEW NAME( NAME = TMP NAME = TMP ).,src/abap/2_statements/combi.ts.Regex.run:172,t58 = t59->z_member_nodes_022617c0b510ec. t56 = NEW z_src_abap_2_s_c435ad477cf33f( z_param_node_1324e81b8c7326 = t57 z_param_previo_4981fbd290610f = t58 ).
3,6,6,TMP = TMP->NAME. | TMP = TMP. | DATA(TMP) = VALUE STRING( ).,src/abap/4_file_information/abap_file_information.ts.ABAPFileInformation.getClassDefinitionByName:506,t14 = t15->z_member_ident_20ae2e9bc2c100. t13 = t14. DATA(t16) = VALUE string( ).
3,6,3,TMP = TMP. | APPEND TMP TO TMP->ITEMS. | ENDIF.,src/abap/1_lexer/lexer.ts.Lexer.add:1707,t738 = t739. APPEND t738 TO t737->items. ENDIF.
3,6,4,TMP = TMP. | DATA(TMP) = VALUE STRING( ). | DATA(TMP) = VALUE STRING( ).,src/abap/1_lexer/lexer.ts.Lexer.add:62,t4 = t5. DATA(t6) = VALUE string( ). DATA(t7) = VALUE string( ).
3,6,3,TMP = TMP. | ENDIF. | DATA(TMP) = VALUE INT8( ).,src/abap/2_statements/combi.ts.Regex.run:178,t54 = t60. ENDIF. DATA(t61) = VALUE int8( ).
3,6,5,TMP = TMP. | TMP = TMP. | DATA(TMP) = CONV I( NAME=>NAME ).,src/abap/1_lexer/lexer.ts.Lexer.add:1511,t620 = t623. t619 = t620. DATA(t653) = CONV i( z_src_abap_1_l_9d1bf4ef0204bc=>z_member_eof_9d9c0193bdc4f4 ).
3,6,6,TMP = XSDBOOL( TMP <> TMP ). | TMP = TMP. | ENDIF.,src/abap/1_lexer/lexer.ts.Lexer.process:2354,t258 = xsdbool( t259 <> t260 ). t254 = t258. ENDIF.
2,6,4,TMP = XSDBOOL( TMP = ABAP_FALSE ). | TMP = TMP.,src/abap/1_lexer/lexer.ts.Lexer.process:2700,t397 = xsdbool( t398 = abap_false ). t375 = t397.
3,6,4,TMP = XSDBOOL( TMP > TMP ). | IF TMP = ABAP_TRUE. | DATA TMP TYPE REF TO NAME.,src/abap/2_statements/combi.ts.Expression.run:157,t50 = xsdbool( t51 > t52 ). IF t50 = abap_true. DATA t53 TYPE REF TO z_src_abap_nod_582169980ca52f.
2,6,4,TMP = XSDBOOL( TMP IS BOUND AND TMP IS INSTANCE OF NAME ). | IF TMP = ABAP_TRUE.,src/abap/2_statements/combi.ts.Star.run:133,t42 = xsdbool( t43 IS BOUND AND t43 IS INSTANCE OF z_src_abap_2_s_d3562c97fc1358 ). IF t42 = abap_true.
2,6,4,TMP = XSDBOOL( TMP IS BOUND AND TMP IS INSTANCE OF NAME ). | TMP = TMP.,src/abap/2_statements/statement_parser.ts.StatementParser.categorizeStatement:1272,t16 = xsdbool( t17 IS BOUND AND t17 IS INSTANCE OF z_src_abap_1_l_eb674d40d7be44 ). t15 = t16.
3,5,2,CLEAR TMP. | DATA(TMP) = CAST NAME( ME->NAME ). | DATA(TMP) = CAST NAME( TMP ).,src/abap/2_statements/combi.ts.Optional.run:59,CLEAR t10. DATA(t11) = CAST z_src_abap_2_s_e1e980746d06e1( me->z_member_optio_e4fda80c47ff19 ). DATA(t12) = CAST z_src_abap_2_s_b6c5f651b292e5( t5 ).
2,5,0,DATA RANGE_INT_CHECK_HI_ZIK0ZJ TYPE INT8. | RANGE_INT_CHECK_HI_ZIK0ZJ = NUM.,src/abap/1_lexer/lexer.ts.Lexer.add:52,DATA range_int_check_hi_zik0zj TYPE int8. range_int_check_hi_zik0zj = 2147483647.
3,5,0,DATA RANGE_INT_CHECK_HI_ZIK0ZJ TYPE INT8. | RANGE_INT_CHECK_HI_ZIK0ZJ = NUM. | DATA RANGE_INT_CHECK_LO_NZIK0ZK TYPE INT8.,src/abap/1_lexer/lexer.ts.Lexer.add:52,DATA range_int_check_hi_zik0zj TYPE int8. range_int_check_hi_zik0zj = 2147483647. DATA range_int_check_lo_nzik0zk TYPE int8.
2,5,2,DATA(TMP) = CAST NAME( ME->NAME ). | DATA(TMP) = CAST NAME( TMP ).,src/abap/2_statements/combi.ts.Optional.run:60,DATA(t11) = CAST z_src_abap_2_s_e1e980746d06e1( me->z_member_optio_e4fda80c47ff19 ). DATA(t12) = CAST z_src_abap_2_s_b6c5f651b292e5( t5 ).
3,5,2,DATA(TMP) = CAST NAME( ME->NAME ). | DATA(TMP) = CAST NAME( TMP ). | TMP = TMP->NAME( NAME = TMP ).,src/abap/2_statements/combi.ts.Optional.run:60,DATA(t11) = CAST z_src_abap_2_s_e1e980746d06e1( me->z_member_optio_e4fda80c47ff19 ). DATA(t12) = CAST z_src_abap_2_s_b6c5f651b292e5( t5 ). t10 = t11->z_member_run_o_b86da49c574129( z_param_x_af55868a593612 = t12 ).
3,5,4,DATA(TMP) = CAST NAME( TMP ). | APPEND TMP TO TMP->ITEMS. | ENDIF.,src/abap/2_statements/combi.ts.Expression.run:176,DATA(t62) = CAST z_src_abap_2_s_b6c5f651b292e5( t24 ). APPEND t62 TO t61->items. ENDIF.
3,5,4,DATA(TMP) = CAST NAME( TMP ). | DATA(TMP) = CAST NAME( TMP ). | TMP = TMP->CONCAT( P0 = TMP ).,src/abap/2_statements/combi.ts.Sequence.run:141,DATA(t35) = CAST z_runtime_arra_c22708faf2e354( t2 ). DATA(t36) = CAST z_runtime_arra_c22708faf2e354( t7 ). t34 = t35->concat( p0 = t36 ).
3,5,5,DATA(TMP) = CAST NAME( TMP ). | DATA(TMP) = CONV I( TMP ). | TMP = TMP + NUM.,src/abap/2_statements/statement_parser.ts.StatementParser.buildSplits:714,DATA(t28) = CAST z_runtime_arra_c22708faf2e354( t1 ). DATA(t29) = CONV i( t18 ). t29 = t29 + 1.
2,5,0,DATA(TMP) = CAST NAME( TMP ). | ME->NAME = TMP.,src/abap/1_lexer/lexer.ts.Lexer.process:1755,DATA(t10) = CAST z_src_abap_1_l_4d08aedee14b5b( t2 ). me->z_member_strea_a7723f2d8ee36b = t10.
2,5,4,DATA(TMP) = CAST NAME( TMP ). | TMP = TMP->CONCAT( P0 = TMP ).,src/abap/2_statements/combi.ts.Sequence.run:142,DATA(t36) = CAST z_runtime_arra_c22708faf2e354( t7 ). t34 = t35->concat( p0 = t36 ).
3,5,4,DATA(TMP) = CAST NAME( TMP ). | TMP = TMP->CONCAT( P0 = TMP ). | TMP = TMP.,src/abap/2_statements/combi.ts.Sequence.run:142,DATA(t36) = CAST z_runtime_arra_c22708faf2e354( t7 ). t34 = t35->concat( p0 = t36 ). t2 = t34.
3,5,2,DATA(TMP) = CAST NAME( TMP ). | TMP = TMP->NAME( ). | TMP = TMP.,src/abap/2_statements/statement_parser.ts.StatementParser.categorizeStatement:1266,DATA(t14) = CAST z_src_abap_nod_e445d254902ced( t1 ). t13 = t14->z_member_getla_9ba4a247c38ea9( ). t12 = t13.
2,5,4,DATA(TMP) = CAST NAME( TMP ). | TMP = TMP->NAME( NAME = TMP NAME = TMP ).,src/abap/2_statements/combi.ts.Expression.run:171,DATA(t60) = CAST z_src_abap_nod_582169980ca52f( t53 ). t57 = t58->z_member_wrapc_402ce4e1f019a6( z_param_consum_74b8bf7d11c654 = t59 z_param_node_1324e81b8c7326 = t60 ).
3,5,4,DATA(TMP) = CAST NAME( TMP ). | TMP = TMP->NAME. | DATA(TMP) = CAST NAME( TMP ).,src/abap/2_statements/statement_parser.ts.StatementParser.match:1796,DATA(t83) = CAST z_shape_7e8c42_1adc9d0c1b47db( t34 ). t82 = t83->z_member_state_fbc12784ac67a3. DATA(t84) = CAST z_runtime_arra_c22708faf2e354( t11 ).
3,5,3,DATA(TMP) = CAST NAME( TMP ). | TMP = TMP->NAME. | DATA(TMP) = VALUE INT8( ).,src/abap/2_statements/combi.ts.Regex.run:149,DATA(t48) = CAST z_src_abap_2_s_b6c5f651b292e5( t41 ). t47 = t48->z_member_token_ed4bfabc8c4cec. DATA(t49) = VALUE int8( ).
3,5,0,DATA(TMP) = CAST NAME( TMP ). | TMP = TMP. | TMP = ME->NAME( NAME = TMP ).,src/abap/2_statements/combi.ts.Alternative.run_one:302,DATA(t8) = CAST z_runtime_arra_c22708faf2e354( t4 ). t3 = t8. t2 = me->z_member_run_71be1bca84374a( z_param_r_f634cd02b53efc = t3 ).
3,5,5,DATA(TMP) = CAST NAME( TMP ). | TMP = TMP. | TMP = TMP->NAME.,src/abap/2_statements/result.ts.Result.getNodes:427,DATA(t27) = CAST z_src_abap_2_s_c435ad477cf33f( t6 ). t26 = t27. t25 = t26->z_member_node_2140c8b32a9ed5.
2,5,4,DATA(TMP) = CONV I( LIT ). | DATA(TMP) = VALUE I( ).,src/abap/2_statements/statement_parser.ts.StatementParser.nativeSQL:1133,DATA(t79) = CONV i( '0' ). DATA(t80) = VALUE i( ).
3,5,5,DATA(TMP) = CONV I( LIT ). | TMP = TMP + TMP. | TMP = TMP.,src/abap/2_statements/combi.ts.Permutation.run:214,DATA(t67) = CONV i( '1' ). t65 = t66 + t67. t7 = t65.
3,5,0,DATA(TMP) = CONV I( LIT ). | TMP = TMP. | DO.,src/abap/2_statements/combi.ts.Permutation.run:92,DATA(t8) = CONV i( '0' ). t7 = t8. DO.
2,5,0,DATA(TMP) = CONV I( ME->NAME ). | DATA(TMP) = CONV I( LIT ).,src/abap/1_lexer/lexer_stream.ts.LexerStream.advance:50,DATA(t5) = CONV i( me->z_member_offse_4eb7e0915312eb ). DATA(t6) = CONV i( '0' ).
3,5,5,DATA(TMP) = CONV I( TMP ). | DATA(TMP) = CONV I( NAME=>NAME ). | TMP = XSDBOOL( TMP <> TMP ).,src/abap/1_lexer/lexer.ts.Lexer.process:2352,DATA(t259) = CONV i( t84 ). DATA(t260) = CONV i( z_src_abap_1_l_9d1bf4ef0204bc=>z_member_ch_sp_1e1455ae5d77cb ). t258 = xsdbool( t259 <> t260 ).
2,5,5,DATA(TMP) = CONV I( TMP ). | DATA(TMP) = VALUE I( ).,src/abap/2_statements/combi.ts.Permutation.run:96,DATA(t10) = CONV i( t7 ). DATA(t11) = VALUE i( ).
2,5,0,DATA(TMP) = CONV INT8( ME->NAME ). | DATA(TMP) = CONV INT8( NUM ).,src/abap/1_lexer/lexer_stream.ts.LexerStream.advance:115,DATA(t31) = CONV int8( me->z_member_row_2dc5d934b27d6d ). DATA(t32) = CONV int8( 1 ).
2,5,3,DATA(TMP) = CONV INT8( NUM ). | TMP = TMP - TMP.,src/abap/1_lexer/lexer.ts.Lexer.process:3380,DATA(t689) = CONV int8( 1 ). t686 = t687 - t689.
3,5,3,DATA(TMP) = CONV INT8( NUM ). | TMP = TMP - TMP. | IF TMP < RANGE_INT8_BOUND_MIN OR TMP > RANGE_INT8_BOUND_MAX.,src/abap/1_lexer/lexer.ts.Lexer.process:3380,DATA(t689) = CONV int8( 1 ). t686 = t687 - t689. IF t686 < range_int8_bound_min OR t686 > range_int8_bound_max.
2,5,1,DATA(TMP) = CONV INT8( TMP ). | IF TMP < RANGE_INT_CHECK_LO_NZIK0ZK OR TMP > RANGE_INT_CHECK_HI_ZIK0ZJ.,src/abap/1_lexer/lexer.ts.Lexer.add:266,DATA(t94) = CONV int8( t72 ). IF t94 < range_int_check_lo_nzik0zk OR t94 > range_int_check_hi_zik0zj.
3,5,1,DATA(TMP) = CONV INT8( TMP ). | IF TMP < RANGE_INT_CHECK_LO_NZIK0ZK OR TMP > RANGE_INT_CHECK_HI_ZIK0ZJ. | RAISE EXCEPTION TYPE CX_SY_RANGE_OUT_OF_BOUNDS.,src/abap/1_lexer/lexer.ts.Lexer.add:266,DATA(t94) = CONV int8( t72 ). IF t94 < range_int_check_lo_nzik0zk OR t94 > range_int_check_hi_zik0zj. RAISE EXCEPTION TYPE cx_sy_range_out_of_bounds.
2,5,0,DATA(TMP) = CONV STRING( LIT ). | TMP->SOURCE_LOCATION = TMP.,src/abap/2_statements/result.ts.Result.getTokenIndex:474,DATA(t2) = CONV string( |src/abap/2_statements/result.ts:105| ). t1->source_location = t2.
3,5,0,DATA(TMP) = CONV STRING( LIT ). | TMP->SOURCE_LOCATION = TMP. | RAISE EXCEPTION TMP.,src/abap/2_statements/result.ts.Result.getTokenIndex:474,DATA(t2) = CONV string( |src/abap/2_statements/result.ts:105| ). t1->source_location = t2. RAISE EXCEPTION t1.
2,5,0,DATA(TMP) = NEW NAME( ). | DATA(TMP) = CONV STRING( LIT ).,src/abap/2_statements/result.ts.Result.getTokenIndex:473,DATA(t1) = NEW z_exception_un_5f2d02892fe8b8( ). DATA(t2) = CONV string( |src/abap/2_statements/result.ts:105| ).
3,5,0,DATA(TMP) = NEW NAME( ). | DATA(TMP) = CONV STRING( LIT ). | TMP->SOURCE_LOCATION = TMP.,src/abap/2_statements/result.ts.Result.getTokenIndex:473,DATA(t1) = NEW z_exception_un_5f2d02892fe8b8( ). DATA(t2) = CONV string( |src/abap/2_statements/result.ts:105| ). t1->source_location = t2.
2,5,0,DATA(TMP) = VALUE ABAP_BOOL( ). | DATA(TMP) = CONV ABAP_BOOL( ABAP_FALSE ).,src/abap/1_lexer/lexer.ts.Lexer.add:192,DATA(t50) = VALUE abap_bool( ). DATA(t51) = CONV abap_bool( abap_false ).
3,5,0,DATA(TMP) = VALUE ABAP_BOOL( ). | DATA(TMP) = CONV ABAP_BOOL( ABAP_FALSE ). | TMP = TMP.,src/abap/1_lexer/lexer.ts.Lexer.add:192,DATA(t50) = VALUE abap_bool( ). DATA(t51) = CONV abap_bool( abap_false ). t50 = t51.
2,5,0,DATA(TMP) = VALUE ABAP_BOOL( ). | DATA(TMP) = CONV I( ME->NAME ).,src/abap/1_lexer/lexer_stream.ts.LexerStream.advance:49,DATA(t4) = VALUE abap_bool( ). DATA(t5) = CONV i( me->z_member_offse_4eb7e0915312eb ).
3,5,5,DATA(TMP) = VALUE ABAP_BOOL( ). | DATA(TMP) = CONV I( TMP ). | DATA(TMP) = VALUE I( ).,src/abap/2_statements/combi.ts.Permutation.run:95,DATA(t9) = VALUE abap_bool( ). DATA(t10) = CONV i( t7 ). DATA(t11) = VALUE i( ).
3,5,1,DATA(TMP) = VALUE ABAP_BOOL( ). | DATA(TMP) = VALUE I( ). | DATA(TMP) = CONV STRING( TMP ).,src/abap/1_lexer/lexer.ts.Lexer.add:162,DATA(t33) = VALUE abap_bool( ). DATA(t34) = VALUE i( ). DATA(t35) = CONV string( t1 ).
3,5,5,DATA(TMP) = VALUE ABAP_BOOL( ). | DATA(TMP) = VALUE INT8( ). | DATA(TMP) = VALUE INT8( ).,src/abap/1_lexer/lexer.ts.Lexer.process:2082,DATA(t158) = VALUE abap_bool( ). DATA(t159) = VALUE int8( ). DATA(t160) = VALUE int8( ).
3,5,0,DATA(TMP) = VALUE ABAP_BOOL( ). | DATA(TMP) = VALUE STRING( ). | DATA(TMP) = CAST NAME( TMP ).,src/abap/2_statements/statement_parser.ts.StatementParser.nativeAfter:2500,DATA(t32) = VALUE abap_bool( ). DATA(t33) = VALUE string( ). DATA(t34) = CAST z_runtime_arra_8ecd6afe19e0a5( t4 ).
3,5,3,DATA(TMP) = VALUE ABAP_BOOL( ). | DATA(TMP) = VALUE STRING( ). | DATA(TMP) = CONV STRING( TMP ).,src/abap/1_lexer/lexer.ts.Lexer.add:763,DATA(t315) = VALUE abap_bool( ). DATA(t316) = VALUE string( ). DATA(t317) = CONV string( t1 ).
2,5,0,DATA(TMP) = VALUE I( ). | DATA(TMP) = CONV I( LIT ).,src/abap/2_statements/combi.ts.Permutation.run:91,DATA(t7) = VALUE i( ). DATA(t8) = CONV i( '0' ).
3,5,0,DATA(TMP) = VALUE I( ). | DATA(TMP) = CONV I( LIT ). | TMP = TMP.,src/abap/2_statements/combi.ts.Permutation.run:91,DATA(t7) = VALUE i( ). DATA(t8) = CONV i( '0' ). t7 = t8.
3,5,1,DATA(TMP) = VALUE I( ). | DATA(TMP) = CONV INT8( TMP ). | IF TMP < RANGE_INT_CHECK_LO_NZIK0ZK OR TMP > RANGE_INT_CHECK_HI_ZIK0ZJ.,src/abap/1_lexer/lexer.ts.Lexer.add:265,DATA(t93) = VALUE i( ). DATA(t94) = CONV int8( t72 ). IF t94 < range_int_check_lo_nzik0zk OR t94 > range_int_check_hi_zik0zj.
3,5,0,DATA(TMP) = VALUE INT8( ). | DATA(TMP) = CONV INT8( ME->NAME ). | DATA(TMP) = CONV INT8( NUM ).,src/abap/1_lexer/lexer_stream.ts.LexerStream.advance:114,DATA(t30) = VALUE int8( ). DATA(t31) = CONV int8( me->z_member_row_2dc5d934b27d6d ). DATA(t32) = CONV int8( 1 ).
3,5,5,DATA(TMP) = VALUE INT8( ). | DATA(TMP) = VALUE ABAP_BOOL( ). | DATA(TMP) = CONV I( TMP ).,src/abap/1_lexer/lexer.ts.Lexer.process:2376,DATA(t273) = VALUE int8( ). DATA(t274) = VALUE abap_bool( ). DATA(t275) = CONV i( t268 ).
3,5,2,DATA(TMP) = VALUE INT8( ). | DATA(TMP) = VALUE INT8( ). | DATA TMP TYPE REF TO NAME.,src/abap/1_lexer/lexer.ts.Lexer.add:170,DATA(t38) = VALUE int8( ). DATA(t39) = VALUE int8( ). DATA t40 TYPE REF TO z_src_abap_1_l_4d08aedee14b5b.
3,5,4,DATA(TMP) = VALUE STRING( ). | DATA(TMP) = VALUE STRING( ). | DATA(TMP) = VALUE STRING( ).,src/abap/1_lexer/lexer.ts.Lexer.add:56,DATA(t1) = VALUE string( ). DATA(t2) = VALUE string( ). DATA(t3) = VALUE string( ).
3,5,0,DO. | DATA(TMP) = VALUE ABAP_BOOL( ). | DATA(TMP) = CONV I( TMP ).,src/abap/2_statements/combi.ts.Permutation.run:94,DO. DATA(t9) = VALUE abap_bool( ). DATA(t10) = CONV i( t7 ).
3,5,2,ELSE. | DATA(TMP) = VALUE ABAP_BOOL( ). | DATA(TMP) = VALUE I( ).,src/abap/1_lexer/lexer.ts.Lexer.add:794,ELSE. DATA(t325) = VALUE abap_bool( ). DATA(t326) = VALUE i( ).
3,5,0,ENDIF. | DATA(TMP) = CAST NAME( TMP ). | RESULT = TMP.,src/abap/2_statements/combi.ts.Optional.run_one:177,ENDIF. DATA(t28) = CAST z_runtime_arra_c22708faf2e354( t2 ). result = t28.
2,5,3,ENDIF. | DATA(TMP) = CONV STRING( LIT ).,src/abap/1_lexer/lexer.ts.Lexer.add:782,ENDIF. DATA(t321) = CONV string( |##| ).
3,5,3,ENDIF. | DATA(TMP) = CONV STRING( LIT ). | TMP = XSDBOOL( TMP = TMP ).,src/abap/1_lexer/lexer.ts.Lexer.add:782,ENDIF. DATA(t321) = CONV string( |##| ). t315 = xsdbool( t316 = t321 ).
3,5,3,ENDIF. | DATA(TMP) = VALUE ABAP_BOOL( ). | DATA TMP TYPE REF TO NAME.,src/abap/1_lexer/lexer.ts.Lexer.add:1678,ENDIF. DATA(t727) = VALUE abap_bool( ). DATA t728 TYPE REF TO z_src_abap_1_l_506101b34e5cc0.
2,5,5,ENDIF. | DATA(TMP) = VALUE I( ).,src/abap/1_lexer/lexer.ts.Lexer.process:1774,ENDIF. DATA(t18) = VALUE i( ).
3,5,3,ENDIF. | DATA(TMP) = VALUE INT8( ). | DATA(TMP) = VALUE INT8( ).,src/abap/2_statements/combi.ts.Regex.run:179,ENDIF. DATA(t61) = VALUE int8( ). DATA(t62) = VALUE int8( ).
3,5,3,ENDIF. | IF TMP = ABAP_TRUE. | DATA(TMP) = CAST NAME( TMP ).,src/abap/2_statements/combi.ts.Token.run:124,ENDIF. IF t7 = abap_true. DATA(t33) = CAST z_runtime_arra_c22708faf2e354( t2 ).
3,5,1,ENDIF. | IF TMP = ABAP_TRUE. | DATA(TMP) = CONV ABAP_BOOL( ABAP_TRUE ).,src/abap/1_lexer/lexer.ts.Lexer.add:333,ENDIF. IF t102 = abap_true. DATA(t117) = CONV abap_bool( abap_true ).
2,5,3,ENDIF. | RESULT = TMP.,src/abap/2_statements/result.ts.Result.peekAt:157,ENDIF. result = t2.
3,5,3,ENDIF. | RESULT = TMP. | RETURN.,src/abap/2_statements/result.ts.Result.peekAt:157,ENDIF. result = t2. RETURN.
2,5,0,ENDLOOP. | DATA TMP TYPE REF TO NAME.,src/abap/2_statements/statement_parser.ts.StatementParser.match:1803,ENDLOOP. DATA t85 TYPE REF TO z_runtime_arra_c22708faf2e354.
3,5,0,ENDLOOP. | DATA TMP TYPE REF TO NAME. | CLEAR TMP.,src/abap/2_statements/statement_parser.ts.StatementParser.match:1803,ENDLOOP. DATA t85 TYPE REF TO z_runtime_arra_c22708faf2e354. CLEAR t85.
3,5,5,EXIT. | ENDIF. | DATA(TMP) = VALUE ABAP_BOOL( ).,src/abap/2_statements/combi.ts.Star.run:77,EXIT. ENDIF. DATA(t18) = VALUE abap_bool( ).
3,5,1,IF TMP = ABAP_TRUE. | DATA(TMP) = VALUE ABAP_BOOL( ). | DATA(TMP) = CAST NAME( TMP ).,src/abap/1_lexer/lexer.ts.Lexer.process:3373,IF t677 = abap_true. DATA(t684) = VALUE abap_bool( ). DATA(t685) = CAST z_src_abap_1_l_4d08aedee14b5b( t633 ).
3,5,1,IF TMP = ABAP_TRUE. | DATA(TMP) = VALUE ABAP_BOOL( ). | DATA(TMP) = VALUE STRING( ).,src/abap/1_lexer/lexer.ts.Lexer.add:762,IF t310 = abap_true. DATA(t315) = VALUE abap_bool( ). DATA(t316) = VALUE string( ).
2,5,4,IF TMP = ABAP_TRUE. | DATA(TMP) = VALUE STRING( ).,src/abap/1_lexer/lexer.ts.Lexer.add:593,IF t232 = abap_true. DATA(t236) = VALUE string( ).
3,5,4,IF TMP = ABAP_TRUE. | DATA(TMP) = VALUE STRING( ). | DATA(TMP) = VALUE STRING( ).,src/abap/1_lexer/lexer.ts.Lexer.add:593,IF t232 = abap_true. DATA(t236) = VALUE string( ). DATA(t237) = VALUE string( ).
3,5,5,IF TMP = ABAP_TRUE. | ME->NAME( ). | ELSE.,src/abap/1_lexer/lexer.ts.Lexer.process:2102,IF t158 = abap_true. me->z_member_add_51c1bb18694a11( ). ELSE.
3,5,5,IF TMP = ABAP_TRUE. | ME->NAME( ). | ENDIF.,src/abap/1_lexer/lexer.ts.Lexer.process:2566,IF t322 = abap_true. me->z_member_add_51c1bb18694a11( ). ENDIF.
2,5,2,ME->NAME = TMP. | ENDIF.,src/abap/1_lexer/lexer.ts.Lexer.process:2757,me->z_member_m_db4a69995aff75 = t421. ENDIF.
2,5,5,ME->NAME( ). | ELSE.,src/abap/1_lexer/lexer.ts.Lexer.process:2103,me->z_member_add_51c1bb18694a11( ). ELSE.
3,5,5,ME->NAME( ). | ELSE. | DATA(TMP) = VALUE ABAP_BOOL( ).,src/abap/1_lexer/lexer.ts.Lexer.process:2103,me->z_member_add_51c1bb18694a11( ). ELSE. DATA(t162) = VALUE abap_bool( ).
2,5,5,ME->NAME( ). | ENDIF.,src/abap/1_lexer/lexer.ts.Lexer.process:2567,me->z_member_add_51c1bb18694a11( ). ENDIF.
2,5,0,RANGE_INT_CHECK_HI_ZIK0ZJ = NUM. | DATA RANGE_INT_CHECK_LO_NZIK0ZK TYPE INT8.,src/abap/1_lexer/lexer.ts.Lexer.add:53,range_int_check_hi_zik0zj = 2147483647. DATA range_int_check_lo_nzik0zk TYPE int8.
3,5,0,RANGE_INT_CHECK_HI_ZIK0ZJ = NUM. | DATA RANGE_INT_CHECK_LO_NZIK0ZK TYPE INT8. | RANGE_INT_CHECK_LO_NZIK0ZK = -NUM.,src/abap/1_lexer/lexer.ts.Lexer.add:53,range_int_check_hi_zik0zj = 2147483647. DATA range_int_check_lo_nzik0zk TYPE int8. range_int_check_lo_nzik0zk = -2147483648.
3,5,0,RETURN. | ENDIF. | ENDLOOP.,src/abap/2_statements/statement_parser.ts.StatementParser.match:1801,RETURN. ENDIF. ENDLOOP.
2,5,0,TMP = ME->NAME( NAME = TMP ). | RESULT = TMP.,src/abap/2_statements/combi.ts.Alternative.run_one:304,t2 = me->z_member_run_71be1bca84374a( z_param_r_f634cd02b53efc = t3 ). result = t2.
3,5,0,TMP = ME->NAME( NAME = TMP ). | RESULT = TMP. | RETURN.,src/abap/2_statements/combi.ts.Alternative.run_one:304,t2 = me->z_member_run_71be1bca84374a( z_param_r_f634cd02b53efc = t3 ). result = t2. RETURN.
2,5,3,TMP = ME->NAME( NAME = TMP ). | TMP = TMP->NAME( NAME = TMP ).,src/abap/2_statements/statement_parser.ts.StatementParser.categorizeStatement:1305,t31 = me->z_member_token_ee139da5443484( z_param_tokens_3a66ced5b5b26a = t32 ). t26 = t27->z_member_setch_22a4e757af9749( z_param_childr_9020c44e5b6ffa = t31 ).
2,5,3,TMP = ME->NAME( NAME = TMP ). | TMP = TMP.,src/abap/2_statements/statement_parser.ts.StatementParser.categorizeStatement:1321,t37 = me->z_member_match_497af1c2c3e97f( z_param_statem_a93a3a61ab48a1 = t38 ). t2 = t37.
3,5,3,TMP = NAME=>NAME( NAME = TMP NAME = TMP NAME = TMP NAME = TMP ). | TMP = TMP. | APPEND TMP TO TMP->ITEMS.,src/abap/2_statements/combi.ts.Regex.run:189,t46 = z_src_abap_2_s_b6c5f651b292e5=>z_member_fromc_9d7b43515b1343( z_param_tokens_3a66ced5b5b26a = t47 z_param_tokeni_36bd2fa45d0f58 = t49 z_param_nodes_51988edc19892d = t54 z_param_nodeco_6f0a19763cdb2a = t61 ). t40 = t46. APPEND t40 TO t39->items.
3,5,3,TMP = NEW NAME( NAME = TMP ). | TMP = TMP. | DATA TMP TYPE REF TO NAME.,src/abap/2_statements/combi.ts.Regex.run:143,t44 = NEW z_src_abap_nod_bf2dba3016e34c( z_param_token_06f9e7a29ec34c = t45 ). t43 = t44. DATA t46 TYPE REF TO z_src_abap_2_s_b6c5f651b292e5.
2,5,5,TMP = TMP + TMP. | TMP = TMP.,src/abap/2_statements/combi.ts.Permutation.run:215,t65 = t66 + t67. t7 = t65.
3,5,0,TMP = TMP + TMP. | TMP = TMP. | ENDDO.,src/abap/2_statements/combi.ts.Permutation.run:215,t65 = t66 + t67. t7 = t65. ENDDO.
2,5,3,TMP = TMP - TMP. | TMP = TMP+TMP(TMP).,src/abap/1_lexer/lexer.ts.Lexer.add:81,t13 = t11 - t9. t6 = t7+t9(t13).
2,5,4,TMP = TMP->CONCAT( P0 = TMP ). | TMP = TMP.,src/abap/2_statements/combi.ts.Sequence.run:143,t34 = t35->concat( p0 = t36 ). t2 = t34.
2,5,2,TMP = TMP->NAME( ). | TMP = TMP.,src/abap/2_statements/statement_parser.ts.StatementParser.categorizeStatement:1267,t13 = t14->z_member_getla_9ba4a247c38ea9( ). t12 = t13.
2,5,4,TMP = TMP->NAME. | DATA(TMP) = CAST NAME( TMP ).,src/abap/2_statements/statement_parser.ts.StatementParser.match:1797,t82 = t83->z_member_state_fbc12784ac67a3. DATA(t84) = CAST z_runtime_arra_c22708faf2e354( t11 ).
3,5,5,TMP = TMP->NAME. | DATA(TMP) = CONV I( LIT ). | TMP = TMP - TMP.,src/abap/1_lexer/lexer.ts.Lexer.process:2372,t270 = t271->z_member_offse_4eb7e0915312eb. DATA(t272) = CONV i( '1' ). t269 = t270 - t272.
3,5,5,TMP = TMP->NAME. | DATA(TMP) = CONV I( TMP ). | DATA(TMP) = CONV I( STRLEN( TMP ) ).,src/abap/1_lexer/lexer.ts.Lexer.process:2391,t281 = t282->z_member_raw_eb82124cb04f25. DATA(t283) = CONV i( t268 ). DATA(t284) = CONV i( strlen( t281 ) ).
2,5,3,TMP = TMP->NAME. | DATA(TMP) = VALUE INT8( ).,src/abap/2_statements/combi.ts.Regex.run:150,t47 = t48->z_member_token_ed4bfabc8c4cec. DATA(t49) = VALUE int8( ).
3,5,3,TMP = TMP->NAME. | DATA(TMP) = VALUE INT8( ). | DATA(TMP) = VALUE INT8( ).,src/abap/2_statements/combi.ts.Regex.run:150,t47 = t48->z_member_token_ed4bfabc8c4cec. DATA(t49) = VALUE int8( ). DATA(t50) = VALUE int8( ).
3,5,3,TMP = TMP->NAME. | TMP = NEW NAME( NAME = TMP NAME = TMP ). | TMP = TMP.,src/abap/2_statements/combi.ts.Regex.run:172,t58 = t59->z_member_nodes_022617c0b510ec. t56 = NEW z_src_abap_2_s_c435ad477cf33f( z_param_node_1324e81b8c7326 = t57 z_param_previo_4981fbd290610f = t58 ). t54 = t56.
3,5,0,TMP = TMP. | DATA(TMP) = VALUE I( ). | DATA(TMP) = CONV I( LIT ).,src/abap/2_statements/combi.ts.Permutation.run:90,t4 = t5. DATA(t7) = VALUE i( ). DATA(t8) = CONV i( '0' ).
3,5,1,TMP = TMP. | ENDIF. | DATA TMP TYPE REF TO NAME.,src/abap/1_lexer/lexer.ts.Lexer.add:491,t118 = t186. ENDIF. DATA t187 TYPE REF TO z_src_position_90002a97f25e1e.
2,5,0,TMP = TMP. | TMP = ME->NAME( NAME = TMP ).,src/abap/2_statements/combi.ts.Alternative.run_one:303,t3 = t8. t2 = me->z_member_run_71be1bca84374a( z_param_r_f634cd02b53efc = t3 ).
3,5,0,TMP = TMP. | TMP = ME->NAME( NAME = TMP ). | RESULT = TMP.,src/abap/2_statements/combi.ts.Alternative.run_one:303,t3 = t8. t2 = me->z_member_run_71be1bca84374a( z_param_r_f634cd02b53efc = t3 ). result = t2.
2,5,2,TMP = TMP. | TMP = NEW NAME( NAME = TMP ).,src/abap/1_lexer/lexer.ts.Lexer.process:1767,t12 = t15. t11 = NEW z_src_abap_1_l_cca5bd2c711d39( z_param_raw_2fd8c444587bc5 = t12 ).
3,5,4,TMP = TMP. | TMP = TMP->NAME( NAME = TMP ). | TMP = TMP.,src/abap/1_lexer/lexer.ts.Lexer.process:2717,t410 = t411. t408 = t409->z_member_count_aef1818d79c2bf( z_param_char_da5c30c615561e = t410 ). t373 = t408.
2,5,5,TMP = TMP. | TMP = TMP->NAME.,src/abap/2_statements/result.ts.Result.getNodes:428,t26 = t27. t25 = t26->z_member_node_2140c8b32a9ed5.
3,5,2,TMP = TMP. | TMP = TMP. | DATA(TMP) = VALUE I( ).,src/abap/1_lexer/lexer.ts.Lexer.add:208,t55 = t58. t54 = t55. DATA(t61) = VALUE i( ).
3,5,2,TMP = TMP. | TMP = XSDBOOL( TMP = TMP ). | IF TMP = ABAP_TRUE.,src/abap/1_lexer/lexer.ts.Lexer.add:552,t215 = t216. t213 = xsdbool( t214 = t215 ). IF t213 = abap_true.
2,5,5,TMP = XSDBOOL( TMP < TMP ). | IF TMP = ABAP_FALSE.,src/abap/2_statements/combi.ts.Permutation.run:100,t9 = xsdbool( t10 < t11 ). IF t9 = abap_false.
3,5,5,TMP = XSDBOOL( TMP < TMP ). | IF TMP = ABAP_FALSE. | EXIT.,src/abap/2_statements/combi.ts.Permutation.run:100,t9 = xsdbool( t10 < t11 ). IF t9 = abap_false. EXIT.
2,5,4,TMP = XSDBOOL( TMP > TMP ). | TMP = TMP.,src/abap/1_lexer/lexer.ts.Lexer.add:760,t310 = xsdbool( t311 > t314 ). t309 = t310.
3,5,4,TMP ?= TMP. | TMP = TMP. | DATA TMP TYPE REF TO NAME.,src/abap/2_statements/statement_parser.ts.StatementParser.categorizeStatement:1386,t65 ?= t66. t64 = t65. DATA t67 TYPE REF TO z_runtime_arra_c22708faf2e354.
2,5,0,TMP->SOURCE_LOCATION = TMP. | RAISE EXCEPTION TMP.,src/abap/2_statements/result.ts.Result.getTokenIndex:475,t1->source_location = t2. RAISE EXCEPTION t1.
2,4,3,CLEAR TMP. | CLEAR TMP.,src/abap/2_statements/result.ts.Result.getNodes:369,CLEAR t5. CLEAR t5.
3,4,2,CLEAR TMP. | DATA(TMP) = CAST NAME( TMP ). | TMP ?= TMP.,src/abap/2_statements/statement_parser.ts.StatementParser.categorizeStatement:1366,CLEAR t59. DATA(t60) = CAST z_src_abap_1_l_506101b34e5cc0( t12 ). t59 ?= t60.
3,4,2,CLEAR TMP. | TMP = NEW NAME( NAME = TMP NAME = TMP NAME = TMP ). | TMP = TMP.,src/abap/2_statements/result.ts.Result.fromChain:86,CLEAR t9. t6 = NEW z_src_abap_2_s_b6c5f651b292e5( z_param_tokens_3a66ced5b5b26a = t7 z_param_tokeni_36bd2fa45d0f58 = t8 z_param_nodes_51988edc19892d = t9 ). t5 = t6.
3,4,3,DATA TMP TYPE REF TO OBJECT. | CLEAR TMP. | CLEAR TMP.,src/abap/2_statements/result.ts.Result.getNodes:368,DATA t5 TYPE REF TO object. CLEAR t5. CLEAR t5.
2,4,0,DATA(TMP) = CAST NAME( NAME ). | DATA(TMP) = CAST NAME( NAME ).,src/abap/2_statements/statement_parser.ts.StatementParser.constructor:29,DATA(t1) = CAST z_src_version__711983d3861a36( z_param_releas_79281afaf90da0 ). DATA(t2) = CAST z_src__iregist_f2763f2ccbcc49( z_param_reg_f149b44218b3bb ).
3,4,3,DATA(TMP) = CAST NAME( TMP ). | APPEND TMP TO TMP->ITEMS. | DATA TMP TYPE REF TO NAME.,src/abap/2_statements/combi.ts.Optional.run:54,DATA(t8) = CAST z_src_abap_2_s_b6c5f651b292e5( t5 ). APPEND t8 TO t7->items. DATA t9 TYPE REF TO z_runtime_arra_c22708faf2e354.
3,4,4,DATA(TMP) = CAST NAME( TMP ). | DATA(TMP) = CAST NAME( TMP ). | TMP = TMP->NAME( NAME = TMP ).,src/abap/2_statements/combi.ts.Alternative.run:87,DATA(t9) = CAST z_src_abap_2_s_e1e980746d06e1( t5 ). DATA(t10) = CAST z_runtime_arra_c22708faf2e354( t1 ). t8 = t9->z_member_run_71be1bca84374a( z_param_r_f634cd02b53efc = t10 ).
2,4,1,DATA(TMP) = CAST NAME( TMP ). | DATA(TMP) = CONV I( LIT ).,src/abap/1_lexer/lexer.ts.Lexer.add:1714,DATA(t742) = CAST z_src_abap_1_l_cca5bd2c711d39( t740 ). DATA(t743) = CONV i( '0' ).
2,4,2,DATA(TMP) = CAST NAME( TMP ). | DATA(TMP) = CONV INT8( TMP ).,src/abap/2_statements/combi.ts.Expression.run:169,DATA(t58) = CAST z_src_abap_2_s_b6c5f651b292e5( t24 ). DATA(t59) = CONV int8( t26 ).
2,4,4,DATA(TMP) = CAST NAME( TMP ). | ME->NAME( NAME = TMP ).,src/abap/2_statements/statement_parser.ts.StatementParser.run:131,DATA(t30) = CAST z_src_abap_2_s_4c81ce49a22dce( t28 ). me->z_member_proce_57f9d1e4b4e34e( z_param_wa_67bae5cdc38b7c = t30 ).
3,4,2,DATA(TMP) = CAST NAME( TMP ). | TMP = ME->NAME( NAME = TMP ). | TMP = TMP->NAME( NAME = TMP ).,src/abap/2_statements/statement_parser.ts.StatementParser.categorizeStatement:1304,DATA(t32) = CAST z_runtime_arra_c22708faf2e354( t23 ). t31 = me->z_member_token_ee139da5443484( z_param_tokens_3a66ced5b5b26a = t32 ). t26 = t27->z_member_setch_22a4e757af9749( z_param_childr_9020c44e5b6ffa = t31 ).
3,4,3,DATA(TMP) = CAST NAME( TMP ). | TMP = TMP->NAME( ). | TMP = XSDBOOL( TMP IS BOUND AND TMP IS INSTANCE OF NAME ).,src/abap/2_statements/statement_parser.ts.StatementParser.categorizeStatement:1312,DATA(t35) = CAST z_src_abap_nod_e445d254902ced( t2 ). t34 = t35->z_member_get_i_d31d9d82ef6654( ). t33 = xsdbool( t34 IS BOUND AND t34 IS INSTANCE OF z_src_abap_2_s_c990227e6b7609 ).
3,4,1,DATA(TMP) = CAST NAME( TMP ). | TMP = TMP. | DATA(TMP) = CAST NAME( TMP ).,src/abap/2_statements/combi.ts.Optional.run_one:131,DATA(t5) = CAST z_src_abap_2_s_b6c5f651b292e5( t1 ). t4 = t5. DATA(t6) = CAST z_runtime_arra_c22708faf2e354( t2 ).
3,4,3,DATA(TMP) = CAST NAME( TMP ). | TMP = TMP. | DATA(TMP) = VALUE STRING( ).,src/abap/1_lexer/lexer.ts.Lexer.process:1762,DATA(t14) = CAST z_src_abap_1_l_4d08aedee14b5b( t2 ). t13 = t14. DATA(t15) = VALUE string( ).
2,4,2,DATA(TMP) = CAST NAME( TMP ). | TMP ?= TMP.,src/abap/2_statements/statement_parser.ts.StatementParser.categorizeStatement:1367,DATA(t60) = CAST z_src_abap_1_l_506101b34e5cc0( t12 ). t59 ?= t60.
3,4,0,DATA(TMP) = CONV ABAP_BOOL( ABAP_FALSE ). | TMP = TMP. | DATA(TMP) = VALUE I( ).,src/abap/1_lexer/lexer.ts.Lexer.add:193,DATA(t51) = CONV abap_bool( abap_false ). t50 = t51. DATA(t52) = VALUE i( ).
2,4,3,DATA(TMP) = CONV I( LIT ). | DATA(TMP) = CONV I( LIT ).,src/abap/1_lexer/lexer.ts.Lexer.add:766,DATA(t318) = CONV i( '0' ). DATA(t319) = CONV i( '2' ).
3,4,3,DATA(TMP) = CONV I( LIT ). | DATA(TMP) = CONV I( LIT ). | DATA(TMP) = CONV I( STRLEN( TMP ) ).,src/abap/1_lexer/lexer.ts.Lexer.add:766,DATA(t318) = CONV i( '0' ). DATA(t319) = CONV i( '2' ). DATA(t320) = CONV i( strlen( t317 ) ).
3,4,3,DATA(TMP) = CONV I( LIT ). | DATA(TMP) = CONV I( STRLEN( TMP ) ). | IF TMP < NUM.,src/abap/1_lexer/lexer.ts.Lexer.add:767,DATA(t319) = CONV i( '2' ). DATA(t320) = CONV i( strlen( t317 ) ). IF t318 < 0.
3,4,2,DATA(TMP) = CONV I( LIT ). | TMP = TMP - TMP. | TMP = TMP + NUM.,src/abap/2_statements/statement_parser.ts.StatementParser.match:1735,DATA(t58) = CONV i( '1' ). t55 = t56 - t58. t55 = t55 + 1.
3,4,2,DATA(TMP) = CONV I( STRLEN( TMP ) ). | TMP = TMP. | TMP = XSDBOOL( TMP >= TMP ).,src/abap/1_lexer/lexer.ts.Lexer.process:1804,DATA(t37) = CONV i( strlen( t35 ) ). t34 = t37. t31 = xsdbool( t32 >= t34 ).
2,4,0,DATA(TMP) = CONV INT8( NUM ). | ME->NAME = TMP.,src/abap/1_lexer/lexer_stream.ts.LexerStream.advance:112,DATA(t29) = CONV int8( 1 ). me->z_member_col_cdb3c3718bda2d = t29.
2,4,2,DATA(TMP) = CONV INT8( NUM ). | TMP = XSDBOOL( TMP <> TMP ).,src/abap/2_statements/combi.ts.Token.run:92,DATA(t20) = CONV int8( 0 ). t8 = xsdbool( t9 <> t20 ).
3,4,2,DATA(TMP) = CONV INT8( NUM ). | TMP = XSDBOOL( TMP <> TMP ). | TMP = TMP.,src/abap/2_statements/combi.ts.Token.run:92,DATA(t20) = CONV int8( 0 ). t8 = xsdbool( t9 <> t20 ). t7 = t8.
3,4,3,DATA(TMP) = CONV STRING( TMP ). | DATA(TMP) = CONV I( LIT ). | DATA(TMP) = CONV I( LIT ).,src/abap/1_lexer/lexer.ts.Lexer.add:765,DATA(t317) = CONV string( t1 ). DATA(t318) = CONV i( '0' ). DATA(t319) = CONV i( '2' ).
2,4,2,DATA(TMP) = NEW NAME( ). | TMP->HAS = ABAP_TRUE.,src/abap/2_statements/statement_parser.ts.StatementParser.constructor:41,DATA(t7) = NEW z_runtime_opti_4ba3bdccd169bb( ). t7->has = abap_true.
3,4,2,DATA(TMP) = NEW NAME( ). | TMP->HAS = ABAP_TRUE. | TMP->VALUE = TMP.,src/abap/2_statements/statement_parser.ts.StatementParser.constructor:41,DATA(t7) = NEW z_runtime_opti_4ba3bdccd169bb( ). t7->has = abap_true. t7->value = t6.
2,4,3,DATA(TMP) = VALUE ABAP_BOOL( ). | DATA(TMP) = CAST NAME( ME->NAME ).,src/abap/1_lexer/lexer.ts.Lexer.add:512,DATA(t196) = VALUE abap_bool( ). DATA(t197) = CAST z_src_position_90002a97f25e1e( me->z_member_virtu_db098211587b90 ).
3,4,3,DATA(TMP) = VALUE ABAP_BOOL( ). | DATA(TMP) = VALUE ABAP_BOOL( ). | DATA TMP TYPE REF TO NAME.,src/abap/1_lexer/lexer.ts.Lexer.add:1388,DATA(t598) = VALUE abap_bool( ). DATA(t599) = VALUE abap_bool( ). DATA t600 TYPE REF TO z_src_abap_1_l_506101b34e5cc0.
3,4,4,DATA(TMP) = VALUE ABAP_BOOL( ). | DATA(TMP) = VALUE STRING( ). | DATA(TMP) = VALUE STRING( ).,src/abap/2_statements/statement_parser.ts.StatementParser.nativeSQL:973,DATA(t52) = VALUE abap_bool( ). DATA(t53) = VALUE string( ). DATA(t54) = VALUE string( ).
3,4,2,DATA(TMP) = VALUE INT8( ). | DATA(TMP) = VALUE ABAP_BOOL( ). | DATA(TMP) = CONV INT8( TMP ).,src/abap/1_lexer/lexer.ts.Lexer.add:363,DATA(t132) = VALUE int8( ). DATA(t133) = VALUE abap_bool( ). DATA(t134) = CONV int8( t126 ).
3,4,4,DATA(TMP) = VALUE INT8( ). | DATA(TMP) = VALUE ABAP_BOOL( ). | DATA(TMP) = VALUE I( ).,src/abap/1_lexer/lexer.ts.Lexer.process:1782,DATA(t23) = VALUE int8( ). DATA(t24) = VALUE abap_bool( ). DATA(t25) = VALUE i( ).
3,4,0,DATA(TMP) = VALUE INT8( ). | DATA(TMP) = VALUE INT8( ). | DATA(TMP) = CONV I( ME->NAME ).,src/abap/1_lexer/lexer_stream.ts.LexerStream.nextChar:345,DATA(t2) = VALUE int8( ). DATA(t3) = VALUE int8( ). DATA(t4) = CONV i( me->z_member_offse_4eb7e0915312eb ).
3,4,3,DATA(TMP) = VALUE STRING( ). | DATA(TMP) = VALUE STRING( ). | DATA(TMP) = CAST NAME( TMP ).,src/abap/1_lexer/lexer.ts.Lexer.add:63,DATA(t6) = VALUE string( ). DATA(t7) = VALUE string( ). DATA(t8) = CAST z_src_abap_1_l_cca5bd2c711d39( t4 ).
2,4,4,ELSE. | EXIT.,src/abap/1_lexer/lexer.ts.Lexer.add:118,ELSE. EXIT.
3,4,4,ELSE. | EXIT. | ENDIF.,src/abap/1_lexer/lexer.ts.Lexer.add:118,ELSE. EXIT. ENDIF.
3,4,4,ENDIF. | DATA(TMP) = VALUE I( ). | DATA(TMP) = CONV I( TMP ).,src/abap/2_statements/combi.ts.Permutation.run:211,ENDIF. DATA(t65) = VALUE i( ). DATA(t66) = CONV i( t7 ).
3,4,1,ENDIF. | ENDIF. | DATA(TMP) = VALUE ABAP_BOOL( ).,src/abap/1_lexer/lexer.ts.Lexer.add:337,ENDIF. ENDIF. DATA(t118) = VALUE abap_bool( ).
3,4,0,ENDIF. | ENDLOOP. | DATA TMP TYPE REF TO NAME.,src/abap/2_statements/statement_parser.ts.StatementParser.match:1802,ENDIF. ENDLOOP. DATA t85 TYPE REF TO z_runtime_arra_c22708faf2e354.
2,4,2,ENDIF. | ENDWHILE.,src/abap/1_lexer/lexer.ts.Lexer.add:120,ENDIF. ENDWHILE.
2,4,4,ENDIF. | IF TMP = NUM OR TMP = NUM OR TMP = NUM OR TMP = NUM OR TMP = NUM OR TMP = NUM OR TMP = NUM OR TMP = NUM OR TMP = NUM OR TMP = NUM OR TMP = NUM OR TMP = NUM OR TMP = NUM OR TMP = NUM OR TMP >= NUM AND TMP <= NUM.,src/abap/1_lexer/lexer.ts.Lexer.add:115,ENDIF. IF t17 = 9 OR t17 = 10 OR t17 = 11 OR t17 = 12 OR t17 = 13 OR t17 = 32 OR t17 = 160 OR t17 = 5760 OR t17 = 8232 OR t17 = 8233 OR t17 = 8239 OR t17 = 8287 OR t17 = 12288 OR t17 = 65279 OR t17 >= 8192 AND t17 <= 8202.
2,4,1,ENDIF. | TMP = NEW NAME( NAME = TMP NAME = TMP ).,src/abap/1_lexer/lexer.ts.Lexer.add:509,ENDIF. t188 = NEW z_src_position_90002a97f25e1e( z_param_row_56bae4ece65baf = t189 z_param_col_6e69bc5fb2ff80 = t190 ).
2,4,2,ENDIF. | TMP = XSDBOOL( TMP = ABAP_FALSE ).,src/abap/1_lexer/lexer.ts.Lexer.process:2699,ENDIF. t397 = xsdbool( t398 = abap_false ).
3,4,2,ENDIF. | TMP = XSDBOOL( TMP = ABAP_FALSE ). | TMP = TMP.,src/abap/1_lexer/lexer.ts.Lexer.process:2699,ENDIF. t397 = xsdbool( t398 = abap_false ). t375 = t397.
2,4,4,ENDIF. | TMP->NAME = TMP.,src/abap/1_lexer/lexer.ts.Lexer.process:1903,ENDIF. t71->z_member_start_4dd113ee116862 = t72.
3,4,0,ENDLOOP. | DATA(TMP) = CAST NAME( TMP ). | TMP = TMP.,src/abap/2_statements/statement_parser.ts.StatementParser.nativeAfter:2369,ENDLOOP. DATA(t19) = CAST z_runtime_arra_c22708faf2e354( t9 ). t8 = t19.
3,4,2,EXIT. | ENDIF. | ENDLOOP.,src/abap/2_statements/combi.ts.AlternativePriority.run:132,EXIT. ENDIF. ENDLOOP.
3,4,2,EXIT. | ENDIF. | ENDWHILE.,src/abap/1_lexer/lexer.ts.Lexer.add:119,EXIT. ENDIF. ENDWHILE.
3,4,4,IF TMP = ABAP_FALSE. | DATA(TMP) = VALUE ABAP_BOOL( ). | DATA(TMP) = VALUE ABAP_BOOL( ).,src/abap/1_lexer/lexer.ts.Lexer.process:2173,IF t191 = abap_false. DATA(t194) = VALUE abap_bool( ). DATA(t195) = VALUE abap_bool( ).
2,4,3,IF TMP = ABAP_TRUE. | DATA(TMP) = CONV ABAP_BOOL( ABAP_FALSE ).,src/abap/2_statements/combi.ts.Sequence.run:121,IF t22 = abap_true. DATA(t26) = CONV abap_bool( abap_false ).
3,4,2,IF TMP = ABAP_TRUE. | DATA(TMP) = CONV ABAP_BOOL( ABAP_TRUE ). | TMP = TMP.,src/abap/1_lexer/lexer.ts.Lexer.add:334,IF t102 = abap_true. DATA(t117) = CONV abap_bool( abap_true ). t50 = t117.
3,4,3,IF TMP = ABAP_TRUE. | DATA(TMP) = VALUE ABAP_BOOL( ). | DATA TMP TYPE REF TO NAME.,src/abap/2_statements/combi.ts.Token.run:95,IF t8 = abap_true. DATA(t21) = VALUE abap_bool( ). DATA t22 TYPE REF TO z_runtime_clas_a39833db329515.
2,4,2,IF TMP = ABAP_TRUE. | DATA(TMP) = VALUE I( ).,src/abap/1_lexer/lexer.ts.Lexer.add:220,IF t64 = abap_true. DATA(t67) = VALUE i( ).
2,4,4,IF TMP = ABAP_TRUE. | EXIT.,src/abap/1_lexer/lexer.ts.Lexer.process:3417,IF t631 = abap_true. EXIT.
3,4,4,IF TMP = ABAP_TRUE. | EXIT. | ENDIF.,src/abap/1_lexer/lexer.ts.Lexer.process:3417,IF t631 = abap_true. EXIT. ENDIF.
3,4,0,RAISE EXCEPTION TYPE CX_SY_ARITHMETIC_OVERFLOW. | ENDIF. | ME->NAME = TMP.,src/abap/1_lexer/lexer_stream.ts.LexerStream.advance:119,RAISE EXCEPTION TYPE cx_sy_arithmetic_overflow. ENDIF. me->z_member_row_2dc5d934b27d6d = t30.
3,4,1,REPLACE ALL OCCURRENCES OF LIT IN TMP WITH LIT. | TRANSLATE TMP TO UPPER CASE. | TMP = TMP.,src/abap/2_statements/statement_parser.ts.StatementParser.lazyUnknown:395,REPLACE ALL OCCURRENCES OF `ﬗ` IN t12 WITH `ՄԽ`. TRANSLATE t12 TO UPPER CASE. t11 = t12.
3,4,4,TMP = TMP + TMP * NUM. | ENDIF. | IF TMP = NUM OR TMP = NUM OR TMP = NUM OR TMP = NUM OR TMP = NUM OR TMP = NUM OR TMP = NUM OR TMP = NUM OR TMP = NUM OR TMP = NUM OR TMP = NUM OR TMP = NUM OR TMP = NUM OR TMP = NUM OR TMP >= NUM AND TMP <= NUM.,src/abap/1_lexer/lexer.ts.Lexer.add:114,t17 = t17 + t24 * 256. ENDIF. IF t17 = 9 OR t17 = 10 OR t17 = 11 OR t17 = 12 OR t17 = 13 OR t17 = 32 OR t17 = 160 OR t17 = 5760 OR t17 = 8232 OR t17 = 8233 OR t17 = 8239 OR t17 = 8287 OR t17 = 12288 OR t17 = 65279 OR t17 >= 8192 AND t17 <= 8202.
2,4,2,TMP = TMP - TMP. | TMP = TMP + NUM.,src/abap/2_statements/statement_parser.ts.StatementParser.match:1736,t55 = t56 - t58. t55 = t55 + 1.
2,4,4,TMP = TMP+TMP(NUM). | DATA TMP TYPE C LENGTH NUM.,src/abap/1_lexer/lexer.ts.Lexer.add:94,t19 = t3+t18(1). DATA t20 TYPE c LENGTH 1.
3,4,4,TMP = TMP+TMP(NUM). | DATA TMP TYPE C LENGTH NUM. | CLEAR TMP.,src/abap/1_lexer/lexer.ts.Lexer.add:94,t19 = t3+t18(1). DATA t20 TYPE c LENGTH 1. CLEAR t20.
3,4,3,TMP = TMP+TMP(TMP). | ENDIF. | DATA(TMP) = CONV STRING( LIT ).,src/abap/1_lexer/lexer.ts.Lexer.add:781,t316 = t317+t318(t319). ENDIF. DATA(t321) = CONV string( |##| ).
2,4,3,TMP = TMP->NAME( ). | TMP = XSDBOOL( TMP IS BOUND AND TMP IS INSTANCE OF NAME ).,src/abap/2_statements/statement_parser.ts.StatementParser.categorizeStatement:1313,t34 = t35->z_member_get_i_d31d9d82ef6654( ). t33 = xsdbool( t34 IS BOUND AND t34 IS INSTANCE OF z_src_abap_2_s_c990227e6b7609 ).
3,4,3,TMP = TMP->NAME. | TMP = TMP. | DATA TMP TYPE REF TO NAME.,src/abap/2_statements/statement_parser.ts.StatementParser.lazyUnknown:562,t81 = t82->z_member_first_8d87896c21eb17. t80 = t81. DATA t83 TYPE REF TO z_runtime_arra_c22708faf2e354.
2,4,1,TMP = TMP. | DATA(TMP) = CAST NAME( ME->NAME ).,src/abap/2_statements/combi.ts.Alternative.run:75,t2 = t3. DATA(t4) = CAST z_runtime_arra_c22708faf2e354( me->z_member_list_484fd43dd9f8d0 ).
3,4,1,TMP = TMP. | DATA(TMP) = CAST NAME( ME->NAME ). | DATA TMP TYPE REF TO NAME.,src/abap/2_statements/combi.ts.Alternative.run:75,t2 = t3. DATA(t4) = CAST z_runtime_arra_c22708faf2e354( me->z_member_list_484fd43dd9f8d0 ). DATA t5 TYPE REF TO z_src_abap_2_s_e1e980746d06e1.
3,4,2,TMP = TMP. | DATA(TMP) = CONV I( LIT ). | TMP = XSDBOOL( TMP = TMP ).,src/abap/1_lexer/lexer.ts.Lexer.add:799,t326 = t328. DATA(t329) = CONV i( '1' ). t325 = xsdbool( t326 = t329 ).
3,4,4,TMP = TMP. | DATA(TMP) = CONV I( STRLEN( TMP ) ). | TMP = TMP.,src/abap/2_statements/statement_parser.ts.StatementParser.nativeAfter:2388,t24 = t27. DATA(t29) = CONV i( strlen( t24 ) ). t23 = t24.
3,4,2,TMP = TMP. | DATA(TMP) = CONV INT8( NUM ). | TMP = XSDBOOL( TMP <> TMP ).,src/abap/2_statements/combi.ts.Token.run:91,t9 = t12. DATA(t20) = CONV int8( 0 ). t8 = xsdbool( t9 <> t20 ).
3,4,2,TMP = TMP. | DATA(TMP) = VALUE ABAP_BOOL( ). | DATA(TMP) = CONV INT8( TMP ).,src/abap/1_lexer/lexer_stream.ts.LexerStream.nextChar:354,t1 = t2. DATA(t6) = VALUE abap_bool( ). DATA(t7) = CONV int8( t1 ).
3,4,3,TMP = TMP. | ENDIF. | RESULT = TMP.,src/abap/2_statements/result.ts.Result.peekAt:156,t2 = t12. ENDIF. result = t2.
2,4,4,TMP = TMP. | EXIT.,src/abap/2_statements/combi.ts.Sequence.run:123,t14 = t26. EXIT.
3,4,4,TMP = TMP. | EXIT. | ENDIF.,src/abap/2_statements/combi.ts.Sequence.run:123,t14 = t26. EXIT. ENDIF.
3,4,0,TMP = TMP. | IF TMP = ABAP_TRUE. | DATA TMP TYPE REF TO NAME.,src/abap/1_lexer/lexer.ts.Lexer.add:1694,t727 = t732. IF t727 = abap_true. DATA t734 TYPE REF TO z_src_abap_1_l_b22fdb51f8f4f0.
3,4,2,TMP = TMP. | TMP = NEW NAME( NAME = TMP ). | TMP = TMP.,src/abap/2_statements/combi.ts.Token.run:157,t39 = t42. t38 = NEW z_src_abap_nod_935d26003cb490( z_param_token_06f9e7a29ec34c = t39 ). t37 = t38.
3,4,2,TMP = XSDBOOL( TMP <> TMP ). | TMP = TMP. | IF TMP = ABAP_TRUE.,src/abap/2_statements/combi.ts.Token.run:93,t8 = xsdbool( t9 <> t20 ). t7 = t8. IF t8 = abap_true.
2,4,2,TMP = XSDBOOL( TMP = ABAP_FALSE ). | IF TMP = ABAP_TRUE.,src/abap/1_lexer/lexer.ts.Lexer.add:1669,t722 = xsdbool( t723 = abap_false ). IF t722 = abap_true.
3,4,3,TMP = XSDBOOL( TMP = TMP ). | IF TMP = ABAP_TRUE. | DATA(TMP) = VALUE STRING( ).,src/abap/1_lexer/lexer.ts.Lexer.add:592,t232 = xsdbool( t233 = t234 ). IF t232 = abap_true. DATA(t236) = VALUE string( ).
3,4,4,TMP = XSDBOOL( TMP > TMP ). | TMP = TMP. | ENDIF.,src/abap/1_lexer/lexer.ts.Lexer.process:2673,t382 = xsdbool( t383 > t393 ). t377 = t382. ENDIF.
3,4,4,TMP ?= TMP. | DATA(TMP) = CAST NAME( TMP ). | DATA TMP TYPE REF TO NAME.,src/abap/2_statements/statement_parser.ts.StatementParser.categorize:1226,t6 ?= t7. DATA(t8) = CAST z_runtime_arra_c22708faf2e354( t2 ). DATA t9 TYPE REF TO z_src_abap_nod_e445d254902ced.
3,4,2,TMP ?= TMP. | TMP = TMP. | TMP = NEW NAME( NAME = TMP ).,src/abap/2_statements/combi.ts.Token.run:156,t42 ?= t47. t39 = t42. t38 = NEW z_src_abap_nod_935d26003cb490( z_param_token_06f9e7a29ec34c = t39 ).
2,4,2,TMP->HAS = ABAP_TRUE. | TMP->VALUE = TMP.,src/abap/2_statements/statement_parser.ts.StatementParser.constructor:42,t7->has = abap_true. t7->value = t6.
3,4,2,TMP->HAS = ABAP_TRUE. | TMP->VALUE = TMP. | TMP = TMP.,src/abap/2_statements/statement_parser.ts.StatementParser.constructor:42,t7->has = abap_true. t7->value = t6. t3 = t7.
2,4,2,TMP->VALUE = TMP. | TMP = TMP.,src/abap/2_statements/statement_parser.ts.StatementParser.constructor:43,t7->value = t6. t3 = t7.
2,4,1,TRANSLATE TMP TO UPPER CASE. | TMP = TMP.,src/abap/2_statements/statement_parser.ts.StatementParser.lazyUnknown:396,TRANSLATE t12 TO UPPER CASE. t11 = t12.
3,3,3,APPEND TMP TO TMP->ITEMS. | ELSE. | DATA(TMP) = CAST NAME( TMP ).,src/abap/2_statements/combi.ts.Expression.run:173,APPEND t57 TO t56->items. ELSE. DATA(t61) = CAST z_runtime_arra_c22708faf2e354( t2 ).
2,3,3,APPEND TMP TO TMP->ITEMS. | ENDWHILE.,src/abap/2_statements/result.ts.Result.getNodes:435,APPEND t28 TO t22->items. ENDWHILE.
3,3,3,APPEND TMP TO TMP->ITEMS. | ENDWHILE. | MODIFY TMP->ITEMS FROM TMP INDEX TMP.,src/abap/2_statements/result.ts.Result.getNodes:435,APPEND t28 TO t22->items. ENDWHILE. MODIFY t22->items FROM t25 INDEX t23.
3,3,3,CLEAR TMP. | CLEAR TMP. | WHILE LINES( TMP->ITEMS ) < TMP.,src/abap/2_statements/result.ts.Result.getNodes:432,CLEAR t28. CLEAR t28. WHILE lines( t22->items ) < t23.
3,3,2,CLEAR TMP. | DATA(TMP) = CAST NAME( TMP ). | DATA(TMP) = CONV INT8( TMP ).,src/abap/2_statements/combi.ts.Expression.run:168,CLEAR t57. DATA(t58) = CAST z_src_abap_2_s_b6c5f651b292e5( t24 ). DATA(t59) = CONV int8( t26 ).
3,3,3,CLEAR TMP. | DATA(TMP) = CAST NAME( TMP ). | DATA(TMP) = VALUE I( ).,src/abap/2_statements/statement_parser.ts.StatementParser.match:1729,CLEAR t53. DATA(t54) = CAST z_runtime_arra_c22708faf2e354( t2 ). DATA(t55) = VALUE i( ).
3,3,2,CLEAR TMP. | DATA(TMP) = NEW NAME( ). | DATA(TMP) = CAST NAME( TMP ).,src/abap/2_statements/statement_parser.ts.StatementParser.process:2079,CLEAR t66. DATA(t67) = NEW z_src_abap_2_s_c990227e6b7609( ). DATA(t68) = CAST z_src_abap_1_l_506101b34e5cc0( t63 ).
3,3,0,CLEAR TMP. | ELSE. | TMP = TMP+TMP(NUM).,src/abap/1_lexer/lexer.ts.Lexer.add:600,CLEAR t237. ELSE. t237 = t238+t239(1).
2,3,0,CLEAR TMP. | RESULT = TMP.,src/abap/4_file_information/abap_file_information.ts.ABAPFileInformation.getClassDefinitionByName:702,CLEAR t48. result = t48.
3,3,0,CLEAR TMP. | RESULT = TMP. | RETURN.,src/abap/4_file_information/abap_file_information.ts.ABAPFileInformation.getClassDefinitionByName:702,CLEAR t48. result = t48. RETURN.
2,3,3,CLEAR TMP. | WHILE LINES( TMP->ITEMS ) < TMP.,src/abap/2_statements/result.ts.Result.getNodes:433,CLEAR t28. WHILE lines( t22->items ) < t23.
3,3,3,CLEAR TMP. | WHILE LINES( TMP->ITEMS ) < TMP. | APPEND TMP TO TMP->ITEMS.,src/abap/2_statements/result.ts.Result.getNodes:433,CLEAR t28. WHILE lines( t22->items ) < t23. APPEND t28 TO t22->items.
2,3,3,CONTINUE. | ENDIF.,src/abap/2_statements/combi.ts.Regex.run:89,CONTINUE. ENDIF.
3,3,0,DATA TMP TYPE REF TO NAME. | CLEAR TMP. | RESULT = TMP.,src/abap/4_file_information/abap_file_information.ts.ABAPFileInformation.getClassDefinitionByName:701,DATA t48 TYPE REF TO z_src_abap_4_f_403ac7966c6114. CLEAR t48. result = t48.
2,3,2,DATA(TMP) = CAST NAME( ME->NAME ). | DATA(TMP) = VALUE INT8( ).,src/abap/1_lexer/lexer.ts.Lexer.process:2714,DATA(t409) = CAST z_src_abap_1_l_cca5bd2c711d39( me->z_member_buffe_50d854778a22d2 ). DATA(t410) = VALUE int8( ).
3,3,0,DATA(TMP) = CAST NAME( ME->NAME ). | TMP = TMP->NAME. | DATA TMP TYPE REF TO NAME.,src/abap/4_file_information/abap_file_information.ts.ABAPFileInformation.getClassDefinitionByName:490,DATA(t7) = CAST z_src_abap_4_f_5acf3137487da7( me->z_member_parse_d175cb7265d9fc ). t6 = t7->z_member_class_2d2b334ab0f0b7. DATA t8 TYPE REF TO z_src_abap_4_f_403ac7966c6114.
3,3,0,DATA(TMP) = CAST NAME( ME->NAME ). | TMP = TMP->NAME. | RESULT = TMP.,src/abap/4_file_information/abap_file_information.ts.ABAPFileInformation.listClassDefinitions:372,DATA(t2) = CAST z_src_abap_4_f_5acf3137487da7( me->z_member_parse_d175cb7265d9fc ). t1 = t2->z_member_class_2d2b334ab0f0b7. result = t1.
3,3,1,DATA(TMP) = CAST NAME( ME->NAME ). | TMP = TMP. | DATA(TMP) = CAST NAME( TMP ).,src/abap/1_lexer/lexer.ts.Lexer.add:1712,DATA(t741) = CAST z_src_abap_1_l_cca5bd2c711d39( me->z_member_buffe_50d854778a22d2 ). t740 = t741. DATA(t742) = CAST z_src_abap_1_l_cca5bd2c711d39( t740 ).
2,3,0,DATA(TMP) = CAST NAME( NAME ). | DATA(TMP) = CONV INT8( NAME ).,src/abap/2_statements/result.ts.Result.constructor:31,DATA(t1) = CAST z_runtime_arra_c22708faf2e354( z_param_tokens_3a66ced5b5b26a ). DATA(t2) = CONV int8( z_param_tokeni_36bd2fa45d0f58 ).
2,3,0,DATA(TMP) = CAST NAME( NAME ). | DATA(TMP) = VALUE ABAP_BOOL( ).,src/abap/2_statements/statement_parser.ts.StatementParser.constructor:31,DATA(t3) = CAST z_runtime_opti_4ba3bdccd169bb( z_param_langua_0e1d0b4c220039 ). DATA(t4) = VALUE abap_bool( ).
3,3,2,DATA(TMP) = CAST NAME( TMP ). | DATA(TMP) = CAST NAME( TMP ). | DATA(TMP) = CAST NAME( TMP ).,src/abap/2_statements/statement_parser.ts.StatementParser.process:2091,DATA(t73) = CAST z_src_abap_2_s_4c81ce49a22dce( t57 ). DATA(t74) = CAST z_runtime_arra_c22708faf2e354( t59 ). DATA(t75) = CAST z_runtime_arra_c22708faf2e354( t61 ).
3,3,2,DATA(TMP) = CAST NAME( TMP ). | DATA(TMP) = CAST NAME( TMP ). | TMP = TMP->NAME( NAME = TMP NAME = TMP ).,src/abap/2_statements/statement_parser.ts.StatementParser.process:2092,DATA(t74) = CAST z_runtime_arra_c22708faf2e354( t59 ). DATA(t75) = CAST z_runtime_arra_c22708faf2e354( t61 ). t72 = t73->z_member_token_ee139da5443484( z_param_tokens_9d9f2db84be7bc = t74 z_param_tokens_b8be0e9cb14d97 = t75 ).
3,3,0,DATA(TMP) = CAST NAME( TMP ). | DATA(TMP) = CAST NAME( TMP ). | TMP->NAME = TMP.,src/abap/2_statements/result.ts.Result.fromChain:89,DATA(t10) = CAST z_src_abap_2_s_b6c5f651b292e5( t5 ). DATA(t11) = CAST z_src_abap_2_s_c435ad477cf33f( t3 ). t10->z_member_nodes_022617c0b510ec = t11.
2,3,0,DATA(TMP) = CAST NAME( TMP ). | DATA(TMP) = CONV STRING( LIT ).,src/abap/2_statements/statement_parser.ts.StatementParser.nativeAfter:2592,DATA(t76) = CAST z_runtime_arra_8ecd6afe19e0a5( t4 ). DATA(t77) = CONV string( |BY| ).
3,3,0,DATA(TMP) = CAST NAME( TMP ). | DATA(TMP) = CONV STRING( LIT ). | TMP = TMP->INCLUDES( P0 = TMP ).,src/abap/2_statements/statement_parser.ts.StatementParser.nativeAfter:2592,DATA(t76) = CAST z_runtime_arra_8ecd6afe19e0a5( t4 ). DATA(t77) = CONV string( |BY| ). t75 = t76->includes( p0 = t77 ).
2,3,3,DATA(TMP) = CAST NAME( TMP ). | DATA(TMP) = VALUE INT8( ).,src/abap/1_lexer/lexer.ts.Lexer.process:3349,DATA(t671) = CAST z_src_abap_1_l_4d08aedee14b5b( t633 ). DATA(t672) = VALUE int8( ).
3,3,3,DATA(TMP) = CAST NAME( TMP ). | DATA(TMP) = VALUE INT8( ). | DATA(TMP) = VALUE INT8( ).,src/abap/1_lexer/lexer.ts.Lexer.process:3349,DATA(t671) = CAST z_src_abap_1_l_4d08aedee14b5b( t633 ). DATA(t672) = VALUE int8( ). DATA(t673) = VALUE int8( ).
2,3,0,DATA(TMP) = CAST NAME( TMP ). | READ TABLE TMP->ITEMS INDEX NUM INTO TMP.,src/abap/2_statements/statement_parser.ts.StatementParser.nativeAfter:2561,DATA(t61) = CAST z_runtime_arra_8ecd6afe19e0a5( t4 ). READ TABLE t61->items INDEX 1 INTO t60.
3,3,0,DATA(TMP) = CAST NAME( TMP ). | READ TABLE TMP->ITEMS INDEX NUM INTO TMP. | DATA(TMP) = CONV STRING( LIT ).,src/abap/2_statements/statement_parser.ts.StatementParser.nativeAfter:2561,DATA(t61) = CAST z_runtime_arra_8ecd6afe19e0a5( t4 ). READ TABLE t61->items INDEX 1 INTO t60. DATA(t62) = CONV string( |EXEC| ).
3,3,2,DATA(TMP) = CAST NAME( TMP ). | TMP = TMP->NAME( NAME = TMP NAME = TMP ). | TMP = TMP->NAME( NAME = TMP ).,src/abap/2_statements/statement_parser.ts.StatementParser.process:2093,DATA(t75) = CAST z_runtime_arra_c22708faf2e354( t61 ). t72 = t73->z_member_token_ee139da5443484( z_param_tokens_9d9f2db84be7bc = t74 z_param_tokens_b8be0e9cb14d97 = t75 ). t70 = t71->z_member_setch_22a4e757af9749( z_param_childr_9020c44e5b6ffa = t72 ).
3,3,1,DATA(TMP) = CAST NAME( TMP ). | TMP = TMP. | DATA(TMP) = VALUE ABAP_BOOL( ).,src/abap/1_lexer/lexer.ts.Lexer.process:3267,DATA(t634) = CAST z_src_abap_1_l_4d08aedee14b5b( t2 ). t633 = t634. DATA(t635) = VALUE abap_bool( ).
3,3,2,DATA(TMP) = CAST NAME( TMP ). | TMP = XSDBOOL( TMP IS BOUND AND TMP IS INSTANCE OF NAME ). | IF TMP = ABAP_TRUE.,src/abap/2_statements/combi.ts.Star.run:132,DATA(t43) = CAST z_builtin_erro_e8b3bd7e8a547c( t41 ). t42 = xsdbool( t43 IS BOUND AND t43 IS INSTANCE OF z_src_abap_2_s_d3562c97fc1358 ). IF t42 = abap_true.
2,3,0,DATA(TMP) = CAST NAME( TMP ). | TMP->NAME = TMP.,src/abap/2_statements/result.ts.Result.fromChain:90,DATA(t11) = CAST z_src_abap_2_s_c435ad477cf33f( t3 ). t10->z_member_nodes_022617c0b510ec = t11.
3,3,2,DATA(TMP) = CONV ABAP_BOOL( ABAP_TRUE ). | IF TMP = ABAP_TRUE. | DATA(TMP) = CONV STRING( ME->NAME ).,src/abap/2_statements/statement_parser.ts.StatementParser.match:1708,DATA(t46) = CONV abap_bool( abap_true ). IF t46 = abap_true. DATA(t47) = CONV string( me->z_member_langu_04816aba6849dd ).
2,3,0,DATA(TMP) = CONV ABAP_BOOL( ABAP_TRUE ). | RESULT = TMP.,src/abap/1_lexer/lexer_stream.ts.LexerStream.advance:156,DATA(t48) = CONV abap_bool( abap_true ). result = t48.
3,3,0,DATA(TMP) = CONV ABAP_BOOL( ABAP_TRUE ). | RESULT = TMP. | RETURN.,src/abap/1_lexer/lexer_stream.ts.LexerStream.advance:156,DATA(t48) = CONV abap_bool( abap_true ). result = t48. RETURN.
2,3,2,DATA(TMP) = CONV ABAP_BOOL( TMP ). | DATA(TMP) = CONV ABAP_BOOL( ABAP_FALSE ).,src/abap/2_statements/statement_parser.ts.StatementParser.process:2206,DATA(t126) = CONV abap_bool( t8 ). DATA(t127) = CONV abap_bool( abap_false ).
3,3,2,DATA(TMP) = CONV ABAP_BOOL( TMP ). | DATA(TMP) = CONV ABAP_BOOL( ABAP_FALSE ). | TMP = XSDBOOL( TMP = TMP ).,src/abap/2_statements/statement_parser.ts.StatementParser.process:2206,DATA(t126) = CONV abap_bool( t8 ). DATA(t127) = CONV abap_bool( abap_false ). t125 = xsdbool( t126 = t127 ).
3,3,3,DATA(TMP) = CONV I( LIT ). | DATA(TMP) = VALUE I( ). | DATA(TMP) = CONV STRING( TMP ).,src/abap/4_file_information/abap_file_information.ts.ABAPFileInformation.getClassDefinitionByName:552,DATA(t36) = CONV i( '1' ). DATA(t37) = VALUE i( ). DATA(t38) = CONV string( t32 ).
3,3,1,DATA(TMP) = CONV I( LIT ). | TMP = XSDBOOL( TMP = TMP ). | TMP = TMP.,src/abap/1_lexer/lexer.ts.Lexer.process:2311,DATA(t241) = CONV i( '0' ). t207 = xsdbool( t208 = t241 ). t203 = t207.
2,3,0,DATA(TMP) = CONV I( ME->NAME ). | DATA(TMP) = VALUE I( ).,src/abap/1_lexer/lexer_stream.ts.LexerStream.advance:61,DATA(t11) = CONV i( me->z_member_offse_4eb7e0915312eb ). DATA(t12) = VALUE i( ).
3,3,0,DATA(TMP) = CONV I( ME->NAME ). | DATA(TMP) = VALUE I( ). | DATA(TMP) = CONV STRING( ME->NAME ).,src/abap/1_lexer/lexer_stream.ts.LexerStream.advance:61,DATA(t11) = CONV i( me->z_member_offse_4eb7e0915312eb ). DATA(t12) = VALUE i( ). DATA(t13) = CONV string( me->z_member_raw_eb82124cb04f25 ).
3,3,0,DATA(TMP) = CONV I( ME->NAME ). | TMP = TMP. | DATA(TMP) = CONV INT8( NUM ).,src/abap/1_lexer/lexer_stream.ts.LexerStream.nextChar:347,DATA(t4) = CONV i( me->z_member_offse_4eb7e0915312eb ). t3 = t4. DATA(t5) = CONV int8( 1 ).
3,3,0,DATA(TMP) = CONV I( STRLEN( TMP ) ). | IF TMP < NUM OR TMP >= TMP. | CLEAR TMP.,src/abap/1_lexer/lexer.ts.Lexer.add:598,DATA(t240) = CONV i( strlen( t238 ) ). IF t239 < 0 OR t239 >= t240. CLEAR t237.
3,3,3,DATA(TMP) = CONV I( STRLEN( TMP ) ). | TMP = TMP. | DATA(TMP) = CONV I( STRLEN( TMP ) ).,src/abap/4_file_information/abap_file_information.ts.ABAPFileInformation.getClassDefinitionByName:555,DATA(t39) = CONV i( strlen( t38 ) ). t37 = t39. DATA(t40) = CONV i( strlen( t35 ) ).
3,3,0,DATA(TMP) = CONV INT8( ME->NAME ). | DATA(TMP) = CONV INT8( NUM ). | TMP = TMP + TMP.,src/abap/1_lexer/lexer_stream.ts.LexerStream.advance:115,DATA(t31) = CONV int8( me->z_member_row_2dc5d934b27d6d ). DATA(t32) = CONV int8( 1 ). t30 = t31 + t32.
2,3,0,DATA(TMP) = CONV INT8( NAME ). | DATA(TMP) = CAST NAME( NAME ).,src/abap/2_statements/result.ts.Result.constructor:32,DATA(t2) = CONV int8( z_param_tokeni_36bd2fa45d0f58 ). DATA(t3) = CAST z_runtime_arra_c22708faf2e354( z_param_nodes_51988edc19892d ).
2,3,0,DATA(TMP) = CONV INT8( NUM ). | TMP = XSDBOOL( TMP < TMP ).,src/abap/1_lexer/lexer.ts.Lexer.add:237,DATA(t79) = CONV int8( 0 ). t77 = xsdbool( t78 < t79 ).
3,3,0,DATA(TMP) = CONV INT8( NUM ). | TMP = XSDBOOL( TMP < TMP ). | TMP = TMP.,src/abap/1_lexer/lexer.ts.Lexer.add:237,DATA(t79) = CONV int8( 0 ). t77 = xsdbool( t78 < t79 ). t76 = t77.
3,3,3,DATA(TMP) = CONV INT8( NUM ). | TMP = XSDBOOL( TMP > TMP ). | TMP = TMP.,src/abap/1_lexer/lexer.ts.Lexer.process:2672,DATA(t393) = CONV int8( 1 ). t382 = xsdbool( t383 > t393 ). t377 = t382.
3,3,0,DATA(TMP) = CONV INT8( TMP ). | DATA(TMP) = CONV INT8( NUM ). | TMP = XSDBOOL( TMP < TMP ).,src/abap/1_lexer/lexer.ts.Lexer.add:236,DATA(t78) = CONV int8( t72 ). DATA(t79) = CONV int8( 0 ). t77 = xsdbool( t78 < t79 ).
3,3,3,DATA(TMP) = CONV INT8( TMP ). | DATA(TMP) = CONV INT8( NUM ). | TMP = XSDBOOL( TMP > TMP ).,src/abap/2_statements/combi.ts.Expression.run:155,DATA(t51) = CONV int8( t26 ). DATA(t52) = CONV int8( 0 ). t50 = xsdbool( t51 > t52 ).
2,3,0,DATA(TMP) = CONV STRING( LIT ). | TMP = TMP->INCLUDES( P0 = TMP ).,src/abap/2_statements/statement_parser.ts.StatementParser.nativeAfter:2593,DATA(t77) = CONV string( |BY| ). t75 = t76->includes( p0 = t77 ).
3,3,0,DATA(TMP) = CONV STRING( LIT ). | TMP = TMP->INCLUDES( P0 = TMP ). | TMP = TMP.,src/abap/2_statements/statement_parser.ts.StatementParser.nativeAfter:2593,DATA(t77) = CONV string( |BY| ). t75 = t76->includes( p0 = t77 ). t70 = t75.
2,3,2,DATA(TMP) = CONV STRING( ME->NAME ). | DATA(TMP) = NEW NAME( ).,src/abap/2_statements/statement_parser.ts.StatementParser.match:1710,DATA(t47) = CONV string( me->z_member_langu_04816aba6849dd ). DATA(t48) = NEW z_runtime_opti_4ba3bdccd169bb( ).
3,3,2,DATA(TMP) = CONV STRING( ME->NAME ). | DATA(TMP) = NEW NAME( ). | TMP->HAS = ABAP_TRUE.,src/abap/2_statements/statement_parser.ts.StatementParser.match:1710,DATA(t47) = CONV string( me->z_member_langu_04816aba6849dd ). DATA(t48) = NEW z_runtime_opti_4ba3bdccd169bb( ). t48->has = abap_true.
2,3,0,DATA(TMP) = CONV STRING( ME->NAME ). | DATA(TMP) = VALUE I( ).,src/abap/1_lexer/lexer_stream.ts.LexerStream.charCodeAt:512,DATA(t16) = CONV string( me->z_member_raw_eb82124cb04f25 ). DATA(t17) = VALUE i( ).
3,3,0,DATA(TMP) = CONV STRING( ME->NAME ). | DATA(TMP) = VALUE I( ). | DATA(TMP) = CONV INT8( TMP ).,src/abap/1_lexer/lexer_stream.ts.LexerStream.charCodeAt:512,DATA(t16) = CONV string( me->z_member_raw_eb82124cb04f25 ). DATA(t17) = VALUE i( ). DATA(t18) = CONV int8( t1 ).
2,3,0,DATA(TMP) = CONV STRING( NAME ). | DATA(TMP) = VALUE STRING( ).,src/abap/4_file_information/abap_file_information.ts.ABAPFileInformation.getClassDefinitionByName:378,DATA(t1) = CONV string( z_param_name_950497c12d6a91 ). DATA(t2) = VALUE string( ).
3,3,0,DATA(TMP) = CONV STRING( NAME ). | DATA(TMP) = VALUE STRING( ). | DATA(TMP) = VALUE STRING( ).,src/abap/4_file_information/abap_file_information.ts.ABAPFileInformation.getClassDefinitionByName:378,DATA(t1) = CONV string( z_param_name_950497c12d6a91 ). DATA(t2) = VALUE string( ). DATA(t3) = VALUE string( ).
3,3,3,DATA(TMP) = CONV STRING( TMP ). | DATA(TMP) = CONV I( LIT ). | DATA(TMP) = VALUE I( ).,src/abap/4_file_information/abap_file_information.ts.ABAPFileInformation.getClassDefinitionByName:551,DATA(t35) = CONV string( t32 ). DATA(t36) = CONV i( '1' ). DATA(t37) = VALUE i( ).
3,3,3,DATA(TMP) = CONV STRING( TMP ). | TMP = TMP. | DATA(TMP) = VALUE STRING( ).,src/abap/4_file_information/abap_file_information.ts.ABAPFileInformation.getClassDefinitionByName:548,DATA(t33) = CONV string( t17 ). t32 = t33. DATA(t34) = VALUE string( ).
3,3,3,DATA(TMP) = CONV STRING( TMP ). | TMP = TMP. | TMP = TMP.,src/abap/4_file_information/abap_file_information.ts.ABAPFileInformation.getClassDefinitionByName:575,DATA(t41) = CONV string( t17 ). t16 = t41. t12 = t16.
2,3,3,DATA(TMP) = CONV STRING( TMP ). | TMP = XSDBOOL( TMP = TMP ).,src/abap/4_file_information/abap_file_information.ts.ABAPFileInformation.getClassDefinitionByName:683,DATA(t43) = CONV string( t2 ). t10 = xsdbool( t11 = t43 ).
3,3,3,DATA(TMP) = CONV STRING( TMP ). | TMP = XSDBOOL( TMP = TMP ). | IF TMP = ABAP_TRUE.,src/abap/4_file_information/abap_file_information.ts.ABAPFileInformation.getClassDefinitionByName:683,DATA(t43) = CONV string( t2 ). t10 = xsdbool( t11 = t43 ). IF t10 = abap_true.
2,3,2,DATA(TMP) = NEW NAME( ). | DATA(TMP) = CAST NAME( TMP ).,src/abap/2_statements/statement_parser.ts.StatementParser.process:2080,DATA(t67) = NEW z_src_abap_2_s_c990227e6b7609( ). DATA(t68) = CAST z_src_abap_1_l_506101b34e5cc0( t63 ).
3,3,2,DATA(TMP) = NEW NAME( ). | DATA(TMP) = CAST NAME( TMP ). | DATA TMP TYPE REF TO NAME.,src/abap/2_statements/statement_parser.ts.StatementParser.process:2080,DATA(t67) = NEW z_src_abap_2_s_c990227e6b7609( ). DATA(t68) = CAST z_src_abap_1_l_506101b34e5cc0( t63 ). DATA t69 TYPE REF TO z_runtime_arra_c22708faf2e354.
3,3,0,DATA(TMP) = VALUE ABAP_BOOL( ). | DATA(TMP) = CAST NAME( TMP ). | DATA(TMP) = CONV STRING( LIT ).,src/abap/2_statements/statement_parser.ts.StatementParser.nativeAfter:2591,DATA(t75) = VALUE abap_bool( ). DATA(t76) = CAST z_runtime_arra_8ecd6afe19e0a5( t4 ). DATA(t77) = CONV string( |BY| ).
3,3,2,DATA(TMP) = VALUE ABAP_BOOL( ). | DATA(TMP) = CONV ABAP_BOOL( TMP ). | DATA(TMP) = CONV ABAP_BOOL( ABAP_FALSE ).,src/abap/2_statements/statement_parser.ts.StatementParser.process:2205,DATA(t125) = VALUE abap_bool( ). DATA(t126) = CONV abap_bool( t8 ). DATA(t127) = CONV abap_bool( abap_false ).
3,3,0,DATA(TMP) = VALUE ABAP_BOOL( ). | DATA(TMP) = CONV I( ME->NAME ). | DATA(TMP) = VALUE I( ).,src/abap/1_lexer/lexer_stream.ts.LexerStream.advance:60,DATA(t10) = VALUE abap_bool( ). DATA(t11) = CONV i( me->z_member_offse_4eb7e0915312eb ). DATA(t12) = VALUE i( ).
3,3,0,DATA(TMP) = VALUE ABAP_BOOL( ). | DATA(TMP) = VALUE ABAP_BOOL( ). | DATA(TMP) = CONV INT8( TMP ).,src/abap/1_lexer/lexer.ts.Lexer.add:234,DATA(t76) = VALUE abap_bool( ). DATA(t77) = VALUE abap_bool( ). DATA(t78) = CONV int8( t72 ).
3,3,0,DATA(TMP) = VALUE ABAP_BOOL( ). | DATA(TMP) = VALUE ABAP_BOOL( ). | DATA(TMP) = VALUE STRING( ).,src/abap/2_statements/statement_parser.ts.StatementParser.nativeAfter:2499,DATA(t31) = VALUE abap_bool( ). DATA(t32) = VALUE abap_bool( ). DATA(t33) = VALUE string( ).
2,3,0,DATA(TMP) = VALUE I( ). | DATA(TMP) = CONV I( ME->NAME ).,src/abap/1_lexer/lexer_stream.ts.LexerStream.advance:151,DATA(t45) = VALUE i( ). DATA(t46) = CONV i( me->z_member_offse_4eb7e0915312eb ).
3,3,0,DATA(TMP) = VALUE I( ). | DATA(TMP) = CONV I( ME->NAME ). | DATA(TMP) = CONV I( LIT ).,src/abap/1_lexer/lexer_stream.ts.LexerStream.advance:151,DATA(t45) = VALUE i( ). DATA(t46) = CONV i( me->z_member_offse_4eb7e0915312eb ). DATA(t47) = CONV i( '1' ).
3,3,0,DATA(TMP) = VALUE I( ). | DATA(TMP) = CONV STRING( ME->NAME ). | DATA(TMP) = VALUE I( ).,src/abap/1_lexer/lexer_stream.ts.LexerStream.charCodeAt:511,DATA(t15) = VALUE i( ). DATA(t16) = CONV string( me->z_member_raw_eb82124cb04f25 ). DATA(t17) = VALUE i( ).
3,3,2,DATA(TMP) = VALUE INT8( ). | DATA(TMP) = CONV INT8( TMP ). | DATA(TMP) = CONV INT8( NUM ).,src/abap/2_statements/result.ts.Result.getNodes:446,DATA(t32) = VALUE int8( ). DATA(t33) = CONV int8( t8 ). DATA(t34) = CONV int8( 1 ).
3,3,0,DATA(TMP) = VALUE STRING( ). | DATA(TMP) = CAST NAME( TMP ). | READ TABLE TMP->ITEMS INDEX NUM INTO TMP.,src/abap/2_statements/statement_parser.ts.StatementParser.nativeAfter:2560,DATA(t60) = VALUE string( ). DATA(t61) = CAST z_runtime_arra_8ecd6afe19e0a5( t4 ). READ TABLE t61->items INDEX 1 INTO t60.
3,3,0,DATA(TMP) = VALUE STRING( ). | DATA(TMP) = CONV STRING( TMP ). | DATA(TMP) = CONV I( STRLEN( TMP ) ).,src/abap/4_file_information/abap_file_information.ts.ABAPFileInformation.getClassDefinitionByName:380,DATA(t3) = VALUE string( ). DATA(t4) = CONV string( t1 ). DATA(t5) = CONV i( strlen( t4 ) ).
3,3,3,DATA(TMP) = VALUE STRING( ). | DATA(TMP) = CONV STRING( TMP ). | TMP = TMP.,src/abap/4_file_information/abap_file_information.ts.ABAPFileInformation.getClassDefinitionByName:547,DATA(t32) = VALUE string( ). DATA(t33) = CONV string( t17 ). t32 = t33.
2,3,3,ELSE. | DATA(TMP) = CAST NAME( TMP ).,src/abap/2_statements/combi.ts.Expression.run:174,ELSE. DATA(t61) = CAST z_runtime_arra_c22708faf2e354( t2 ).
3,3,3,ELSE. | DATA(TMP) = CAST NAME( TMP ). | DATA(TMP) = CAST NAME( TMP ).,src/abap/2_statements/combi.ts.Expression.run:174,ELSE. DATA(t61) = CAST z_runtime_arra_c22708faf2e354( t2 ). DATA(t62) = CAST z_src_abap_2_s_b6c5f651b292e5( t24 ).
3,3,2,ELSE. | DATA(TMP) = VALUE ABAP_BOOL( ). | DATA(TMP) = CONV I( TMP ).,src/abap/1_lexer/lexer.ts.Lexer.process:2104,ELSE. DATA(t162) = VALUE abap_bool( ). DATA(t163) = CONV i( t84 ).
3,3,2,ELSE. | DATA(TMP) = VALUE INT8( ). | DATA(TMP) = VALUE ABAP_BOOL( ).,src/abap/1_lexer/lexer.ts.Lexer.process:1794,ELSE. DATA(t30) = VALUE int8( ). DATA(t31) = VALUE abap_bool( ).
2,3,0,ELSE. | TMP = TMP+TMP(NUM).,src/abap/1_lexer/lexer.ts.Lexer.add:601,ELSE. t237 = t238+t239(1).
3,3,0,ELSE. | TMP = TMP+TMP(NUM). | ENDIF.,src/abap/1_lexer/lexer.ts.Lexer.add:601,ELSE. t237 = t238+t239(1). ENDIF.
2,3,0,ENDDO. | DATA(TMP) = CAST NAME( TMP ).,src/abap/2_statements/combi.ts.Permutation.run:217,ENDDO. DATA(t68) = CAST z_runtime_arra_c22708faf2e354( t2 ).
3,3,0,ENDDO. | DATA(TMP) = CAST NAME( TMP ). | RESULT = TMP.,src/abap/2_statements/combi.ts.Permutation.run:217,ENDDO. DATA(t68) = CAST z_runtime_arra_c22708faf2e354( t2 ). result = t68.
2,3,3,ENDIF. | DATA(TMP) = CONV STRING( TMP ).,src/abap/4_file_information/abap_file_information.ts.ABAPFileInformation.getClassDefinitionByName:574,ENDIF. DATA(t41) = CONV string( t17 ).
3,3,3,ENDIF. | DATA(TMP) = CONV STRING( TMP ). | TMP = TMP.,src/abap/4_file_information/abap_file_information.ts.ABAPFileInformation.getClassDefinitionByName:574,ENDIF. DATA(t41) = CONV string( t17 ). t16 = t41.
3,3,1,ENDIF. | ENDIF. | DATA(TMP) = CAST NAME( TMP ).,src/abap/2_statements/combi.ts.Sequence.run_one:322,ENDIF. ENDIF. DATA(t52) = CAST z_runtime_arra_c22708faf2e354( t2 ).
3,3,1,ENDIF. | ENDLOOP. | DATA(TMP) = VALUE ABAP_BOOL( ).,src/abap/2_statements/combi.ts.Sequence.run:125,ENDIF. ENDLOOP. DATA(t27) = VALUE abap_bool( ).
3,3,3,ENDIF. | IF TMP = ABAP_TRUE. | DATA(TMP) = VALUE ABAP_BOOL( ).,src/abap/1_lexer/lexer.ts.Lexer.process:2720,ENDIF. IF t373 = abap_true. DATA(t412) = VALUE abap_bool( ).
3,3,0,ENDIF. | IF TMP = ABAP_TRUE. | DATA(TMP) = VALUE INT8( ).,src/abap/1_lexer/lexer.ts.Lexer.add:253,ENDIF. IF t76 = abap_true. DATA(t87) = VALUE int8( ).
3,3,0,ENDIF. | ME->NAME = TMP. | ENDIF.,src/abap/1_lexer/lexer_stream.ts.LexerStream.advance:120,ENDIF. me->z_member_row_2dc5d934b27d6d = t30. ENDIF.
2,3,2,ENDIF. | TMP = NEW NAME( NAME = TMP NAME = TMP NAME = TMP ).,src/abap/2_statements/statement_parser.ts.StatementParser.categorizeStatement:1377,ENDIF. t50 = NEW z_src_abap_nod_e445d254902ced( z_param_statem_a93a3a61ab48a1 = t51 z_param_colon_efc6e029c59417 = t52 z_param_pragma_9ae3ad041053f6 = t53 ).
3,3,2,ENDIF. | TMP = NEW NAME( NAME = TMP NAME = TMP NAME = TMP ). | DATA TMP TYPE REF TO NAME.,src/abap/2_statements/statement_parser.ts.StatementParser.categorizeStatement:1377,ENDIF. t50 = NEW z_src_abap_nod_e445d254902ced( z_param_statem_a93a3a61ab48a1 = t51 z_param_colon_efc6e029c59417 = t52 z_param_pragma_9ae3ad041053f6 = t53 ). DATA t63 TYPE REF TO z_runtime_arra_c22708faf2e354.
3,3,3,ENDIF. | TMP = TMP. | DATA TMP TYPE REF TO NAME.,src/abap/2_statements/result.ts.Result.getNodes:421,ENDIF. t23 = t24. DATA t25 TYPE REF TO z_union_667199_4cf1d0543504ab.
3,3,0,ENDIF. | TMP = TMP. | DATA(TMP) = CONV I( STRLEN( TMP ) ).,src/abap/1_lexer/lexer.ts.Lexer.add:269,ENDIF. t93 = t94. DATA(t95) = CONV i( strlen( t91 ) ).
2,3,1,ENDLOOP. | DATA(TMP) = VALUE ABAP_BOOL( ).,src/abap/2_statements/combi.ts.Sequence.run:126,ENDLOOP. DATA(t27) = VALUE abap_bool( ).
2,3,3,ENDWHILE. | MODIFY TMP->ITEMS FROM TMP INDEX TMP.,src/abap/2_statements/result.ts.Result.getNodes:436,ENDWHILE. MODIFY t22->items FROM t25 INDEX t23.
3,3,3,EXIT. | ENDIF. | DATA TMP TYPE REF TO NAME.,src/abap/2_statements/combi.ts.Permutation.run:102,EXIT. ENDIF. DATA t13 TYPE REF TO z_runtime_arra_c22708faf2e354.
3,3,3,EXIT. | ENDIF. | DATA(TMP) = CAST NAME( TMP ).,src/abap/2_statements/combi.ts.Star.run:60,EXIT. ENDIF. DATA(t10) = CAST z_runtime_arra_c22708faf2e354( t5 ).
2,3,0,IF TMP < NUM OR TMP >= TMP. | CLEAR TMP.,src/abap/1_lexer/lexer.ts.Lexer.add:599,IF t239 < 0 OR t239 >= t240. CLEAR t237.
3,3,0,IF TMP < NUM OR TMP >= TMP. | CLEAR TMP. | ELSE.,src/abap/1_lexer/lexer.ts.Lexer.add:599,IF t239 < 0 OR t239 >= t240. CLEAR t237. ELSE.
3,3,0,IF TMP = ABAP_FALSE. | DATA(TMP) = VALUE ABAP_BOOL( ). | DATA(TMP) = CONV INT8( TMP ).,src/abap/1_lexer/lexer.ts.Lexer.add:240,IF t77 = abap_false. DATA(t80) = VALUE abap_bool( ). DATA(t81) = CONV int8( t72 ).
3,3,3,IF TMP = ABAP_TRUE. | DATA(TMP) = CONV ABAP_BOOL( ABAP_FALSE ). | TMP = TMP.,src/abap/2_statements/combi.ts.Sequence.run:121,IF t22 = abap_true. DATA(t26) = CONV abap_bool( abap_false ). t14 = t26.
2,3,0,IF TMP = ABAP_TRUE. | DATA(TMP) = CONV ABAP_BOOL( TMP ).,src/abap/2_statements/statement_parser.ts.StatementParser.categorizeStatement:1280,IF t19 = abap_true. DATA(t22) = CONV abap_bool( t15 ).
2,3,2,IF TMP = ABAP_TRUE. | DATA(TMP) = CONV STRING( ME->NAME ).,src/abap/2_statements/statement_parser.ts.StatementParser.match:1709,IF t46 = abap_true. DATA(t47) = CONV string( me->z_member_langu_04816aba6849dd ).
3,3,2,IF TMP = ABAP_TRUE. | DATA(TMP) = CONV STRING( ME->NAME ). | DATA(TMP) = NEW NAME( ).,src/abap/2_statements/statement_parser.ts.StatementParser.match:1709,IF t46 = abap_true. DATA(t47) = CONV string( me->z_member_langu_04816aba6849dd ). DATA(t48) = NEW z_runtime_opti_4ba3bdccd169bb( ).
2,3,0,ME->NAME = TMP. | DATA(TMP) = CONV INT8( NUM ).,src/abap/1_lexer/lexer_stream.ts.LexerStream.constructor:31,me->z_member_raw_eb82124cb04f25 = t3. DATA(t4) = CONV int8( 0 ).
3,3,0,ME->NAME = TMP. | DATA(TMP) = CONV INT8( NUM ). | ME->NAME = TMP.,src/abap/1_lexer/lexer_stream.ts.LexerStream.constructor:31,me->z_member_raw_eb82124cb04f25 = t3. DATA(t4) = CONV int8( 0 ). me->z_member_row_2dc5d934b27d6d = t4.
3,3,3,RAISE EXCEPTION TYPE CX_SY_ARITHMETIC_OVERFLOW. | ENDIF. | TMP->NAME = TMP.,src/abap/1_lexer/lexer.ts.Lexer.process:3357,RAISE EXCEPTION TYPE cx_sy_arithmetic_overflow. ENDIF. t671->z_member_row_2dc5d934b27d6d = t672.
3,3,0,RANGE_INT8_BOUND_MAX = RANGE_INT8_BOUND_MAX * NUM. | RANGE_INT8_BOUND_MAX = RANGE_INT8_BOUND_MAX + NUM. | DATA RANGE_INT_CHECK_HI_ZIK0ZJ TYPE INT8.,src/abap/1_lexer/lexer.ts.Lexer.add:50,range_int8_bound_max = range_int8_bound_max * 1000000000. range_int8_bound_max = range_int8_bound_max + 254740991. DATA range_int_check_hi_zik0zj TYPE int8.
3,3,0,RANGE_INT8_BOUND_MAX = RANGE_INT8_BOUND_MAX * NUM. | RANGE_INT8_BOUND_MAX = RANGE_INT8_BOUND_MAX + NUM. | DATA(TMP) = VALUE INT8( ).,src/abap/1_lexer/lexer_stream.ts.LexerStream.nextChar:342,range_int8_bound_max = range_int8_bound_max * 1000000000. range_int8_bound_max = range_int8_bound_max + 254740991. DATA(t1) = VALUE int8( ).
2,3,0,RANGE_INT8_BOUND_MAX = RANGE_INT8_BOUND_MAX + NUM. | DATA RANGE_INT_CHECK_HI_ZIK0ZJ TYPE INT8.,src/abap/1_lexer/lexer.ts.Lexer.add:51,range_int8_bound_max = range_int8_bound_max + 254740991. DATA range_int_check_hi_zik0zj TYPE int8.
3,3,0,RANGE_INT8_BOUND_MAX = RANGE_INT8_BOUND_MAX + NUM. | DATA RANGE_INT_CHECK_HI_ZIK0ZJ TYPE INT8. | RANGE_INT_CHECK_HI_ZIK0ZJ = NUM.,src/abap/1_lexer/lexer.ts.Lexer.add:51,range_int8_bound_max = range_int8_bound_max + 254740991. DATA range_int_check_hi_zik0zj TYPE int8. range_int_check_hi_zik0zj = 2147483647.
2,3,0,RANGE_INT8_BOUND_MAX = RANGE_INT8_BOUND_MAX + NUM. | DATA(TMP) = VALUE INT8( ).,src/abap/1_lexer/lexer_stream.ts.LexerStream.nextChar:343,range_int8_bound_max = range_int8_bound_max + 254740991. DATA(t1) = VALUE int8( ).
3,3,0,RANGE_INT8_BOUND_MAX = RANGE_INT8_BOUND_MAX + NUM. | DATA(TMP) = VALUE INT8( ). | DATA(TMP) = VALUE INT8( ).,src/abap/1_lexer/lexer_stream.ts.LexerStream.nextChar:343,range_int8_bound_max = range_int8_bound_max + 254740991. DATA(t1) = VALUE int8( ). DATA(t2) = VALUE int8( ).
2,3,0,READ TABLE TMP->ITEMS INDEX NUM INTO TMP. | DATA(TMP) = CONV STRING( LIT ).,src/abap/2_statements/statement_parser.ts.StatementParser.nativeAfter:2562,READ TABLE t61->items INDEX 1 INTO t60. DATA(t62) = CONV string( |EXEC| ).
3,3,0,READ TABLE TMP->ITEMS INDEX NUM INTO TMP. | DATA(TMP) = CONV STRING( LIT ). | TMP = XSDBOOL( TMP = TMP ).,src/abap/2_statements/statement_parser.ts.StatementParser.nativeAfter:2562,READ TABLE t61->items INDEX 1 INTO t60. DATA(t62) = CONV string( |EXEC| ). t59 = xsdbool( t60 = t62 ).
3,3,3,REPLACE ALL OCCURRENCES OF LIT IN TMP WITH LIT. | TRANSLATE TMP TO UPPER CASE. | DATA(TMP) = CONV STRING( TMP ).,src/abap/4_file_information/abap_file_information.ts.ABAPFileInformation.getClassDefinitionByName:681,REPLACE ALL OCCURRENCES OF `ﬗ` IN t11 WITH `ՄԽ`. TRANSLATE t11 TO UPPER CASE. DATA(t43) = CONV string( t2 ).
3,3,0,RETURN. | ENDIF. | DATA TMP TYPE REF TO NAME.,src/abap/2_statements/combi.ts.Star.run:137,RETURN. ENDIF. DATA t45 TYPE REF TO z_exception_cl_30eec8e8805d60.
3,3,0,RETURN. | ENDIF. | DATA(TMP) = VALUE ABAP_BOOL( ).,src/abap/2_statements/statement_parser.ts.StatementParser.nativeAfter:2533,RETURN. ENDIF. DATA(t49) = VALUE abap_bool( ).
3,3,2,TMP = LINES( TMP->ITEMS ). | TMP = TMP. | DATA TMP TYPE REF TO NAME.,src/abap/2_statements/combi.ts.Permutation.run:141,t30 = lines( t31->items ). t24 = t30. DATA t32 TYPE REF TO z_runtime_arra_c22708faf2e354.
2,3,3,TMP = LINES( TMP->ITEMS ). | TMP = XSDBOOL( TMP < TMP ).,src/abap/2_statements/combi.ts.Permutation.run:99,t11 = lines( t12->items ). t9 = xsdbool( t10 < t11 ).
3,3,3,TMP = LINES( TMP->ITEMS ). | TMP = XSDBOOL( TMP < TMP ). | IF TMP = ABAP_FALSE.,src/abap/2_statements/combi.ts.Permutation.run:99,t11 = lines( t12->items ). t9 = xsdbool( t10 < t11 ). IF t9 = abap_false.
3,3,2,TMP = ME->NAME( NAME = TMP ). | TMP = TMP. | DATA TMP TYPE REF TO NAME.,src/abap/2_statements/statement_parser.ts.StatementParser.match:1617,t6 = me->z_member_remov_4306230a820280( z_param_tokens_3a66ced5b5b26a = t7 ). t5 = t6. DATA t8 TYPE REF TO z_runtime_arra_c22708faf2e354.
3,3,1,TMP = NEW NAME( NAME = TMP ). | APPEND TMP TO TMP->ITEMS. | DATA(TMP) = CAST NAME( TMP ).,src/abap/2_statements/statement_parser.ts.StatementParser.categorizeStatement:1406,t74 = NEW z_src_abap_nod_935d26003cb490( z_param_token_06f9e7a29ec34c = t75 ). APPEND t74 TO t73->items. DATA(t76) = CAST z_runtime_arra_c22708faf2e354( t68 ).
3,3,2,TMP = NEW NAME( NAME = TMP ). | TMP = TMP. | DATA(TMP) = CAST NAME( TMP ).,src/abap/1_lexer/lexer.ts.Lexer.process:1753,t3 = NEW z_src_abap_1_l_4d08aedee14b5b( z_param_raw_2fd8c444587bc5 = t4 ). t2 = t3. DATA(t10) = CAST z_src_abap_1_l_4d08aedee14b5b( t2 ).
3,3,2,TMP = NEW NAME( NAME = TMP NAME = TMP NAME = TMP ). | TMP = TMP. | DATA TMP TYPE REF TO NAME.,src/abap/2_statements/statement_parser.ts.StatementParser.process:2084,t66 = NEW z_src_abap_nod_e445d254902ced( z_param_statem_a93a3a61ab48a1 = t67 z_param_colon_efc6e029c59417 = t68 z_param_pragma_9ae3ad041053f6 = t69 ). t65 = t66. DATA t70 TYPE REF TO z_src_abap_nod_e445d254902ced.
3,3,0,TMP = TMP - TMP. | TMP = TMP. | DATA(TMP) = VALUE ABAP_BOOL( ).,src/abap/1_lexer/lexer.ts.Lexer.add:214,t53 = t54 - t61. t52 = t53. DATA(t64) = VALUE abap_bool( ).
2,3,0,TMP = TMP+TMP(NUM). | ENDIF.,src/abap/1_lexer/lexer.ts.Lexer.add:602,t237 = t238+t239(1). ENDIF.
3,3,3,TMP = TMP+TMP(TMP). | ENDIF. | TMP = TMP.,src/abap/4_file_information/abap_file_information.ts.ABAPFileInformation.getClassDefinitionByName:570,t34 = t35+t36(t37). ENDIF. t31 = t34.
3,3,2,TMP = TMP->CONCAT( P0 = TMP ). | TMP = TMP. | ELSE.,src/abap/2_statements/combi.ts.Sequence.run:143,t34 = t35->concat( p0 = t36 ). t2 = t34. ELSE.
2,3,0,TMP = TMP->INCLUDES( P0 = TMP ). | TMP = TMP.,src/abap/2_statements/statement_parser.ts.StatementParser.nativeAfter:2594,t75 = t76->includes( p0 = t77 ). t70 = t75.
3,3,0,TMP = TMP->INCLUDES( P0 = TMP ). | TMP = TMP. | ENDIF.,src/abap/2_statements/statement_parser.ts.StatementParser.nativeAfter:2594,t75 = t76->includes( p0 = t77 ). t70 = t75. ENDIF.
3,3,1,TMP = TMP->NAME( ). | TMP = TMP. | DATA TMP TYPE REF TO NAME.,src/abap/2_statements/statement_parser.ts.StatementParser.categorizeStatement:1290,t24 = t25->z_member_getto_78be2ed397daf0( ). t23 = t24. DATA t26 TYPE REF TO z_src_abap_nod_e445d254902ced.
3,3,3,TMP = TMP->NAME( NAME = TMP ). | TMP = TMP. | DATA TMP TYPE REF TO NAME.,src/abap/2_statements/statement_parser.ts.StatementParser.match:1789,t65 = t66->z_member_setch_22a4e757af9749( z_param_childr_9020c44e5b6ffa = t78 ). t64 = t65. DATA t80 TYPE REF TO z_src_abap_nod_e445d254902ced.
3,3,2,TMP = TMP->NAME( NAME = TMP ). | TMP = TMP. | ENDIF.,src/abap/1_lexer/lexer.ts.Lexer.process:2718,t408 = t409->z_member_count_aef1818d79c2bf( z_param_char_da5c30c615561e = t410 ). t373 = t408. ENDIF.
2,3,2,TMP = TMP->NAME( NAME = TMP NAME = TMP ). | TMP = TMP->NAME( NAME = TMP ).,src/abap/2_statements/statement_parser.ts.StatementParser.process:2094,t72 = t73->z_member_token_ee139da5443484( z_param_tokens_9d9f2db84be7bc = t74 z_param_tokens_b8be0e9cb14d97 = t75 ). t70 = t71->z_member_setch_22a4e757af9749( z_param_childr_9020c44e5b6ffa = t72 ).
3,3,2,TMP = TMP->NAME( NAME = TMP NAME = TMP ). | TMP = TMP->NAME( NAME = TMP ). | DATA TMP TYPE REF TO NAME.,src/abap/2_statements/statement_parser.ts.StatementParser.process:2094,t72 = t73->z_member_token_ee139da5443484( z_param_tokens_9d9f2db84be7bc = t74 z_param_tokens_b8be0e9cb14d97 = t75 ). t70 = t71->z_member_setch_22a4e757af9749( z_param_childr_9020c44e5b6ffa = t72 ). DATA t76 TYPE REF TO z_runtime_arra_c22708faf2e354.
3,3,2,TMP = TMP->NAME. | DATA(TMP) = CAST NAME( TMP ). | APPEND TMP TO TMP->ITEMS.,src/abap/2_statements/statement_parser.ts.StatementParser.process:2099,t76 = t77->z_member_state_9163ed41d98ddd. DATA(t78) = CAST z_src_abap_nod_e445d254902ced( t65 ). APPEND t78 TO t76->items.
3,3,3,TMP = TMP->NAME. | DATA(TMP) = VALUE I( ). | DATA(TMP) = VALUE STRING( ).,src/abap/1_lexer/lexer.ts.Lexer.process:1799,t32 = t33->z_member_offse_4eb7e0915312eb. DATA(t34) = VALUE i( ). DATA(t35) = VALUE string( ).
2,3,0,TMP = TMP->NAME. | RESULT = TMP.,src/abap/4_file_information/abap_file_information.ts.ABAPFileInformation.listClassDefinitions:373,t1 = t2->z_member_class_2d2b334ab0f0b7. result = t1.
3,3,0,TMP = TMP->NAME. | RESULT = TMP. | RETURN.,src/abap/4_file_information/abap_file_information.ts.ABAPFileInformation.listClassDefinitions:373,t1 = t2->z_member_class_2d2b334ab0f0b7. result = t1. RETURN.
3,3,3,TMP = TMP. | DATA(TMP) = CONV I( STRLEN( TMP ) ). | IF TMP < NUM.,src/abap/4_file_information/abap_file_information.ts.ABAPFileInformation.getClassDefinitionByName:556,t37 = t39. DATA(t40) = CONV i( strlen( t35 ) ). IF t36 < 0.
3,3,3,TMP = TMP. | DATA(TMP) = CONV INT8( NUM ). | TMP = XSDBOOL( TMP > TMP ).,src/abap/1_lexer/lexer.ts.Lexer.process:2671,t383 = t386. DATA(t393) = CONV int8( 1 ). t382 = xsdbool( t383 > t393 ).
3,3,0,TMP = TMP. | DATA(TMP) = VALUE ABAP_BOOL( ). | DATA(TMP) = CONV I( TMP ).,src/abap/1_lexer/lexer.ts.Lexer.add:215,t52 = t53. DATA(t64) = VALUE abap_bool( ). DATA(t65) = CONV i( t52 ).
3,3,3,TMP = TMP. | DATA(TMP) = VALUE ABAP_BOOL( ). | DATA(TMP) = VALUE STRING( ).,src/abap/4_file_information/abap_file_information.ts.ABAPFileInformation.getClassDefinitionByName:522,t17 = t18. DATA(t24) = VALUE abap_bool( ). DATA(t25) = VALUE string( ).
3,3,2,TMP = TMP. | DATA(TMP) = VALUE INT8( ). | DATA(TMP) = CONV INT8( TMP ).,src/abap/1_lexer/lexer.ts.Lexer.add:1560,t675 = t676. DATA(t677) = VALUE int8( ). DATA(t678) = CONV int8( t656 ).
3,3,3,TMP = TMP. | DATA(TMP) = VALUE STRING( ). | DATA(TMP) = CONV STRING( TMP ).,src/abap/4_file_information/abap_file_information.ts.ABAPFileInformation.getClassDefinitionByName:549,t32 = t33. DATA(t34) = VALUE string( ). DATA(t35) = CONV string( t32 ).
3,3,0,TMP = TMP. | ENDDO. | DATA(TMP) = CAST NAME( TMP ).,src/abap/2_statements/combi.ts.Permutation.run:216,t7 = t65. ENDDO. DATA(t68) = CAST z_runtime_arra_c22708faf2e354( t2 ).
3,3,3,TMP = TMP. | ENDIF. | DATA(TMP) = CONV STRING( TMP ).,src/abap/4_file_information/abap_file_information.ts.ABAPFileInformation.getClassDefinitionByName:573,t17 = t31. ENDIF. DATA(t41) = CONV string( t17 ).
3,3,0,TMP = TMP. | ENDIF. | ME->NAME = TMP.,src/abap/2_statements/combi.ts.Expression.run:70,t11 = t14. ENDIF. me->z_member_runna_7456acee370aba = t11.
3,3,1,TMP = TMP. | ENDIF. | TMP = NEW NAME( NAME = TMP NAME = TMP ).,src/abap/2_statements/statement_parser.ts.StatementParser.buildSplits:799,t51 = t63. ENDIF. t39 = NEW z_shape_473586_63d6a1817ae64e( z_param_first_866ec5f6546ef7 = t40 z_param_second_6dbcfcd2e6b248 = t51 ).
3,3,2,TMP = TMP. | ENDIF. | TMP = NEW NAME( NAME = TMP NAME = TMP NAME = TMP ).,src/abap/2_statements/statement_parser.ts.StatementParser.categorizeStatement:1376,t53 = t62. ENDIF. t50 = NEW z_src_abap_nod_e445d254902ced( z_param_statem_a93a3a61ab48a1 = t51 z_param_colon_efc6e029c59417 = t52 z_param_pragma_9ae3ad041053f6 = t53 ).
3,3,1,TMP = TMP. | TMP = TMP. | DATA(TMP) = CAST NAME( TMP ).,src/abap/2_statements/result.ts.Result.constructor:40,t5 = t6. t4 = t5. DATA(t7) = CAST z_runtime_arra_c22708faf2e354( t1 ).
3,3,3,TMP = TMP. | TMP = TMP. | DATA(TMP) = CONV I( STRLEN( TMP ) ).,src/abap/4_file_information/abap_file_information.ts.ABAPFileInformation.getClassDefinitionByName:576,t16 = t41. t12 = t16. DATA(t42) = CONV i( strlen( t12 ) ).
3,3,3,TMP = TMP. | TMP = TMP. | TMP = XSDBOOL( TMP = -NUM OR TMP = NUM OR TMP = NUM OR TMP = NUM OR TMP = NUM OR TMP = NUM OR TMP = NUM OR TMP = NUM OR TMP = NUM OR TMP = NUM OR TMP = NUM OR TMP = NUM ).,src/abap/1_lexer/lexer.ts.Lexer.process:2726,t414 = t415. t413 = t414. t412 = xsdbool( t413 = -1 OR t413 = 32 OR t413 = 9 OR t413 = 10 OR t413 = 46 OR t413 = 44 OR t413 = 58 OR t413 = 34 OR t413 = 40 OR t413 = 41 OR t413 = 91 OR t413 = 93 ).
2,3,3,TMP = TMP. | TMP = XSDBOOL( TMP = -NUM OR TMP = NUM OR TMP = NUM OR TMP = NUM OR TMP = NUM OR TMP = NUM OR TMP = NUM OR TMP = NUM OR TMP = NUM OR TMP = NUM OR TMP = NUM OR TMP = NUM ).,src/abap/1_lexer/lexer.ts.Lexer.process:2727,t413 = t414. t412 = xsdbool( t413 = -1 OR t413 = 32 OR t413 = 9 OR t413 = 10 OR t413 = 46 OR t413 = 44 OR t413 = 58 OR t413 = 34 OR t413 = 40 OR t413 = 41 OR t413 = 91 OR t413 = 93 ).
3,3,0,TMP = TMP. | TMP = XSDBOOL( TMP >= TMP ). | TMP = TMP.,src/abap/1_lexer/lexer.ts.Lexer.add:250,t82 = t83. t80 = xsdbool( t81 >= t82 ). t76 = t80.
2,3,0,TMP = XSDBOOL( TMP < TMP ). | TMP = TMP.,src/abap/1_lexer/lexer.ts.Lexer.add:238,t77 = xsdbool( t78 < t79 ). t76 = t77.
3,3,0,TMP = XSDBOOL( TMP < TMP ). | TMP = TMP. | IF TMP = ABAP_FALSE.,src/abap/1_lexer/lexer.ts.Lexer.add:238,t77 = xsdbool( t78 < t79 ). t76 = t77. IF t77 = abap_false.
3,3,3,TMP = XSDBOOL( TMP = ABAP_FALSE ). | TMP = TMP. | ENDIF.,src/abap/1_lexer/lexer.ts.Lexer.process:2700,t397 = xsdbool( t398 = abap_false ). t375 = t397. ENDIF.
3,3,1,TMP = XSDBOOL( TMP = ABAP_FALSE ). | TMP = TMP. | IF TMP = ABAP_TRUE.,src/abap/2_statements/result.ts.Result.constructor:64,t15 = xsdbool( t16 = abap_false ). t10 = t15. IF t10 = abap_true.
3,3,2,TMP = XSDBOOL( TMP = TMP ). | IF TMP = ABAP_TRUE. | DATA(TMP) = VALUE INT8( ).,src/abap/1_lexer/lexer.ts.Lexer.process:2747,t416 = xsdbool( t417 = t418 ). IF t416 = abap_true. DATA(t419) = VALUE int8( ).
2,3,0,TMP = XSDBOOL( TMP >= TMP ). | TMP = TMP.,src/abap/1_lexer/lexer.ts.Lexer.add:251,t80 = xsdbool( t81 >= t82 ). t76 = t80.
3,3,0,TMP = XSDBOOL( TMP >= TMP ). | TMP = TMP. | ENDIF.,src/abap/1_lexer/lexer.ts.Lexer.add:251,t80 = xsdbool( t81 >= t82 ). t76 = t80. ENDIF.
2,3,2,TMP = XSDBOOL( TMP IS BOUND ). | IF TMP = ABAP_TRUE.,src/abap/1_lexer/lexer.ts.Lexer.add:514,t196 = xsdbool( t197 IS BOUND ). IF t196 = abap_true.
3,3,2,TMP = XSDBOOL( TMP IS BOUND ). | IF TMP = ABAP_TRUE. | DATA TMP TYPE REF TO NAME.,src/abap/1_lexer/lexer.ts.Lexer.add:514,t196 = xsdbool( t197 IS BOUND ). IF t196 = abap_true. DATA t198 TYPE REF TO z_src_virtual__1d807b7e8348de.
2,3,3,TMP = XSDBOOL( TMP IS BOUND AND TMP IS INSTANCE OF NAME ). | TMP = XSDBOOL( TMP = ABAP_FALSE ).,src/abap/2_statements/statement_parser.ts.StatementParser.lazyUnknown:608,t101 = xsdbool( t102 IS BOUND AND t102 IS INSTANCE OF z_src_abap_2_s_c990227e6b7609 ). t100 = xsdbool( t101 = abap_false ).
3,3,3,TMP ?= TMP. | DATA(TMP) = VALUE ABAP_BOOL( ). | DATA(TMP) = VALUE ABAP_BOOL( ).,src/abap/2_statements/combi.ts.Token.run:65,t5 ?= t6. DATA(t7) = VALUE abap_bool( ). DATA(t8) = VALUE abap_bool( ).
3,3,3,TMP ?= TMP. | DATA(TMP) = VALUE ABAP_BOOL( ). | DATA(TMP) = VALUE STRING( ).,src/abap/4_file_information/abap_file_information.ts.ABAPFileInformation.getClassDefinitionByName:497,t8 ?= t9. DATA(t10) = VALUE abap_bool( ). DATA(t11) = VALUE string( ).
3,3,2,TMP ?= TMP. | TMP = TMP. | DATA(TMP) = VALUE INT8( ).,src/abap/2_statements/statement_parser.ts.StatementParser.buildSplits:679,t9 ?= t11. t8 = t9. DATA(t12) = VALUE int8( ).
3,3,2,TMP ?= TMP. | TMP = TMP. | TMP = TMP.,src/abap/2_statements/combi.ts.Regex.run:112,t24 ?= t29. t21 = t24. t20 = t21.
3,3,2,TMP->VALUE = TMP. | TMP = TMP. | ELSE.,src/abap/2_statements/statement_parser.ts.StatementParser.match:1713,t48->value = t47. t45 = t48. ELSE.
2,3,3,TRANSLATE TMP TO UPPER CASE. | DATA(TMP) = CONV STRING( TMP ).,src/abap/4_file_information/abap_file_information.ts.ABAPFileInformation.getClassDefinitionByName:682,TRANSLATE t11 TO UPPER CASE. DATA(t43) = CONV string( t2 ).
3,3,3,TRANSLATE TMP TO UPPER CASE. | DATA(TMP) = CONV STRING( TMP ). | TMP = XSDBOOL( TMP = TMP ).,src/abap/4_file_information/abap_file_information.ts.ABAPFileInformation.getClassDefinitionByName:682,TRANSLATE t11 TO UPPER CASE. DATA(t43) = CONV string( t2 ). t10 = xsdbool( t11 = t43 ).
3,3,0,TRANSLATE TMP TO UPPER CASE. | TMP = TMP. | DATA TMP TYPE REF TO NAME.,src/abap/4_file_information/abap_file_information.ts.ABAPFileInformation.getClassDefinitionByName:486,TRANSLATE t3 TO UPPER CASE. t2 = t3. DATA t6 TYPE REF TO z_runtime_arra_c22708faf2e354.
2,3,3,WHILE LINES( TMP->ITEMS ) < TMP. | APPEND TMP TO TMP->ITEMS.,src/abap/2_statements/result.ts.Result.getNodes:434,WHILE lines( t22->items ) < t23. APPEND t28 TO t22->items.
3,3,3,WHILE LINES( TMP->ITEMS ) < TMP. | APPEND TMP TO TMP->ITEMS. | ENDWHILE.,src/abap/2_statements/result.ts.Result.getNodes:434,WHILE lines( t22->items ) < t23. APPEND t28 TO t22->items. ENDWHILE.
3,2,0,APPEND TMP TO TMP->ITEMS. | ENDIF. | DATA(TMP) = CAST NAME( TMP ).,src/abap/2_statements/combi.ts.Token.run_one:391,APPEND t33 TO t32->items. ENDIF. DATA(t66) = CAST z_runtime_arra_c22708faf2e354( t2 ).
2,2,2,CLEAR TMP. | DATA(TMP) = CAST NAME( ME ).,src/abap/2_statements/combi.ts.Expression.run:162,CLEAR t54. DATA(t55) = CAST z_src_abap_2_s_4228f5ccb84481( me ).
3,2,2,CLEAR TMP. | DATA(TMP) = CAST NAME( ME ). | TMP = NEW NAME( NAME = TMP ).,src/abap/2_statements/combi.ts.Expression.run:162,CLEAR t54. DATA(t55) = CAST z_src_abap_2_s_4228f5ccb84481( me ). t54 = NEW z_src_abap_nod_582169980ca52f( z_param_expres_0c24dd0b5695e5 = t55 ).
3,2,2,CLEAR TMP. | DATA(TMP) = CAST NAME( ME->NAME ). | IF TMP IS BOUND.,src/abap/2_statements/statement_parser.ts.StatementParser.match:1696,CLEAR t42. DATA(t43) = CAST z_src_version__711983d3861a36( me->z_member_relea_366406d92dc292 ). IF t43 IS BOUND.
2,2,0,CLEAR TMP. | DATA(TMP) = CAST NAME( NAME=>NAME ).,src/abap/2_statements/statement_parser.ts.StatementParser.match:1659,CLEAR t25. DATA(t26) = CAST z_src_abap_2_s_ae66e7a3c47085( z_src_abap_2_s_133beb1c8ec314=>z_member_map_dd23ae04a8f1b1 ).
3,2,0,CLEAR TMP. | DATA(TMP) = CAST NAME( TMP ). | DATA(TMP) = CAST NAME( ME->NAME ).,src/abap/2_statements/result.ts.Result.shift:188,CLEAR t10. DATA(t11) = CAST z_union_667199_4cf1d0543504ab( t1 ). DATA(t12) = CAST z_src_abap_2_s_c435ad477cf33f( me->z_member_nodes_022617c0b510ec ).
3,2,1,CLEAR TMP. | DATA(TMP) = CAST NAME( TMP ). | DATA(TMP) = CONV I( LIT ).,src/abap/2_statements/statement_parser.ts.StatementParser.nativeSQL:1131,CLEAR t77. DATA(t78) = CAST z_runtime_arra_c22708faf2e354( t62 ). DATA(t79) = CONV i( '0' ).
2,2,0,CLEAR TMP. | DATA(TMP) = VALUE STRING( ).,src/abap/1_lexer/lexer.ts.Lexer.process:1741,CLEAR t3. DATA(t4) = VALUE string( ).
2,2,1,CLEAR TMP. | ENDIF.,src/abap/1_lexer/lexer.ts.Lexer.add:159,CLEAR t2. ENDIF.
3,2,2,CLEAR TMP. | TMP = NEW NAME( NAME = TMP NAME = TMP NAME = TMP ). | DATA(TMP) = CAST NAME( TMP ).,src/abap/2_statements/statement_parser.ts.StatementParser.nativeSQL:1156,CLEAR t91. t88 = NEW z_src_abap_nod_e445d254902ced( z_param_statem_a93a3a61ab48a1 = t89 z_param_colon_efc6e029c59417 = t90 z_param_pragma_9ae3ad041053f6 = t91 ). DATA(t92) = CAST z_runtime_arra_c22708faf2e354( t75 ).
2,2,2,CLEAR TMP. | TMP = TMP->POP( ).,src/abap/2_statements/statement_parser.ts.StatementParser.process:2228,CLEAR t134. t134 = t133->pop( ).
3,2,2,CLEAR TMP. | TMP = TMP->POP( ). | TMP ?= TMP.,src/abap/2_statements/statement_parser.ts.StatementParser.process:2228,CLEAR t134. t134 = t133->pop( ). t132 ?= t134.
3,2,2,CLEAR TMP. | TMP = TMP. | TMP->OVAL = TMP.,src/abap/2_statements/statement_parser.ts.StatementParser.match:1702,CLEAR t44. t44 = t43. t42->oval = t44.
3,2,2,CONTINUE. | ENDIF. | DATA TMP TYPE REF TO NAME.,src/abap/2_statements/combi.ts.Regex.run:89,CONTINUE. ENDIF. DATA t20 TYPE REF TO z_src_abap_1_l_506101b34e5cc0.
3,2,0,CREATE OBJECT TMP. | TMP = TMP. | DATA(TMP) = CAST NAME( ME->NAME ).,src/abap/2_statements/combi.ts.Alternative.run:74,CREATE OBJECT t3. t2 = t3. DATA(t4) = CAST z_runtime_arra_c22708faf2e354( me->z_member_list_484fd43dd9f8d0 ).
3,2,0,CREATE OBJECT TMP. | TMP = TMP. | DATA(TMP) = VALUE ABAP_BOOL( ).,src/abap/2_statements/combi.ts.Expression.run:42,CREATE OBJECT t3. t2 = t3. DATA(t4) = VALUE abap_bool( ).
3,2,0,CREATE OBJECT TMP. | TMP = TMP. | DO.,src/abap/2_statements/combi.ts.Star.run:55,CREATE OBJECT t8. t7 = t8. DO.
3,2,2,CREATE OBJECT TMP. | TMP = TMP. | ELSE.,src/abap/2_statements/statement_parser.ts.StatementParser.process:2174,CREATE OBJECT t112. t2 = t112. ELSE.
2,2,2,CREATE OBJECT TMP. | TMP->TAG = NAME=>TAG_REF.,src/abap/2_statements/statement_parser.ts.StatementParser.match:1699,CREATE OBJECT t42. t42->tag = z_runtime_dyna_a429568d5be89e=>tag_ref.
3,2,2,CREATE OBJECT TMP. | TMP->TAG = NAME=>TAG_REF. | DATA TMP TYPE REF TO OBJECT.,src/abap/2_statements/statement_parser.ts.StatementParser.match:1699,CREATE OBJECT t42. t42->tag = z_runtime_dyna_a429568d5be89e=>tag_ref. DATA t44 TYPE REF TO object.
3,2,0,DATA RANGE_INT_CHECK_LO_NZIK0ZK TYPE INT8. | RANGE_INT_CHECK_LO_NZIK0ZK = -NUM. | DATA(TMP) = CONV INT8( NAME ).,src/abap/1_lexer/lexer_stream.ts.LexerStream.charCodeAt:482,DATA range_int_check_lo_nzik0zk TYPE int8. range_int_check_lo_nzik0zk = -2147483648. DATA(t1) = CONV int8( z_param_o_e6d22f8d0dbece ).
3,2,2,DATA TMP TYPE REF TO NAME. | CLEAR TMP. | DATA(TMP) = CAST NAME( ME ).,src/abap/2_statements/combi.ts.Expression.run:161,DATA t54 TYPE REF TO z_src_abap_nod_582169980ca52f. CLEAR t54. DATA(t55) = CAST z_src_abap_2_s_4228f5ccb84481( me ).
3,2,0,DATA TMP TYPE REF TO NAME. | CLEAR TMP. | DATA(TMP) = CAST NAME( NAME=>NAME ).,src/abap/2_statements/statement_parser.ts.StatementParser.match:1658,DATA t25 TYPE REF TO z_runtime_arra_c22708faf2e354. CLEAR t25. DATA(t26) = CAST z_src_abap_2_s_ae66e7a3c47085( z_src_abap_2_s_133beb1c8ec314=>z_member_map_dd23ae04a8f1b1 ).
3,2,0,DATA TMP TYPE REF TO NAME. | CLEAR TMP. | DATA(TMP) = VALUE STRING( ).,src/abap/1_lexer/lexer.ts.Lexer.process:1740,DATA t3 TYPE REF TO z_src_abap_1_l_4d08aedee14b5b. CLEAR t3. DATA(t4) = VALUE string( ).
3,2,2,DATA TMP TYPE REF TO OBJECT. | CLEAR TMP. | TMP = TMP->POP( ).,src/abap/2_statements/statement_parser.ts.StatementParser.process:2227,DATA t134 TYPE REF TO object. CLEAR t134. t134 = t133->pop( ).
3,2,2,DATA TMP TYPE REF TO OBJECT. | CLEAR TMP. | TMP = TMP.,src/abap/2_statements/statement_parser.ts.StatementParser.match:1701,DATA t44 TYPE REF TO object. CLEAR t44. t44 = t43.
2,2,2,DATA(TMP) = CAST NAME( ME ). | TMP = NEW NAME( NAME = TMP ).,src/abap/2_statements/combi.ts.Expression.run:163,DATA(t55) = CAST z_src_abap_2_s_4228f5ccb84481( me ). t54 = NEW z_src_abap_nod_582169980ca52f( z_param_expres_0c24dd0b5695e5 = t55 ).
3,2,2,DATA(TMP) = CAST NAME( ME ). | TMP = NEW NAME( NAME = TMP ). | TMP = TMP.,src/abap/2_statements/combi.ts.Expression.run:163,DATA(t55) = CAST z_src_abap_2_s_4228f5ccb84481( me ). t54 = NEW z_src_abap_nod_582169980ca52f( z_param_expres_0c24dd0b5695e5 = t55 ). t53 = t54.
3,2,2,DATA(TMP) = CAST NAME( ME->NAME ). | DATA(TMP) = VALUE INT8( ). | DATA(TMP) = CONV I( NAME=>NAME ).,src/abap/1_lexer/lexer.ts.Lexer.process:2714,DATA(t409) = CAST z_src_abap_1_l_cca5bd2c711d39( me->z_member_buffe_50d854778a22d2 ). DATA(t410) = VALUE int8( ). DATA(t411) = CONV i( z_src_abap_1_l_9d1bf4ef0204bc=>z_member_ch_ba_b4ee7f84916d1a ).
2,2,2,DATA(TMP) = CAST NAME( ME->NAME ). | IF TMP IS BOUND.,src/abap/2_statements/statement_parser.ts.StatementParser.match:1697,DATA(t43) = CAST z_src_version__711983d3861a36( me->z_member_relea_366406d92dc292 ). IF t43 IS BOUND.
3,2,2,DATA(TMP) = CAST NAME( ME->NAME ). | IF TMP IS BOUND. | CREATE OBJECT TMP.,src/abap/2_statements/statement_parser.ts.StatementParser.match:1697,DATA(t43) = CAST z_src_version__711983d3861a36( me->z_member_relea_366406d92dc292 ). IF t43 IS BOUND. CREATE OBJECT t42.
2,2,1,DATA(TMP) = CAST NAME( ME->NAME ). | TMP = LINES( TMP->ITEMS ).,src/abap/2_statements/combi.ts.Permutation.run:98,DATA(t12) = CAST z_runtime_arra_c22708faf2e354( me->z_member_list_484fd43dd9f8d0 ). t11 = lines( t12->items ).
3,2,0,DATA(TMP) = CAST NAME( ME->NAME ). | TMP = TMP. | DATA TMP TYPE REF TO NAME.,src/abap/2_statements/combi.ts.Expression.run:47,DATA(t6) = CAST z_src_abap_2_s_e1e980746d06e1( me->z_member_runna_7456acee370aba ). t5 = t6. DATA t7 TYPE REF TO z_runtime_dyna_a429568d5be89e.
3,2,1,DATA(TMP) = CAST NAME( ME->NAME ). | TMP = TMP. | DATA(TMP) = VALUE STRING( ).,src/abap/1_lexer/lexer.ts.Lexer.add:61,DATA(t5) = CAST z_src_abap_1_l_cca5bd2c711d39( me->z_member_buffe_50d854778a22d2 ). t4 = t5. DATA(t6) = VALUE string( ).
2,2,1,DATA(TMP) = CAST NAME( ME->NAME ). | TMP = XSDBOOL( TMP = TMP ).,src/abap/2_statements/combi.ts.Token.run:121,DATA(t32) = CAST z_runtime_clas_a39833db329515( me->z_member_token_9f21cad060fb60 ). t21 = xsdbool( t22 = t32 ).
3,2,1,DATA(TMP) = CAST NAME( ME->NAME ). | TMP = XSDBOOL( TMP = TMP ). | TMP = TMP.,src/abap/2_statements/combi.ts.Token.run:121,DATA(t32) = CAST z_runtime_clas_a39833db329515( me->z_member_token_9f21cad060fb60 ). t21 = xsdbool( t22 = t32 ). t7 = t21.
2,2,0,DATA(TMP) = CAST NAME( ME->NAME( ) ). | TMP = TMP.,src/abap/2_statements/combi.ts.Expression.run:65,DATA(t13) = CAST z_src_abap_2_s_e1e980746d06e1( me->z_member_getru_b627c08d5eeec8( ) ). t11 = t13.
3,2,0,DATA(TMP) = CAST NAME( ME->NAME( ) ). | TMP = TMP. | ELSE.,src/abap/2_statements/combi.ts.Expression.run:65,DATA(t13) = CAST z_src_abap_2_s_e1e980746d06e1( me->z_member_getru_b627c08d5eeec8( ) ). t11 = t13. ELSE.
3,2,0,DATA(TMP) = CAST NAME( NAME ). | DATA(TMP) = CAST NAME( NAME ). | DATA TMP TYPE REF TO NAME.,src/abap/2_statements/statement_parser.ts.StatementParser.nativeAfter:2332,DATA(t2) = CAST z_runtime_arra_c22708faf2e354( z_param_tokens_3a66ced5b5b26a ). DATA(t3) = CAST z_src_abap_1_l_506101b34e5cc0( z_param_colon_efc6e029c59417 ). DATA t4 TYPE REF TO z_runtime_arra_8ecd6afe19e0a5.
3,2,0,DATA(TMP) = CAST NAME( NAME ). | DATA(TMP) = CONV INT8( NAME ). | DATA(TMP) = CAST NAME( NAME ).,src/abap/2_statements/result.ts.Result.constructor:31,DATA(t1) = CAST z_runtime_arra_c22708faf2e354( z_param_tokens_3a66ced5b5b26a ). DATA(t2) = CONV int8( z_param_tokeni_36bd2fa45d0f58 ). DATA(t3) = CAST z_runtime_arra_c22708faf2e354( z_param_nodes_51988edc19892d ).
3,2,0,DATA(TMP) = CAST NAME( NAME ). | DATA(TMP) = VALUE ABAP_BOOL( ). | DATA(TMP) = CONV ABAP_BOOL( ABAP_FALSE ).,src/abap/2_statements/statement_parser.ts.StatementParser.nativeSQL:853,DATA(t1) = CAST z_src_abap_2_s_4c81ce49a22dce( z_param_wa_67bae5cdc38b7c ). DATA(t2) = VALUE abap_bool( ). DATA(t3) = CONV abap_bool( abap_false ).
2,2,0,DATA(TMP) = CAST NAME( TMP ). | DATA(TMP) = CAST NAME( ME->NAME ).,src/abap/2_statements/result.ts.Result.shift:189,DATA(t11) = CAST z_union_667199_4cf1d0543504ab( t1 ). DATA(t12) = CAST z_src_abap_2_s_c435ad477cf33f( me->z_member_nodes_022617c0b510ec ).
3,2,1,DATA(TMP) = CAST NAME( TMP ). | DATA(TMP) = CONV I( LIT ). | DATA(TMP) = VALUE I( ).,src/abap/2_statements/statement_parser.ts.StatementParser.nativeSQL:1132,DATA(t78) = CAST z_runtime_arra_c22708faf2e354( t62 ). DATA(t79) = CONV i( '0' ). DATA(t80) = VALUE i( ).
3,2,0,DATA(TMP) = CAST NAME( TMP ). | DATA(TMP) = CONV I( LIT ). | TMP->NAME = TMP.,src/abap/1_lexer/lexer.ts.Lexer.add:1714,DATA(t742) = CAST z_src_abap_1_l_cca5bd2c711d39( t740 ). DATA(t743) = CONV i( '0' ). t742->z_member_start_4dd113ee116862 = t743.
3,2,2,DATA(TMP) = CAST NAME( TMP ). | DATA(TMP) = CONV INT8( TMP ). | DATA(TMP) = CAST NAME( TMP ).,src/abap/2_statements/combi.ts.Expression.run:169,DATA(t58) = CAST z_src_abap_2_s_b6c5f651b292e5( t24 ). DATA(t59) = CONV int8( t26 ). DATA(t60) = CAST z_src_abap_nod_582169980ca52f( t53 ).
3,2,2,DATA(TMP) = CAST NAME( TMP ). | ME->NAME( NAME = TMP ). | DATA(TMP) = CAST NAME( TMP ).,src/abap/2_statements/statement_parser.ts.StatementParser.run:131,DATA(t30) = CAST z_src_abap_2_s_4c81ce49a22dce( t28 ). me->z_member_proce_57f9d1e4b4e34e( z_param_wa_67bae5cdc38b7c = t30 ). DATA(t31) = CAST z_src_abap_2_s_4c81ce49a22dce( t28 ).
3,2,0,DATA(TMP) = CAST NAME( TMP ). | TMP = ME->NAME( NAME = TMP ). | TMP = TMP.,src/abap/2_statements/statement_parser.ts.StatementParser.categorizeStatement:1320,DATA(t38) = CAST z_src_abap_nod_e445d254902ced( t2 ). t37 = me->z_member_match_497af1c2c3e97f( z_param_statem_a93a3a61ab48a1 = t38 ). t2 = t37.
2,2,2,DATA(TMP) = CAST NAME( TMP ). | TMP = NAME=>NAME( NAME = TMP NAME = TMP NAME = TMP ).,src/abap/2_statements/statement_parser.ts.StatementParser.match:1798,DATA(t84) = CAST z_runtime_arra_c22708faf2e354( t11 ). t80 = z_src_abap_2_s_ccda787b966b54=>z_member_recla_9cd6c9cb349aad( z_param_node_1324e81b8c7326 = t81 z_param_stmt_e3d6aed010b3f1 = t82 z_param_pragma_9ae3ad041053f6 = t84 ).
3,2,2,DATA(TMP) = CAST NAME( TMP ). | TMP = NAME=>NAME( NAME = TMP NAME = TMP NAME = TMP ). | RESULT = TMP.,src/abap/2_statements/statement_parser.ts.StatementParser.match:1798,DATA(t84) = CAST z_runtime_arra_c22708faf2e354( t11 ). t80 = z_src_abap_2_s_ccda787b966b54=>z_member_recla_9cd6c9cb349aad( z_param_node_1324e81b8c7326 = t81 z_param_stmt_e3d6aed010b3f1 = t82 z_param_pragma_9ae3ad041053f6 = t84 ). result = t80.
3,2,2,DATA(TMP) = CAST NAME( TMP ). | TMP = TMP->NAME( ). | DATA(TMP) = CONV I( STRLEN( TMP ) ).,src/abap/2_statements/statement_parser.ts.StatementParser.lazyUnknown:290,DATA(t14) = CAST z_src_abap_nod_e445d254902ced( t6 ). t13 = t14->z_member_conca_3dcb2677b6781c( ). DATA(t15) = CONV i( strlen( t13 ) ).
3,2,2,DATA(TMP) = CAST NAME( TMP ). | TMP = TMP->NAME( ). | TMP = ME->NAME( NAME = TMP ).,src/abap/2_statements/statement_parser.ts.StatementParser.lazyUnknown:548,DATA(t77) = CAST z_src_abap_nod_e445d254902ced( t6 ). t76 = t77->z_member_getto_78be2ed397daf0( ). t75 = me->z_member_build_6105188c97623d( z_param_tokens_3a66ced5b5b26a = t76 ).
3,2,2,DATA(TMP) = CAST NAME( TMP ). | TMP = TMP->NAME( NAME = TMP ). | DATA TMP TYPE REF TO NAME.,src/abap/2_statements/combi.ts.Permutation.run:170,DATA(t47) = CAST z_runtime_arra_c22708faf2e354( t13 ). t43 = t44->z_member_run_71be1bca84374a( z_param_r_f634cd02b53efc = t47 ). DATA t48 TYPE REF TO z_src_abap_2_s_b6c5f651b292e5.
3,2,2,DATA(TMP) = CAST NAME( TMP ). | TMP = TMP->NAME( NAME = TMP NAME = TMP ). | APPEND TMP TO TMP->ITEMS.,src/abap/2_statements/combi.ts.Expression.run:171,DATA(t60) = CAST z_src_abap_nod_582169980ca52f( t53 ). t57 = t58->z_member_wrapc_402ce4e1f019a6( z_param_consum_74b8bf7d11c654 = t59 z_param_node_1324e81b8c7326 = t60 ). APPEND t57 TO t56->items.
3,2,2,DATA(TMP) = CAST NAME( TMP ). | TMP = TMP->NAME. | DATA(TMP) = CONV ABAP_BOOL( ABAP_TRUE ).,src/abap/1_lexer/lexer.ts.Lexer.process:1886,DATA(t69) = CAST z_src_abap_1_l_cca5bd2c711d39( t53 ). t68 = t69->z_member_empty_a4a6dfca0b3692. DATA(t70) = CONV abap_bool( abap_true ).
3,2,2,DATA(TMP) = CAST NAME( TMP ). | TMP = TMP. | TMP = TMP->NAME( NAME = TMP ).,src/abap/2_statements/statement_parser.ts.StatementParser.match:1787,DATA(t79) = CAST z_runtime_arra_c22708faf2e354( t36 ). t78 = t79. t65 = t66->z_member_setch_22a4e757af9749( z_param_childr_9020c44e5b6ffa = t78 ).
2,2,2,DATA(TMP) = CAST NAME( TMP ). | TMP = XSDBOOL( TMP IS BOUND ).,src/abap/2_statements/statement_parser.ts.StatementParser.match:1723,DATA(t51) = CAST z_runtime_arra_c22708faf2e354( t36 ). t50 = xsdbool( t51 IS BOUND ).
3,2,2,DATA(TMP) = CAST NAME( TMP ). | TMP = XSDBOOL( TMP IS BOUND ). | IF TMP = ABAP_TRUE.,src/abap/2_statements/statement_parser.ts.StatementParser.match:1723,DATA(t51) = CAST z_runtime_arra_c22708faf2e354( t36 ). t50 = xsdbool( t51 IS BOUND ). IF t50 = abap_true.
3,2,1,DATA(TMP) = CAST NAME( TMP ). | TMP ?= TMP. | APPEND TMP TO TMP->ITEMS.,src/abap/2_statements/statement_parser.ts.StatementParser.categorizeStatement:1367,DATA(t60) = CAST z_src_abap_1_l_506101b34e5cc0( t12 ). t59 ?= t60. APPEND t59 TO t58->items.
3,2,1,DATA(TMP) = CAST NAME( TMP ). | TMP ?= TMP. | TMP = TMP.,src/abap/2_statements/statement_parser.ts.StatementParser.categorizeStatement:1385,DATA(t66) = CAST z_src_abap_1_l_506101b34e5cc0( t12 ). t65 ?= t66. t64 = t65.
2,2,0,DATA(TMP) = CONV ABAP_BOOL( ABAP_FALSE ). | RESULT = TMP.,src/abap/1_lexer/lexer_stream.ts.LexerStream.advance:139,DATA(t41) = CONV abap_bool( abap_false ). result = t41.
3,2,0,DATA(TMP) = CONV ABAP_BOOL( ABAP_FALSE ). | RESULT = TMP. | RETURN.,src/abap/1_lexer/lexer_stream.ts.LexerStream.advance:139,DATA(t41) = CONV abap_bool( abap_false ). result = t41. RETURN.
3,2,2,DATA(TMP) = CONV ABAP_BOOL( ABAP_FALSE ). | TMP = TMP. | EXIT.,src/abap/2_statements/combi.ts.Sequence.run:122,DATA(t26) = CONV abap_bool( abap_false ). t14 = t26. EXIT.
2,2,2,DATA(TMP) = CONV ABAP_BOOL( ABAP_TRUE ). | IF TMP = ABAP_FALSE.,src/abap/1_lexer/lexer.ts.Lexer.process:1771,DATA(t17) = CONV abap_bool( abap_true ). IF t17 = abap_false.
3,2,2,DATA(TMP) = CONV ABAP_BOOL( ABAP_TRUE ). | IF TMP = ABAP_FALSE. | EXIT.,src/abap/1_lexer/lexer.ts.Lexer.process:1771,DATA(t17) = CONV abap_bool( abap_true ). IF t17 = abap_false. EXIT.
3,2,0,DATA(TMP) = CONV ABAP_BOOL( ABAP_TRUE ). | IF TMP = ABAP_TRUE. | DATA(TMP) = CAST NAME( ME->NAME( ) ).,src/abap/2_statements/combi.ts.Expression.run:63,DATA(t12) = CONV abap_bool( abap_true ). IF t12 = abap_true. DATA(t13) = CAST z_src_abap_2_s_e1e980746d06e1( me->z_member_getru_b627c08d5eeec8( ) ).
3,2,1,DATA(TMP) = CONV ABAP_BOOL( ABAP_TRUE ). | TMP = TMP. | DATA(TMP) = CAST NAME( ME->NAME ).,src/abap/2_statements/combi.ts.Sequence.run:100,DATA(t15) = CONV abap_bool( abap_true ). t14 = t15. DATA(t16) = CAST z_runtime_arra_c22708faf2e354( me->z_member_list_484fd43dd9f8d0 ).
3,2,0,DATA(TMP) = CONV ABAP_BOOL( ABAP_TRUE ). | TMP = TMP. | ENDIF.,src/abap/1_lexer/lexer.ts.Lexer.add:335,DATA(t117) = CONV abap_bool( abap_true ). t50 = t117. ENDIF.
2,2,0,DATA(TMP) = CONV ABAP_BOOL( TMP ). | RESULT = TMP.,src/abap/2_statements/statement_parser.ts.StatementParser.nativeAfter:2554,DATA(t57) = CONV abap_bool( t1 ). result = t57.
3,2,0,DATA(TMP) = CONV ABAP_BOOL( TMP ). | RESULT = TMP. | RETURN.,src/abap/2_statements/statement_parser.ts.StatementParser.nativeAfter:2554,DATA(t57) = CONV abap_bool( t1 ). result = t57. RETURN.
3,2,0,DATA(TMP) = CONV I( LIT ). | DATA(TMP) = CONV I( STRLEN( TMP ) ). | IF TMP < NUM OR TMP >= TMP.,src/abap/1_lexer/lexer.ts.Lexer.add:597,DATA(t239) = CONV i( '0' ). DATA(t240) = CONV i( strlen( t238 ) ). IF t239 < 0 OR t239 >= t240.
3,2,1,DATA(TMP) = CONV I( LIT ). | DATA(TMP) = VALUE I( ). | DATA(TMP) = VALUE I( ).,src/abap/2_statements/statement_parser.ts.StatementParser.nativeSQL:1133,DATA(t79) = CONV i( '0' ). DATA(t80) = VALUE i( ). DATA(t81) = VALUE i( ).
3,2,2,DATA(TMP) = CONV I( LIT ). | TMP = TMP + TMP. | TMP->NAME = TMP.,src/abap/1_lexer/lexer.ts.Lexer.process:1912,DATA(t83) = CONV i( '1' ). t81 = t82 + t83. t80->z_member_end_3f10c552cfc0e2 = t81.
3,2,1,DATA(TMP) = CONV I( LIT ). | TMP = TMP - TMP. | TMP = TMP->SLICE2( P0 = TMP P1 = TMP ).,src/abap/2_statements/statement_parser.ts.StatementParser.nativeSQL:1138,DATA(t83) = CONV i( '2' ). t80 = t81 - t83. t77 = t78->slice2( p0 = t79 p1 = t80 ).
3,2,2,DATA(TMP) = CONV I( LIT ). | TMP = TMP - TMP. | TMP = XSDBOOL( TMP < TMP ).,src/abap/2_statements/statement_parser.ts.StatementParser.removePragma:1438,DATA(t11) = CONV i( '1' ). t8 = t9 - t11. t6 = xsdbool( t7 < t8 ).
3,2,1,DATA(TMP) = CONV I( LIT ). | TMP = TMP. | ELSE.,src/abap/1_lexer/lexer.ts.Lexer.add:1516,DATA(t654) = CONV i( '1' ). t617 = t654. ELSE.
3,2,1,DATA(TMP) = CONV I( LIT ). | TMP = XSDBOOL( TMP > TMP ). | TMP = TMP.,src/abap/1_lexer/lexer.ts.Lexer.add:759,DATA(t314) = CONV i( '2' ). t310 = xsdbool( t311 > t314 ). t309 = t310.
2,2,0,DATA(TMP) = CONV I( LIT ). | TMP->NAME = TMP.,src/abap/1_lexer/lexer.ts.Lexer.add:1715,DATA(t743) = CONV i( '0' ). t742->z_member_start_4dd113ee116862 = t743.
3,2,0,DATA(TMP) = CONV I( LIT ). | TMP->NAME = TMP. | DATA(TMP) = CAST NAME( TMP ).,src/abap/1_lexer/lexer.ts.Lexer.add:1715,DATA(t743) = CONV i( '0' ). t742->z_member_start_4dd113ee116862 = t743. DATA(t744) = CAST z_src_abap_1_l_cca5bd2c711d39( t740 ).
3,2,0,DATA(TMP) = CONV I( ME->NAME ). | DATA(TMP) = CONV I( LIT ). | TMP = TMP - TMP.,src/abap/1_lexer/lexer_stream.ts.LexerStream.prevChar:173,DATA(t3) = CONV i( me->z_member_offse_4eb7e0915312eb ). DATA(t4) = CONV i( '1' ). t2 = t3 - t4.
3,2,0,DATA(TMP) = CONV I( ME->NAME ). | DATA(TMP) = CONV I( LIT ). | TMP = XSDBOOL( TMP < TMP ).,src/abap/1_lexer/lexer_stream.ts.LexerStream.advance:50,DATA(t5) = CONV i( me->z_member_offse_4eb7e0915312eb ). DATA(t6) = CONV i( '0' ). t4 = xsdbool( t5 < t6 ).
2,2,0,DATA(TMP) = CONV I( ME->NAME ). | DATA(TMP) = CONV I( STRLEN( TMP ) ).,src/abap/1_lexer/lexer_stream.ts.LexerStream.advance:76,DATA(t20) = CONV i( me->z_member_offse_4eb7e0915312eb ). DATA(t21) = CONV i( strlen( t19 ) ).
3,2,0,DATA(TMP) = CONV I( ME->NAME ). | DATA(TMP) = CONV I( STRLEN( TMP ) ). | IF TMP < NUM OR TMP >= TMP.,src/abap/1_lexer/lexer_stream.ts.LexerStream.advance:76,DATA(t20) = CONV i( me->z_member_offse_4eb7e0915312eb ). DATA(t21) = CONV i( strlen( t19 ) ). IF t20 < 0 OR t20 >= t21.
3,2,2,DATA(TMP) = CONV I( NAME=>NAME ). | TMP = TMP. | TMP = TMP->NAME( NAME = TMP ).,src/abap/1_lexer/lexer.ts.Lexer.process:2716,DATA(t411) = CONV i( z_src_abap_1_l_9d1bf4ef0204bc=>z_member_ch_ba_b4ee7f84916d1a ). t410 = t411. t408 = t409->z_member_count_aef1818d79c2bf( z_param_char_da5c30c615561e = t410 ).
2,2,1,DATA(TMP) = CONV I( STRLEN( TMP ) ). | TMP = COND I( WHEN TMP < NUM THEN NUM WHEN TMP > TMP THEN TMP ELSE TMP ).,src/abap/1_lexer/lexer.ts.Lexer.add:73,DATA(t13) = CONV i( strlen( t7 ) ). t9 = COND i( WHEN t9 < 0 THEN 0 WHEN t9 > t13 THEN t13 ELSE t9 ).
3,2,1,DATA(TMP) = CONV I( STRLEN( TMP ) ). | TMP = COND I( WHEN TMP < NUM THEN NUM WHEN TMP > TMP THEN TMP ELSE TMP ). | TMP = COND I( WHEN TMP < NUM THEN NUM WHEN TMP > TMP THEN TMP ELSE TMP ).,src/abap/1_lexer/lexer.ts.Lexer.add:73,DATA(t13) = CONV i( strlen( t7 ) ). t9 = COND i( WHEN t9 < 0 THEN 0 WHEN t9 > t13 THEN t13 ELSE t9 ). t11 = COND i( WHEN t11 < 0 THEN 0 WHEN t11 > t13 THEN t13 ELSE t11 ).
3,2,0,DATA(TMP) = CONV I( STRLEN( TMP ) ). | TMP = TMP. | TMP = TMP - TMP.,src/abap/1_lexer/lexer.ts.Lexer.add:212,DATA(t63) = CONV i( strlen( t62 ) ). t61 = t63. t53 = t54 - t61.
3,2,1,DATA(TMP) = CONV I( STRLEN( TMP ) ). | TMP = TMP. | TMP = XSDBOOL( TMP = TMP ).,src/abap/1_lexer/lexer.ts.Lexer.process:3370,DATA(t683) = CONV i( strlen( t681 ) ). t680 = t683. t677 = xsdbool( t678 = t680 ).
2,2,2,DATA(TMP) = CONV I( TMP ). | DATA TMP TYPE REF TO NAME.,src/abap/2_statements/statement_parser.ts.StatementParser.nativeSQL:946,DATA(t42) = CONV i( t4 ). DATA t43 TYPE REF TO z_src_abap_nod_e445d254902ced.
3,2,2,DATA(TMP) = CONV I( TMP ). | DATA TMP TYPE REF TO NAME. | CLEAR TMP.,src/abap/2_statements/statement_parser.ts.StatementParser.nativeSQL:946,DATA(t42) = CONV i( t4 ). DATA t43 TYPE REF TO z_src_abap_nod_e445d254902ced. CLEAR t43.
3,2,0,DATA(TMP) = CONV I( TMP ). | DATA(TMP) = CONV I( LIT ). | TMP = XSDBOOL( TMP = TMP ).,src/abap/2_statements/statement_parser.ts.StatementParser.categorizeStatement:1276,DATA(t20) = CONV i( t4 ). DATA(t21) = CONV i( '1' ). t19 = xsdbool( t20 = t21 ).
3,2,2,DATA(TMP) = CONV I( TMP ). | DATA(TMP) = VALUE I( ). | DATA(TMP) = VALUE I( ).,src/abap/2_statements/statement_parser.ts.StatementParser.removePragma:1433,DATA(t7) = CONV i( t4 ). DATA(t8) = VALUE i( ). DATA(t9) = VALUE i( ).
3,2,0,DATA(TMP) = CONV INT8( ME->NAME ). | DATA(TMP) = CONV INT8( NUM ). | TMP = TMP - TMP.,src/abap/1_lexer/lexer_stream.ts.LexerStream.advance:132,DATA(t39) = CONV int8( me->z_member_col_cdb3c3718bda2d ). DATA(t40) = CONV int8( 1 ). t38 = t39 - t40.
2,2,0,DATA(TMP) = CONV INT8( ME->NAME ). | RESULT = TMP.,src/abap/1_lexer/lexer_stream.ts.LexerStream.getCol:161,DATA(t1) = CONV int8( me->z_member_col_cdb3c3718bda2d ). result = t1.
3,2,0,DATA(TMP) = CONV INT8( ME->NAME ). | RESULT = TMP. | RETURN.,src/abap/1_lexer/lexer_stream.ts.LexerStream.getCol:161,DATA(t1) = CONV int8( me->z_member_col_cdb3c3718bda2d ). result = t1. RETURN.
2,2,0,DATA(TMP) = CONV INT8( NAME ). | DATA TMP TYPE REF TO NAME.,src/abap/2_statements/result.ts.Result.fromChain:78,DATA(t4) = CONV int8( z_param_nodeco_6f0a19763cdb2a ). DATA t5 TYPE REF TO z_src_abap_2_s_b6c5f651b292e5.
3,2,0,DATA(TMP) = CONV INT8( NAME ). | DATA TMP TYPE REF TO NAME. | CLEAR TMP.,src/abap/2_statements/result.ts.Result.fromChain:78,DATA(t4) = CONV int8( z_param_nodeco_6f0a19763cdb2a ). DATA t5 TYPE REF TO z_src_abap_2_s_b6c5f651b292e5. CLEAR t5.
2,2,2,DATA(TMP) = CONV INT8( NUM ). | TMP = XSDBOOL( TMP = TMP ).,src/abap/1_lexer/lexer.ts.Lexer.process:2526,DATA(t334) = CONV int8( 1 ). t323 = xsdbool( t324 = t334 ).
3,2,2,DATA(TMP) = CONV INT8( NUM ). | TMP = XSDBOOL( TMP > TMP ). | IF TMP = ABAP_TRUE.,src/abap/2_statements/combi.ts.Expression.run:156,DATA(t52) = CONV int8( 0 ). t50 = xsdbool( t51 > t52 ). IF t50 = abap_true.
2,2,2,DATA(TMP) = CONV INT8( TMP ). | DATA(TMP) = CAST NAME( TMP ).,src/abap/2_statements/combi.ts.Expression.run:170,DATA(t59) = CONV int8( t26 ). DATA(t60) = CAST z_src_abap_nod_582169980ca52f( t53 ).
3,2,2,DATA(TMP) = CONV INT8( TMP ). | DATA(TMP) = CAST NAME( TMP ). | TMP = TMP->NAME( NAME = TMP NAME = TMP ).,src/abap/2_statements/combi.ts.Expression.run:170,DATA(t59) = CONV int8( t26 ). DATA(t60) = CAST z_src_abap_nod_582169980ca52f( t53 ). t57 = t58->z_member_wrapc_402ce4e1f019a6( z_param_consum_74b8bf7d11c654 = t59 z_param_node_1324e81b8c7326 = t60 ).
3,2,2,DATA(TMP) = CONV INT8( TMP ). | DATA(TMP) = CONV INT8( NUM ). | TMP = TMP - TMP.,src/abap/2_statements/result.ts.Result.getNodes:447,DATA(t33) = CONV int8( t8 ). DATA(t34) = CONV int8( 1 ). t32 = t33 - t34.
2,2,0,DATA(TMP) = CONV STRING( ME->NAME ). | DATA(TMP) = CONV I( ME->NAME ).,src/abap/1_lexer/lexer_stream.ts.LexerStream.advance:75,DATA(t19) = CONV string( me->z_member_raw_eb82124cb04f25 ). DATA(t20) = CONV i( me->z_member_offse_4eb7e0915312eb ).
3,2,0,DATA(TMP) = CONV STRING( ME->NAME ). | DATA(TMP) = CONV I( ME->NAME ). | DATA(TMP) = CONV I( STRLEN( TMP ) ).,src/abap/1_lexer/lexer_stream.ts.LexerStream.advance:75,DATA(t19) = CONV string( me->z_member_raw_eb82124cb04f25 ). DATA(t20) = CONV i( me->z_member_offse_4eb7e0915312eb ). DATA(t21) = CONV i( strlen( t19 ) ).
2,2,0,DATA(TMP) = CONV STRING( ME->NAME ). | DATA(TMP) = CONV I( TMP ).,src/abap/1_lexer/lexer_stream.ts.LexerStream.prevChar:190,DATA(t12) = CONV string( me->z_member_raw_eb82124cb04f25 ). DATA(t13) = CONV i( t1 ).
3,2,0,DATA(TMP) = CONV STRING( ME->NAME ). | DATA(TMP) = CONV I( TMP ). | DATA(TMP) = CONV I( STRLEN( TMP ) ).,src/abap/1_lexer/lexer_stream.ts.LexerStream.prevChar:190,DATA(t12) = CONV string( me->z_member_raw_eb82124cb04f25 ). DATA(t13) = CONV i( t1 ). DATA(t14) = CONV i( strlen( t12 ) ).
2,2,1,DATA(TMP) = CONV STRING( ME->NAME ). | TMP = XSDBOOL( TMP = TMP ).,src/abap/2_statements/combi.ts.Word.run:227,DATA(t35) = CONV string( me->z_member_s_f3835518d3428a ). t21 = xsdbool( t22 = t35 ).
3,2,1,DATA(TMP) = CONV STRING( ME->NAME ). | TMP = XSDBOOL( TMP = TMP ). | TMP = TMP.,src/abap/2_statements/combi.ts.Word.run:227,DATA(t35) = CONV string( me->z_member_s_f3835518d3428a ). t21 = xsdbool( t22 = t35 ). t7 = t21.
3,2,0,DATA(TMP) = CONV STRING( TMP ). | DATA(TMP) = CONV I( LIT ). | DATA(TMP) = CONV I( STRLEN( TMP ) ).,src/abap/1_lexer/lexer.ts.Lexer.add:596,DATA(t238) = CONV string( t1 ). DATA(t239) = CONV i( '0' ). DATA(t240) = CONV i( strlen( t238 ) ).
3,2,2,DATA(TMP) = VALUE ABAP_BOOL( ). | DATA(TMP) = CAST NAME( ME->NAME ). | DATA(TMP) = VALUE INT8( ).,src/abap/1_lexer/lexer.ts.Lexer.process:2713,DATA(t408) = VALUE abap_bool( ). DATA(t409) = CAST z_src_abap_1_l_cca5bd2c711d39( me->z_member_buffe_50d854778a22d2 ). DATA(t410) = VALUE int8( ).
3,2,2,DATA(TMP) = VALUE ABAP_BOOL( ). | DATA(TMP) = CAST NAME( TMP ). | DATA(TMP) = VALUE INT8( ).,src/abap/1_lexer/lexer.ts.Lexer.process:3374,DATA(t684) = VALUE abap_bool( ). DATA(t685) = CAST z_src_abap_1_l_4d08aedee14b5b( t633 ). DATA(t686) = VALUE int8( ).
3,2,2,DATA(TMP) = VALUE ABAP_BOOL( ). | DATA(TMP) = CAST NAME( TMP ). | TMP = TMP->NAME.,src/abap/1_lexer/lexer.ts.Lexer.process:1885,DATA(t68) = VALUE abap_bool( ). DATA(t69) = CAST z_src_abap_1_l_cca5bd2c711d39( t53 ). t68 = t69->z_member_empty_a4a6dfca0b3692.
3,2,2,DATA(TMP) = VALUE ABAP_BOOL( ). | DATA(TMP) = CAST NAME( TMP ). | TMP = XSDBOOL( TMP IS BOUND ).,src/abap/2_statements/statement_parser.ts.StatementParser.match:1722,DATA(t50) = VALUE abap_bool( ). DATA(t51) = CAST z_runtime_arra_c22708faf2e354( t36 ). t50 = xsdbool( t51 IS BOUND ).
2,2,1,DATA(TMP) = VALUE ABAP_BOOL( ). | DATA(TMP) = CONV ABAP_BOOL( ABAP_TRUE ).,src/abap/2_statements/combi.ts.Sequence.run:99,DATA(t14) = VALUE abap_bool( ). DATA(t15) = CONV abap_bool( abap_true ).
3,2,1,DATA(TMP) = VALUE ABAP_BOOL( ). | DATA(TMP) = CONV ABAP_BOOL( ABAP_TRUE ). | TMP = TMP.,src/abap/2_statements/combi.ts.Sequence.run:99,DATA(t14) = VALUE abap_bool( ). DATA(t15) = CONV abap_bool( abap_true ). t14 = t15.
3,2,0,DATA(TMP) = VALUE ABAP_BOOL( ). | DATA(TMP) = CONV I( ME->NAME ). | DATA(TMP) = CONV I( LIT ).,src/abap/1_lexer/lexer_stream.ts.LexerStream.advance:49,DATA(t4) = VALUE abap_bool( ). DATA(t5) = CONV i( me->z_member_offse_4eb7e0915312eb ). DATA(t6) = CONV i( '0' ).
3,2,1,DATA(TMP) = VALUE ABAP_BOOL( ). | DATA(TMP) = VALUE STRING( ). | DATA TMP TYPE REF TO NAME.,src/abap/2_statements/combi.ts.Word.run:197,DATA(t21) = VALUE abap_bool( ). DATA(t22) = VALUE string( ). DATA t23 TYPE REF TO z_src_abap_1_l_506101b34e5cc0.
2,2,1,DATA(TMP) = VALUE I( ). | DATA(TMP) = CAST NAME( ME->NAME ).,src/abap/2_statements/combi.ts.Permutation.run:97,DATA(t11) = VALUE i( ). DATA(t12) = CAST z_runtime_arra_c22708faf2e354( me->z_member_list_484fd43dd9f8d0 ).
3,2,1,DATA(TMP) = VALUE I( ). | DATA(TMP) = CAST NAME( ME->NAME ). | TMP = LINES( TMP->ITEMS ).,src/abap/2_statements/combi.ts.Permutation.run:97,DATA(t11) = VALUE i( ). DATA(t12) = CAST z_runtime_arra_c22708faf2e354( me->z_member_list_484fd43dd9f8d0 ). t11 = lines( t12->items ).
3,2,0,DATA(TMP) = VALUE I( ). | DATA(TMP) = CONV STRING( ME->NAME ). | DATA(TMP) = CONV I( ME->NAME ).,src/abap/1_lexer/lexer_stream.ts.LexerStream.advance:74,DATA(t18) = VALUE i( ). DATA(t19) = CONV string( me->z_member_raw_eb82124cb04f25 ). DATA(t20) = CONV i( me->z_member_offse_4eb7e0915312eb ).
3,2,0,DATA(TMP) = VALUE I( ). | DATA(TMP) = CONV STRING( ME->NAME ). | DATA(TMP) = CONV I( TMP ).,src/abap/1_lexer/lexer_stream.ts.LexerStream.prevChar:189,DATA(t11) = VALUE i( ). DATA(t12) = CONV string( me->z_member_raw_eb82124cb04f25 ). DATA(t13) = CONV i( t1 ).
2,2,1,DATA(TMP) = VALUE I( ). | DATA(TMP) = VALUE ABAP_BOOL( ).,src/abap/1_lexer/lexer.ts.Lexer.add:1433,DATA(t617) = VALUE i( ). DATA(t618) = VALUE abap_bool( ).
3,2,0,DATA(TMP) = VALUE I( ). | DATA(TMP) = VALUE I( ). | DATA(TMP) = CONV I( ME->NAME ).,src/abap/1_lexer/lexer_stream.ts.LexerStream.prevChar:171,DATA(t1) = VALUE i( ). DATA(t2) = VALUE i( ). DATA(t3) = CONV i( me->z_member_offse_4eb7e0915312eb ).
3,2,1,DATA(TMP) = VALUE I( ). | DATA(TMP) = VALUE I( ). | DATA(TMP) = CONV INT8( TMP ).,src/abap/1_lexer/lexer.ts.Lexer.process:1876,DATA(t64) = VALUE i( ). DATA(t65) = VALUE i( ). DATA(t66) = CONV int8( t55 ).
3,2,1,DATA(TMP) = VALUE I( ). | DATA(TMP) = VALUE I( ). | TMP = NUM.,src/abap/1_lexer/lexer.ts.Lexer.add:85,DATA(t15) = VALUE i( ). DATA(t16) = VALUE i( ). t15 = 0.
3,2,1,DATA(TMP) = VALUE I( ). | DATA(TMP) = VALUE INT8( ). | DATA(TMP) = VALUE ABAP_BOOL( ).,src/abap/1_lexer/lexer.ts.Lexer.process:3271,DATA(t637) = VALUE i( ). DATA(t638) = VALUE int8( ). DATA(t639) = VALUE abap_bool( ).
3,2,1,DATA(TMP) = VALUE I( ). | DATA(TMP) = VALUE STRING( ). | WHILE TMP < TMP.,src/abap/1_lexer/lexer.ts.Lexer.add:90,DATA(t18) = VALUE i( ). DATA(t19) = VALUE string( ). WHILE t15 < t16.
3,2,1,DATA(TMP) = VALUE I( ). | DATA(TMP) = VALUE STRING( ). | WHILE TMP > TMP.,src/abap/1_lexer/lexer.ts.Lexer.add:123,DATA(t26) = VALUE i( ). DATA(t27) = VALUE string( ). WHILE t16 > t15.
2,2,1,DATA(TMP) = VALUE I( ). | TMP = NUM.,src/abap/1_lexer/lexer.ts.Lexer.add:86,DATA(t16) = VALUE i( ). t15 = 0.
3,2,1,DATA(TMP) = VALUE I( ). | TMP = NUM. | TMP = TMP.,src/abap/1_lexer/lexer.ts.Lexer.add:86,DATA(t16) = VALUE i( ). t15 = 0. t16 = t14.
3,2,1,DATA(TMP) = VALUE INT8( ). | DATA(TMP) = CONV INT8( TMP ). | DATA(TMP) = VALUE INT8( ).,src/abap/1_lexer/lexer.ts.Lexer.add:498,DATA(t190) = VALUE int8( ). DATA(t191) = CONV int8( t38 ). DATA(t192) = VALUE int8( ).
3,2,0,DATA(TMP) = VALUE INT8( ). | DATA(TMP) = VALUE ABAP_BOOL( ). | DATA(TMP) = CONV I( ME->NAME ).,src/abap/1_lexer/lexer_stream.ts.LexerStream.advance:48,DATA(t3) = VALUE int8( ). DATA(t4) = VALUE abap_bool( ). DATA(t5) = CONV i( me->z_member_offse_4eb7e0915312eb ).
3,2,0,DATA(TMP) = VALUE INT8( ). | DATA(TMP) = VALUE ABAP_BOOL( ). | DATA(TMP) = VALUE ABAP_BOOL( ).,src/abap/1_lexer/lexer.ts.Lexer.add:233,DATA(t75) = VALUE int8( ). DATA(t76) = VALUE abap_bool( ). DATA(t77) = VALUE abap_bool( ).
3,2,0,DATA(TMP) = VALUE STRING( ). | DATA(TMP) = CAST NAME( TMP ). | DATA(TMP) = VALUE I( ).,src/abap/2_statements/statement_parser.ts.StatementParser.nativeAfter:2501,DATA(t33) = VALUE string( ). DATA(t34) = CAST z_runtime_arra_8ecd6afe19e0a5( t4 ). DATA(t35) = VALUE i( ).
3,2,2,DATA(TMP) = VALUE STRING( ). | DATA(TMP) = CAST NAME( TMP ). | TMP = TMP->NAME( ).,src/abap/2_statements/statement_parser.ts.StatementParser.lazyUnknown:289,DATA(t13) = VALUE string( ). DATA(t14) = CAST z_src_abap_nod_e445d254902ced( t6 ). t13 = t14->z_member_conca_3dcb2677b6781c( ).
2,2,1,DATA(TMP) = VALUE STRING( ). | WHILE TMP < TMP.,src/abap/1_lexer/lexer.ts.Lexer.add:91,DATA(t19) = VALUE string( ). WHILE t15 < t16.
3,2,1,DATA(TMP) = VALUE STRING( ). | WHILE TMP < TMP. | TMP = TMP.,src/abap/1_lexer/lexer.ts.Lexer.add:91,DATA(t19) = VALUE string( ). WHILE t15 < t16. t18 = t15.
2,2,1,DATA(TMP) = VALUE STRING( ). | WHILE TMP > TMP.,src/abap/1_lexer/lexer.ts.Lexer.add:124,DATA(t27) = VALUE string( ). WHILE t16 > t15.
3,2,1,DATA(TMP) = VALUE STRING( ). | WHILE TMP > TMP. | TMP = TMP - NUM.,src/abap/1_lexer/lexer.ts.Lexer.add:124,DATA(t27) = VALUE string( ). WHILE t16 > t15. t26 = t16 - 1.
2,2,0,DO. | DATA(TMP) = CONV ABAP_BOOL( ABAP_TRUE ).,src/abap/1_lexer/lexer.ts.Lexer.process:1770,DO. DATA(t17) = CONV abap_bool( abap_true ).
3,2,0,DO. | DATA(TMP) = CONV ABAP_BOOL( ABAP_TRUE ). | IF TMP = ABAP_FALSE.,src/abap/1_lexer/lexer.ts.Lexer.process:1770,DO. DATA(t17) = CONV abap_bool( abap_true ). IF t17 = abap_false.
3,2,0,DO. | DATA(TMP) = VALUE ABAP_BOOL( ). | DATA(TMP) = CONV INT8( TMP ).,src/abap/2_statements/result.ts.Result.getNodes:389,DO. DATA(t12) = VALUE abap_bool( ). DATA(t13) = CONV int8( t8 ).
2,2,1,ELSE. | CLEAR TMP.,src/abap/1_lexer/lexer.ts.Lexer.add:158,ELSE. CLEAR t2.
3,2,1,ELSE. | CLEAR TMP. | ENDIF.,src/abap/1_lexer/lexer.ts.Lexer.add:158,ELSE. CLEAR t2. ENDIF.
3,2,2,ELSE. | DATA(TMP) = VALUE INT8( ). | DATA(TMP) = CONV I( NAME=>NAME ).,src/abap/1_lexer/lexer.ts.Lexer.process:2753,ELSE. DATA(t421) = VALUE int8( ). DATA(t422) = CONV i( z_src_abap_1_l_9d1bf4ef0204bc=>z_member_moden_b5a760222f857a ).
2,2,0,ENDDO. | DATA TMP TYPE REF TO NAME.,src/abap/2_statements/result.ts.Result.wrapConsumed:301,ENDDO. DATA t35 TYPE REF TO z_src_abap_nod_582169980ca52f.
3,2,0,ENDDO. | DATA TMP TYPE REF TO NAME. | CLEAR TMP.,src/abap/2_statements/result.ts.Result.wrapConsumed:301,ENDDO. DATA t35 TYPE REF TO z_src_abap_nod_582169980ca52f. CLEAR t35.
3,2,1,ENDIF. | DATA(TMP) = CAST NAME( TMP ). | DATA TMP TYPE REF TO NAME.,src/abap/2_statements/combi.ts.Expression.run:73,ENDIF. DATA(t15) = CAST z_runtime_arra_c22708faf2e354( t1 ). DATA t16 TYPE REF TO z_src_abap_2_s_b6c5f651b292e5.
3,2,2,ENDIF. | DATA(TMP) = CAST NAME( TMP ). | DATA(TMP) = CAST NAME( TMP ).,src/abap/2_statements/statement_parser.ts.StatementParser.lazyUnknown:646,ENDIF. DATA(t117) = CAST z_runtime_arra_c22708faf2e354( t2 ). DATA(t118) = CAST z_src_abap_nod_e445d254902ced( t6 ).
3,2,2,ENDIF. | DATA(TMP) = CAST NAME( TMP ). | DATA(TMP) = VALUE I( ).,src/abap/1_lexer/lexer.ts.Lexer.process:1908,ENDIF. DATA(t80) = CAST z_src_abap_1_l_cca5bd2c711d39( t53 ). DATA(t81) = VALUE i( ).
3,2,2,ENDIF. | DATA(TMP) = VALUE ABAP_BOOL( ). | DATA(TMP) = CONV I( TMP ).,src/abap/1_lexer/lexer.ts.Lexer.process:2743,ENDIF. DATA(t416) = VALUE abap_bool( ). DATA(t417) = CONV i( t84 ).
3,2,0,ENDIF. | DATA(TMP) = VALUE INT8( ). | DATA(TMP) = CONV INT8( ME->NAME ).,src/abap/1_lexer/lexer_stream.ts.LexerStream.advance:142,ENDIF. DATA(t42) = VALUE int8( ). DATA(t43) = CONV int8( me->z_member_col_cdb3c3718bda2d ).
2,2,0,ENDIF. | ENDDO.,src/abap/1_lexer/lexer.ts.Lexer.process:3419,ENDIF. ENDDO.
3,2,2,ENDIF. | ENDIF. | DATA(TMP) = VALUE I( ).,src/abap/2_statements/combi.ts.Permutation.run:210,ENDIF. ENDIF. DATA(t65) = VALUE i( ).
3,2,0,ENDIF. | ENDIF. | ENDLOOP.,src/abap/2_statements/combi.ts.Sequence.run:180,ENDIF. ENDIF. ENDLOOP.
3,2,1,ENDIF. | ENDWHILE. | DATA(TMP) = VALUE I( ).,src/abap/1_lexer/lexer.ts.Lexer.add:120,ENDIF. ENDWHILE. DATA(t25) = VALUE i( ).
3,2,1,ENDIF. | ENDWHILE. | IF TMP > TMP.,src/abap/1_lexer/lexer.ts.Lexer.add:153,ENDIF. ENDWHILE. IF t16 > t15.
3,2,1,ENDIF. | IF TMP = ABAP_TRUE. | DATA(TMP) = CONV ABAP_BOOL( ABAP_FALSE ).,src/abap/2_statements/statement_parser.ts.StatementParser.nativeAfter:2529,ENDIF. IF t31 = abap_true. DATA(t48) = CONV abap_bool( abap_false ).
3,2,2,ENDIF. | IF TMP = NUM OR TMP = NUM OR TMP = NUM OR TMP = NUM OR TMP = NUM OR TMP = NUM OR TMP = NUM OR TMP = NUM OR TMP = NUM OR TMP = NUM OR TMP = NUM OR TMP = NUM OR TMP = NUM OR TMP = NUM OR TMP >= NUM AND TMP <= NUM. | TMP = TMP + NUM.,src/abap/1_lexer/lexer.ts.Lexer.add:115,ENDIF. IF t17 = 9 OR t17 = 10 OR t17 = 11 OR t17 = 12 OR t17 = 13 OR t17 = 32 OR t17 = 160 OR t17 = 5760 OR t17 = 8232 OR t17 = 8233 OR t17 = 8239 OR t17 = 8287 OR t17 = 12288 OR t17 = 65279 OR t17 >= 8192 AND t17 <= 8202. t15 = t15 + 1.
3,2,2,ENDIF. | IF TMP = NUM OR TMP = NUM OR TMP = NUM OR TMP = NUM OR TMP = NUM OR TMP = NUM OR TMP = NUM OR TMP = NUM OR TMP = NUM OR TMP = NUM OR TMP = NUM OR TMP = NUM OR TMP = NUM OR TMP = NUM OR TMP >= NUM AND TMP <= NUM. | TMP = TMP - NUM.,src/abap/1_lexer/lexer.ts.Lexer.add:148,ENDIF. IF t25 = 9 OR t25 = 10 OR t25 = 11 OR t25 = 12 OR t25 = 13 OR t25 = 32 OR t25 = 160 OR t25 = 5760 OR t25 = 8232 OR t25 = 8233 OR t25 = 8239 OR t25 = 8287 OR t25 = 12288 OR t25 = 65279 OR t25 >= 8192 AND t25 <= 8202. t16 = t16 - 1.
3,2,0,ENDIF. | TMP = NEW NAME( NAME = TMP NAME = TMP ). | RESULT = TMP.,src/abap/2_statements/statement_parser.ts.StatementParser.removePragma:1509,ENDIF. t24 = NEW z_shape_1349f3_c7bfd3d6c3d88d( z_param_tokens_3a66ced5b5b26a = t25 z_param_pragma_9ae3ad041053f6 = t35 ). result = t24.
2,2,1,ENDIF. | TMP = TMP - TMP.,src/abap/1_lexer/lexer.ts.Lexer.add:80,ENDIF. t13 = t11 - t9.
3,2,1,ENDIF. | TMP = TMP - TMP. | TMP = TMP+TMP(TMP).,src/abap/1_lexer/lexer.ts.Lexer.add:80,ENDIF. t13 = t11 - t9. t6 = t7+t9(t13).
3,2,1,ENDIF. | TMP = TMP. | DATA(TMP) = CONV I( NAME=>NAME ).,src/abap/1_lexer/lexer.ts.Lexer.process:3341,ENDIF. t637 = t638. DATA(t668) = CONV i( z_src_abap_1_l_947bbb88034ba0=>z_member_nl_9d24e602a85548 ).
3,2,0,ENDIF. | TMP = TMP. | ENDDO.,src/abap/2_statements/result.ts.Result.getNodes:452,ENDIF. t8 = t32. ENDDO.
3,2,2,ENDIF. | TMP = TMP. | TMP = TMP - TMP.,src/abap/2_statements/combi.ts.Expression.run:147,ENDIF. t39 = t42. t27 = t28 - t39.
3,2,2,ENDIF. | TMP->NAME = TMP. | DATA(TMP) = CAST NAME( TMP ).,src/abap/1_lexer/lexer.ts.Lexer.process:1903,ENDIF. t71->z_member_start_4dd113ee116862 = t72. DATA(t78) = CAST z_src_abap_1_l_cca5bd2c711d39( t53 ).
3,2,0,ENDLOOP. | DATA(TMP) = CAST NAME( TMP ). | DATA(TMP) = CAST NAME( TMP ).,src/abap/2_statements/statement_parser.ts.StatementParser.categorize:1233,ENDLOOP. DATA(t11) = CAST z_src_abap_2_s_4c81ce49a22dce( t1 ). DATA(t12) = CAST z_runtime_arra_c22708faf2e354( t2 ).
3,2,1,ENDLOOP. | DATA(TMP) = VALUE ABAP_BOOL( ). | DATA(TMP) = CONV ABAP_BOOL( TMP ).,src/abap/2_statements/combi.ts.Sequence.run:126,ENDLOOP. DATA(t27) = VALUE abap_bool( ). DATA(t28) = CONV abap_bool( t14 ).
2,2,1,ENDWHILE. | DATA(TMP) = VALUE I( ).,src/abap/1_lexer/lexer.ts.Lexer.add:121,ENDWHILE. DATA(t25) = VALUE i( ).
3,2,1,ENDWHILE. | DATA(TMP) = VALUE I( ). | DATA(TMP) = VALUE I( ).,src/abap/1_lexer/lexer.ts.Lexer.add:121,ENDWHILE. DATA(t25) = VALUE i( ). DATA(t26) = VALUE i( ).
2,2,1,ENDWHILE. | IF TMP > TMP.,src/abap/1_lexer/lexer.ts.Lexer.add:154,ENDWHILE. IF t16 > t15.
3,2,1,ENDWHILE. | IF TMP > TMP. | TMP = TMP - TMP.,src/abap/1_lexer/lexer.ts.Lexer.add:154,ENDWHILE. IF t16 > t15. t14 = t16 - t15.
3,2,2,ENDWHILE. | MODIFY TMP->ITEMS FROM TMP INDEX TMP. | DATA TMP TYPE REF TO NAME.,src/abap/2_statements/result.ts.Result.getNodes:436,ENDWHILE. MODIFY t22->items FROM t25 INDEX t23. DATA t29 TYPE REF TO z_src_abap_2_s_c435ad477cf33f.
3,2,2,EXIT. | ENDIF. | DATA(TMP) = VALUE I( ).,src/abap/1_lexer/lexer.ts.Lexer.process:1773,EXIT. ENDIF. DATA(t18) = VALUE i( ).
2,2,2,IF TMP = ABAP_TRUE. | CONTINUE.,src/abap/2_statements/combi.ts.Regex.run:88,IF t7 = abap_true. CONTINUE.
3,2,2,IF TMP = ABAP_TRUE. | CONTINUE. | ENDIF.,src/abap/2_statements/combi.ts.Regex.run:88,IF t7 = abap_true. CONTINUE. ENDIF.
2,2,0,IF TMP = ABAP_TRUE. | DATA(TMP) = CAST NAME( ME->NAME( ) ).,src/abap/2_statements/combi.ts.Expression.run:64,IF t12 = abap_true. DATA(t13) = CAST z_src_abap_2_s_e1e980746d06e1( me->z_member_getru_b627c08d5eeec8( ) ).
3,2,0,IF TMP = ABAP_TRUE. | DATA(TMP) = CAST NAME( ME->NAME( ) ). | TMP = TMP.,src/abap/2_statements/combi.ts.Expression.run:64,IF t12 = abap_true. DATA(t13) = CAST z_src_abap_2_s_e1e980746d06e1( me->z_member_getru_b627c08d5eeec8( ) ). t11 = t13.
3,2,0,IF TMP = ABAP_TRUE. | DATA(TMP) = CONV ABAP_BOOL( ABAP_TRUE ). | RESULT = TMP.,src/abap/2_statements/statement_parser.ts.StatementParser.nativeAfter:2575,IF t58 = abap_true. DATA(t67) = CONV abap_bool( abap_true ). result = t67.
2,2,1,IF TMP = ABAP_TRUE. | DATA(TMP) = CONV I( LIT ).,src/abap/1_lexer/lexer.ts.Lexer.add:1515,IF t618 = abap_true. DATA(t654) = CONV i( '1' ).
3,2,1,IF TMP = ABAP_TRUE. | DATA(TMP) = CONV I( LIT ). | TMP = TMP.,src/abap/1_lexer/lexer.ts.Lexer.add:1515,IF t618 = abap_true. DATA(t654) = CONV i( '1' ). t617 = t654.
3,2,2,IF TMP = ABAP_TRUE. | DATA(TMP) = VALUE ABAP_BOOL( ). | DATA(TMP) = CAST NAME( ME->NAME ).,src/abap/1_lexer/lexer.ts.Lexer.process:2712,IF t374 = abap_true. DATA(t408) = VALUE abap_bool( ). DATA(t409) = CAST z_src_abap_1_l_cca5bd2c711d39( me->z_member_buffe_50d854778a22d2 ).
3,2,1,IF TMP = ABAP_TRUE. | DATA(TMP) = VALUE ABAP_BOOL( ). | DATA(TMP) = CONV INT8( ME->NAME ).,src/abap/1_lexer/lexer.ts.Lexer.add:1406,IF t599 = abap_true. DATA(t606) = VALUE abap_bool( ). DATA(t607) = CONV int8( me->z_member_m_db4a69995aff75 ).
3,2,0,IF TMP = ABAP_TRUE. | DATA(TMP) = VALUE I( ). | DATA(TMP) = VALUE I( ).,src/abap/1_lexer/lexer.ts.Lexer.add:220,IF t64 = abap_true. DATA(t67) = VALUE i( ). DATA(t68) = VALUE i( ).
2,2,2,IF TMP = NUM OR TMP = NUM OR TMP = NUM OR TMP = NUM OR TMP = NUM OR TMP = NUM OR TMP = NUM OR TMP = NUM OR TMP = NUM OR TMP = NUM OR TMP = NUM OR TMP = NUM OR TMP = NUM OR TMP = NUM OR TMP >= NUM AND TMP <= NUM. | TMP = TMP + NUM.,src/abap/1_lexer/lexer.ts.Lexer.add:116,IF t17 = 9 OR t17 = 10 OR t17 = 11 OR t17 = 12 OR t17 = 13 OR t17 = 32 OR t17 = 160 OR t17 = 5760 OR t17 = 8232 OR t17 = 8233 OR t17 = 8239 OR t17 = 8287 OR t17 = 12288 OR t17 = 65279 OR t17 >= 8192 AND t17 <= 8202. t15 = t15 + 1.
3,2,2,IF TMP = NUM OR TMP = NUM OR TMP = NUM OR TMP = NUM OR TMP = NUM OR TMP = NUM OR TMP = NUM OR TMP = NUM OR TMP = NUM OR TMP = NUM OR TMP = NUM OR TMP = NUM OR TMP = NUM OR TMP = NUM OR TMP >= NUM AND TMP <= NUM. | TMP = TMP + NUM. | ELSE.,src/abap/1_lexer/lexer.ts.Lexer.add:116,IF t17 = 9 OR t17 = 10 OR t17 = 11 OR t17 = 12 OR t17 = 13 OR t17 = 32 OR t17 = 160 OR t17 = 5760 OR t17 = 8232 OR t17 = 8233 OR t17 = 8239 OR t17 = 8287 OR t17 = 12288 OR t17 = 65279 OR t17 >= 8192 AND t17 <= 8202. t15 = t15 + 1. ELSE.
2,2,2,IF TMP = NUM OR TMP = NUM OR TMP = NUM OR TMP = NUM OR TMP = NUM OR TMP = NUM OR TMP = NUM OR TMP = NUM OR TMP = NUM OR TMP = NUM OR TMP = NUM OR TMP = NUM OR TMP = NUM OR TMP = NUM OR TMP >= NUM AND TMP <= NUM. | TMP = TMP - NUM.,src/abap/1_lexer/lexer.ts.Lexer.add:149,IF t25 = 9 OR t25 = 10 OR t25 = 11 OR t25 = 12 OR t25 = 13 OR t25 = 32 OR t25 = 160 OR t25 = 5760 OR t25 = 8232 OR t25 = 8233 OR t25 = 8239 OR t25 = 8287 OR t25 = 12288 OR t25 = 65279 OR t25 >= 8192 AND t25 <= 8202. t16 = t16 - 1.
3,2,2,IF TMP = NUM OR TMP = NUM OR TMP = NUM OR TMP = NUM OR TMP = NUM OR TMP = NUM OR TMP = NUM OR TMP = NUM OR TMP = NUM OR TMP = NUM OR TMP = NUM OR TMP = NUM OR TMP = NUM OR TMP = NUM OR TMP >= NUM AND TMP <= NUM. | TMP = TMP - NUM. | ELSE.,src/abap/1_lexer/lexer.ts.Lexer.add:149,IF t25 = 9 OR t25 = 10 OR t25 = 11 OR t25 = 12 OR t25 = 13 OR t25 = 32 OR t25 = 160 OR t25 = 5760 OR t25 = 8232 OR t25 = 8233 OR t25 = 8239 OR t25 = 8287 OR t25 = 12288 OR t25 = 65279 OR t25 >= 8192 AND t25 <= 8202. t16 = t16 - 1. ELSE.
2,2,1,IF TMP > TMP. | TMP = TMP - TMP.,src/abap/1_lexer/lexer.ts.Lexer.add:155,IF t16 > t15. t14 = t16 - t15.
3,2,1,IF TMP > TMP. | TMP = TMP - TMP. | TMP = TMP+TMP(TMP).,src/abap/1_lexer/lexer.ts.Lexer.add:155,IF t16 > t15. t14 = t16 - t15. t2 = t3+t15(t14).
2,2,1,IF TMP > TMP. | TMP = TMP.,src/abap/1_lexer/lexer.ts.Lexer.add:76,IF t9 > t11. t13 = t9.
3,2,1,IF TMP > TMP. | TMP = TMP. | TMP = TMP.,src/abap/1_lexer/lexer.ts.Lexer.add:76,IF t9 > t11. t13 = t9. t9 = t11.
2,2,2,IF TMP IS BOUND. | CREATE OBJECT TMP.,src/abap/2_statements/statement_parser.ts.StatementParser.match:1698,IF t43 IS BOUND. CREATE OBJECT t42.
3,2,2,IF TMP IS BOUND. | CREATE OBJECT TMP. | TMP->TAG = NAME=>TAG_REF.,src/abap/2_statements/statement_parser.ts.StatementParser.match:1698,IF t43 IS BOUND. CREATE OBJECT t42. t42->tag = z_runtime_dyna_a429568d5be89e=>tag_ref.
3,2,1,LOOP AT TMP->ITEMS INTO TMP. | TMP ?= TMP. | DATA(TMP) = VALUE INT8( ).,src/abap/2_statements/combi.ts.Expression.run:97,LOOP AT t23->items INTO t25. t24 ?= t25. DATA(t26) = VALUE int8( ).
2,2,0,ME->NAME = TMP. | DATA(TMP) = VALUE INT8( ).,src/abap/1_lexer/lexer_stream.ts.LexerStream.advance:113,me->z_member_col_cdb3c3718bda2d = t29. DATA(t30) = VALUE int8( ).
3,2,2,ME->NAME = TMP. | ELSE. | DATA(TMP) = VALUE INT8( ).,src/abap/1_lexer/lexer.ts.Lexer.process:2752,me->z_member_m_db4a69995aff75 = t419. ELSE. DATA(t421) = VALUE int8( ).
3,2,2,ME->NAME = TMP. | ENDIF. | ELSE.,src/abap/1_lexer/lexer.ts.Lexer.process:2757,me->z_member_m_db4a69995aff75 = t421. ENDIF. ELSE.
3,2,2,ME->NAME( ). | ENDIF. | DATA(TMP) = VALUE ABAP_BOOL( ).,src/abap/1_lexer/lexer.ts.Lexer.process:2742,me->z_member_add_51c1bb18694a11( ). ENDIF. DATA(t416) = VALUE abap_bool( ).
3,2,2,ME->NAME( ). | ENDIF. | ENDIF.,src/abap/1_lexer/lexer.ts.Lexer.process:2567,me->z_member_add_51c1bb18694a11( ). ENDIF. ENDIF.
2,2,2,ME->NAME( NAME = TMP ). | DATA(TMP) = CAST NAME( TMP ).,src/abap/2_statements/statement_parser.ts.StatementParser.run:132,me->z_member_proce_57f9d1e4b4e34e( z_param_wa_67bae5cdc38b7c = t30 ). DATA(t31) = CAST z_src_abap_2_s_4c81ce49a22dce( t28 ).
2,2,1,ME->NAME( NAME = TMP ). | ENDIF.,src/abap/2_statements/result.ts.Result.constructor:71,me->z_member_setno_5f2c408b4dab20( z_param_n_0c978ada81a388 = t18 ). ENDIF.
2,2,2,MODIFY TMP->ITEMS FROM TMP INDEX TMP. | DATA TMP TYPE REF TO NAME.,src/abap/2_statements/result.ts.Result.getNodes:437,MODIFY t22->items FROM t25 INDEX t23. DATA t29 TYPE REF TO z_src_abap_2_s_c435ad477cf33f.
3,2,2,MODIFY TMP->ITEMS FROM TMP INDEX TMP. | DATA TMP TYPE REF TO NAME. | CLEAR TMP.,src/abap/2_statements/result.ts.Result.getNodes:437,MODIFY t22->items FROM t25 INDEX t23. DATA t29 TYPE REF TO z_src_abap_2_s_c435ad477cf33f. CLEAR t29.
2,2,0,RANGE_INT_CHECK_LO_NZIK0ZK = -NUM. | DATA(TMP) = CONV INT8( NAME ).,src/abap/1_lexer/lexer_stream.ts.LexerStream.charCodeAt:483,range_int_check_lo_nzik0zk = -2147483648. DATA(t1) = CONV int8( z_param_o_e6d22f8d0dbece ).
3,2,0,READ TABLE TMP->ITEMS INDEX NUM INTO TMP. | TMP ?= TMP. | TMP = TMP.,src/abap/2_statements/statement_parser.ts.StatementParser.buildSplits:678,READ TABLE t10->items INDEX 1 INTO t11. t9 ?= t11. t8 = t9.
2,2,0,READ TABLE TMP->ITEMS INDEX TMP INTO TMP. | DATA(TMP) = CONV STRING( LIT ).,src/abap/2_statements/statement_parser.ts.StatementParser.nativeAfter:2510,READ TABLE t34->items INDEX t35 INTO t33. DATA(t39) = CONV string( |ENDEXEC| ).
3,2,0,READ TABLE TMP->ITEMS INDEX TMP INTO TMP. | DATA(TMP) = CONV STRING( LIT ). | TMP = XSDBOOL( TMP = TMP ).,src/abap/2_statements/statement_parser.ts.StatementParser.nativeAfter:2510,READ TABLE t34->items INDEX t35 INTO t33. DATA(t39) = CONV string( |ENDEXEC| ). t32 = xsdbool( t33 = t39 ).
3,2,0,TMP = ABAP_TRUE. | ENDIF. | TMP = XSDBOOL( TMP = ABAP_FALSE ).,src/abap/2_statements/result.ts.Result.constructor:62,t16 = abap_true. ENDIF. t15 = xsdbool( t16 = abap_false ).
2,2,1,TMP = COND I( WHEN TMP < NUM THEN NUM WHEN TMP > TMP THEN TMP ELSE TMP ). | IF TMP > TMP.,src/abap/1_lexer/lexer.ts.Lexer.add:75,t11 = COND i( WHEN t11 < 0 THEN 0 WHEN t11 > t13 THEN t13 ELSE t11 ). IF t9 > t11.
3,2,1,TMP = COND I( WHEN TMP < NUM THEN NUM WHEN TMP > TMP THEN TMP ELSE TMP ). | IF TMP > TMP. | TMP = TMP.,src/abap/1_lexer/lexer.ts.Lexer.add:75,t11 = COND i( WHEN t11 < 0 THEN 0 WHEN t11 > t13 THEN t13 ELSE t11 ). IF t9 > t11. t13 = t9.
2,2,1,TMP = COND I( WHEN TMP < NUM THEN NUM WHEN TMP > TMP THEN TMP ELSE TMP ). | TMP = COND I( WHEN TMP < NUM THEN NUM WHEN TMP > TMP THEN TMP ELSE TMP ).,src/abap/1_lexer/lexer.ts.Lexer.add:74,t9 = COND i( WHEN t9 < 0 THEN 0 WHEN t9 > t13 THEN t13 ELSE t9 ). t11 = COND i( WHEN t11 < 0 THEN 0 WHEN t11 > t13 THEN t13 ELSE t11 ).
3,2,1,TMP = COND I( WHEN TMP < NUM THEN NUM WHEN TMP > TMP THEN TMP ELSE TMP ). | TMP = COND I( WHEN TMP < NUM THEN NUM WHEN TMP > TMP THEN TMP ELSE TMP ). | IF TMP > TMP.,src/abap/1_lexer/lexer.ts.Lexer.add:74,t9 = COND i( WHEN t9 < 0 THEN 0 WHEN t9 > t13 THEN t13 ELSE t9 ). t11 = COND i( WHEN t11 < 0 THEN 0 WHEN t11 > t13 THEN t13 ELSE t11 ). IF t9 > t11.
2,2,2,TMP = NAME=>NAME( NAME = TMP NAME = TMP NAME = TMP ). | RESULT = TMP.,src/abap/2_statements/statement_parser.ts.StatementParser.match:1799,t80 = z_src_abap_2_s_ccda787b966b54=>z_member_recla_9cd6c9cb349aad( z_param_node_1324e81b8c7326 = t81 z_param_stmt_e3d6aed010b3f1 = t82 z_param_pragma_9ae3ad041053f6 = t84 ). result = t80.
3,2,2,TMP = NAME=>NAME( NAME = TMP NAME = TMP NAME = TMP ). | RESULT = TMP. | RETURN.,src/abap/2_statements/statement_parser.ts.StatementParser.match:1799,t80 = z_src_abap_2_s_ccda787b966b54=>z_member_recla_9cd6c9cb349aad( z_param_node_1324e81b8c7326 = t81 z_param_stmt_e3d6aed010b3f1 = t82 z_param_pragma_9ae3ad041053f6 = t84 ). result = t80. RETURN.
3,2,2,TMP = NAME=>NAME( NAME = TMP NAME = TMP NAME = TMP NAME = TMP ). | TMP = TMP. | DATA(TMP) = VALUE ABAP_BOOL( ).,src/abap/2_statements/statement_parser.ts.StatementParser.match:1720,t37 = z_src_abap_2_s_2c7826798d9e5a=>z_member_run_71be1bca84374a( z_param_runnab_587d840d3b55a3 = t38 z_param_tokens_3a66ced5b5b26a = t41 z_param_versio_03c630f56c8ab5 = t42 z_param_langua_0e1d0b4c220039 = t45 ). t36 = t37. DATA(t50) = VALUE abap_bool( ).
3,2,2,TMP = NEW NAME( NAME = TMP ). | APPEND TMP TO TMP->ITEMS. | DATA TMP TYPE REF TO NAME.,src/abap/2_statements/statement_parser.ts.StatementParser.match:1750,t62 = NEW z_src_abap_nod_935d26003cb490( z_param_token_06f9e7a29ec34c = t63 ). APPEND t62 TO t60->items. DATA t64 TYPE REF TO z_src_abap_nod_e445d254902ced.
2,2,2,TMP = NEW NAME( NAME = TMP NAME = TMP ). | APPEND TMP TO TMP->ITEMS.,src/abap/2_statements/statement_parser.ts.StatementParser.buildSplits:801,t39 = NEW z_shape_473586_63d6a1817ae64e( z_param_first_866ec5f6546ef7 = t40 z_param_second_6dbcfcd2e6b248 = t51 ). APPEND t39 TO t38->items.
2,2,0,TMP = NEW NAME( NAME = TMP NAME = TMP ). | RESULT = TMP.,src/abap/2_statements/statement_parser.ts.StatementParser.removePragma:1510,t24 = NEW z_shape_1349f3_c7bfd3d6c3d88d( z_param_tokens_3a66ced5b5b26a = t25 z_param_pragma_9ae3ad041053f6 = t35 ). result = t24.
3,2,0,TMP = NEW NAME( NAME = TMP NAME = TMP ). | RESULT = TMP. | RETURN.,src/abap/2_statements/statement_parser.ts.StatementParser.removePragma:1510,t24 = NEW z_shape_1349f3_c7bfd3d6c3d88d( z_param_tokens_3a66ced5b5b26a = t25 z_param_pragma_9ae3ad041053f6 = t35 ). result = t24. RETURN.
2,2,2,TMP = NEW NAME( NAME = TMP NAME = TMP NAME = TMP ). | DATA(TMP) = CAST NAME( TMP ).,src/abap/2_statements/statement_parser.ts.StatementParser.nativeSQL:1157,t88 = NEW z_src_abap_nod_e445d254902ced( z_param_statem_a93a3a61ab48a1 = t89 z_param_colon_efc6e029c59417 = t90 z_param_pragma_9ae3ad041053f6 = t91 ). DATA(t92) = CAST z_runtime_arra_c22708faf2e354( t75 ).
3,2,2,TMP = NEW NAME( NAME = TMP NAME = TMP NAME = TMP ). | DATA(TMP) = CAST NAME( TMP ). | TMP = TMP->NAME( NAME = TMP ).,src/abap/2_statements/statement_parser.ts.StatementParser.nativeSQL:1157,t88 = NEW z_src_abap_nod_e445d254902ced( z_param_statem_a93a3a61ab48a1 = t89 z_param_colon_efc6e029c59417 = t90 z_param_pragma_9ae3ad041053f6 = t91 ). DATA(t92) = CAST z_runtime_arra_c22708faf2e354( t75 ). t87 = t88->z_member_setch_22a4e757af9749( z_param_childr_9020c44e5b6ffa = t92 ).
2,2,1,TMP = NUM. | TMP = TMP.,src/abap/1_lexer/lexer.ts.Lexer.add:87,t15 = 0. t16 = t14.
3,2,1,TMP = NUM. | TMP = TMP. | DATA(TMP) = VALUE I( ).,src/abap/1_lexer/lexer.ts.Lexer.add:87,t15 = 0. t16 = t14. DATA(t17) = VALUE i( ).
2,2,2,TMP = TMP + NUM. | ELSE.,src/abap/1_lexer/lexer.ts.Lexer.add:117,t15 = t15 + 1. ELSE.
3,2,2,TMP = TMP + NUM. | ELSE. | EXIT.,src/abap/1_lexer/lexer.ts.Lexer.add:117,t15 = t15 + 1. ELSE. EXIT.
2,2,0,TMP = TMP + NUM. | READ TABLE TMP->ITEMS INDEX TMP INTO TMP.,src/abap/2_statements/statement_parser.ts.StatementParser.nativeAfter:2509,t35 = t35 + 1. READ TABLE t34->items INDEX t35 INTO t33.
3,2,0,TMP = TMP + NUM. | READ TABLE TMP->ITEMS INDEX TMP INTO TMP. | DATA(TMP) = CONV STRING( LIT ).,src/abap/2_statements/statement_parser.ts.StatementParser.nativeAfter:2509,t35 = t35 + 1. READ TABLE t34->items INDEX t35 INTO t33. DATA(t39) = CONV string( |ENDEXEC| ).
2,2,2,TMP = TMP + TMP. | TMP->NAME = TMP.,src/abap/1_lexer/lexer.ts.Lexer.process:1913,t81 = t82 + t83. t80->z_member_end_3f10c552cfc0e2 = t81.
2,2,2,TMP = TMP - NUM. | ELSE.,src/abap/1_lexer/lexer.ts.Lexer.add:150,t16 = t16 - 1. ELSE.
3,2,2,TMP = TMP - NUM. | ELSE. | EXIT.,src/abap/1_lexer/lexer.ts.Lexer.add:150,t16 = t16 - 1. ELSE. EXIT.
2,2,2,TMP = TMP - NUM. | TMP = TMP+TMP(NUM).,src/abap/1_lexer/lexer.ts.Lexer.add:126,t26 = t16 - 1. t27 = t3+t26(1).
3,2,2,TMP = TMP - NUM. | TMP = TMP+TMP(NUM). | DATA TMP TYPE C LENGTH NUM.,src/abap/1_lexer/lexer.ts.Lexer.add:126,t26 = t16 - 1. t27 = t3+t26(1). DATA t28 TYPE c LENGTH 1.
3,2,2,TMP = TMP - TMP. | TMP = TMP + NUM. | DATA TMP TYPE REF TO OBJECT.,src/abap/2_statements/statement_parser.ts.StatementParser.match:1736,t55 = t56 - t58. t55 = t55 + 1. DATA t59 TYPE REF TO object.
3,2,0,TMP = TMP - TMP. | TMP = TMP + NUM. | READ TABLE TMP->ITEMS INDEX TMP INTO TMP.,src/abap/2_statements/statement_parser.ts.StatementParser.nativeAfter:2508,t35 = t36 - t38. t35 = t35 + 1. READ TABLE t34->items INDEX t35 INTO t33.
3,2,1,TMP = TMP - TMP. | TMP = TMP+TMP(TMP). | ELSE.,src/abap/1_lexer/lexer.ts.Lexer.add:156,t14 = t16 - t15. t2 = t3+t15(t14). ELSE.
3,2,1,TMP = TMP - TMP. | TMP = TMP+TMP(TMP). | TMP = TMP.,src/abap/1_lexer/lexer.ts.Lexer.add:81,t13 = t11 - t9. t6 = t7+t9(t13). t3 = t6.
2,2,1,TMP = TMP - TMP. | TMP = TMP->SLICE2( P0 = TMP P1 = TMP ).,src/abap/2_statements/statement_parser.ts.StatementParser.nativeSQL:1139,t80 = t81 - t83. t77 = t78->slice2( p0 = t79 p1 = t80 ).
2,2,2,TMP = TMP - TMP. | TMP = XSDBOOL( TMP < TMP ).,src/abap/2_statements/statement_parser.ts.StatementParser.removePragma:1439,t8 = t9 - t11. t6 = xsdbool( t7 < t8 ).
3,2,2,TMP = TMP - TMP. | TMP = XSDBOOL( TMP < TMP ). | IF TMP = ABAP_FALSE.,src/abap/2_statements/statement_parser.ts.StatementParser.removePragma:1439,t8 = t9 - t11. t6 = xsdbool( t7 < t8 ). IF t6 = abap_false.
3,2,0,TMP = TMP+TMP(NUM). | ENDIF. | TMP = TMP.,src/abap/1_lexer/lexer.ts.Lexer.add:602,t237 = t238+t239(1). ENDIF. t236 = t237.
2,2,1,TMP = TMP+TMP(TMP). | ELSE.,src/abap/1_lexer/lexer.ts.Lexer.add:157,t2 = t3+t15(t14). ELSE.
3,2,1,TMP = TMP+TMP(TMP). | ELSE. | CLEAR TMP.,src/abap/1_lexer/lexer.ts.Lexer.add:157,t2 = t3+t15(t14). ELSE. CLEAR t2.
2,2,1,TMP = TMP+TMP(TMP). | TMP = TMP.,src/abap/1_lexer/lexer.ts.Lexer.add:82,t6 = t7+t9(t13). t3 = t6.
3,2,1,TMP = TMP+TMP(TMP). | TMP = TMP. | DATA(TMP) = CONV I( STRLEN( TMP ) ).,src/abap/1_lexer/lexer.ts.Lexer.add:82,t6 = t7+t9(t13). t3 = t6. DATA(t14) = CONV i( strlen( t3 ) ).
3,2,2,TMP = TMP->CONCAT( P0 = TMP ). | TMP = TMP. | DATA(TMP) = CAST NAME( TMP ).,src/abap/2_statements/statement_parser.ts.StatementParser.buildSplits:759,t46 = t47->concat( p0 = t48 ). t45 = t46. DATA(t49) = CAST z_runtime_arra_c22708faf2e354( t45 ).
2,2,1,TMP = TMP->NAME( ). | DATA(TMP) = CAST NAME( ME->NAME ).,src/abap/2_statements/combi.ts.Token.run:120,t22 = t23->z_builtin_clas_3f891b097658ff( ). DATA(t32) = CAST z_runtime_clas_a39833db329515( me->z_member_token_9f21cad060fb60 ).
3,2,1,TMP = TMP->NAME( ). | DATA(TMP) = CAST NAME( ME->NAME ). | TMP = XSDBOOL( TMP = TMP ).,src/abap/2_statements/combi.ts.Token.run:120,t22 = t23->z_builtin_clas_3f891b097658ff( ). DATA(t32) = CAST z_runtime_clas_a39833db329515( me->z_member_token_9f21cad060fb60 ). t21 = xsdbool( t22 = t32 ).
2,2,2,TMP = TMP->NAME( ). | DATA(TMP) = CONV I( STRLEN( TMP ) ).,src/abap/2_statements/statement_parser.ts.StatementParser.lazyUnknown:291,t13 = t14->z_member_conca_3dcb2677b6781c( ). DATA(t15) = CONV i( strlen( t13 ) ).
3,2,2,TMP = TMP->NAME( ). | DATA(TMP) = CONV I( STRLEN( TMP ) ). | TMP = TMP.,src/abap/2_statements/statement_parser.ts.StatementParser.lazyUnknown:291,t13 = t14->z_member_conca_3dcb2677b6781c( ). DATA(t15) = CONV i( strlen( t13 ) ). t12 = t13.
2,2,2,TMP = TMP->NAME( ). | TMP = ME->NAME( NAME = TMP ).,src/abap/2_statements/statement_parser.ts.StatementParser.lazyUnknown:549,t76 = t77->z_member_getto_78be2ed397daf0( ). t75 = me->z_member_build_6105188c97623d( z_param_tokens_3a66ced5b5b26a = t76 ).
3,2,1,TMP = TMP->NAME( ). | TMP = TMP. | DATA(TMP) = VALUE ABAP_BOOL( ).,src/abap/2_statements/statement_parser.ts.StatementParser.categorizeStatement:1267,t13 = t14->z_member_getla_9ba4a247c38ea9( ). t12 = t13. DATA(t15) = VALUE abap_bool( ).
3,2,1,TMP = TMP->NAME( ). | TMP = XSDBOOL( TMP IS BOUND AND TMP IS INSTANCE OF NAME ). | IF TMP = ABAP_TRUE.,src/abap/2_statements/statement_parser.ts.StatementParser.categorizeStatement:1313,t34 = t35->z_member_get_i_d31d9d82ef6654( ). t33 = xsdbool( t34 IS BOUND AND t34 IS INSTANCE OF z_src_abap_2_s_c990227e6b7609 ). IF t33 = abap_true.
3,2,2,TMP = TMP->NAME( ). | TMP = XSDBOOL( TMP IS BOUND AND TMP IS INSTANCE OF NAME ). | TMP = XSDBOOL( TMP = ABAP_FALSE ).,src/abap/2_statements/statement_parser.ts.StatementParser.lazyUnknown:607,t102 = t103->z_member_get_i_d31d9d82ef6654( ). t101 = xsdbool( t102 IS BOUND AND t102 IS INSTANCE OF z_src_abap_2_s_c990227e6b7609 ). t100 = xsdbool( t101 = abap_false ).
2,2,2,TMP = TMP->NAME( NAME = TMP ). | APPEND TMP TO TMP->ITEMS.,src/abap/2_statements/statement_parser.ts.StatementParser.lazyUnknown:638,t109 = t110->z_member_setch_22a4e757af9749( z_param_childr_9020c44e5b6ffa = t114 ). APPEND t109 TO t108->items.
2,2,0,TMP = TMP->NAME( NAME = TMP ). | RESULT = TMP.,src/abap/2_statements/combi.ts.Plus.run:68,t2 = t3->z_member_run_71be1bca84374a( z_param_r_f634cd02b53efc = t4 ). result = t2.
3,2,0,TMP = TMP->NAME( NAME = TMP ). | RESULT = TMP. | RETURN.,src/abap/2_statements/combi.ts.Plus.run:68,t2 = t3->z_member_run_71be1bca84374a( z_param_r_f634cd02b53efc = t4 ). result = t2. RETURN.
2,2,2,TMP = TMP->NAME( NAME = TMP ). | TMP = TMP + NUM.,src/abap/2_statements/statement_parser.ts.StatementParser.nativeSQL:964,t43 = t44->z_member_setch_22a4e757af9749( z_param_childr_9020c44e5b6ffa = t48 ). t42 = t42 + 1.
3,2,2,TMP = TMP->NAME( NAME = TMP ). | TMP = TMP + NUM. | DATA TMP TYPE REF TO OBJECT.,src/abap/2_statements/statement_parser.ts.StatementParser.nativeSQL:964,t43 = t44->z_member_setch_22a4e757af9749( z_param_childr_9020c44e5b6ffa = t48 ). t42 = t42 + 1. DATA t51 TYPE REF TO object.
3,2,1,TMP = TMP->NAME( NAME = TMP ). | TMP = TMP. | DATA(TMP) = CAST NAME( TMP ).,src/abap/2_statements/combi.ts.Expression.run:90,t19 = t20->z_member_run_o_b86da49c574129( z_param_x_af55868a593612 = t22 ). t18 = t19. DATA(t23) = CAST z_runtime_arra_c22708faf2e354( t18 ).
2,2,2,TMP = TMP->NAME( NAME = TMP NAME = TMP ). | APPEND TMP TO TMP->ITEMS.,src/abap/2_statements/combi.ts.Expression.run:172,t57 = t58->z_member_wrapc_402ce4e1f019a6( z_param_consum_74b8bf7d11c654 = t59 z_param_node_1324e81b8c7326 = t60 ). APPEND t57 TO t56->items.
3,2,2,TMP = TMP->NAME( NAME = TMP NAME = TMP ). | APPEND TMP TO TMP->ITEMS. | ELSE.,src/abap/2_statements/combi.ts.Expression.run:172,t57 = t58->z_member_wrapc_402ce4e1f019a6( z_param_consum_74b8bf7d11c654 = t59 z_param_node_1324e81b8c7326 = t60 ). APPEND t57 TO t56->items. ELSE.
3,2,2,TMP = TMP->NAME. | DATA(TMP) = CAST NAME( TMP ). | TMP = NAME=>NAME( NAME = TMP NAME = TMP NAME = TMP ).,src/abap/2_statements/statement_parser.ts.StatementParser.match:1797,t82 = t83->z_member_state_fbc12784ac67a3. DATA(t84) = CAST z_runtime_arra_c22708faf2e354( t11 ). t80 = z_src_abap_2_s_ccda787b966b54=>z_member_recla_9cd6c9cb349aad( z_param_node_1324e81b8c7326 = t81 z_param_stmt_e3d6aed010b3f1 = t82 z_param_pragma_9ae3ad041053f6 = t84 ).
2,2,2,TMP = TMP->NAME. | DATA(TMP) = CONV ABAP_BOOL( ABAP_TRUE ).,src/abap/1_lexer/lexer.ts.Lexer.process:1887,t68 = t69->z_member_empty_a4a6dfca0b3692. DATA(t70) = CONV abap_bool( abap_true ).
3,2,2,TMP = TMP->NAME. | DATA(TMP) = CONV ABAP_BOOL( ABAP_TRUE ). | TMP = XSDBOOL( TMP = TMP ).,src/abap/1_lexer/lexer.ts.Lexer.process:1887,t68 = t69->z_member_empty_a4a6dfca0b3692. DATA(t70) = CONV abap_bool( abap_true ). t67 = xsdbool( t68 = t70 ).
3,2,2,TMP = TMP->NAME. | DATA(TMP) = CONV I( LIT ). | TMP = XSDBOOL( TMP < TMP ).,src/abap/1_lexer/lexer.ts.Lexer.process:1786,t25 = t26->z_member_offse_4eb7e0915312eb. DATA(t27) = CONV i( '0' ). t24 = xsdbool( t25 < t27 ).
3,2,2,TMP = TMP->NAME. | DATA(TMP) = CONV I( STRLEN( TMP ) ). | IF TMP < NUM OR TMP >= TMP.,src/abap/1_lexer/lexer.ts.Lexer.process:1820,t44 = t45->z_member_offse_4eb7e0915312eb. DATA(t46) = CONV i( strlen( t42 ) ). IF t44 < 0 OR t44 >= t46.
3,2,1,TMP = TMP->NAME. | DATA(TMP) = CONV I( STRLEN( TMP ) ). | TMP = COND I( WHEN TMP < NUM THEN NUM WHEN TMP > TMP THEN TMP ELSE TMP ).,src/abap/1_lexer/lexer.ts.Lexer.add:72,t11 = t12->z_member_end_3f10c552cfc0e2. DATA(t13) = CONV i( strlen( t7 ) ). t9 = COND i( WHEN t9 < 0 THEN 0 WHEN t9 > t13 THEN t13 ELSE t9 ).
3,2,2,TMP = TMP->NAME. | DATA(TMP) = CONV I( TMP ). | DATA TMP TYPE REF TO NAME.,src/abap/2_statements/statement_parser.ts.StatementParser.nativeSQL:945,t40 = t41->z_member_state_9163ed41d98ddd. DATA(t42) = CONV i( t4 ). DATA t43 TYPE REF TO z_src_abap_nod_e445d254902ced.
3,2,2,TMP = TMP->NAME. | TMP = TMP. | DATA(TMP) = CAST NAME( TMP ).,src/abap/2_statements/statement_parser.ts.StatementParser.match:1692,t39 = t40->z_member_match_73a95351950243. t38 = t39. DATA(t41) = CAST z_runtime_arra_c22708faf2e354( t8 ).
3,2,1,TMP = TMP->NAME. | TMP = TMP. | DATA(TMP) = CONV STRING( ME->NAME ).,src/abap/2_statements/combi.ts.Word.run:225,t33 = t34->z_member_strup_d4c097dcba87bc. t22 = t33. DATA(t35) = CONV string( me->z_member_s_f3835518d3428a ).
3,2,1,TMP = TMP->NAME. | TMP = TMP. | DATA(TMP) = VALUE ABAP_BOOL( ).,src/abap/2_statements/statement_parser.ts.StatementParser.lazyUnknown:569,t84 = t85->z_member_secon_2f41ca3986312a. t83 = t84. DATA(t86) = VALUE abap_bool( ).
2,2,2,TMP = TMP->POP( ). | TMP ?= TMP.,src/abap/2_statements/statement_parser.ts.StatementParser.process:2229,t134 = t133->pop( ). t132 ?= t134.
2,2,2,TMP = TMP->SLICE2( P0 = TMP P1 = TMP ). | TMP = ME->NAME( NAME = TMP ).,src/abap/2_statements/statement_parser.ts.StatementParser.nativeSQL:1123,t67 = t68->slice2( p0 = t69 p1 = t73 ). t66 = me->z_member_token_ee139da5443484( z_param_tokens_3a66ced5b5b26a = t67 ).
3,2,2,TMP = TMP->SLICE2( P0 = TMP P1 = TMP ). | TMP = ME->NAME( NAME = TMP ). | TMP = TMP.,src/abap/2_statements/statement_parser.ts.StatementParser.nativeSQL:1123,t67 = t68->slice2( p0 = t69 p1 = t73 ). t66 = me->z_member_token_ee139da5443484( z_param_tokens_3a66ced5b5b26a = t67 ). t65 = t66.
3,2,0,TMP = TMP. | DATA(TMP) = CAST NAME( TMP ). | ME->NAME = TMP.,src/abap/1_lexer/lexer.ts.Lexer.process:1754,t2 = t3. DATA(t10) = CAST z_src_abap_1_l_4d08aedee14b5b( t2 ). me->z_member_strea_a7723f2d8ee36b = t10.
3,2,1,TMP = TMP. | DATA(TMP) = CAST NAME( TMP ). | TMP = TMP->NAME( NAME = TMP ).,src/abap/2_statements/combi.ts.Expression.run:88,t20 = t21. DATA(t22) = CAST z_src_abap_2_s_b6c5f651b292e5( t16 ). t19 = t20->z_member_run_o_b86da49c574129( z_param_x_af55868a593612 = t22 ).
3,2,2,TMP = TMP. | DATA(TMP) = CAST NAME( TMP ). | TMP = TMP.,src/abap/2_statements/statement_parser.ts.StatementParser.buildSplits:760,t45 = t46. DATA(t49) = CAST z_runtime_arra_c22708faf2e354( t45 ). t42 = t49.
3,2,0,TMP = TMP. | DATA(TMP) = CONV I( LIT ). | TMP = XSDBOOL( TMP > TMP ).,src/abap/1_lexer/lexer.ts.Lexer.add:166,t34 = t36. DATA(t37) = CONV i( '0' ). t33 = xsdbool( t34 > t37 ).
3,2,1,TMP = TMP. | DATA(TMP) = CONV I( STRLEN( TMP ) ). | DATA(TMP) = VALUE I( ).,src/abap/1_lexer/lexer.ts.Lexer.add:83,t3 = t6. DATA(t14) = CONV i( strlen( t3 ) ). DATA(t15) = VALUE i( ).
3,2,2,TMP = TMP. | DATA(TMP) = CONV INT8( NUM ). | TMP = XSDBOOL( TMP = TMP ).,src/abap/1_lexer/lexer.ts.Lexer.process:2525,t324 = t327. DATA(t334) = CONV int8( 1 ). t323 = xsdbool( t324 = t334 ).
2,2,1,TMP = TMP. | DATA(TMP) = CONV INT8( TMP ).,src/abap/2_statements/result.ts.Result.peekAt:137,t8 = t9. DATA(t10) = CONV int8( t1 ).
2,2,1,TMP = TMP. | DATA(TMP) = CONV STRING( ME->NAME ).,src/abap/2_statements/combi.ts.Word.run:226,t22 = t33. DATA(t35) = CONV string( me->z_member_s_f3835518d3428a ).
3,2,1,TMP = TMP. | DATA(TMP) = CONV STRING( ME->NAME ). | TMP = XSDBOOL( TMP = TMP ).,src/abap/2_statements/combi.ts.Word.run:226,t22 = t33. DATA(t35) = CONV string( me->z_member_s_f3835518d3428a ). t21 = xsdbool( t22 = t35 ).
3,2,0,TMP = TMP. | DATA(TMP) = VALUE ABAP_BOOL( ). | DATA TMP TYPE REF TO NAME.,src/abap/2_statements/combi.ts.Expression.run:43,t2 = t3. DATA(t4) = VALUE abap_bool( ). DATA t5 TYPE REF TO z_src_abap_2_s_e1e980746d06e1.
3,2,0,TMP = TMP. | DATA(TMP) = VALUE ABAP_BOOL( ). | DATA(TMP) = CONV ABAP_BOOL( ABAP_FALSE ).,src/abap/1_lexer/lexer.ts.Lexer.add:191,t44 = t45. DATA(t50) = VALUE abap_bool( ). DATA(t51) = CONV abap_bool( abap_false ).
3,2,1,TMP = TMP. | DATA(TMP) = VALUE ABAP_BOOL( ). | DATA(TMP) = CONV ABAP_BOOL( ABAP_TRUE ).,src/abap/2_statements/combi.ts.Sequence.run:98,t7 = t8. DATA(t14) = VALUE abap_bool( ). DATA(t15) = CONV abap_bool( abap_true ).
3,2,1,TMP = TMP. | DATA(TMP) = VALUE ABAP_BOOL( ). | DATA(TMP) = CONV INT8( ME->NAME ).,src/abap/1_lexer/lexer.ts.Lexer.add:547,t211 = t212. DATA(t213) = VALUE abap_bool( ). DATA(t214) = CONV int8( me->z_member_m_db4a69995aff75 ).
3,2,0,TMP = TMP. | DATA(TMP) = VALUE I( ). | DATA(TMP) = CONV STRING( TMP ).,src/abap/1_lexer/lexer.ts.Lexer.add:209,t54 = t55. DATA(t61) = VALUE i( ). DATA(t62) = CONV string( t1 ).
3,2,0,TMP = TMP. | ENDDO. | DATA TMP TYPE REF TO NAME.,src/abap/2_statements/result.ts.Result.wrapConsumed:300,t5 = t32. ENDDO. DATA t35 TYPE REF TO z_src_abap_nod_582169980ca52f.
3,2,0,TMP = TMP. | ENDIF. | ENDLOOP.,src/abap/2_statements/combi.ts.Alternative.run:123,t19 = t25. ENDIF. ENDLOOP.
3,2,2,TMP = TMP. | ENDIF. | TMP = NAME=>NAME( NAME = TMP NAME = TMP NAME = TMP NAME = TMP ).,src/abap/2_statements/statement_parser.ts.StatementParser.match:1718,t45 = t49. ENDIF. t37 = z_src_abap_2_s_2c7826798d9e5a=>z_member_run_71be1bca84374a( z_param_runnab_587d840d3b55a3 = t38 z_param_tokens_3a66ced5b5b26a = t41 z_param_versio_03c630f56c8ab5 = t42 z_param_langua_0e1d0b4c220039 = t45 ).
3,2,1,TMP = TMP. | ENDIF. | TMP = TMP - TMP.,src/abap/1_lexer/lexer.ts.Lexer.add:79,t11 = t13. ENDIF. t13 = t11 - t9.
3,2,2,TMP = TMP. | ENDIF. | TMP = XSDBOOL( TMP = ABAP_FALSE ).,src/abap/1_lexer/lexer.ts.Lexer.process:2698,t398 = t402. ENDIF. t397 = xsdbool( t398 = abap_false ).
3,2,0,TMP = TMP. | IF TMP = ABAP_TRUE. | DATA(TMP) = CONV ABAP_BOOL( TMP ).,src/abap/2_statements/statement_parser.ts.StatementParser.categorizeStatement:1279,t18 = t19. IF t19 = abap_true. DATA(t22) = CONV abap_bool( t15 ).
3,2,2,TMP = TMP. | IF TMP = ABAP_TRUE. | EXIT.,src/abap/2_statements/result.ts.Result.getNodes:412,t15 = t20. IF t15 = abap_true. EXIT.
3,2,2,TMP = TMP. | ME->NAME = TMP. | ENDIF.,src/abap/1_lexer/lexer.ts.Lexer.process:2756,t421 = t422. me->z_member_m_db4a69995aff75 = t421. ENDIF.
3,2,0,TMP = TMP. | TMP = TMP - TMP. | TMP = TMP.,src/abap/1_lexer/lexer.ts.Lexer.add:213,t61 = t63. t53 = t54 - t61. t52 = t53.
2,2,2,TMP = TMP. | TMP = TMP+TMP(NUM).,src/abap/1_lexer/lexer.ts.Lexer.add:93,t18 = t15. t19 = t3+t18(1).
3,2,2,TMP = TMP. | TMP = TMP+TMP(NUM). | DATA TMP TYPE C LENGTH NUM.,src/abap/1_lexer/lexer.ts.Lexer.add:93,t18 = t15. t19 = t3+t18(1). DATA t20 TYPE c LENGTH 1.
2,2,1,TMP = TMP. | TMP = TMP->NAME( ).,src/abap/2_statements/combi.ts.Token.run:119,t23 = t26. t22 = t23->z_builtin_clas_3f891b097658ff( ).
3,2,1,TMP = TMP. | TMP = TMP->NAME( ). | DATA(TMP) = CAST NAME( ME->NAME ).,src/abap/2_statements/combi.ts.Token.run:119,t23 = t26. t22 = t23->z_builtin_clas_3f891b097658ff( ). DATA(t32) = CAST z_runtime_clas_a39833db329515( me->z_member_token_9f21cad060fb60 ).
3,2,2,TMP = TMP. | TMP = TMP->NAME. | TMP = TMP.,src/abap/2_statements/result.ts.Result.getNodes:443,t30 = t31. t29 = t30->z_member_previ_9b5a3993612e75. t6 = t29.
3,2,1,TMP = TMP. | TMP = TMP. | DATA TMP TYPE REF TO NAME.,src/abap/1_lexer/lexer.ts.Lexer.process:1853,t19 = t20. t18 = t19. DATA t53 TYPE REF TO z_src_abap_1_l_cca5bd2c711d39.
3,2,0,TMP = TMP. | TMP = TMP. | DATA(TMP) = VALUE INT8( ).,src/abap/1_lexer/lexer.ts.Lexer.add:179,t39 = t42. t38 = t39. DATA(t44) = VALUE int8( ).
3,2,1,TMP = TMP. | TMP = TMP. | DATA(TMP) = VALUE STRING( ).,src/abap/2_statements/combi.ts.Word.run:221,t24 = t27. t23 = t24. DATA(t33) = VALUE string( ).
3,2,1,TMP = TMP. | TMP = TMP. | TMP = TMP->NAME( NAME = TMP ).,src/abap/2_statements/statement_parser.ts.StatementParser.categorizeStatement:1410,t67 = t70. t63 = t67. t49 = t50->z_member_setch_22a4e757af9749( z_param_childr_9020c44e5b6ffa = t63 ).
3,2,2,TMP = TMP. | TMP = XSDBOOL( TMP = -NUM OR TMP = NUM OR TMP = NUM OR TMP = NUM OR TMP = NUM OR TMP = NUM OR TMP = NUM OR TMP = NUM OR TMP = NUM OR TMP = NUM OR TMP = NUM OR TMP = NUM ). | IF TMP = ABAP_TRUE.,src/abap/1_lexer/lexer.ts.Lexer.process:2727,t413 = t414. t412 = xsdbool( t413 = -1 OR t413 = 32 OR t413 = 9 OR t413 = 10 OR t413 = 46 OR t413 = 44 OR t413 = 58 OR t413 = 34 OR t413 = 40 OR t413 = 41 OR t413 = 91 OR t413 = 93 ). IF t412 = abap_true.
2,2,2,TMP = TMP. | TMP->OVAL = TMP.,src/abap/2_statements/statement_parser.ts.StatementParser.match:1703,t44 = t43. t42->oval = t44.
3,2,2,TMP = TMP. | TMP->OVAL = TMP. | ENDIF.,src/abap/2_statements/statement_parser.ts.StatementParser.match:1703,t44 = t43. t42->oval = t44. ENDIF.
2,2,2,TMP = XSDBOOL( TMP <> TMP ). | IF TMP = ABAP_TRUE.,src/abap/2_statements/combi.ts.Permutation.run:125,t20 = xsdbool( t21 <> t23 ). IF t20 = abap_true.
2,2,2,TMP = XSDBOOL( TMP = -NUM OR TMP = NUM OR TMP = NUM OR TMP = NUM OR TMP = NUM OR TMP = NUM OR TMP = NUM OR TMP = NUM OR TMP = NUM OR TMP = NUM OR TMP = NUM OR TMP = NUM ). | IF TMP = ABAP_TRUE.,src/abap/1_lexer/lexer.ts.Lexer.process:2728,t412 = xsdbool( t413 = -1 OR t413 = 32 OR t413 = 9 OR t413 = 10 OR t413 = 46 OR t413 = 44 OR t413 = 58 OR t413 = 34 OR t413 = 40 OR t413 = 41 OR t413 = 91 OR t413 = 93 ). IF t412 = abap_true.
3,2,2,TMP = XSDBOOL( TMP = -NUM OR TMP = NUM OR TMP = NUM OR TMP = NUM OR TMP = NUM OR TMP = NUM OR TMP = NUM OR TMP = NUM OR TMP = NUM OR TMP = NUM OR TMP = NUM OR TMP = NUM ). | IF TMP = ABAP_TRUE. | ME->NAME( ).,src/abap/1_lexer/lexer.ts.Lexer.process:2728,t412 = xsdbool( t413 = -1 OR t413 = 32 OR t413 = 9 OR t413 = 10 OR t413 = 46 OR t413 = 44 OR t413 = 58 OR t413 = 34 OR t413 = 40 OR t413 = 41 OR t413 = 91 OR t413 = 93 ). IF t412 = abap_true. me->z_member_add_51c1bb18694a11( ).
3,2,2,TMP = XSDBOOL( TMP = TMP ). | IF TMP = ABAP_TRUE. | CONTINUE.,src/abap/2_statements/combi.ts.Regex.run:87,t7 = xsdbool( t8 = t19 ). IF t7 = abap_true. CONTINUE.
3,2,2,TMP = XSDBOOL( TMP = TMP ). | IF TMP = ABAP_TRUE. | DATA(TMP) = CONV ABAP_BOOL( ABAP_FALSE ).,src/abap/2_statements/combi.ts.Sequence.run:120,t22 = xsdbool( t23 = t25 ). IF t22 = abap_true. DATA(t26) = CONV abap_bool( abap_false ).
3,2,2,TMP = XSDBOOL( TMP = TMP ). | IF TMP = ABAP_TRUE. | ME->NAME( ).,src/abap/1_lexer/lexer.ts.Lexer.process:2108,t162 = xsdbool( t163 = t164 ). IF t162 = abap_true. me->z_member_add_51c1bb18694a11( ).
3,2,1,TMP = XSDBOOL( TMP IS BOUND AND TMP IS INSTANCE OF NAME ). | IF TMP = ABAP_TRUE. | DATA(TMP) = CAST NAME( TMP ).,src/abap/2_statements/combi.ts.Star.run:133,t42 = xsdbool( t43 IS BOUND AND t43 IS INSTANCE OF z_src_abap_2_s_d3562c97fc1358 ). IF t42 = abap_true. DATA(t44) = CAST z_runtime_arra_c22708faf2e354( t2 ).
3,2,1,TMP = XSDBOOL( TMP IS BOUND AND TMP IS INSTANCE OF NAME ). | TMP = TMP. | ENDIF.,src/abap/2_statements/statement_parser.ts.StatementParser.categorizeStatement:1341,t47 = xsdbool( t48 IS BOUND AND t48 IS INSTANCE OF z_src_abap_1_l_7a3d03a814f6ff ). t43 = t47. ENDIF.
3,2,2,TMP = XSDBOOL( TMP IS BOUND AND TMP IS INSTANCE OF NAME ). | TMP = TMP. | IF TMP = ABAP_FALSE.,src/abap/2_statements/statement_parser.ts.StatementParser.nativeSQL:898,t21 = xsdbool( t22 IS BOUND AND t22 IS INSTANCE OF z_src_abap_2_s_6b9b28505cb126 ). t20 = t21. IF t21 = abap_false.
3,2,2,TMP = XSDBOOL( TMP IS BOUND AND TMP IS INSTANCE OF NAME ). | TMP = XSDBOOL( TMP = ABAP_FALSE ). | TMP = TMP.,src/abap/2_statements/statement_parser.ts.StatementParser.lazyUnknown:608,t101 = xsdbool( t102 IS BOUND AND t102 IS INSTANCE OF z_src_abap_2_s_c990227e6b7609 ). t100 = xsdbool( t101 = abap_false ). t99 = t100.
3,2,2,TMP ?= TMP. | DATA(TMP) = CAST NAME( TMP ). | TMP = TMP->NAME( NAME = TMP ).,src/abap/2_statements/combi.ts.Permutation.run:116,t15 ?= t18. DATA(t19) = CAST z_runtime_arra_c22708faf2e354( t1 ). t14 = t15->z_member_run_71be1bca84374a( z_param_r_f634cd02b53efc = t19 ).
2,2,2,TMP ?= TMP. | DATA(TMP) = VALUE INT8( ).,src/abap/2_statements/combi.ts.Expression.run:98,t24 ?= t25. DATA(t26) = VALUE int8( ).
3,2,2,TMP ?= TMP. | DATA(TMP) = VALUE INT8( ). | DATA(TMP) = VALUE INT8( ).,src/abap/2_statements/combi.ts.Expression.run:98,t24 ?= t25. DATA(t26) = VALUE int8( ). DATA(t27) = VALUE int8( ).
3,2,1,TMP ?= TMP. | TMP = TMP. | TMP = TMP->NAME( ).,src/abap/2_statements/combi.ts.Token.run:118,t26 ?= t31. t23 = t26. t22 = t23->z_builtin_clas_3f891b097658ff( ).
2,2,2,TMP->NAME = TMP. | ENDIF.,src/abap/1_lexer/lexer.ts.Lexer.process:1907,t78->z_member_empty_a4a6dfca0b3692 = t79. ENDIF.
2,2,2,TMP->OVAL = TMP. | ENDIF.,src/abap/2_statements/statement_parser.ts.StatementParser.match:1704,t42->oval = t44. ENDIF.
3,2,2,TMP->OVAL = TMP. | ENDIF. | DATA TMP TYPE REF TO NAME.,src/abap/2_statements/statement_parser.ts.StatementParser.match:1704,t42->oval = t44. ENDIF. DATA t45 TYPE REF TO z_runtime_opti_4ba3bdccd169bb.
2,2,2,TMP->TAG = NAME=>TAG_REF. | DATA TMP TYPE REF TO OBJECT.,src/abap/2_statements/statement_parser.ts.StatementParser.match:1700,t42->tag = z_runtime_dyna_a429568d5be89e=>tag_ref. DATA t44 TYPE REF TO object.
3,2,2,TMP->TAG = NAME=>TAG_REF. | DATA TMP TYPE REF TO OBJECT. | CLEAR TMP.,src/abap/2_statements/statement_parser.ts.StatementParser.match:1700,t42->tag = z_runtime_dyna_a429568d5be89e=>tag_ref. DATA t44 TYPE REF TO object. CLEAR t44.
2,2,1,WHILE TMP < TMP. | TMP = TMP.,src/abap/1_lexer/lexer.ts.Lexer.add:92,WHILE t15 < t16. t18 = t15.
3,2,1,WHILE TMP < TMP. | TMP = TMP. | TMP = TMP+TMP(NUM).,src/abap/1_lexer/lexer.ts.Lexer.add:92,WHILE t15 < t16. t18 = t15. t19 = t3+t18(1).
2,2,1,WHILE TMP > TMP. | TMP = TMP - NUM.,src/abap/1_lexer/lexer.ts.Lexer.add:125,WHILE t16 > t15. t26 = t16 - 1.
3,2,1,WHILE TMP > TMP. | TMP = TMP - NUM. | TMP = TMP+TMP(NUM).,src/abap/1_lexer/lexer.ts.Lexer.add:125,WHILE t16 > t15. t26 = t16 - 1. t27 = t3+t26(1).
2,1,1,APPEND TMP TO TMP->ITEMS. | CONTINUE.,src/abap/2_statements/statement_parser.ts.StatementParser.process:2024,APPEND t18 TO t16->items. CONTINUE.
3,1,1,APPEND TMP TO TMP->ITEMS. | CONTINUE. | ENDIF.,src/abap/2_statements/statement_parser.ts.StatementParser.process:2024,APPEND t18 TO t16->items. CONTINUE. ENDIF.
3,1,0,APPEND TMP TO TMP->ITEMS. | DATA(TMP) = CAST NAME( TMP ). | RESULT = TMP.,src/abap/2_statements/statement_parser.ts.StatementParser.tokensToNodes_one:2639,APPEND t7 TO t6->items. DATA(t9) = CAST z_runtime_arra_c22708faf2e354( t2 ). result = t9.
2,1,1,APPEND TMP TO TMP->ITEMS. | DATA(TMP) = VALUE I( ).,src/abap/2_statements/statement_parser.ts.StatementParser.buildSplits:841,APPEND t77 TO t76->items. DATA(t81) = VALUE i( ).
3,1,1,APPEND TMP TO TMP->ITEMS. | DATA(TMP) = VALUE I( ). | DATA(TMP) = CONV I( TMP ).,src/abap/2_statements/statement_parser.ts.StatementParser.buildSplits:841,APPEND t77 TO t76->items. DATA(t81) = VALUE i( ). DATA(t82) = CONV i( t18 ).
2,1,1,APPEND TMP TO TMP->ITEMS. | DATA(TMP) = VALUE INT8( ).,src/abap/2_statements/result.ts.Result.wrapConsumed:268,APPEND t20 TO t19->items. DATA(t23) = VALUE int8( ).
3,1,1,APPEND TMP TO TMP->ITEMS. | DATA(TMP) = VALUE INT8( ). | DATA(TMP) = CONV INT8( TMP ).,src/abap/2_statements/result.ts.Result.wrapConsumed:268,APPEND t20 TO t19->items. DATA(t23) = VALUE int8( ). DATA(t24) = CONV int8( t1 ).
2,1,1,APPEND TMP TO TMP->ITEMS. | DATA(TMP) = VALUE STRING( ).,src/abap/2_statements/statement_parser.ts.StatementParser.process:2029,APPEND t38 TO t37->items. DATA(t39) = VALUE string( ).
3,1,1,APPEND TMP TO TMP->ITEMS. | DATA(TMP) = VALUE STRING( ). | DATA(TMP) = VALUE STRING( ).,src/abap/2_statements/statement_parser.ts.StatementParser.process:2029,APPEND t38 TO t37->items. DATA(t39) = VALUE string( ). DATA(t40) = VALUE string( ).
3,1,0,APPEND TMP TO TMP->ITEMS. | ENDIF. | DATA TMP TYPE REF TO NAME.,src/abap/1_lexer/lexer.ts.Lexer.add:1708,APPEND t738 TO t737->items. ENDIF. DATA t740 TYPE REF TO z_src_abap_1_l_cca5bd2c711d39.
3,1,1,APPEND TMP TO TMP->ITEMS. | ENDIF. | DATA(TMP) = VALUE I( ).,src/abap/2_statements/statement_parser.ts.StatementParser.removePragma:1567,APPEND t62 TO t61->items. ENDIF. DATA(t63) = VALUE i( ).
3,1,1,APPEND TMP TO TMP->ITEMS. | ENDIF. | DATA(TMP) = VALUE INT8( ).,src/abap/2_statements/statement_parser.ts.StatementParser.buildSplits:802,APPEND t39 TO t38->items. ENDIF. DATA(t64) = VALUE int8( ).
2,1,1,APPEND TMP TO TMP->ITEMS. | TMP = TMP - NUM.,src/abap/2_statements/result.ts.Result.getNodes:372,APPEND t5 TO t2->items. t3 = t3 - 1.
3,1,0,APPEND TMP TO TMP->ITEMS. | TMP = TMP - NUM. | ENDWHILE.,src/abap/2_statements/result.ts.Result.getNodes:372,APPEND t5 TO t2->items. t3 = t3 - 1. ENDWHILE.
2,1,0,CATCH NAME INTO TMP. | DATA(TMP) = CAST NAME( TMP->PAYLOAD ).,src/abap/2_statements/combi.ts.Star.run:129,CATCH z_exception_cl_30eec8e8805d60 INTO t4. DATA(t41) = CAST z_builtin_erro_e8b3bd7e8a547c( t4->payload ).
3,1,0,CATCH NAME INTO TMP. | DATA(TMP) = CAST NAME( TMP->PAYLOAD ). | DATA(TMP) = VALUE ABAP_BOOL( ).,src/abap/2_statements/combi.ts.Star.run:129,CATCH z_exception_cl_30eec8e8805d60 INTO t4. DATA(t41) = CAST z_builtin_erro_e8b3bd7e8a547c( t4->payload ). DATA(t42) = VALUE abap_bool( ).
3,1,0,CLEAR TMP. | CLEAR TMP. | WHILE TMP > NUM.,src/abap/2_statements/result.ts.Result.getNodes:369,CLEAR t5. CLEAR t5. WHILE t3 > 0.
3,1,0,CLEAR TMP. | CREATE OBJECT TMP. | DATA(TMP) = VALUE I( ).,src/abap/2_statements/result.ts.Result.getNodes:360,CLEAR t2. CREATE OBJECT t2. DATA(t3) = VALUE i( ).
3,1,0,CLEAR TMP. | DATA(TMP) = CAST NAME( ME->NAME ). | DATA(TMP) = CONV I( ME->NAME ).,src/abap/2_statements/result.ts.Result.peek:101,CLEAR t1. DATA(t2) = CAST z_runtime_arra_c22708faf2e354( me->z_member_token_ed4bfabc8c4cec ). DATA(t3) = CONV i( me->z_member_token_62f41b3bcb0bad ).
3,1,1,CLEAR TMP. | DATA(TMP) = CAST NAME( ME->NAME ). | DATA(TMP) = CONV I( TMP ).,src/abap/2_statements/combi.ts.Permutation.run:109,CLEAR t15. DATA(t16) = CAST z_runtime_arra_c22708faf2e354( me->z_member_list_484fd43dd9f8d0 ). DATA(t17) = CONV i( t7 ).
3,1,0,CLEAR TMP. | DATA(TMP) = CAST NAME( ME->NAME ). | DATA(TMP) = VALUE I( ).,src/abap/2_statements/result.ts.Result.peekAt:131,CLEAR t4. DATA(t5) = CAST z_runtime_arra_c22708faf2e354( me->z_member_token_ed4bfabc8c4cec ). DATA(t6) = VALUE i( ).
3,1,0,CLEAR TMP. | DATA(TMP) = CAST NAME( ME->NAME ). | DATA(TMP) = VALUE INT8( ).,src/abap/2_statements/result.ts.Result.shift:172,CLEAR t2. DATA(t3) = CAST z_runtime_arra_c22708faf2e354( me->z_member_token_ed4bfabc8c4cec ). DATA(t4) = VALUE int8( ).
3,1,0,CLEAR TMP. | DATA(TMP) = CAST NAME( ME->NAME ). | TMP = TMP->SLICE0( ).,src/abap/2_statements/combi.ts.Permutation.run:87,CLEAR t5. DATA(t6) = CAST z_runtime_arra_c22708faf2e354( me->z_member_list_484fd43dd9f8d0 ). t5 = t6->slice0( ).
3,1,0,CLEAR TMP. | DATA(TMP) = CAST NAME( NAME=>NAME ). | DATA(TMP) = CONV STRING( LIT ).,src/abap/2_statements/statement_parser.ts.StatementParser.match:1805,CLEAR t85. DATA(t86) = CAST z_src_abap_2_s_ae66e7a3c47085( z_src_abap_2_s_133beb1c8ec314=>z_member_map_dd23ae04a8f1b1 ). DATA(t87) = CONV string( || ).
3,1,0,CLEAR TMP. | DATA(TMP) = CAST NAME( NAME=>NAME ). | DATA(TMP) = VALUE STRING( ).,src/abap/2_statements/statement_parser.ts.StatementParser.match:1659,CLEAR t25. DATA(t26) = CAST z_src_abap_2_s_ae66e7a3c47085( z_src_abap_2_s_133beb1c8ec314=>z_member_map_dd23ae04a8f1b1 ). DATA(t27) = VALUE string( ).
3,1,1,CLEAR TMP. | DATA(TMP) = CAST NAME( TMP ). | DATA(TMP) = CAST NAME( NAME=>NAME ).,src/abap/2_statements/statement_parser.ts.StatementParser.nativeSQL:909,CLEAR t27. DATA(t28) = CAST z_src_abap_nod_e445d254902ced( t11 ). DATA(t29) = CAST z_runtime_clas_a39833db329515( z_runtime_desc_78196487750d0f=>z_member_d200_9c08cf3762d068 ).
3,1,0,CLEAR TMP. | DATA(TMP) = CAST NAME( TMP ). | TMP = NEW #( ).,src/abap/2_statements/combi.ts.Star.run:140,CLEAR t45. DATA(t46) = CAST z_builtin_erro_e8b3bd7e8a547c( t41 ). t45 = NEW #( ).
3,1,0,CLEAR TMP. | DATA(TMP) = CAST NAME( TMP ). | TMP = TMP->REVERSE( ).,src/abap/2_statements/result.ts.Result.wrapConsumed:306,CLEAR t37. DATA(t38) = CAST z_runtime_arra_c22708faf2e354( t7 ). t37 = t38->reverse( ).
2,1,0,CLEAR TMP. | DATA(TMP) = CONV INT8( TMP ).,src/abap/1_lexer/lexer.ts.Lexer.add:496,CLEAR t188. DATA(t189) = CONV int8( t44 ).
3,1,0,CLEAR TMP. | DATA(TMP) = CONV INT8( TMP ). | DATA(TMP) = VALUE INT8( ).,src/abap/1_lexer/lexer.ts.Lexer.add:496,CLEAR t188. DATA(t189) = CONV int8( t44 ). DATA(t190) = VALUE int8( ).
3,1,0,CLEAR TMP. | DATA(TMP) = VALUE STRING( ). | DATA TMP TYPE REF TO NAME.,src/abap/1_lexer/lexer.ts.Lexer.process:1758,CLEAR t11. DATA(t12) = VALUE string( ). DATA t13 TYPE REF TO z_src_abap_1_l_4d08aedee14b5b.
3,1,0,CLEAR TMP. | DATA(TMP) = VALUE STRING( ). | DATA(TMP) = CONV STRING( TMP ).,src/abap/1_lexer/lexer.ts.Lexer.process:1741,CLEAR t3. DATA(t4) = VALUE string( ). DATA(t5) = CONV string( t1 ).
3,1,1,CLEAR TMP. | ENDIF. | DATA(TMP) = CONV I( STRLEN( TMP ) ).,src/abap/1_lexer/lexer.ts.Lexer.process:2307,CLEAR t209. ENDIF. DATA(t240) = CONV i( strlen( t209 ) ).
3,1,0,CLEAR TMP. | ENDIF. | TMP = TMP.,src/abap/1_lexer/lexer.ts.Lexer.add:159,CLEAR t2. ENDIF. t1 = t2.
2,1,0,CLEAR TMP. | IF NAME=>NAME = ABAP_FALSE.,src/abap/2_statements/statement_parser.ts.StatementParser.removePragma:1499,CLEAR t37. IF z_src_abap_2_s_73dc2c5ca921c9=>z_builtin_init_4c34c2d2f43a66 = abap_false.
3,1,0,CLEAR TMP. | IF NAME=>NAME = ABAP_FALSE. | NAME=>NAME( ).,src/abap/2_statements/statement_parser.ts.StatementParser.removePragma:1499,CLEAR t37. IF z_src_abap_2_s_73dc2c5ca921c9=>z_builtin_init_4c34c2d2f43a66 = abap_false. z_src_abap_2_s_73dc2c5ca921c9=>z_builtin_init_2474d5032360fe( ).
2,1,0,CLEAR TMP. | TMP = CL_ABAP_CONV_IN_CE=>UCCPI( NUM ).,src/abap/1_lexer/lexer.ts.Lexer.process:1746,CLEAR t7. t7 = cl_abap_conv_in_ce=>uccpi( 13 ).
3,1,0,CLEAR TMP. | TMP = CL_ABAP_CONV_IN_CE=>UCCPI( NUM ). | CONCATENATE TMP TMP INTO TMP RESPECTING BLANKS.,src/abap/1_lexer/lexer.ts.Lexer.process:1746,CLEAR t7. t7 = cl_abap_conv_in_ce=>uccpi( 13 ). CONCATENATE t6 t7 INTO t6 RESPECTING BLANKS.
2,1,1,CLEAR TMP. | TMP = TMP->NAME( NAME = TMP NAME = TMP NAME = TMP ).,src/abap/2_statements/statement_parser.ts.StatementParser.run:169,CLEAR t48. t42 = t43->z_member_handl_2f342ea8356e73( z_param_statem_f0179bc9a48629 = t44 z_param_file_c69801784df210 = t46 z_param_seen_11c0b8a281ca16 = t48 ).
3,1,1,CLEAR TMP. | TMP = TMP->NAME( NAME = TMP NAME = TMP NAME = TMP ). | TMP = TMP.,src/abap/2_statements/statement_parser.ts.StatementParser.run:169,CLEAR t48. t42 = t43->z_member_handl_2f342ea8356e73( z_param_statem_f0179bc9a48629 = t44 z_param_file_c69801784df210 = t46 z_param_seen_11c0b8a281ca16 = t48 ). t41 = t42.
3,1,1,CLEAR TMP. | TMP = TMP. | ELSE.,src/abap/2_statements/statement_parser.ts.StatementParser.process:2111,CLEAR t81. t6 = t81. ELSE.
2,1,1,CLEAR TMP. | TMP->NAME( NAME = TMP NAME = TMP NAME = TMP ).,src/abap/2_statements/statement_parser.ts.StatementParser.run:145,CLEAR t37. t32->z_member_find_8f95e6da7687c7( z_param_statem_f0179bc9a48629 = t33 z_param_file_c69801784df210 = t35 z_param_clear_b22e0f9aed0968 = t37 ).
3,1,0,CLEAR TMP. | TMP->NAME( NAME = TMP NAME = TMP NAME = TMP ). | ENDLOOP.,src/abap/2_statements/statement_parser.ts.StatementParser.run:145,CLEAR t37. t32->z_member_find_8f95e6da7687c7( z_param_statem_f0179bc9a48629 = t33 z_param_file_c69801784df210 = t35 z_param_clear_b22e0f9aed0968 = t37 ). ENDLOOP.
2,1,0,CLEAR TMP. | TRY.,src/abap/2_statements/combi.ts.Star.run:45,CLEAR t4. TRY.
3,1,0,CLEAR TMP. | TRY. | DATA TMP TYPE REF TO NAME.,src/abap/2_statements/combi.ts.Star.run:45,CLEAR t4. TRY. DATA t5 TYPE REF TO z_runtime_arra_c22708faf2e354.
2,1,0,CLEAR TMP. | WHILE TMP > NUM.,src/abap/2_statements/result.ts.Result.getNodes:370,CLEAR t5. WHILE t3 > 0.
3,1,0,CLEAR TMP. | WHILE TMP > NUM. | APPEND TMP TO TMP->ITEMS.,src/abap/2_statements/result.ts.Result.getNodes:370,CLEAR t5. WHILE t3 > 0. APPEND t5 TO t2->items.
2,1,0,CONCATENATE TMP TMP INTO TMP RESPECTING BLANKS. | DATA(TMP) = CONV STRING( LIT ).,src/abap/1_lexer/lexer.ts.Lexer.process:1748,CONCATENATE t6 t7 INTO t6 RESPECTING BLANKS. DATA(t8) = CONV string( || ).
3,1,0,CONCATENATE TMP TMP INTO TMP RESPECTING BLANKS. | DATA(TMP) = CONV STRING( LIT ). | DATA(TMP) = CONV I( STRLEN( TMP ) ).,src/abap/1_lexer/lexer.ts.Lexer.process:1748,CONCATENATE t6 t7 INTO t6 RESPECTING BLANKS. DATA(t8) = CONV string( || ). DATA(t9) = CONV i( strlen( t5 ) ).
3,1,1,CONTINUE. | ENDIF. | DATA(TMP) = CAST NAME( TMP ).,src/abap/2_statements/statement_parser.ts.StatementParser.process:2025,CONTINUE. ENDIF. DATA(t37) = CAST z_runtime_arra_c22708faf2e354( t2 ).
2,1,0,CREATE OBJECT TMP. | DATA(TMP) = VALUE I( ).,src/abap/2_statements/result.ts.Result.getNodes:361,CREATE OBJECT t2. DATA(t3) = VALUE i( ).
3,1,0,CREATE OBJECT TMP. | DATA(TMP) = VALUE I( ). | DATA(TMP) = CONV INT8( ME->NAME ).,src/abap/2_statements/result.ts.Result.getNodes:361,CREATE OBJECT t2. DATA(t3) = VALUE i( ). DATA(t4) = CONV int8( me->z_member_nodec_32889faa6e522a ).
3,1,0,CREATE OBJECT TMP. | TMP = TMP. | DATA(TMP) = VALUE I( ).,src/abap/2_statements/statement_parser.ts.StatementParser.removePragma:1524,CREATE OBJECT t42. t41 = t42. DATA(t43) = VALUE i( ).
3,1,0,CREATE OBJECT TMP. | TMP = TMP. | DATA(TMP) = VALUE INT8( ).,src/abap/2_statements/statement_parser.ts.StatementParser.buildSplits:667,CREATE OBJECT t5. t4 = t5. DATA(t6) = VALUE int8( ).
2,1,0,DATA RANGE_INT_CHECK_HI_ZIK0ZI TYPE INT8. | RANGE_INT_CHECK_HI_ZIK0ZI = NUM.,src/abap/1_lexer/lexer.ts.Lexer.process:1733,DATA range_int_check_hi_zik0zi TYPE int8. range_int_check_hi_zik0zi = 2147483646.
3,1,0,DATA RANGE_INT_CHECK_HI_ZIK0ZI TYPE INT8. | RANGE_INT_CHECK_HI_ZIK0ZI = NUM. | DATA RANGE_INT_CHECK_LO_NZIK0ZK TYPE INT8.,src/abap/1_lexer/lexer.ts.Lexer.process:1733,DATA range_int_check_hi_zik0zi TYPE int8. range_int_check_hi_zik0zi = 2147483646. DATA range_int_check_lo_nzik0zk TYPE int8.
3,1,0,DATA RANGE_INT_CHECK_LO_NZIK0ZK TYPE INT8. | RANGE_INT_CHECK_LO_NZIK0ZK = -NUM. | DATA TMP TYPE REF TO NAME.,src/abap/2_statements/result.ts.Result.getNodes:355,DATA range_int_check_lo_nzik0zk TYPE int8. range_int_check_lo_nzik0zk = -2147483648. DATA t1 TYPE REF TO z_runtime_arra_c22708faf2e354.
3,1,0,DATA RANGE_INT_CHECK_LO_NZIK0ZK TYPE INT8. | RANGE_INT_CHECK_LO_NZIK0ZK = -NUM. | DATA(TMP) = CAST NAME( NAME ).,src/abap/2_statements/result.ts.Result.constructor:29,DATA range_int_check_lo_nzik0zk TYPE int8. range_int_check_lo_nzik0zk = -2147483648. DATA(t1) = CAST z_runtime_arra_c22708faf2e354( z_param_tokens_3a66ced5b5b26a ).
3,1,0,DATA RANGE_INT_CHECK_LO_NZIK0ZK TYPE INT8. | RANGE_INT_CHECK_LO_NZIK0ZK = -NUM. | DATA(TMP) = CONV STRING( NAME ).,src/abap/1_lexer/lexer.ts.Lexer.process:1735,DATA range_int_check_lo_nzik0zk TYPE int8. range_int_check_lo_nzik0zk = -2147483648. DATA(t1) = CONV string( z_param_raw_2fd8c444587bc5 ).
3,1,0,DATA RANGE_INT_CHECK_LO_NZIK0ZK TYPE INT8. | RANGE_INT_CHECK_LO_NZIK0ZK = -NUM. | DATA(TMP) = VALUE STRING( ).,src/abap/1_lexer/lexer.ts.Lexer.add:54,DATA range_int_check_lo_nzik0zk TYPE int8. range_int_check_lo_nzik0zk = -2147483648. DATA(t1) = VALUE string( ).
3,1,0,DATA TMP TYPE C LENGTH NUM. | CLEAR TMP. | TMP = CL_ABAP_CONV_IN_CE=>UCCPI( NUM ).,src/abap/1_lexer/lexer.ts.Lexer.process:1745,DATA t7 TYPE c LENGTH 1. CLEAR t7. t7 = cl_abap_conv_in_ce=>uccpi( 13 ).
3,1,0,DATA TMP TYPE REF TO NAME. | CLEAR TMP. | DATA(TMP) = CONV INT8( TMP ).,src/abap/1_lexer/lexer.ts.Lexer.add:495,DATA t188 TYPE REF TO z_src_position_90002a97f25e1e. CLEAR t188. DATA(t189) = CONV int8( t44 ).
3,1,0,DATA TMP TYPE REF TO NAME. | CLEAR TMP. | IF NAME=>NAME = ABAP_FALSE.,src/abap/2_statements/statement_parser.ts.StatementParser.removePragma:1498,DATA t37 TYPE REF TO z_runtime_arra_c22708faf2e354. CLEAR t37. IF z_src_abap_2_s_73dc2c5ca921c9=>z_builtin_init_4c34c2d2f43a66 = abap_false.
3,1,1,DATA TMP TYPE REF TO NAME. | CLEAR TMP. | TMP = TMP->NAME( NAME = TMP NAME = TMP NAME = TMP ).,src/abap/2_statements/statement_parser.ts.StatementParser.run:168,DATA t48 TYPE REF TO z_runtime_set__1827558fd4c706. CLEAR t48. t42 = t43->z_member_handl_2f342ea8356e73( z_param_statem_f0179bc9a48629 = t44 z_param_file_c69801784df210 = t46 z_param_seen_11c0b8a281ca16 = t48 ).
3,1,1,DATA TMP TYPE REF TO NAME. | CLEAR TMP. | TMP->NAME( NAME = TMP NAME = TMP NAME = TMP ).,src/abap/2_statements/statement_parser.ts.StatementParser.run:144,DATA t37 TYPE REF TO z_runtime_opti_7f2541396f4337. CLEAR t37. t32->z_member_find_8f95e6da7687c7( z_param_statem_f0179bc9a48629 = t33 z_param_file_c69801784df210 = t35 z_param_clear_b22e0f9aed0968 = t37 ).
3,1,0,DATA TMP TYPE REF TO NAME. | CLEAR TMP. | TRY.,src/abap/2_statements/combi.ts.Star.run:44,DATA t4 TYPE REF TO z_exception_cl_30eec8e8805d60. CLEAR t4. TRY.
2,1,0,DATA(TMP) = CAST NAME( ME ). | RESULT = TMP.,src/abap/2_statements/result.ts.Result.wrapConsumed:334,DATA(t48) = CAST z_src_abap_2_s_b6c5f651b292e5( me ). result = t48.
3,1,0,DATA(TMP) = CAST NAME( ME ). | RESULT = TMP. | RETURN.,src/abap/2_statements/result.ts.Result.wrapConsumed:334,DATA(t48) = CAST z_src_abap_2_s_b6c5f651b292e5( me ). result = t48. RETURN.
2,1,0,DATA(TMP) = CAST NAME( ME->NAME ). | DATA(TMP) = CAST NAME( ME->NAME ).,src/abap/2_statements/statement_parser.ts.StatementParser.run:72,DATA(t6) = CAST z_src_version__711983d3861a36( me->z_member_relea_366406d92dc292 ). DATA(t7) = CAST z_src__iregist_f2763f2ccbcc49( me->z_member_reg_9d36d47f9ca9a8 ).
3,1,0,DATA(TMP) = CAST NAME( ME->NAME ). | DATA(TMP) = CAST NAME( ME->NAME ). | DATA TMP TYPE REF TO NAME.,src/abap/2_statements/statement_parser.ts.StatementParser.run:72,DATA(t6) = CAST z_src_version__711983d3861a36( me->z_member_relea_366406d92dc292 ). DATA(t7) = CAST z_src__iregist_f2763f2ccbcc49( me->z_member_reg_9d36d47f9ca9a8 ). DATA t8 TYPE REF TO z_runtime_opti_4ba3bdccd169bb.
2,1,0,DATA(TMP) = CAST NAME( ME->NAME ). | DATA(TMP) = CONV I( ME->NAME ).,src/abap/2_statements/result.ts.Result.peek:102,DATA(t2) = CAST z_runtime_arra_c22708faf2e354( me->z_member_token_ed4bfabc8c4cec ). DATA(t3) = CONV i( me->z_member_token_62f41b3bcb0bad ).
3,1,0,DATA(TMP) = CAST NAME( ME->NAME ). | DATA(TMP) = CONV I( ME->NAME ). | TMP = TMP + NUM.,src/abap/2_statements/result.ts.Result.peek:102,DATA(t2) = CAST z_runtime_arra_c22708faf2e354( me->z_member_token_ed4bfabc8c4cec ). DATA(t3) = CONV i( me->z_member_token_62f41b3bcb0bad ). t3 = t3 + 1.
2,1,1,DATA(TMP) = CAST NAME( ME->NAME ). | DATA(TMP) = CONV I( TMP ).,src/abap/2_statements/combi.ts.Permutation.run:110,DATA(t16) = CAST z_runtime_arra_c22708faf2e354( me->z_member_list_484fd43dd9f8d0 ). DATA(t17) = CONV i( t7 ).
3,1,1,DATA(TMP) = CAST NAME( ME->NAME ). | DATA(TMP) = CONV I( TMP ). | TMP = TMP + NUM.,src/abap/2_statements/combi.ts.Permutation.run:110,DATA(t16) = CAST z_runtime_arra_c22708faf2e354( me->z_member_list_484fd43dd9f8d0 ). DATA(t17) = CONV i( t7 ). t17 = t17 + 1.
2,1,0,DATA(TMP) = CAST NAME( ME->NAME ). | DATA(TMP) = VALUE I( ).,src/abap/2_statements/result.ts.Result.peekAt:132,DATA(t5) = CAST z_runtime_arra_c22708faf2e354( me->z_member_token_ed4bfabc8c4cec ). DATA(t6) = VALUE i( ).
3,1,0,DATA(TMP) = CAST NAME( ME->NAME ). | DATA(TMP) = VALUE I( ). | DATA(TMP) = VALUE INT8( ).,src/abap/2_statements/result.ts.Result.peekAt:132,DATA(t5) = CAST z_runtime_arra_c22708faf2e354( me->z_member_token_ed4bfabc8c4cec ). DATA(t6) = VALUE i( ). DATA(t7) = VALUE int8( ).
3,1,0,DATA(TMP) = CAST NAME( ME->NAME ). | DATA(TMP) = VALUE INT8( ). | DATA(TMP) = VALUE INT8( ).,src/abap/2_statements/result.ts.Result.shift:173,DATA(t3) = CAST z_runtime_arra_c22708faf2e354( me->z_member_token_ed4bfabc8c4cec ). DATA(t4) = VALUE int8( ). DATA(t5) = VALUE int8( ).
2,1,1,DATA(TMP) = CAST NAME( ME->NAME ). | DATA(TMP) = VALUE STRING( ).,src/abap/2_statements/combi.ts.Regex.run:117,DATA(t32) = CAST z_runtime_rege_5a210f82384ebf( me->z_member_regex_5ebdfeea2030b9 ). DATA(t33) = VALUE string( ).
3,1,1,DATA(TMP) = CAST NAME( ME->NAME ). | DATA(TMP) = VALUE STRING( ). | DATA TMP TYPE REF TO NAME.,src/abap/2_statements/combi.ts.Regex.run:117,DATA(t32) = CAST z_runtime_rege_5a210f82384ebf( me->z_member_regex_5ebdfeea2030b9 ). DATA(t33) = VALUE string( ). DATA t34 TYPE REF TO z_src_abap_1_l_506101b34e5cc0.
3,1,0,DATA(TMP) = CAST NAME( ME->NAME ). | TMP = LINES( TMP->ITEMS ). | TMP = TMP.,src/abap/2_statements/result.ts.Result.remainingLength:490,DATA(t4) = CAST z_runtime_arra_c22708faf2e354( me->z_member_token_ed4bfabc8c4cec ). t3 = lines( t4->items ). t2 = t3.
3,1,1,DATA(TMP) = CAST NAME( ME->NAME ). | TMP = LINES( TMP->ITEMS ). | TMP = XSDBOOL( TMP < TMP ).,src/abap/2_statements/combi.ts.Permutation.run:98,DATA(t12) = CAST z_runtime_arra_c22708faf2e354( me->z_member_list_484fd43dd9f8d0 ). t11 = lines( t12->items ). t9 = xsdbool( t10 < t11 ).
2,1,0,DATA(TMP) = CAST NAME( ME->NAME ). | TMP = NEW NAME( NAME = TMP NAME = TMP ).,src/abap/2_statements/result.ts.Result.shift:190,DATA(t12) = CAST z_src_abap_2_s_c435ad477cf33f( me->z_member_nodes_022617c0b510ec ). t10 = NEW z_src_abap_2_s_c435ad477cf33f( z_param_node_1324e81b8c7326 = t11 z_param_previo_4981fbd290610f = t12 ).
3,1,0,DATA(TMP) = CAST NAME( ME->NAME ). | TMP = NEW NAME( NAME = TMP NAME = TMP ). | TMP = TMP.,src/abap/2_statements/result.ts.Result.shift:190,DATA(t12) = CAST z_src_abap_2_s_c435ad477cf33f( me->z_member_nodes_022617c0b510ec ). t10 = NEW z_src_abap_2_s_c435ad477cf33f( z_param_node_1324e81b8c7326 = t11 z_param_previo_4981fbd290610f = t12 ). t8 = t10.
2,1,0,DATA(TMP) = CAST NAME( ME->NAME ). | TMP = TMP->SLICE0( ).,src/abap/2_statements/combi.ts.Permutation.run:88,DATA(t6) = CAST z_runtime_arra_c22708faf2e354( me->z_member_list_484fd43dd9f8d0 ). t5 = t6->slice0( ).
3,1,0,DATA(TMP) = CAST NAME( ME->NAME ). | TMP = TMP->SLICE0( ). | TMP = TMP.,src/abap/2_statements/combi.ts.Permutation.run:88,DATA(t6) = CAST z_runtime_arra_c22708faf2e354( me->z_member_list_484fd43dd9f8d0 ). t5 = t6->slice0( ). t4 = t5.
2,1,0,DATA(TMP) = CAST NAME( ME->NAME ). | TMP = XSDBOOL( TMP IS BOUND ).,src/abap/1_lexer/lexer.ts.Lexer.add:513,DATA(t197) = CAST z_src_position_90002a97f25e1e( me->z_member_virtu_db098211587b90 ). t196 = xsdbool( t197 IS BOUND ).
3,1,0,DATA(TMP) = CAST NAME( ME->NAME ). | TMP = XSDBOOL( TMP IS BOUND ). | IF TMP = ABAP_TRUE.,src/abap/1_lexer/lexer.ts.Lexer.add:513,DATA(t197) = CAST z_src_position_90002a97f25e1e( me->z_member_virtu_db098211587b90 ). t196 = xsdbool( t197 IS BOUND ). IF t196 = abap_true.
3,1,0,DATA(TMP) = CAST NAME( NAME ). | DATA(TMP) = CAST NAME( NAME ). | DATA(TMP) = CAST NAME( NAME ).,src/abap/2_statements/statement_parser.ts.StatementParser.constructor:29,DATA(t1) = CAST z_src_version__711983d3861a36( z_param_releas_79281afaf90da0 ). DATA(t2) = CAST z_src__iregist_f2763f2ccbcc49( z_param_reg_f149b44218b3bb ). DATA(t3) = CAST z_runtime_opti_4ba3bdccd169bb( z_param_langua_0e1d0b4c220039 ).
3,1,0,DATA(TMP) = CAST NAME( NAME ). | DATA(TMP) = CAST NAME( NAME ). | DATA(TMP) = VALUE ABAP_BOOL( ).,src/abap/2_statements/statement_parser.ts.StatementParser.constructor:30,DATA(t2) = CAST z_src__iregist_f2763f2ccbcc49( z_param_reg_f149b44218b3bb ). DATA(t3) = CAST z_runtime_opti_4ba3bdccd169bb( z_param_langua_0e1d0b4c220039 ). DATA(t4) = VALUE abap_bool( ).
2,1,0,DATA(TMP) = CAST NAME( NAME ). | DATA(TMP) = CAST NAME( TMP ).,src/abap/4_file_information/abap_file_information.ts.ABAPFileInformation.constructor:20,DATA(t1) = CAST z_src_abap_4_f_5acf3137487da7( z_param_parsed_e157d1cda7aacd ). DATA(t2) = CAST z_src_abap_4_f_5acf3137487da7( t1 ).
3,1,0,DATA(TMP) = CAST NAME( NAME ). | DATA(TMP) = CAST NAME( TMP ). | ME->NAME = TMP.,src/abap/4_file_information/abap_file_information.ts.ABAPFileInformation.constructor:20,DATA(t1) = CAST z_src_abap_4_f_5acf3137487da7( z_param_parsed_e157d1cda7aacd ). DATA(t2) = CAST z_src_abap_4_f_5acf3137487da7( t1 ). me->z_member_parse_d175cb7265d9fc = t2.
3,1,0,DATA(TMP) = CAST NAME( NAME ). | DATA(TMP) = CONV INT8( NAME ). | DATA TMP TYPE REF TO NAME.,src/abap/2_statements/result.ts.Result.fromChain:77,DATA(t3) = CAST z_src_abap_2_s_c435ad477cf33f( z_param_nodes_51988edc19892d ). DATA(t4) = CONV int8( z_param_nodeco_6f0a19763cdb2a ). DATA t5 TYPE REF TO z_src_abap_2_s_b6c5f651b292e5.
2,1,0,DATA(TMP) = CAST NAME( NAME ). | DATA(TMP) = NEW NAME( ).,src/abap/2_statements/result.ts.Result.setNodes:460,DATA(t1) = CAST z_runtime_arra_c22708faf2e354( z_param_n_0c978ada81a388 ). DATA(t2) = NEW z_exception_un_5f2d02892fe8b8( ).
3,1,0,DATA(TMP) = CAST NAME( NAME ). | DATA(TMP) = NEW NAME( ). | DATA(TMP) = CONV STRING( LIT ).,src/abap/2_statements/result.ts.Result.setNodes:460,DATA(t1) = CAST z_runtime_arra_c22708faf2e354( z_param_n_0c978ada81a388 ). DATA(t2) = NEW z_exception_un_5f2d02892fe8b8( ). DATA(t3) = CONV string( |src/abap/2_statements/result.ts:92| ).
3,1,0,DATA(TMP) = CAST NAME( NAME ). | DATA(TMP) = VALUE ABAP_BOOL( ). | DATA(TMP) = CAST NAME( TMP ).,src/abap/2_statements/statement_parser.ts.StatementParser.constructor:31,DATA(t3) = CAST z_runtime_opti_4ba3bdccd169bb( z_param_langua_0e1d0b4c220039 ). DATA(t4) = VALUE abap_bool( ). DATA(t5) = CAST z_runtime_opti_4ba3bdccd169bb( t3 ).
2,1,0,DATA(TMP) = CAST NAME( NAME ). | DATA(TMP) = VALUE I( ).,src/abap/2_statements/result.ts.Result.constructor:33,DATA(t3) = CAST z_runtime_arra_c22708faf2e354( z_param_nodes_51988edc19892d ). DATA(t4) = VALUE i( ).
3,1,0,DATA(TMP) = CAST NAME( NAME ). | DATA(TMP) = VALUE I( ). | DATA(TMP) = VALUE I( ).,src/abap/2_statements/result.ts.Result.constructor:33,DATA(t3) = CAST z_runtime_arra_c22708faf2e354( z_param_nodes_51988edc19892d ). DATA(t4) = VALUE i( ). DATA(t5) = VALUE i( ).
2,1,0,DATA(TMP) = CAST NAME( NAME=>NAME ). | DATA(TMP) = CONV STRING( LIT ).,src/abap/2_statements/statement_parser.ts.StatementParser.match:1806,DATA(t86) = CAST z_src_abap_2_s_ae66e7a3c47085( z_src_abap_2_s_133beb1c8ec314=>z_member_map_dd23ae04a8f1b1 ). DATA(t87) = CONV string( || ).
3,1,0,DATA(TMP) = CAST NAME( NAME=>NAME ). | DATA(TMP) = CONV STRING( LIT ). | TMP = TMP->NAME( NAME = TMP ).,src/abap/2_statements/statement_parser.ts.StatementParser.match:1806,DATA(t86) = CAST z_src_abap_2_s_ae66e7a3c47085( z_src_abap_2_s_133beb1c8ec314=>z_member_map_dd23ae04a8f1b1 ). DATA(t87) = CONV string( || ). t85 = t86->z_member_looku_352043b2d34900( z_param_str_b4492f271a40dd = t87 ).
2,1,0,DATA(TMP) = CAST NAME( NAME=>NAME ). | DATA(TMP) = VALUE STRING( ).,src/abap/2_statements/statement_parser.ts.StatementParser.match:1660,DATA(t26) = CAST z_src_abap_2_s_ae66e7a3c47085( z_src_abap_2_s_133beb1c8ec314=>z_member_map_dd23ae04a8f1b1 ). DATA(t27) = VALUE string( ).
3,1,0,DATA(TMP) = CAST NAME( NAME=>NAME ). | DATA(TMP) = VALUE STRING( ). | DATA TMP TYPE REF TO NAME.,src/abap/2_statements/statement_parser.ts.StatementParser.match:1660,DATA(t26) = CAST z_src_abap_2_s_ae66e7a3c47085( z_src_abap_2_s_133beb1c8ec314=>z_member_map_dd23ae04a8f1b1 ). DATA(t27) = VALUE string( ). DATA t28 TYPE REF TO z_src_abap_1_l_506101b34e5cc0.
2,1,1,DATA(TMP) = CAST NAME( NAME=>NAME ). | TMP = TMP->NAME( NAME = TMP ).,src/abap/2_statements/statement_parser.ts.StatementParser.nativeSQL:911,DATA(t29) = CAST z_runtime_clas_a39833db329515( z_runtime_desc_78196487750d0f=>z_member_d200_9c08cf3762d068 ). t27 = t28->z_member_findd_11af8711b8b825( z_param_type_99131daddf3305 = t29 ).
3,1,1,DATA(TMP) = CAST NAME( NAME=>NAME ). | TMP = TMP->NAME( NAME = TMP ). | TMP = XSDBOOL( TMP IS BOUND ).,src/abap/2_statements/statement_parser.ts.StatementParser.nativeSQL:911,DATA(t29) = CAST z_runtime_clas_a39833db329515( z_runtime_desc_78196487750d0f=>z_member_d200_9c08cf3762d068 ). t27 = t28->z_member_findd_11af8711b8b825( z_param_type_99131daddf3305 = t29 ). t26 = xsdbool( t27 IS BOUND ).
2,1,0,DATA(TMP) = CAST NAME( NAME=>NAME ). | TMP = XSDBOOL( TMP IS BOUND ).,src/abap/2_statements/statement_parser.ts.StatementParser.constructor:48,DATA(t10) = CAST z_src_abap_2_s_ae66e7a3c47085( z_src_abap_2_s_133beb1c8ec314=>z_member_map_dd23ae04a8f1b1 ). t9 = xsdbool( t10 IS BOUND ).
3,1,0,DATA(TMP) = CAST NAME( NAME=>NAME ). | TMP = XSDBOOL( TMP IS BOUND ). | TMP = XSDBOOL( TMP = ABAP_FALSE ).,src/abap/2_statements/statement_parser.ts.StatementParser.constructor:48,DATA(t10) = CAST z_src_abap_2_s_ae66e7a3c47085( z_src_abap_2_s_133beb1c8ec314=>z_member_map_dd23ae04a8f1b1 ). t9 = xsdbool( t10 IS BOUND ). t8 = xsdbool( t9 = abap_false ).
3,1,1,DATA(TMP) = CAST NAME( TMP ). | APPEND TMP TO TMP->ITEMS. | DATA(TMP) = VALUE STRING( ).,src/abap/2_statements/statement_parser.ts.StatementParser.process:2028,DATA(t38) = CAST z_src_abap_1_l_506101b34e5cc0( t12 ). APPEND t38 TO t37->items. DATA(t39) = VALUE string( ).
3,1,0,DATA(TMP) = CAST NAME( TMP ). | DATA(TMP) = CAST NAME( ME->NAME ). | DATA(TMP) = CAST NAME( ME->NAME ).,src/abap/2_statements/statement_parser.ts.StatementParser.run:71,DATA(t5) = CAST z_runtime_arra_8ecd6afe19e0a5( t2 ). DATA(t6) = CAST z_src_version__711983d3861a36( me->z_member_relea_366406d92dc292 ). DATA(t7) = CAST z_src__iregist_f2763f2ccbcc49( me->z_member_reg_9d36d47f9ca9a8 ).
3,1,0,DATA(TMP) = CAST NAME( TMP ). | DATA(TMP) = CAST NAME( ME->NAME ). | TMP = NEW NAME( NAME = TMP NAME = TMP ).,src/abap/2_statements/result.ts.Result.shift:189,DATA(t11) = CAST z_union_667199_4cf1d0543504ab( t1 ). DATA(t12) = CAST z_src_abap_2_s_c435ad477cf33f( me->z_member_nodes_022617c0b510ec ). t10 = NEW z_src_abap_2_s_c435ad477cf33f( z_param_node_1324e81b8c7326 = t11 z_param_previo_4981fbd290610f = t12 ).
2,1,1,DATA(TMP) = CAST NAME( TMP ). | DATA(TMP) = CAST NAME( NAME=>NAME ).,src/abap/2_statements/statement_parser.ts.StatementParser.nativeSQL:910,DATA(t28) = CAST z_src_abap_nod_e445d254902ced( t11 ). DATA(t29) = CAST z_runtime_clas_a39833db329515( z_runtime_desc_78196487750d0f=>z_member_d200_9c08cf3762d068 ).
3,1,1,DATA(TMP) = CAST NAME( TMP ). | DATA(TMP) = CAST NAME( NAME=>NAME ). | TMP = TMP->NAME( NAME = TMP ).,src/abap/2_statements/statement_parser.ts.StatementParser.nativeSQL:910,DATA(t28) = CAST z_src_abap_nod_e445d254902ced( t11 ). DATA(t29) = CAST z_runtime_clas_a39833db329515( z_runtime_desc_78196487750d0f=>z_member_d200_9c08cf3762d068 ). t27 = t28->z_member_findd_11af8711b8b825( z_param_type_99131daddf3305 = t29 ).
3,1,1,DATA(TMP) = CAST NAME( TMP ). | DATA(TMP) = CAST NAME( TMP ). | TMP = ME->NAME( NAME = TMP NAME = TMP NAME = TMP ).,src/abap/2_statements/statement_parser.ts.StatementParser.process:2056,DATA(t55) = CAST z_runtime_arra_c22708faf2e354( t2 ). DATA(t56) = CAST z_src_abap_1_l_506101b34e5cc0( t6 ). t53 = me->z_member_nativ_c4c8fce6485bfe( z_param_native_9edbc05eae010f = t54 z_param_tokens_3a66ced5b5b26a = t55 z_param_colon_efc6e029c59417 = t56 ).
3,1,0,DATA(TMP) = CAST NAME( TMP ). | DATA(TMP) = CAST NAME( TMP ). | TMP = NEW NAME( NAME = TMP NAME = TMP ).,src/abap/2_statements/result.ts.Result.wrapConsumed:316,DATA(t42) = CAST z_src_abap_nod_582169980ca52f( t2 ). DATA(t43) = CAST z_src_abap_2_s_c435ad477cf33f( t3 ). t41 = NEW z_src_abap_2_s_c435ad477cf33f( z_param_node_1324e81b8c7326 = t42 z_param_previo_4981fbd290610f = t43 ).
2,1,1,DATA(TMP) = CAST NAME( TMP ). | DATA(TMP) = CONV ABAP_BOOL( ABAP_FALSE ).,src/abap/1_lexer/lexer.ts.Lexer.process:1905,DATA(t78) = CAST z_src_abap_1_l_cca5bd2c711d39( t53 ). DATA(t79) = CONV abap_bool( abap_false ).
3,1,1,DATA(TMP) = CAST NAME( TMP ). | DATA(TMP) = CONV ABAP_BOOL( ABAP_FALSE ). | TMP->NAME = TMP.,src/abap/1_lexer/lexer.ts.Lexer.process:1905,DATA(t78) = CAST z_src_abap_1_l_cca5bd2c711d39( t53 ). DATA(t79) = CONV abap_bool( abap_false ). t78->z_member_empty_a4a6dfca0b3692 = t79.
2,1,0,DATA(TMP) = CAST NAME( TMP ). | DATA(TMP) = CONV ABAP_BOOL( ABAP_TRUE ).,src/abap/1_lexer/lexer.ts.Lexer.add:1720,DATA(t746) = CAST z_src_abap_1_l_cca5bd2c711d39( t740 ). DATA(t747) = CONV abap_bool( abap_true ).
3,1,0,DATA(TMP) = CAST NAME( TMP ). | DATA(TMP) = CONV ABAP_BOOL( ABAP_TRUE ). | TMP->NAME = TMP.,src/abap/1_lexer/lexer.ts.Lexer.add:1720,DATA(t746) = CAST z_src_abap_1_l_cca5bd2c711d39( t740 ). DATA(t747) = CONV abap_bool( abap_true ). t746->z_member_empty_a4a6dfca0b3692 = t747.
3,1,1,DATA(TMP) = CAST NAME( TMP ). | DATA(TMP) = CONV I( TMP ). | DATA(TMP) = CONV I( LIT ).,src/abap/2_statements/combi.ts.Permutation.run:149,DATA(t35) = CAST z_runtime_arra_c22708faf2e354( t32 ). DATA(t36) = CONV i( t7 ). DATA(t37) = CONV i( '1' ).
2,1,1,DATA(TMP) = CAST NAME( TMP ). | DATA(TMP) = CONV INT8( NUM ).,src/abap/1_lexer/lexer.ts.Lexer.process:3346,DATA(t669) = CAST z_src_abap_1_l_4d08aedee14b5b( t633 ). DATA(t670) = CONV int8( 1 ).
3,1,1,DATA(TMP) = CAST NAME( TMP ). | DATA(TMP) = CONV INT8( NUM ). | TMP->NAME = TMP.,src/abap/1_lexer/lexer.ts.Lexer.process:3346,DATA(t669) = CAST z_src_abap_1_l_4d08aedee14b5b( t633 ). DATA(t670) = CONV int8( 1 ). t669->z_member_col_cdb3c3718bda2d = t670.
3,1,0,DATA(TMP) = CAST NAME( TMP ). | DATA(TMP) = CONV INT8( TMP ). | DATA TMP TYPE REF TO NAME.,src/abap/2_statements/result.ts.Result.fromChain:83,DATA(t7) = CAST z_runtime_arra_c22708faf2e354( t1 ). DATA(t8) = CONV int8( t2 ). DATA t9 TYPE REF TO z_runtime_arra_c22708faf2e354.
3,1,0,DATA(TMP) = CAST NAME( TMP ). | DATA(TMP) = CONV INT8( TMP ). | TMP->NAME = TMP.,src/abap/2_statements/result.ts.Result.fromChain:92,DATA(t12) = CAST z_src_abap_2_s_b6c5f651b292e5( t5 ). DATA(t13) = CONV int8( t4 ). t12->z_member_nodec_32889faa6e522a = t13.
3,1,1,DATA(TMP) = CAST NAME( TMP ). | DATA(TMP) = VALUE I( ). | DATA(TMP) = CONV I( TMP ).,src/abap/1_lexer/lexer.ts.Lexer.process:1909,DATA(t80) = CAST z_src_abap_1_l_cca5bd2c711d39( t53 ). DATA(t81) = VALUE i( ). DATA(t82) = CONV i( t64 ).
3,1,1,DATA(TMP) = CAST NAME( TMP ). | DATA(TMP) = VALUE I( ). | DATA(TMP) = CONV INT8( TMP ).,src/abap/2_statements/result.ts.Result.getNodes:416,DATA(t22) = CAST z_runtime_arra_c22708faf2e354( t1 ). DATA(t23) = VALUE i( ). DATA(t24) = CONV int8( t8 ).
3,1,1,DATA(TMP) = CAST NAME( TMP ). | DATA(TMP) = VALUE I( ). | DATA(TMP) = VALUE ABAP_BOOL( ).,src/abap/1_lexer/lexer.ts.Lexer.process:1891,DATA(t71) = CAST z_src_abap_1_l_cca5bd2c711d39( t53 ). DATA(t72) = VALUE i( ). DATA(t73) = VALUE abap_bool( ).
2,1,1,DATA(TMP) = CAST NAME( TMP ). | DATA(TMP) = VALUE STRING( ).,src/abap/2_statements/statement_parser.ts.StatementParser.nativeAfter:2378,DATA(t22) = CAST z_runtime_arra_8ecd6afe19e0a5( t6 ). DATA(t23) = VALUE string( ).
3,1,1,DATA(TMP) = CAST NAME( TMP ). | DATA(TMP) = VALUE STRING( ). | DATA(TMP) = VALUE STRING( ).,src/abap/2_statements/statement_parser.ts.StatementParser.nativeAfter:2378,DATA(t22) = CAST z_runtime_arra_8ecd6afe19e0a5( t6 ). DATA(t23) = VALUE string( ). DATA(t24) = VALUE string( ).
3,1,0,DATA(TMP) = CAST NAME( TMP ). | ME->NAME = TMP. | DATA TMP TYPE REF TO NAME.,src/abap/1_lexer/lexer.ts.Lexer.process:1755,DATA(t10) = CAST z_src_abap_1_l_4d08aedee14b5b( t2 ). me->z_member_strea_a7723f2d8ee36b = t10. DATA t11 TYPE REF TO z_src_abap_1_l_cca5bd2c711d39.
3,1,0,DATA(TMP) = CAST NAME( TMP ). | ME->NAME = TMP. | DATA(TMP) = CONV I( TMP ).,src/abap/2_statements/result.ts.Result.constructor:42,DATA(t7) = CAST z_runtime_arra_c22708faf2e354( t1 ). me->z_member_token_ed4bfabc8c4cec = t7. DATA(t8) = CONV i( t4 ).
3,1,0,DATA(TMP) = CAST NAME( TMP ). | ME->NAME = TMP. | DATA(TMP) = VALUE STRING( ).,src/abap/2_statements/statement_parser.ts.StatementParser.constructor:55,DATA(t12) = CAST z_src_version__711983d3861a36( t1 ). me->z_member_relea_366406d92dc292 = t12. DATA(t13) = VALUE string( ).
3,1,1,DATA(TMP) = CAST NAME( TMP ). | ME->NAME( NAME = TMP ). | ENDIF.,src/abap/2_statements/statement_parser.ts.StatementParser.run:185,DATA(t56) = CAST z_src_abap_2_s_4c81ce49a22dce( t39 ). me->z_member_lazyu_b62d9521cd020f( z_param_wa_67bae5cdc38b7c = t56 ). ENDIF.
3,1,0,DATA(TMP) = CAST NAME( TMP ). | ME->NAME( NAME = TMP ). | ENDLOOP.,src/abap/2_statements/statement_parser.ts.StatementParser.run:188,DATA(t57) = CAST z_src_abap_2_s_4c81ce49a22dce( t39 ). me->z_member_nativ_8e9b7af8387489( z_param_wa_67bae5cdc38b7c = t57 ). ENDLOOP.
3,1,1,DATA(TMP) = CAST NAME( TMP ). | TMP = LINES( TMP->ITEMS ). | TMP = TMP->SLICE2( P0 = TMP P1 = TMP ).,src/abap/2_statements/statement_parser.ts.StatementParser.nativeSQL:1121,DATA(t74) = CAST z_runtime_arra_c22708faf2e354( t62 ). t73 = lines( t74->items ). t67 = t68->slice2( p0 = t69 p1 = t73 ).
3,1,1,DATA(TMP) = CAST NAME( TMP ). | TMP = LINES( TMP->ITEMS ). | TMP = XSDBOOL( TMP < TMP ).,src/abap/2_statements/statement_parser.ts.StatementParser.buildSplits:702,DATA(t23) = CAST z_runtime_arra_c22708faf2e354( t1 ). t22 = lines( t23->items ). t20 = xsdbool( t21 < t22 ).
3,1,1,DATA(TMP) = CAST NAME( TMP ). | TMP = ME->NAME( NAME = TMP ). | APPEND TMP TO TMP->ITEMS.,src/abap/2_statements/statement_parser.ts.StatementParser.categorize:1230,DATA(t10) = CAST z_src_abap_nod_e445d254902ced( t6 ). t9 = me->z_member_categ_aea4bdefbbe09b( z_param_input_967e31f857995e = t10 ). APPEND t9 TO t8->items.
2,1,1,DATA(TMP) = CAST NAME( TMP ). | TMP = ME->NAME( NAME = TMP NAME = TMP NAME = TMP ).,src/abap/2_statements/statement_parser.ts.StatementParser.process:2057,DATA(t56) = CAST z_src_abap_1_l_506101b34e5cc0( t6 ). t53 = me->z_member_nativ_c4c8fce6485bfe( z_param_native_9edbc05eae010f = t54 z_param_tokens_3a66ced5b5b26a = t55 z_param_colon_efc6e029c59417 = t56 ).
3,1,1,DATA(TMP) = CAST NAME( TMP ). | TMP = ME->NAME( NAME = TMP NAME = TMP NAME = TMP ). | TMP = TMP.,src/abap/2_statements/statement_parser.ts.StatementParser.process:2057,DATA(t56) = CAST z_src_abap_1_l_506101b34e5cc0( t6 ). t53 = me->z_member_nativ_c4c8fce6485bfe( z_param_native_9edbc05eae010f = t54 z_param_tokens_3a66ced5b5b26a = t55 z_param_colon_efc6e029c59417 = t56 ). t8 = t53.
2,1,0,DATA(TMP) = CAST NAME( TMP ). | TMP = NEW #( ).,src/abap/2_statements/combi.ts.Star.run:141,DATA(t46) = CAST z_builtin_erro_e8b3bd7e8a547c( t41 ). t45 = NEW #( ).
3,1,0,DATA(TMP) = CAST NAME( TMP ). | TMP = NEW #( ). | TMP->PAYLOAD = TMP.,src/abap/2_statements/combi.ts.Star.run:141,DATA(t46) = CAST z_builtin_erro_e8b3bd7e8a547c( t41 ). t45 = NEW #( ). t45->payload = t46.
3,1,1,DATA(TMP) = CAST NAME( TMP ). | TMP = NEW NAME( NAME = TMP ). | DATA(TMP) = CAST NAME( TMP ).,src/abap/2_statements/combi.ts.Permutation.run:192,DATA(t57) = CAST z_runtime_arra_c22708faf2e354( t32 ). t56 = NEW z_src_abap_2_s_67388fb83df4cc( z_param_list_750b7e98c594f7 = t57 ). DATA(t58) = CAST z_runtime_arra_c22708faf2e354( t13 ).
3,1,1,DATA(TMP) = CAST NAME( TMP ). | TMP = NEW NAME( NAME = TMP ). | TMP = TMP.,src/abap/2_statements/combi.ts.Regex.run:142,DATA(t45) = CAST z_src_abap_1_l_506101b34e5cc0( t20 ). t44 = NEW z_src_abap_nod_bf2dba3016e34c( z_param_token_06f9e7a29ec34c = t45 ). t43 = t44.
2,1,0,DATA(TMP) = CAST NAME( TMP ). | TMP = NEW NAME( NAME = TMP NAME = TMP ).,src/abap/2_statements/result.ts.Result.wrapConsumed:317,DATA(t43) = CAST z_src_abap_2_s_c435ad477cf33f( t3 ). t41 = NEW z_src_abap_2_s_c435ad477cf33f( z_param_node_1324e81b8c7326 = t42 z_param_previo_4981fbd290610f = t43 ).
3,1,0,DATA(TMP) = CAST NAME( TMP ). | TMP = NEW NAME( NAME = TMP NAME = TMP ). | TMP = TMP.,src/abap/2_statements/result.ts.Result.wrapConsumed:317,DATA(t43) = CAST z_src_abap_2_s_c435ad477cf33f( t3 ). t41 = NEW z_src_abap_2_s_c435ad477cf33f( z_param_node_1324e81b8c7326 = t42 z_param_previo_4981fbd290610f = t43 ). t39 = t41.
3,1,0,DATA(TMP) = CAST NAME( TMP ). | TMP = TMP->NAME( NAME = TMP ). | RESULT = TMP.,src/abap/2_statements/combi.ts.Plus.run:67,DATA(t4) = CAST z_runtime_arra_c22708faf2e354( t1 ). t2 = t3->z_member_run_71be1bca84374a( z_param_r_f634cd02b53efc = t4 ). result = t2.
3,1,1,DATA(TMP) = CAST NAME( TMP ). | TMP = TMP->NAME( NAME = TMP ). | TMP = TMP + NUM.,src/abap/2_statements/statement_parser.ts.StatementParser.nativeSQL:1158,DATA(t92) = CAST z_runtime_arra_c22708faf2e354( t75 ). t87 = t88->z_member_setch_22a4e757af9749( z_param_childr_9020c44e5b6ffa = t92 ). t86 = t86 + 1.
3,1,1,DATA(TMP) = CAST NAME( TMP ). | TMP = TMP->NAME. | TMP = NEW NAME( NAME = TMP NAME = TMP NAME = TMP ).,src/abap/2_statements/statement_parser.ts.StatementParser.run:225,DATA(t74) = CAST z_src_abap_2_s_4c81ce49a22dce( t66 ). t73 = t74->z_member_state_9163ed41d98ddd. t68 = NEW z_src_abap_2_s_79eabe4202f7b8( z_param_file_c69801784df210 = t69 z_param_tokens_3a66ced5b5b26a = t71 z_param_statem_f0179bc9a48629 = t73 ).
3,1,1,DATA(TMP) = CAST NAME( TMP ). | TMP = TMP->NAME. | TMP->NAME = TMP.,src/abap/2_statements/statement_parser.ts.StatementParser.run:175,DATA(t51) = CAST z_shape_859df1_df3d082046f0f3( t41 ). t50 = t51->z_member_state_9163ed41d98ddd. t49->z_member_state_9163ed41d98ddd = t50.
2,1,0,DATA(TMP) = CAST NAME( TMP ). | TMP = TMP->REVERSE( ).,src/abap/2_statements/result.ts.Result.wrapConsumed:307,DATA(t38) = CAST z_runtime_arra_c22708faf2e354( t7 ). t37 = t38->reverse( ).
3,1,0,DATA(TMP) = CAST NAME( TMP ). | TMP = TMP->REVERSE( ). | TMP = TMP->NAME( NAME = TMP ).,src/abap/2_statements/result.ts.Result.wrapConsumed:307,DATA(t38) = CAST z_runtime_arra_c22708faf2e354( t7 ). t37 = t38->reverse( ). t35 = t36->z_member_setch_8b290f46a4b28c( z_param_childr_9020c44e5b6ffa = t37 ).
2,1,1,DATA(TMP) = CAST NAME( TMP ). | TMP = TMP->SPLICE3( P0 = TMP P1 = TMP P2 = TMP ).,src/abap/2_statements/statement_parser.ts.StatementParser.nativeSQL:1194,DATA(t108) = CAST z_src_abap_nod_e445d254902ced( t94 ). t101 = t102->splice3( p0 = t104 p1 = t107 p2 = t108 ).
3,1,1,DATA(TMP) = CAST NAME( TMP ). | TMP = TMP->SPLICE3( P0 = TMP P1 = TMP P2 = TMP ). | DATA(TMP) = CONV ABAP_BOOL( ABAP_FALSE ).,src/abap/2_statements/statement_parser.ts.StatementParser.nativeSQL:1194,DATA(t108) = CAST z_src_abap_nod_e445d254902ced( t94 ). t101 = t102->splice3( p0 = t104 p1 = t107 p2 = t108 ). DATA(t109) = CONV abap_bool( abap_false ).
2,1,0,DATA(TMP) = CAST NAME( TMP ). | TMP = TMP->VALUE.,src/abap/2_statements/statement_parser.ts.StatementParser.constructor:58,DATA(t14) = CAST z_runtime_opti_4ba3bdccd169bb( t3 ). t13 = t14->value.
3,1,0,DATA(TMP) = CAST NAME( TMP ). | TMP = TMP->VALUE. | ME->NAME = TMP.,src/abap/2_statements/statement_parser.ts.StatementParser.constructor:58,DATA(t14) = CAST z_runtime_opti_4ba3bdccd169bb( t3 ). t13 = t14->value. me->z_member_langu_04816aba6849dd = t13.
3,1,0,DATA(TMP) = CAST NAME( TMP ). | TMP = TMP. | APPEND TMP TO TMP->ITEMS.,src/abap/1_lexer/lexer.ts.Lexer.add:1706,DATA(t739) = CAST z_src_abap_1_l_506101b34e5cc0( t211 ). t738 = t739. APPEND t738 TO t737->items.
3,1,1,DATA(TMP) = CAST NAME( TMP ). | TMP = TMP. | DATA(TMP) = CONV I( TMP ).,src/abap/2_statements/statement_parser.ts.StatementParser.buildSplits:791,DATA(t61) = CAST z_runtime_arra_c22708faf2e354( t57 ). t54 = t61. DATA(t62) = CONV i( t18 ).
3,1,0,DATA(TMP) = CAST NAME( TMP ). | TMP = TMP. | DATA(TMP) = VALUE I( ).,src/abap/2_statements/statement_parser.ts.StatementParser.categorizeStatement:1242,DATA(t3) = CAST z_src_abap_nod_e445d254902ced( t1 ). t2 = t3. DATA(t4) = VALUE i( ).
3,1,1,DATA(TMP) = CAST NAME( TMP ). | TMP = TMP. | EXIT.,src/abap/2_statements/statement_parser.ts.StatementParser.lazyUnknown:640,DATA(t116) = CAST z_src_abap_nod_e445d254902ced( t90 ). t6 = t116. EXIT.
3,1,0,DATA(TMP) = CAST NAME( TMP ). | TMP = TMP. | ME->NAME( NAME = TMP ).,src/abap/2_statements/result.ts.Result.constructor:69,DATA(t19) = CAST z_runtime_arra_c22708faf2e354( t3 ). t18 = t19. me->z_member_setno_5f2c408b4dab20( z_param_n_0c978ada81a388 = t18 ).
3,1,0,DATA(TMP) = CAST NAME( TMP ). | TMP = TMP. | RESULT = TMP.,src/abap/2_statements/statement_parser.ts.StatementParser.run:231,DATA(t75) = CAST z_runtime_arra_c22708faf2e354( t59 ). t58 = t75. result = t58.
3,1,1,DATA(TMP) = CAST NAME( TMP ). | TMP = XSDBOOL( TMP IS BOUND AND TMP IS INSTANCE OF NAME ). | TMP = XSDBOOL( TMP = ABAP_FALSE ).,src/abap/2_statements/statement_parser.ts.StatementParser.nativeAfter:2361,DATA(t16) = CAST z_src_abap_1_l_506101b34e5cc0( t12 ). t15 = xsdbool( t16 IS BOUND AND t16 IS INSTANCE OF z_src_abap_1_l_7a3d03a814f6ff ). t14 = xsdbool( t15 = abap_false ).
3,1,0,DATA(TMP) = CAST NAME( TMP ). | TMP->NAME = TMP. | DATA(TMP) = CAST NAME( TMP ).,src/abap/2_statements/result.ts.Result.fromChain:90,DATA(t11) = CAST z_src_abap_2_s_c435ad477cf33f( t3 ). t10->z_member_nodes_022617c0b510ec = t11. DATA(t12) = CAST z_src_abap_2_s_b6c5f651b292e5( t5 ).
2,1,0,DATA(TMP) = CAST NAME( TMP->PAYLOAD ). | DATA(TMP) = VALUE ABAP_BOOL( ).,src/abap/2_statements/combi.ts.Star.run:130,DATA(t41) = CAST z_builtin_erro_e8b3bd7e8a547c( t4->payload ). DATA(t42) = VALUE abap_bool( ).
3,1,0,DATA(TMP) = CAST NAME( TMP->PAYLOAD ). | DATA(TMP) = VALUE ABAP_BOOL( ). | DATA(TMP) = CAST NAME( TMP ).,src/abap/2_statements/combi.ts.Star.run:130,DATA(t41) = CAST z_builtin_erro_e8b3bd7e8a547c( t4->payload ). DATA(t42) = VALUE abap_bool( ). DATA(t43) = CAST z_builtin_erro_e8b3bd7e8a547c( t41 ).
3,1,0,DATA(TMP) = CONV ABAP_BOOL( ABAP_FALSE ). | TMP = TMP. | DATA TMP TYPE REF TO NAME.,src/abap/2_statements/statement_parser.ts.StatementParser.process:1960,DATA(t9) = CONV abap_bool( abap_false ). t8 = t9. DATA t10 TYPE REF TO z_runtime_arra_c22708faf2e354.
3,1,1,DATA(TMP) = CONV ABAP_BOOL( ABAP_FALSE ). | TMP = TMP. | ELSE.,src/abap/2_statements/statement_parser.ts.StatementParser.nativeSQL:939,DATA(t39) = CONV abap_bool( abap_false ). t2 = t39. ELSE.
3,1,1,DATA(TMP) = CONV ABAP_BOOL( ABAP_FALSE ). | TMP = TMP. | ENDIF.,src/abap/2_statements/statement_parser.ts.StatementParser.nativeSQL:1196,DATA(t109) = CONV abap_bool( abap_false ). t2 = t109. ENDIF.
3,1,1,DATA(TMP) = CONV ABAP_BOOL( ABAP_FALSE ). | TMP = TMP. | TMP = TMP.,src/abap/1_lexer/lexer.ts.Lexer.process:3386,DATA(t690) = CONV abap_bool( abap_false ). t684 = t690. t676 = t684.
3,1,0,DATA(TMP) = CONV ABAP_BOOL( ABAP_FALSE ). | TMP = XSDBOOL( TMP = TMP ). | IF TMP = ABAP_TRUE.,src/abap/2_statements/statement_parser.ts.StatementParser.removePragma:1468,DATA(t23) = CONV abap_bool( abap_false ). t21 = xsdbool( t22 = t23 ). IF t21 = abap_true.
2,1,1,DATA(TMP) = CONV ABAP_BOOL( ABAP_FALSE ). | TMP->NAME = TMP.,src/abap/1_lexer/lexer.ts.Lexer.process:1906,DATA(t79) = CONV abap_bool( abap_false ). t78->z_member_empty_a4a6dfca0b3692 = t79.
3,1,1,DATA(TMP) = CONV ABAP_BOOL( ABAP_FALSE ). | TMP->NAME = TMP. | ENDIF.,src/abap/1_lexer/lexer.ts.Lexer.process:1906,DATA(t79) = CONV abap_bool( abap_false ). t78->z_member_empty_a4a6dfca0b3692 = t79. ENDIF.
3,1,1,DATA(TMP) = CONV ABAP_BOOL( ABAP_TRUE ). | TMP = TMP. | ELSE.,src/abap/2_statements/statement_parser.ts.StatementParser.nativeSQL:919,DATA(t30) = CONV abap_bool( abap_true ). t2 = t30. ELSE.
3,1,1,DATA(TMP) = CONV ABAP_BOOL( ABAP_TRUE ). | TMP = TMP. | EXIT.,src/abap/2_statements/statement_parser.ts.StatementParser.removePragma:1456,DATA(t17) = CONV abap_bool( abap_true ). t2 = t17. EXIT.
3,1,1,DATA(TMP) = CONV ABAP_BOOL( ABAP_TRUE ). | TMP = TMP. | TMP = TMP.,src/abap/1_lexer/lexer.ts.Lexer.process:3410,DATA(t702) = CONV abap_bool( abap_true ). t691 = t702. t676 = t691.
2,1,0,DATA(TMP) = CONV ABAP_BOOL( ABAP_TRUE ). | TMP->NAME = TMP.,src/abap/1_lexer/lexer.ts.Lexer.add:1721,DATA(t747) = CONV abap_bool( abap_true ). t746->z_member_empty_a4a6dfca0b3692 = t747.
2,1,0,DATA(TMP) = CONV ABAP_BOOL( NAME ). | DATA(TMP) = CAST NAME( NAME ).,src/abap/2_statements/statement_parser.ts.StatementParser.nativeAfter:2331,DATA(t1) = CONV abap_bool( z_param_native_9edbc05eae010f ). DATA(t2) = CAST z_runtime_arra_c22708faf2e354( z_param_tokens_3a66ced5b5b26a ).
3,1,0,DATA(TMP) = CONV ABAP_BOOL( NAME ). | DATA(TMP) = CAST NAME( NAME ). | DATA(TMP) = CAST NAME( NAME ).,src/abap/2_statements/statement_parser.ts.StatementParser.nativeAfter:2331,DATA(t1) = CONV abap_bool( z_param_native_9edbc05eae010f ). DATA(t2) = CAST z_runtime_arra_c22708faf2e354( z_param_tokens_3a66ced5b5b26a ). DATA(t3) = CAST z_src_abap_1_l_506101b34e5cc0( z_param_colon_efc6e029c59417 ).
2,1,1,DATA(TMP) = CONV ABAP_BOOL( TMP ). | DATA(TMP) = CAST NAME( TMP ).,src/abap/2_statements/statement_parser.ts.StatementParser.process:2055,DATA(t54) = CONV abap_bool( t8 ). DATA(t55) = CAST z_runtime_arra_c22708faf2e354( t2 ).
3,1,1,DATA(TMP) = CONV ABAP_BOOL( TMP ). | DATA(TMP) = CAST NAME( TMP ). | DATA(TMP) = CAST NAME( TMP ).,src/abap/2_statements/statement_parser.ts.StatementParser.process:2055,DATA(t54) = CONV abap_bool( t8 ). DATA(t55) = CAST z_runtime_arra_c22708faf2e354( t2 ). DATA(t56) = CAST z_src_abap_1_l_506101b34e5cc0( t6 ).
2,1,0,DATA(TMP) = CONV ABAP_BOOL( TMP ). | IF TMP = ABAP_TRUE.,src/abap/2_statements/statement_parser.ts.StatementParser.categorizeStatement:1316,DATA(t36) = CONV abap_bool( t15 ). IF t36 = abap_true.
3,1,0,DATA(TMP) = CONV ABAP_BOOL( TMP ). | IF TMP = ABAP_TRUE. | DATA TMP TYPE REF TO NAME.,src/abap/2_statements/statement_parser.ts.StatementParser.categorizeStatement:1316,DATA(t36) = CONV abap_bool( t15 ). IF t36 = abap_true. DATA t37 TYPE REF TO z_src_abap_nod_e445d254902ced.
2,1,0,DATA(TMP) = CONV ABAP_BOOL( TMP ). | TMP = TMP.,src/abap/2_statements/statement_parser.ts.StatementParser.categorizeStatement:1281,DATA(t22) = CONV abap_bool( t15 ). t18 = t22.
3,1,0,DATA(TMP) = CONV ABAP_BOOL( TMP ). | TMP = TMP. | ENDIF.,src/abap/2_statements/statement_parser.ts.StatementParser.categorizeStatement:1281,DATA(t22) = CONV abap_bool( t15 ). t18 = t22. ENDIF.
2,1,0,DATA(TMP) = CONV ABAP_BOOL( TMP ). | TMP = XSDBOOL( TMP = ABAP_FALSE ).,src/abap/1_lexer/lexer.ts.Lexer.add:1668,DATA(t723) = CONV abap_bool( t706 ). t722 = xsdbool( t723 = abap_false ).
3,1,0,DATA(TMP) = CONV ABAP_BOOL( TMP ). | TMP = XSDBOOL( TMP = ABAP_FALSE ). | IF TMP = ABAP_TRUE.,src/abap/1_lexer/lexer.ts.Lexer.add:1668,DATA(t723) = CONV abap_bool( t706 ). t722 = xsdbool( t723 = abap_false ). IF t722 = abap_true.
2,1,1,DATA(TMP) = CONV I( LIT ). | DATA(TMP) = CAST NAME( TMP ).,src/abap/2_statements/statement_parser.ts.StatementParser.nativeSQL:1193,DATA(t107) = CONV i( '0' ). DATA(t108) = CAST z_src_abap_nod_e445d254902ced( t94 ).
3,1,1,DATA(TMP) = CONV I( LIT ). | DATA(TMP) = CAST NAME( TMP ). | TMP = TMP->SPLICE3( P0 = TMP P1 = TMP P2 = TMP ).,src/abap/2_statements/statement_parser.ts.StatementParser.nativeSQL:1193,DATA(t107) = CONV i( '0' ). DATA(t108) = CAST z_src_abap_nod_e445d254902ced( t94 ). t101 = t102->splice3( p0 = t104 p1 = t107 p2 = t108 ).
2,1,0,DATA(TMP) = CONV I( LIT ). | ME->NAME = TMP.,src/abap/1_lexer/lexer_stream.ts.LexerStream.constructor:28,DATA(t2) = CONV i( '-1' ). me->z_member_offse_4eb7e0915312eb = t2.
3,1,0,DATA(TMP) = CONV I( LIT ). | ME->NAME = TMP. | DATA(TMP) = CONV STRING( TMP ).,src/abap/1_lexer/lexer_stream.ts.LexerStream.constructor:28,DATA(t2) = CONV i( '-1' ). me->z_member_offse_4eb7e0915312eb = t2. DATA(t3) = CONV string( t1 ).
3,1,1,DATA(TMP) = CONV I( LIT ). | TMP = TMP + TMP. | DATA(TMP) = CONV I( LIT ).,src/abap/2_statements/statement_parser.ts.StatementParser.nativeSQL:1191,DATA(t106) = CONV i( '1' ). t104 = t105 + t106. DATA(t107) = CONV i( '0' ).
3,1,0,DATA(TMP) = CONV I( LIT ). | TMP = TMP + TMP. | ME->NAME = TMP.,src/abap/1_lexer/lexer_stream.ts.LexerStream.advance:153,DATA(t47) = CONV i( '1' ). t45 = t46 + t47. me->z_member_offse_4eb7e0915312eb = t45.
3,1,0,DATA(TMP) = CONV I( LIT ). | TMP = TMP - TMP. | DATA(TMP) = CONV I( STRLEN( TMP ) ).,src/abap/1_lexer/lexer.ts.Lexer.add:613,DATA(t248) = CONV i( '1' ). t244 = t245 - t248. DATA(t249) = CONV i( strlen( t243 ) ).
3,1,1,DATA(TMP) = CONV I( LIT ). | TMP = TMP - TMP. | DATA(TMP) = VALUE I( ).,src/abap/2_statements/statement_parser.ts.StatementParser.nativeSQL:1118,DATA(t72) = CONV i( '2' ). t69 = t70 - t72. DATA(t73) = VALUE i( ).
2,1,1,DATA(TMP) = CONV I( LIT ). | TMP = TMP->SPLICE2( P0 = TMP P1 = TMP ).,src/abap/2_statements/combi.ts.Permutation.run:151,DATA(t37) = CONV i( '1' ). t34 = t35->splice2( p0 = t36 p1 = t37 ).
3,1,1,DATA(TMP) = CONV I( LIT ). | TMP = TMP->SPLICE2( P0 = TMP P1 = TMP ). | DATA(TMP) = VALUE ABAP_BOOL( ).,src/abap/2_statements/combi.ts.Permutation.run:151,DATA(t37) = CONV i( '1' ). t34 = t35->splice2( p0 = t36 p1 = t37 ). DATA(t38) = VALUE abap_bool( ).
3,1,0,DATA(TMP) = CONV I( LIT ). | TMP = TMP. | ENDIF.,src/abap/1_lexer/lexer.ts.Lexer.add:1519,DATA(t655) = CONV i( '0' ). t617 = t655. ENDIF.
2,1,1,DATA(TMP) = CONV I( LIT ). | TMP = XSDBOOL( TMP <> TMP ).,src/abap/2_statements/combi.ts.Permutation.run:124,DATA(t23) = CONV i( '0' ). t20 = xsdbool( t21 <> t23 ).
3,1,1,DATA(TMP) = CONV I( LIT ). | TMP = XSDBOOL( TMP <> TMP ). | IF TMP = ABAP_TRUE.,src/abap/2_statements/combi.ts.Permutation.run:124,DATA(t23) = CONV i( '0' ). t20 = xsdbool( t21 <> t23 ). IF t20 = abap_true.
2,1,0,DATA(TMP) = CONV I( LIT ). | TMP = XSDBOOL( TMP >= TMP ).,src/abap/1_lexer/lexer.ts.Lexer.add:218,DATA(t66) = CONV i( '0' ). t64 = xsdbool( t65 >= t66 ).
3,1,0,DATA(TMP) = CONV I( LIT ). | TMP = XSDBOOL( TMP >= TMP ). | IF TMP = ABAP_TRUE.,src/abap/1_lexer/lexer.ts.Lexer.add:218,DATA(t66) = CONV i( '0' ). t64 = xsdbool( t65 >= t66 ). IF t64 = abap_true.
3,1,0,DATA(TMP) = CONV I( ME->NAME ). | DATA(TMP) = CONV I( LIT ). | TMP = TMP + TMP.,src/abap/1_lexer/lexer_stream.ts.LexerStream.advance:152,DATA(t46) = CONV i( me->z_member_offse_4eb7e0915312eb ). DATA(t47) = CONV i( '1' ). t45 = t46 + t47.
2,1,0,DATA(TMP) = CONV I( ME->NAME ). | TMP = TMP + NUM.,src/abap/2_statements/result.ts.Result.peek:103,DATA(t3) = CONV i( me->z_member_token_62f41b3bcb0bad ). t3 = t3 + 1.
3,1,0,DATA(TMP) = CONV I( ME->NAME ). | TMP = TMP + NUM. | DATA TMP TYPE REF TO OBJECT.,src/abap/2_statements/result.ts.Result.peek:103,DATA(t3) = CONV i( me->z_member_token_62f41b3bcb0bad ). t3 = t3 + 1. DATA t4 TYPE REF TO object.
3,1,0,DATA(TMP) = CONV I( ME->NAME ). | TMP = TMP. | DATA(TMP) = CONV INT8( TMP ).,src/abap/2_statements/result.ts.Result.peekAt:136,DATA(t9) = CONV i( me->z_member_token_62f41b3bcb0bad ). t8 = t9. DATA(t10) = CONV int8( t1 ).
3,1,0,DATA(TMP) = CONV I( ME->NAME ). | TMP = TMP. | RESULT = TMP.,src/abap/1_lexer/lexer_stream.ts.LexerStream.getOffset:556,DATA(t2) = CONV i( me->z_member_offse_4eb7e0915312eb ). t1 = t2. result = t1.
3,1,0,DATA(TMP) = CONV I( ME->NAME ). | TMP = TMP. | TMP = TMP - TMP.,src/abap/2_statements/result.ts.Result.remainingLength:494,DATA(t6) = CONV i( me->z_member_token_62f41b3bcb0bad ). t5 = t6. t1 = t2 - t5.
3,1,1,DATA(TMP) = CONV I( NAME=>NAME ). | TMP = TMP. | TMP = XSDBOOL( TMP <> TMP ).,src/abap/1_lexer/lexer.ts.Lexer.process:3226,DATA(t620) = CONV i( z_src_abap_1_l_9d1bf4ef0204bc=>z_member_modet_91454e8d77ceb7 ). t619 = t620. t617 = xsdbool( t618 <> t619 ).
2,1,0,DATA(TMP) = CONV I( NAME=>NAME ). | TMP = XSDBOOL( TMP > TMP ).,src/abap/2_statements/statement_parser.ts.StatementParser.categorizeStatement:1326,DATA(t41) = CONV i( z_src_abap_2_s_73dc2c5ca921c9=>z_member_state_20eddd4f60b344 ). t39 = xsdbool( t40 > t41 ).
3,1,0,DATA(TMP) = CONV I( NAME=>NAME ). | TMP = XSDBOOL( TMP > TMP ). | IF TMP = ABAP_TRUE.,src/abap/2_statements/statement_parser.ts.StatementParser.categorizeStatement:1326,DATA(t41) = CONV i( z_src_abap_2_s_73dc2c5ca921c9=>z_member_state_20eddd4f60b344 ). t39 = xsdbool( t40 > t41 ). IF t39 = abap_true.
3,1,0,DATA(TMP) = CONV I( STRLEN( TMP ) ). | TMP = TMP. | REPLACE ALL OCCURRENCES OF TMP IN TMP WITH TMP.,src/abap/1_lexer/lexer.ts.Lexer.process:1750,DATA(t9) = CONV i( strlen( t5 ) ). t4 = t5. REPLACE ALL OCCURRENCES OF t6 IN t4 WITH t8.
3,1,1,DATA(TMP) = CONV I( TMP ). | DATA(TMP) = CONV I( LIT ). | TMP = TMP->SPLICE2( P0 = TMP P1 = TMP ).,src/abap/2_statements/combi.ts.Permutation.run:150,DATA(t36) = CONV i( t7 ). DATA(t37) = CONV i( '1' ). t34 = t35->splice2( p0 = t36 p1 = t37 ).
3,1,0,DATA(TMP) = CONV I( TMP ). | DATA(TMP) = CONV I( LIT ). | TMP = XSDBOOL( TMP >= TMP ).,src/abap/1_lexer/lexer.ts.Lexer.add:217,DATA(t65) = CONV i( t52 ). DATA(t66) = CONV i( '0' ). t64 = xsdbool( t65 >= t66 ).
3,1,0,DATA(TMP) = CONV I( TMP ). | DATA(TMP) = CONV I( NAME=>NAME ). | TMP = XSDBOOL( TMP > TMP ).,src/abap/2_statements/statement_parser.ts.StatementParser.categorizeStatement:1325,DATA(t40) = CONV i( t4 ). DATA(t41) = CONV i( z_src_abap_2_s_73dc2c5ca921c9=>z_member_state_20eddd4f60b344 ). t39 = xsdbool( t40 > t41 ).
3,1,1,DATA(TMP) = CONV I( TMP ). | DATA(TMP) = VALUE I( ). | DATA TMP TYPE REF TO NAME.,src/abap/2_statements/statement_parser.ts.StatementParser.nativeSQL:862,DATA(t7) = CONV i( t4 ). DATA(t8) = VALUE i( ). DATA t9 TYPE REF TO z_runtime_arra_c22708faf2e354.
3,1,1,DATA(TMP) = CONV I( TMP ). | DATA(TMP) = VALUE I( ). | DATA(TMP) = CAST NAME( ME->NAME ).,src/abap/2_statements/combi.ts.Permutation.run:96,DATA(t10) = CONV i( t7 ). DATA(t11) = VALUE i( ). DATA(t12) = CAST z_runtime_arra_c22708faf2e354( me->z_member_list_484fd43dd9f8d0 ).
3,1,1,DATA(TMP) = CONV I( TMP ). | DATA(TMP) = VALUE I( ). | DATA(TMP) = CAST NAME( TMP ).,src/abap/2_statements/statement_parser.ts.StatementParser.buildSplits:700,DATA(t21) = CONV i( t18 ). DATA(t22) = VALUE i( ). DATA(t23) = CAST z_runtime_arra_c22708faf2e354( t1 ).
2,1,0,DATA(TMP) = CONV I( TMP ). | ME->NAME = TMP.,src/abap/2_statements/result.ts.Result.constructor:44,DATA(t8) = CONV i( t4 ). me->z_member_token_62f41b3bcb0bad = t8.
3,1,0,DATA(TMP) = CONV I( TMP ). | ME->NAME = TMP. | DATA(TMP) = CONV INT8( NUM ).,src/abap/2_statements/result.ts.Result.constructor:44,DATA(t8) = CONV i( t4 ). me->z_member_token_62f41b3bcb0bad = t8. DATA(t9) = CONV int8( 0 ).
2,1,1,DATA(TMP) = CONV I( TMP ). | TMP = TMP->SPLICE1( P0 = TMP ).,src/abap/2_statements/statement_parser.ts.StatementParser.buildSplits:793,DATA(t62) = CONV i( t18 ). t53 = t54->splice1( p0 = t62 ).
3,1,1,DATA(TMP) = CONV I( TMP ). | TMP = TMP->SPLICE1( P0 = TMP ). | TMP = TMP.,src/abap/2_statements/statement_parser.ts.StatementParser.buildSplits:793,DATA(t62) = CONV i( t18 ). t53 = t54->splice1( p0 = t62 ). t51 = t53.
3,1,1,DATA(TMP) = CONV I( TMP ). | TMP = TMP. | ENDIF.,src/abap/1_lexer/lexer.ts.Lexer.process:1901,DATA(t77) = CONV i( t64 ). t72 = t77. ENDIF.
3,1,0,DATA(TMP) = CONV I( TMP ). | TMP = TMP. | TMP = TMP - TMP.,src/abap/1_lexer/lexer.ts.Lexer.add:1547,DATA(t671) = CONV i( t616 ). t670 = t671. t657 = t658 - t670.
2,1,0,DATA(TMP) = CONV INT8( ME->NAME ). | IF TMP < RANGE_INT_CHECK_LO_NZIK0ZK OR TMP > RANGE_INT_CHECK_HI_ZIK0ZJ.,src/abap/2_statements/result.ts.Result.getNodes:363,DATA(t4) = CONV int8( me->z_member_nodec_32889faa6e522a ). IF t4 < range_int_check_lo_nzik0zk OR t4 > range_int_check_hi_zik0zj.
3,1,0,DATA(TMP) = CONV INT8( ME->NAME ). | IF TMP < RANGE_INT_CHECK_LO_NZIK0ZK OR TMP > RANGE_INT_CHECK_HI_ZIK0ZJ. | RAISE EXCEPTION TYPE CX_SY_RANGE_OUT_OF_BOUNDS.,src/abap/2_statements/result.ts.Result.getNodes:363,DATA(t4) = CONV int8( me->z_member_nodec_32889faa6e522a ). IF t4 < range_int_check_lo_nzik0zk OR t4 > range_int_check_hi_zik0zj. RAISE EXCEPTION TYPE cx_sy_range_out_of_bounds.
2,1,0,DATA(TMP) = CONV INT8( ME->NAME ). | TMP = TMP.,src/abap/2_statements/result.ts.Result.wrapConsumed:225,DATA(t6) = CONV int8( me->z_member_nodec_32889faa6e522a ). t5 = t6.
3,1,0,DATA(TMP) = CONV INT8( ME->NAME ). | TMP = TMP. | DATA TMP TYPE REF TO NAME.,src/abap/2_statements/result.ts.Result.wrapConsumed:225,DATA(t6) = CONV int8( me->z_member_nodec_32889faa6e522a ). t5 = t6. DATA t7 TYPE REF TO z_runtime_arra_c22708faf2e354.
3,1,0,DATA(TMP) = CONV INT8( NAME ). | DATA(TMP) = CAST NAME( NAME ). | DATA TMP TYPE REF TO NAME.,src/abap/2_statements/result.ts.Result.wrapConsumed:218,DATA(t1) = CONV int8( z_param_consum_74b8bf7d11c654 ). DATA(t2) = CAST z_src_abap_nod_582169980ca52f( z_param_node_1324e81b8c7326 ). DATA t3 TYPE REF TO z_src_abap_2_s_c435ad477cf33f.
3,1,0,DATA(TMP) = CONV INT8( NAME ). | DATA(TMP) = CAST NAME( NAME ). | DATA(TMP) = CONV INT8( NAME ).,src/abap/2_statements/result.ts.Result.fromChain:76,DATA(t2) = CONV int8( z_param_tokeni_36bd2fa45d0f58 ). DATA(t3) = CAST z_src_abap_2_s_c435ad477cf33f( z_param_nodes_51988edc19892d ). DATA(t4) = CONV int8( z_param_nodeco_6f0a19763cdb2a ).
3,1,0,DATA(TMP) = CONV INT8( NAME ). | DATA(TMP) = CAST NAME( NAME ). | DATA(TMP) = VALUE I( ).,src/abap/2_statements/result.ts.Result.constructor:32,DATA(t2) = CONV int8( z_param_tokeni_36bd2fa45d0f58 ). DATA(t3) = CAST z_runtime_arra_c22708faf2e354( z_param_nodes_51988edc19892d ). DATA(t4) = VALUE i( ).
2,1,0,DATA(TMP) = CONV INT8( NAME ). | DATA(TMP) = VALUE ABAP_BOOL( ).,src/abap/1_lexer/lexer_stream.ts.LexerStream.charCodeAt:484,DATA(t1) = CONV int8( z_param_o_e6d22f8d0dbece ). DATA(t2) = VALUE abap_bool( ).
3,1,0,DATA(TMP) = CONV INT8( NAME ). | DATA(TMP) = VALUE ABAP_BOOL( ). | DATA(TMP) = VALUE ABAP_BOOL( ).,src/abap/1_lexer/lexer_stream.ts.LexerStream.charCodeAt:484,DATA(t1) = CONV int8( z_param_o_e6d22f8d0dbece ). DATA(t2) = VALUE abap_bool( ). DATA(t3) = VALUE abap_bool( ).
3,1,0,DATA(TMP) = CONV INT8( NUM ). | ME->NAME = TMP. | DATA(TMP) = CONV INT8( NUM ).,src/abap/1_lexer/lexer_stream.ts.LexerStream.constructor:32,DATA(t4) = CONV int8( 0 ). me->z_member_row_2dc5d934b27d6d = t4. DATA(t5) = CONV int8( 0 ).
3,1,0,DATA(TMP) = CONV INT8( NUM ). | ME->NAME = TMP. | DATA(TMP) = VALUE ABAP_BOOL( ).,src/abap/2_statements/result.ts.Result.constructor:46,DATA(t9) = CONV int8( 0 ). me->z_member_nodec_32889faa6e522a = t9. DATA(t10) = VALUE abap_bool( ).
3,1,0,DATA(TMP) = CONV INT8( NUM ). | ME->NAME = TMP. | DATA(TMP) = VALUE INT8( ).,src/abap/1_lexer/lexer_stream.ts.LexerStream.advance:112,DATA(t29) = CONV int8( 1 ). me->z_member_col_cdb3c3718bda2d = t29. DATA(t30) = VALUE int8( ).
3,1,1,DATA(TMP) = CONV INT8( NUM ). | TMP = XSDBOOL( TMP = TMP ). | IF TMP = ABAP_TRUE.,src/abap/2_statements/combi.ts.Regex.run:86,DATA(t19) = CONV int8( 0 ). t7 = xsdbool( t8 = t19 ). IF t7 = abap_true.
3,1,1,DATA(TMP) = CONV INT8( NUM ). | TMP = XSDBOOL( TMP = TMP ). | TMP = TMP.,src/abap/1_lexer/lexer.ts.Lexer.process:2526,DATA(t334) = CONV int8( 1 ). t323 = xsdbool( t324 = t334 ). t322 = t323.
3,1,1,DATA(TMP) = CONV INT8( NUM ). | TMP = XSDBOOL( TMP > TMP ). | IF TMP = ABAP_FALSE.,src/abap/2_statements/result.ts.Result.wrapConsumed:236,DATA(t11) = CONV int8( 0 ). t9 = xsdbool( t10 > t11 ). IF t9 = abap_false.
2,1,1,DATA(TMP) = CONV INT8( NUM ). | TMP = XSDBOOL( TMP >= TMP ).,src/abap/2_statements/result.ts.Result.getNodes:392,DATA(t14) = CONV int8( 0 ). t12 = xsdbool( t13 >= t14 ).
3,1,1,DATA(TMP) = CONV INT8( NUM ). | TMP = XSDBOOL( TMP >= TMP ). | IF TMP = ABAP_FALSE.,src/abap/2_statements/result.ts.Result.getNodes:392,DATA(t14) = CONV int8( 0 ). t12 = xsdbool( t13 >= t14 ). IF t12 = abap_false.
2,1,1,DATA(TMP) = CONV INT8( NUM ). | TMP->NAME = TMP.,src/abap/1_lexer/lexer.ts.Lexer.process:3347,DATA(t670) = CONV int8( 1 ). t669->z_member_col_cdb3c3718bda2d = t670.
3,1,1,DATA(TMP) = CONV INT8( NUM ). | TMP->NAME = TMP. | DATA(TMP) = CAST NAME( TMP ).,src/abap/1_lexer/lexer.ts.Lexer.process:3347,DATA(t670) = CONV int8( 1 ). t669->z_member_col_cdb3c3718bda2d = t670. DATA(t671) = CAST z_src_abap_1_l_4d08aedee14b5b( t633 ).
2,1,0,DATA(TMP) = CONV INT8( TMP ). | DATA TMP TYPE REF TO NAME.,src/abap/2_statements/result.ts.Result.fromChain:84,DATA(t8) = CONV int8( t2 ). DATA t9 TYPE REF TO z_runtime_arra_c22708faf2e354.
3,1,0,DATA(TMP) = CONV INT8( TMP ). | DATA TMP TYPE REF TO NAME. | CLEAR TMP.,src/abap/2_statements/result.ts.Result.fromChain:84,DATA(t8) = CONV int8( t2 ). DATA t9 TYPE REF TO z_runtime_arra_c22708faf2e354. CLEAR t9.
3,1,0,DATA(TMP) = CONV INT8( TMP ). | DATA(TMP) = CONV INT8( NUM ). | TMP = TMP + TMP.,src/abap/2_statements/result.ts.Result.wrapConsumed:327,DATA(t46) = CONV int8( t5 ). DATA(t47) = CONV int8( 1 ). t45 = t46 + t47.
3,1,1,DATA(TMP) = CONV INT8( TMP ). | DATA(TMP) = CONV INT8( NUM ). | TMP = XSDBOOL( TMP >= TMP ).,src/abap/2_statements/result.ts.Result.getNodes:391,DATA(t13) = CONV int8( t8 ). DATA(t14) = CONV int8( 0 ). t12 = xsdbool( t13 >= t14 ).
3,1,1,DATA(TMP) = CONV INT8( TMP ). | DATA(TMP) = VALUE INT8( ). | DATA TMP TYPE REF TO NAME.,src/abap/2_statements/result.ts.Result.wrapConsumed:270,DATA(t24) = CONV int8( t1 ). DATA(t25) = VALUE int8( ). DATA t26 TYPE REF TO z_union_667199_4cf1d0543504ab.
3,1,0,DATA(TMP) = CONV INT8( TMP ). | DATA(TMP) = VALUE INT8( ). | DATA(TMP) = CONV INT8( TMP ).,src/abap/1_lexer/lexer.ts.Lexer.add:497,DATA(t189) = CONV int8( t44 ). DATA(t190) = VALUE int8( ). DATA(t191) = CONV int8( t38 ).
2,1,1,DATA(TMP) = CONV INT8( TMP ). | IF TMP < RANGE_INT_CHECK_LO_NZIK0ZK OR TMP > RANGE_INT_CHECK_HI_ZIK0ZI.,src/abap/1_lexer/lexer.ts.Lexer.process:1878,DATA(t66) = CONV int8( t55 ). IF t66 < range_int_check_lo_nzik0zk OR t66 > range_int_check_hi_zik0zi.
3,1,1,DATA(TMP) = CONV INT8( TMP ). | IF TMP < RANGE_INT_CHECK_LO_NZIK0ZK OR TMP > RANGE_INT_CHECK_HI_ZIK0ZI. | RAISE EXCEPTION TYPE CX_SY_RANGE_OUT_OF_BOUNDS.,src/abap/1_lexer/lexer.ts.Lexer.process:1878,DATA(t66) = CONV int8( t55 ). IF t66 < range_int_check_lo_nzik0zk OR t66 > range_int_check_hi_zik0zi. RAISE EXCEPTION TYPE cx_sy_range_out_of_bounds.
2,1,0,DATA(TMP) = CONV INT8( TMP ). | TMP = TMP + TMP.,src/abap/2_statements/result.ts.Result.peekAt:138,DATA(t10) = CONV int8( t1 ). t7 = t8 + t10.
3,1,0,DATA(TMP) = CONV INT8( TMP ). | TMP = TMP + TMP. | IF TMP < RANGE_INT8_BOUND_MIN OR TMP > RANGE_INT8_BOUND_MAX.,src/abap/2_statements/result.ts.Result.peekAt:138,DATA(t10) = CONV int8( t1 ). t7 = t8 + t10. IF t7 < range_int8_bound_min OR t7 > range_int8_bound_max.
3,1,0,DATA(TMP) = CONV INT8( TMP ). | TMP = TMP. | DATA(TMP) = VALUE INT8( ).,src/abap/1_lexer/lexer.ts.Lexer.add:1562,DATA(t678) = CONV int8( t656 ). t677 = t678. DATA(t679) = VALUE int8( ).
2,1,1,DATA(TMP) = CONV INT8( TMP ). | TMP = XSDBOOL( TMP <> TMP ).,src/abap/2_statements/statement_parser.ts.StatementParser.buildSplits:735,DATA(t37) = CONV int8( t6 ). t24 = xsdbool( t25 <> t37 ).
3,1,1,DATA(TMP) = CONV INT8( TMP ). | TMP = XSDBOOL( TMP <> TMP ). | IF TMP = ABAP_TRUE.,src/abap/2_statements/statement_parser.ts.StatementParser.buildSplits:735,DATA(t37) = CONV int8( t6 ). t24 = xsdbool( t25 <> t37 ). IF t24 = abap_true.
2,1,0,DATA(TMP) = CONV INT8( TMP ). | TMP->NAME = TMP.,src/abap/2_statements/result.ts.Result.fromChain:93,DATA(t13) = CONV int8( t4 ). t12->z_member_nodec_32889faa6e522a = t13.
3,1,0,DATA(TMP) = CONV INT8( TMP ). | TMP->NAME = TMP. | DATA(TMP) = CAST NAME( TMP ).,src/abap/2_statements/result.ts.Result.fromChain:93,DATA(t13) = CONV int8( t4 ). t12->z_member_nodec_32889faa6e522a = t13. DATA(t14) = CAST z_src_abap_2_s_b6c5f651b292e5( t5 ).
2,1,0,DATA(TMP) = CONV STRING( LIT ). | DATA TMP TYPE C LENGTH NUM.,src/abap/1_lexer/lexer.ts.Lexer.process:1744,DATA(t6) = CONV string( || ). DATA t7 TYPE c LENGTH 1.
3,1,0,DATA(TMP) = CONV STRING( LIT ). | DATA TMP TYPE C LENGTH NUM. | CLEAR TMP.,src/abap/1_lexer/lexer.ts.Lexer.process:1744,DATA(t6) = CONV string( || ). DATA t7 TYPE c LENGTH 1. CLEAR t7.
3,1,0,DATA(TMP) = CONV STRING( LIT ). | DATA(TMP) = CONV I( STRLEN( TMP ) ). | TMP = TMP.,src/abap/1_lexer/lexer.ts.Lexer.process:1749,DATA(t8) = CONV string( || ). DATA(t9) = CONV i( strlen( t5 ) ). t4 = t5.
2,1,0,DATA(TMP) = CONV STRING( LIT ). | DATA(TMP) = NEW NAME( ).,src/abap/2_statements/statement_parser.ts.StatementParser.constructor:40,DATA(t6) = CONV string( |Normal| ). DATA(t7) = NEW z_runtime_opti_4ba3bdccd169bb( ).
3,1,0,DATA(TMP) = CONV STRING( LIT ). | DATA(TMP) = NEW NAME( ). | TMP->HAS = ABAP_TRUE.,src/abap/2_statements/statement_parser.ts.StatementParser.constructor:40,DATA(t6) = CONV string( |Normal| ). DATA(t7) = NEW z_runtime_opti_4ba3bdccd169bb( ). t7->has = abap_true.
2,1,0,DATA(TMP) = CONV STRING( LIT ). | TMP = TMP->NAME( NAME = TMP ).,src/abap/2_statements/statement_parser.ts.StatementParser.match:1807,DATA(t87) = CONV string( || ). t85 = t86->z_member_looku_352043b2d34900( z_param_str_b4492f271a40dd = t87 ).
3,1,0,DATA(TMP) = CONV STRING( LIT ). | TMP = TMP->NAME( NAME = TMP ). | DATA TMP TYPE REF TO NAME.,src/abap/2_statements/statement_parser.ts.StatementParser.match:1807,DATA(t87) = CONV string( || ). t85 = t86->z_member_looku_352043b2d34900( z_param_str_b4492f271a40dd = t87 ). DATA t88 TYPE REF TO z_shape_7e8c42_1adc9d0c1b47db.
2,1,0,DATA(TMP) = CONV STRING( ME->NAME ). | RESULT = TMP.,src/abap/1_lexer/lexer_stream.ts.LexerStream.getRaw:550,DATA(t1) = CONV string( me->z_member_raw_eb82124cb04f25 ). result = t1.
3,1,0,DATA(TMP) = CONV STRING( ME->NAME ). | RESULT = TMP. | RETURN.,src/abap/1_lexer/lexer_stream.ts.LexerStream.getRaw:550,DATA(t1) = CONV string( me->z_member_raw_eb82124cb04f25 ). result = t1. RETURN.
2,1,0,DATA(TMP) = CONV STRING( NAME ). | DATA TMP TYPE REF TO NAME.,src/abap/1_lexer/lexer.ts.Lexer.process:1737,DATA(t1) = CONV string( z_param_raw_2fd8c444587bc5 ). DATA t2 TYPE REF TO z_src_abap_1_l_4d08aedee14b5b.
3,1,0,DATA(TMP) = CONV STRING( NAME ). | DATA TMP TYPE REF TO NAME. | CLEAR TMP.,src/abap/1_lexer/lexer.ts.Lexer.process:1737,DATA(t1) = CONV string( z_param_raw_2fd8c444587bc5 ). DATA t2 TYPE REF TO z_src_abap_1_l_4d08aedee14b5b. CLEAR t2.
2,1,0,DATA(TMP) = CONV STRING( NAME ). | DATA(TMP) = CONV I( LIT ).,src/abap/1_lexer/lexer_stream.ts.LexerStream.constructor:27,DATA(t1) = CONV string( z_param_raw_2fd8c444587bc5 ). DATA(t2) = CONV i( '-1' ).
3,1,0,DATA(TMP) = CONV STRING( NAME ). | DATA(TMP) = CONV I( LIT ). | ME->NAME = TMP.,src/abap/1_lexer/lexer_stream.ts.LexerStream.constructor:27,DATA(t1) = CONV string( z_param_raw_2fd8c444587bc5 ). DATA(t2) = CONV i( '-1' ). me->z_member_offse_4eb7e0915312eb = t2.
3,1,0,DATA(TMP) = CONV STRING( TMP ). | DATA(TMP) = CONV STRING( LIT ). | DATA TMP TYPE C LENGTH NUM.,src/abap/1_lexer/lexer.ts.Lexer.process:1743,DATA(t5) = CONV string( t1 ). DATA(t6) = CONV string( || ). DATA t7 TYPE c LENGTH 1.
2,1,0,DATA(TMP) = CONV STRING( TMP ). | DATA(TMP) = VALUE I( ).,src/abap/1_lexer/lexer.ts.Lexer.add:607,DATA(t243) = CONV string( t1 ). DATA(t244) = VALUE i( ).
3,1,0,DATA(TMP) = CONV STRING( TMP ). | DATA(TMP) = VALUE I( ). | DATA(TMP) = VALUE I( ).,src/abap/1_lexer/lexer.ts.Lexer.add:607,DATA(t243) = CONV string( t1 ). DATA(t244) = VALUE i( ). DATA(t245) = VALUE i( ).
2,1,0,DATA(TMP) = CONV STRING( TMP ). | ME->NAME = TMP.,src/abap/1_lexer/lexer_stream.ts.LexerStream.constructor:30,DATA(t3) = CONV string( t1 ). me->z_member_raw_eb82124cb04f25 = t3.
3,1,0,DATA(TMP) = CONV STRING( TMP ). | ME->NAME = TMP. | DATA(TMP) = CONV INT8( NUM ).,src/abap/1_lexer/lexer_stream.ts.LexerStream.constructor:30,DATA(t3) = CONV string( t1 ). me->z_member_raw_eb82124cb04f25 = t3. DATA(t4) = CONV int8( 0 ).
2,1,0,DATA(TMP) = NEW NAME( ). | NAME=>NAME = TMP.,src/abap/2_statements/statement_parser.ts.StatementParser.constructor:52,DATA(t11) = NEW z_src_abap_2_s_ae66e7a3c47085( ). z_src_abap_2_s_133beb1c8ec314=>z_member_map_dd23ae04a8f1b1 = t11.
3,1,0,DATA(TMP) = NEW NAME( ). | NAME=>NAME = TMP. | ENDIF.,src/abap/2_statements/statement_parser.ts.StatementParser.constructor:52,DATA(t11) = NEW z_src_abap_2_s_ae66e7a3c47085( ). z_src_abap_2_s_133beb1c8ec314=>z_member_map_dd23ae04a8f1b1 = t11. ENDIF.
3,1,1,DATA(TMP) = VALUE ABAP_BOOL( ). | DATA(TMP) = CAST NAME( ME->NAME ). | DATA(TMP) = VALUE STRING( ).,src/abap/2_statements/combi.ts.Regex.run:116,DATA(t31) = VALUE abap_bool( ). DATA(t32) = CAST z_runtime_rege_5a210f82384ebf( me->z_member_regex_5ebdfeea2030b9 ). DATA(t33) = VALUE string( ).
3,1,0,DATA(TMP) = VALUE ABAP_BOOL( ). | DATA(TMP) = CAST NAME( ME->NAME ). | TMP = XSDBOOL( TMP IS BOUND ).,src/abap/1_lexer/lexer.ts.Lexer.add:512,DATA(t196) = VALUE abap_bool( ). DATA(t197) = CAST z_src_position_90002a97f25e1e( me->z_member_virtu_db098211587b90 ). t196 = xsdbool( t197 IS BOUND ).
2,1,0,DATA(TMP) = VALUE ABAP_BOOL( ). | DATA(TMP) = CAST NAME( NAME=>NAME ).,src/abap/2_statements/statement_parser.ts.StatementParser.constructor:47,DATA(t9) = VALUE abap_bool( ). DATA(t10) = CAST z_src_abap_2_s_ae66e7a3c47085( z_src_abap_2_s_133beb1c8ec314=>z_member_map_dd23ae04a8f1b1 ).
3,1,0,DATA(TMP) = VALUE ABAP_BOOL( ). | DATA(TMP) = CAST NAME( NAME=>NAME ). | TMP = XSDBOOL( TMP IS BOUND ).,src/abap/2_statements/statement_parser.ts.StatementParser.constructor:47,DATA(t9) = VALUE abap_bool( ). DATA(t10) = CAST z_src_abap_2_s_ae66e7a3c47085( z_src_abap_2_s_133beb1c8ec314=>z_member_map_dd23ae04a8f1b1 ). t9 = xsdbool( t10 IS BOUND ).
3,1,1,DATA(TMP) = VALUE ABAP_BOOL( ). | DATA(TMP) = CONV ABAP_BOOL( TMP ). | DATA(TMP) = CAST NAME( TMP ).,src/abap/2_statements/statement_parser.ts.StatementParser.process:2054,DATA(t53) = VALUE abap_bool( ). DATA(t54) = CONV abap_bool( t8 ). DATA(t55) = CAST z_runtime_arra_c22708faf2e354( t2 ).
3,1,0,DATA(TMP) = VALUE ABAP_BOOL( ). | DATA(TMP) = CONV ABAP_BOOL( TMP ). | TMP = XSDBOOL( TMP = ABAP_FALSE ).,src/abap/1_lexer/lexer.ts.Lexer.add:1667,DATA(t722) = VALUE abap_bool( ). DATA(t723) = CONV abap_bool( t706 ). t722 = xsdbool( t723 = abap_false ).
3,1,1,DATA(TMP) = VALUE ABAP_BOOL( ). | DATA(TMP) = VALUE ABAP_BOOL( ). | DATA(TMP) = CAST NAME( ME->NAME ).,src/abap/2_statements/combi.ts.Regex.run:115,DATA(t30) = VALUE abap_bool( ). DATA(t31) = VALUE abap_bool( ). DATA(t32) = CAST z_runtime_rege_5a210f82384ebf( me->z_member_regex_5ebdfeea2030b9 ).
3,1,0,DATA(TMP) = VALUE ABAP_BOOL( ). | DATA(TMP) = VALUE ABAP_BOOL( ). | DATA(TMP) = CAST NAME( NAME=>NAME ).,src/abap/2_statements/statement_parser.ts.StatementParser.constructor:46,DATA(t8) = VALUE abap_bool( ). DATA(t9) = VALUE abap_bool( ). DATA(t10) = CAST z_src_abap_2_s_ae66e7a3c47085( z_src_abap_2_s_133beb1c8ec314=>z_member_map_dd23ae04a8f1b1 ).
3,1,1,DATA(TMP) = VALUE ABAP_BOOL( ). | DATA(TMP) = VALUE I( ). | DATA(TMP) = VALUE STRING( ).,src/abap/1_lexer/lexer.ts.Lexer.process:2203,DATA(t207) = VALUE abap_bool( ). DATA(t208) = VALUE i( ). DATA(t209) = VALUE string( ).
2,1,0,DATA(TMP) = VALUE I( ). | DATA(TMP) = CONV INT8( ME->NAME ).,src/abap/2_statements/result.ts.Result.getNodes:362,DATA(t3) = VALUE i( ). DATA(t4) = CONV int8( me->z_member_nodec_32889faa6e522a ).
3,1,0,DATA(TMP) = VALUE I( ). | DATA(TMP) = CONV INT8( ME->NAME ). | IF TMP < RANGE_INT_CHECK_LO_NZIK0ZK OR TMP > RANGE_INT_CHECK_HI_ZIK0ZJ.,src/abap/2_statements/result.ts.Result.getNodes:362,DATA(t3) = VALUE i( ). DATA(t4) = CONV int8( me->z_member_nodec_32889faa6e522a ). IF t4 < range_int_check_lo_nzik0zk OR t4 > range_int_check_hi_zik0zj.
3,1,1,DATA(TMP) = VALUE I( ). | DATA(TMP) = CONV INT8( TMP ). | IF TMP < RANGE_INT_CHECK_LO_NZIK0ZK OR TMP > RANGE_INT_CHECK_HI_ZIK0ZI.,src/abap/1_lexer/lexer.ts.Lexer.process:1877,DATA(t65) = VALUE i( ). DATA(t66) = CONV int8( t55 ). IF t66 < range_int_check_lo_nzik0zk OR t66 > range_int_check_hi_zik0zi.
3,1,1,DATA(TMP) = VALUE I( ). | DATA(TMP) = VALUE ABAP_BOOL( ). | DATA(TMP) = CONV I( TMP ).,src/abap/1_lexer/lexer.ts.Lexer.process:1892,DATA(t72) = VALUE i( ). DATA(t73) = VALUE abap_bool( ). DATA(t74) = CONV i( t64 ).
3,1,0,DATA(TMP) = VALUE I( ). | DATA(TMP) = VALUE ABAP_BOOL( ). | DATA(TMP) = VALUE I( ).,src/abap/1_lexer/lexer.ts.Lexer.add:1433,DATA(t617) = VALUE i( ). DATA(t618) = VALUE abap_bool( ). DATA(t619) = VALUE i( ).
3,1,0,DATA(TMP) = VALUE I( ). | DATA(TMP) = VALUE I( ). | DATA TMP TYPE REF TO NAME.,src/abap/2_statements/statement_parser.ts.StatementParser.categorizeStatement:1244,DATA(t4) = VALUE i( ). DATA(t5) = VALUE i( ). DATA t6 TYPE REF TO z_runtime_arra_c22708faf2e354.
3,1,0,DATA(TMP) = VALUE I( ). | DATA(TMP) = VALUE I( ). | DATA(TMP) = CONV STRING( TMP ).,src/abap/1_lexer/lexer.ts.Lexer.add:608,DATA(t244) = VALUE i( ). DATA(t245) = VALUE i( ). DATA(t246) = CONV string( t1 ).
3,1,0,DATA(TMP) = VALUE I( ). | DATA(TMP) = VALUE I( ). | DATA(TMP) = VALUE ABAP_BOOL( ).,src/abap/1_lexer/lexer.ts.Lexer.add:1432,DATA(t616) = VALUE i( ). DATA(t617) = VALUE i( ). DATA(t618) = VALUE abap_bool( ).
3,1,0,DATA(TMP) = VALUE I( ). | DATA(TMP) = VALUE INT8( ). | DATA(TMP) = VALUE INT8( ).,src/abap/2_statements/result.ts.Result.peekAt:133,DATA(t6) = VALUE i( ). DATA(t7) = VALUE int8( ). DATA(t8) = VALUE int8( ).
3,1,1,DATA(TMP) = VALUE I( ). | DATA(TMP) = VALUE STRING( ). | DATA(TMP) = VALUE STRING( ).,src/abap/1_lexer/lexer.ts.Lexer.process:2204,DATA(t208) = VALUE i( ). DATA(t209) = VALUE string( ). DATA(t210) = VALUE string( ).
3,1,0,DATA(TMP) = VALUE INT8( ). | DATA(TMP) = CONV INT8( ME->NAME ). | TMP = TMP.,src/abap/2_statements/result.ts.Result.wrapConsumed:224,DATA(t5) = VALUE int8( ). DATA(t6) = CONV int8( me->z_member_nodec_32889faa6e522a ). t5 = t6.
3,1,0,DATA(TMP) = VALUE INT8( ). | DATA(TMP) = CONV INT8( TMP ). | TMP = TMP.,src/abap/1_lexer/lexer.ts.Lexer.add:1561,DATA(t677) = VALUE int8( ). DATA(t678) = CONV int8( t656 ). t677 = t678.
3,1,0,DATA(TMP) = VALUE INT8( ). | DATA(TMP) = VALUE I( ). | DATA(TMP) = CAST NAME( ME->NAME ).,src/abap/2_statements/result.ts.Result.remainingLength:488,DATA(t2) = VALUE int8( ). DATA(t3) = VALUE i( ). DATA(t4) = CAST z_runtime_arra_c22708faf2e354( me->z_member_token_ed4bfabc8c4cec ).
3,1,0,DATA(TMP) = VALUE INT8( ). | DATA(TMP) = VALUE I( ). | DATA(TMP) = CONV STRING( TMP ).,src/abap/1_lexer/lexer.ts.Lexer.add:500,DATA(t192) = VALUE int8( ). DATA(t193) = VALUE i( ). DATA(t194) = CONV string( t1 ).
3,1,1,DATA(TMP) = VALUE INT8( ). | DATA(TMP) = VALUE I( ). | DATA(TMP) = VALUE INT8( ).,src/abap/1_lexer/lexer.ts.Lexer.process:1860,DATA(t56) = VALUE int8( ). DATA(t57) = VALUE i( ). DATA(t58) = VALUE int8( ).
3,1,0,DATA(TMP) = VALUE INT8( ). | DATA(TMP) = VALUE INT8( ). | DATA(TMP) = CONV INT8( ME->NAME ).,src/abap/2_statements/result.ts.Result.getNodes:380,DATA(t8) = VALUE int8( ). DATA(t9) = VALUE int8( ). DATA(t10) = CONV int8( me->z_member_nodec_32889faa6e522a ).
3,1,0,DATA(TMP) = VALUE STRING( ). | DATA(TMP) = CAST NAME( TMP ). | TMP = TMP->VALUE.,src/abap/2_statements/statement_parser.ts.StatementParser.constructor:57,DATA(t13) = VALUE string( ). DATA(t14) = CAST z_runtime_opti_4ba3bdccd169bb( t3 ). t13 = t14->value.
3,1,0,DATA(TMP) = VALUE STRING( ). | DATA(TMP) = CONV STRING( TMP ). | DATA(TMP) = CONV STRING( LIT ).,src/abap/1_lexer/lexer.ts.Lexer.process:1742,DATA(t4) = VALUE string( ). DATA(t5) = CONV string( t1 ). DATA(t6) = CONV string( || ).
3,1,0,DATA(TMP) = VALUE STRING( ). | DATA(TMP) = CONV STRING( TMP ). | DATA(TMP) = VALUE I( ).,src/abap/1_lexer/lexer.ts.Lexer.add:606,DATA(t242) = VALUE string( ). DATA(t243) = CONV string( t1 ). DATA(t244) = VALUE i( ).
2,1,0,ELSE. | DATA(TMP) = CONV I( LIT ).,src/abap/1_lexer/lexer.ts.Lexer.add:1518,ELSE. DATA(t655) = CONV i( '0' ).
3,1,0,ELSE. | DATA(TMP) = CONV I( LIT ). | TMP = TMP.,src/abap/1_lexer/lexer.ts.Lexer.add:1518,ELSE. DATA(t655) = CONV i( '0' ). t617 = t655.
2,1,1,ELSE. | DATA(TMP) = CONV I( TMP ).,src/abap/1_lexer/lexer.ts.Lexer.process:1900,ELSE. DATA(t77) = CONV i( t64 ).
3,1,1,ELSE. | DATA(TMP) = CONV I( TMP ). | TMP = TMP.,src/abap/1_lexer/lexer.ts.Lexer.process:1900,ELSE. DATA(t77) = CONV i( t64 ). t72 = t77.
3,1,0,ELSE. | DATA(TMP) = VALUE ABAP_BOOL( ). | DATA TMP TYPE REF TO NAME.,src/abap/2_statements/statement_parser.ts.StatementParser.categorizeStatement:1308,ELSE. DATA(t33) = VALUE abap_bool( ). DATA t34 TYPE REF TO z_src_abap_2_s_784fb9b54b184f.
3,1,1,ELSE. | DATA(TMP) = VALUE ABAP_BOOL( ). | DATA(TMP) = CAST NAME( TMP ).,src/abap/1_lexer/lexer.ts.Lexer.process:3389,ELSE. DATA(t691) = VALUE abap_bool( ). DATA(t692) = CAST z_src_abap_1_l_4d08aedee14b5b( t633 ).
3,1,0,ELSE. | DATA(TMP) = VALUE ABAP_BOOL( ). | DATA(TMP) = CONV I( ME->NAME ).,src/abap/1_lexer/lexer_stream.ts.LexerStream.currentChar:285,ELSE. DATA(t6) = VALUE abap_bool( ). DATA(t7) = CONV i( me->z_member_offse_4eb7e0915312eb ).
3,1,0,ELSE. | DATA(TMP) = VALUE ABAP_BOOL( ). | DATA(TMP) = CONV INT8( ME->NAME ).,src/abap/1_lexer/lexer.ts.Lexer.add:586,ELSE. DATA(t232) = VALUE abap_bool( ). DATA(t233) = CONV int8( me->z_member_m_db4a69995aff75 ).
3,1,1,ELSE. | DATA(TMP) = VALUE I( ). | DATA TMP TYPE REF TO NAME.,src/abap/2_statements/combi.ts.Permutation.run:186,ELSE. DATA(t54) = VALUE i( ). DATA t55 TYPE REF TO z_runtime_arra_c22708faf2e354.
3,1,1,ELSEIF TMP <= TMP. | TMP = NUM. | TMP = TMP - TMP.,src/abap/2_statements/statement_parser.ts.StatementParser.nativeSQL:1091,ELSEIF t59 <= t58. t60 = 0. t60 = t58 - t59.
2,1,0,ELSEIF TMP->HAS = ABAP_FALSE. | TMP = ABAP_TRUE.,src/abap/2_statements/statement_parser.ts.StatementParser.constructor:36,ELSEIF t5->has = abap_false. t4 = abap_true.
3,1,0,ELSEIF TMP->HAS = ABAP_FALSE. | TMP = ABAP_TRUE. | ENDIF.,src/abap/2_statements/statement_parser.ts.StatementParser.constructor:36,ELSEIF t5->has = abap_false. t4 = abap_true. ENDIF.
2,1,0,ENDDO. | CATCH NAME INTO TMP.,src/abap/2_statements/combi.ts.Star.run:128,ENDDO. CATCH z_exception_cl_30eec8e8805d60 INTO t4.
3,1,0,ENDDO. | CATCH NAME INTO TMP. | DATA(TMP) = CAST NAME( TMP->PAYLOAD ).,src/abap/2_statements/combi.ts.Star.run:128,ENDDO. CATCH z_exception_cl_30eec8e8805d60 INTO t4. DATA(t41) = CAST z_builtin_erro_e8b3bd7e8a547c( t4->payload ).
2,1,0,ENDDO. | DATA(TMP) = VALUE ABAP_BOOL( ).,src/abap/2_statements/statement_parser.ts.StatementParser.removePragma:1465,ENDDO. DATA(t21) = VALUE abap_bool( ).
3,1,0,ENDDO. | DATA(TMP) = VALUE ABAP_BOOL( ). | DATA(TMP) = CONV ABAP_BOOL( TMP ).,src/abap/2_statements/statement_parser.ts.StatementParser.removePragma:1465,ENDDO. DATA(t21) = VALUE abap_bool( ). DATA(t22) = CONV abap_bool( t2 ).
2,1,0,ENDDO. | ME->NAME( ).,src/abap/1_lexer/lexer.ts.Lexer.process:3420,ENDDO. me->z_member_add_51c1bb18694a11( ).
2,1,0,ENDIF. | DATA(TMP) = CAST NAME( ME->NAME ).,src/abap/1_lexer/lexer.ts.Lexer.add:1702,ENDIF. DATA(t737) = CAST z_runtime_arra_c22708faf2e354( me->z_member_token_ed4bfabc8c4cec ).
3,1,0,ENDIF. | DATA(TMP) = CAST NAME( ME->NAME ). | DATA TMP TYPE REF TO NAME.,src/abap/1_lexer/lexer.ts.Lexer.add:1702,ENDIF. DATA(t737) = CAST z_runtime_arra_c22708faf2e354( me->z_member_token_ed4bfabc8c4cec ). DATA t738 TYPE REF TO z_src_abap_1_l_506101b34e5cc0.
3,1,0,ENDIF. | DATA(TMP) = CAST NAME( TMP ). | ME->NAME = TMP.,src/abap/2_statements/statement_parser.ts.StatementParser.constructor:54,ENDIF. DATA(t12) = CAST z_src_version__711983d3861a36( t1 ). me->z_member_relea_366406d92dc292 = t12.
3,1,1,ENDIF. | DATA(TMP) = CAST NAME( TMP ). | ME->NAME( NAME = TMP ).,src/abap/2_statements/statement_parser.ts.StatementParser.run:187,ENDIF. DATA(t57) = CAST z_src_abap_2_s_4c81ce49a22dce( t39 ). me->z_member_nativ_8e9b7af8387489( z_param_wa_67bae5cdc38b7c = t57 ).
3,1,1,ENDIF. | DATA(TMP) = CAST NAME( TMP ). | TMP = TMP.,src/abap/2_statements/combi.ts.Star.run:61,ENDIF. DATA(t10) = CAST z_runtime_arra_c22708faf2e354( t5 ). t7 = t10.
2,1,0,ENDIF. | DATA(TMP) = CONV ABAP_BOOL( TMP ).,src/abap/2_statements/statement_parser.ts.StatementParser.nativeAfter:2617,ENDIF. DATA(t85) = CONV abap_bool( t1 ).
3,1,0,ENDIF. | DATA(TMP) = CONV ABAP_BOOL( TMP ). | RESULT = TMP.,src/abap/2_statements/statement_parser.ts.StatementParser.nativeAfter:2617,ENDIF. DATA(t85) = CONV abap_bool( t1 ). result = t85.
2,1,1,ENDIF. | DATA(TMP) = CONV I( STRLEN( TMP ) ).,src/abap/1_lexer/lexer.ts.Lexer.process:2308,ENDIF. DATA(t240) = CONV i( strlen( t209 ) ).
3,1,1,ENDIF. | DATA(TMP) = CONV I( STRLEN( TMP ) ). | TMP = TMP.,src/abap/1_lexer/lexer.ts.Lexer.process:2308,ENDIF. DATA(t240) = CONV i( strlen( t209 ) ). t208 = t240.
3,1,0,ENDIF. | DATA(TMP) = VALUE ABAP_BOOL( ). | DATA(TMP) = CONV ABAP_BOOL( ABAP_FALSE ).,src/abap/1_lexer/lexer.ts.Lexer.add:338,ENDIF. DATA(t118) = VALUE abap_bool( ). DATA(t119) = CONV abap_bool( abap_false ).
3,1,0,ENDIF. | DATA(TMP) = VALUE ABAP_BOOL( ). | DATA(TMP) = CONV I( ME->NAME ).,src/abap/1_lexer/lexer_stream.ts.LexerStream.advance:122,ENDIF. DATA(t33) = VALUE abap_bool( ). DATA(t34) = CONV i( me->z_member_offse_4eb7e0915312eb ).
3,1,1,ENDIF. | DATA(TMP) = VALUE ABAP_BOOL( ). | DATA(TMP) = VALUE I( ).,src/abap/2_statements/combi.ts.Star.run:78,ENDIF. DATA(t18) = VALUE abap_bool( ). DATA(t19) = VALUE i( ).
3,1,1,ENDIF. | DATA(TMP) = VALUE ABAP_BOOL( ). | DATA(TMP) = VALUE INT8( ).,src/abap/2_statements/statement_parser.ts.StatementParser.buildSplits:707,ENDIF. DATA(t24) = VALUE abap_bool( ). DATA(t25) = VALUE int8( ).
3,1,1,ENDIF. | DATA(TMP) = VALUE I( ). | DATA(TMP) = VALUE I( ).,src/abap/1_lexer/lexer.ts.Lexer.process:1774,ENDIF. DATA(t18) = VALUE i( ). DATA(t19) = VALUE i( ).
3,1,1,ENDIF. | DATA(TMP) = VALUE INT8( ). | DATA TMP TYPE REF TO NAME.,src/abap/2_statements/statement_parser.ts.StatementParser.buildSplits:803,ENDIF. DATA(t64) = VALUE int8( ). DATA t65 TYPE REF TO z_src_abap_1_l_506101b34e5cc0.
3,1,1,ENDIF. | DATA(TMP) = VALUE INT8( ). | DATA(TMP) = CONV I( NAME=>NAME ).,src/abap/1_lexer/lexer.ts.Lexer.process:3060,ENDIF. DATA(t549) = VALUE int8( ). DATA(t550) = CONV i( z_src_abap_1_l_9d1bf4ef0204bc=>z_member_moden_b5a760222f857a ).
3,1,0,ENDIF. | ENDDO. | CATCH NAME INTO TMP.,src/abap/2_statements/combi.ts.Star.run:127,ENDIF. ENDDO. CATCH z_exception_cl_30eec8e8805d60 INTO t4.
3,1,0,ENDIF. | ENDDO. | ME->NAME( ).,src/abap/1_lexer/lexer.ts.Lexer.process:3419,ENDIF. ENDDO. me->z_member_add_51c1bb18694a11( ).
3,1,0,ENDIF. | ENDIF. | DATA(TMP) = VALUE INT8( ).,src/abap/1_lexer/lexer_stream.ts.LexerStream.currentChar:299,ENDIF. ENDIF. DATA(t13) = VALUE int8( ).
3,1,0,ENDIF. | ENDIF. | ENDDO.,src/abap/2_statements/combi.ts.Star.run:126,ENDIF. ENDIF. ENDDO.
3,1,1,ENDIF. | ENDIF. | IF TMP = ABAP_TRUE.,src/abap/2_statements/statement_parser.ts.StatementParser.nativeSQL:1097,ENDIF. ENDIF. IF t52 = abap_true.
3,1,1,ENDIF. | ENDLOOP. | ENDIF.,src/abap/2_statements/statement_parser.ts.StatementParser.lazyUnknown:643,ENDIF. ENDLOOP. ENDIF.
3,1,0,ENDIF. | ENDLOOP. | ENDLOOP.,src/abap/2_statements/combi.ts.Expression.run:178,ENDIF. ENDLOOP. ENDLOOP.
2,1,1,ENDIF. | EXIT.,src/abap/2_statements/combi.ts.AlternativePriority.run:131,ENDIF. EXIT.
3,1,1,ENDIF. | EXIT. | ENDIF.,src/abap/2_statements/combi.ts.AlternativePriority.run:131,ENDIF. EXIT. ENDIF.
2,1,0,ENDIF. | IF TMP < RANGE_INT_CHECK_LO_NZIK0ZK OR TMP > RANGE_INT_CHECK_HI_ZIK0ZJ.,src/abap/2_statements/result.ts.Result.peekAt:142,ENDIF. IF t7 < range_int_check_lo_nzik0zk OR t7 > range_int_check_hi_zik0zj.
3,1,0,ENDIF. | IF TMP < RANGE_INT_CHECK_LO_NZIK0ZK OR TMP > RANGE_INT_CHECK_HI_ZIK0ZJ. | RAISE EXCEPTION TYPE CX_SY_RANGE_OUT_OF_BOUNDS.,src/abap/2_statements/result.ts.Result.peekAt:142,ENDIF. IF t7 < range_int_check_lo_nzik0zk OR t7 > range_int_check_hi_zik0zj. RAISE EXCEPTION TYPE cx_sy_range_out_of_bounds.
3,1,0,ENDIF. | IF TMP = ABAP_TRUE. | DATA(TMP) = CONV STRING( LIT ).,src/abap/2_statements/statement_parser.ts.StatementParser.constructor:38,ENDIF. IF t4 = abap_true. DATA(t6) = CONV string( |Normal| ).
3,1,0,ENDIF. | IF TMP = ABAP_TRUE. | DATA(TMP) = VALUE I( ).,src/abap/1_lexer/lexer.ts.Lexer.add:1430,ENDIF. IF t597 = abap_true. DATA(t616) = VALUE i( ).
3,1,0,ENDIF. | ME->NAME = TMP. | DATA(TMP) = CAST NAME( ME ).,src/abap/2_statements/result.ts.Result.wrapConsumed:332,ENDIF. me->z_member_nodec_32889faa6e522a = t45. DATA(t48) = CAST z_src_abap_2_s_b6c5f651b292e5( me ).
3,1,0,ENDIF. | ME->NAME = TMP. | DATA(TMP) = CONV ABAP_BOOL( ABAP_FALSE ).,src/abap/1_lexer/lexer_stream.ts.LexerStream.advance:137,ENDIF. me->z_member_col_cdb3c3718bda2d = t38. DATA(t41) = CONV abap_bool( abap_false ).
3,1,0,ENDIF. | ME->NAME = TMP. | DATA(TMP) = VALUE I( ).,src/abap/1_lexer/lexer_stream.ts.LexerStream.advance:149,ENDIF. me->z_member_col_cdb3c3718bda2d = t42. DATA(t45) = VALUE i( ).
3,1,0,ENDIF. | ME->NAME = TMP. | DATA(TMP) = VALUE INT8( ).,src/abap/2_statements/result.ts.Result.wrapConsumed:324,ENDIF. me->z_member_nodes_022617c0b510ec = t39. DATA(t45) = VALUE int8( ).
3,1,0,ENDIF. | TMP = NAME=>NAME( NAME = TMP NAME = TMP NAME = TMP NAME = TMP ). | RESULT = TMP.,src/abap/2_statements/result.ts.Result.shift:204,ENDIF. t2 = z_src_abap_2_s_b6c5f651b292e5=>z_member_fromc_9d7b43515b1343( z_param_tokens_3a66ced5b5b26a = t3 z_param_tokeni_36bd2fa45d0f58 = t4 z_param_nodes_51988edc19892d = t8 z_param_nodeco_6f0a19763cdb2a = t14 ). result = t2.
2,1,0,ENDIF. | TMP = NAME=>NAME.,src/abap/2_statements/statement_parser.ts.StatementParser.removePragma:1502,ENDIF. t37 = z_src_abap_2_s_73dc2c5ca921c9=>z_member_empty_b42fa9d1acd09c.
3,1,0,ENDIF. | TMP = NAME=>NAME. | TMP = TMP.,src/abap/2_statements/statement_parser.ts.StatementParser.removePragma:1502,ENDIF. t37 = z_src_abap_2_s_73dc2c5ca921c9=>z_member_empty_b42fa9d1acd09c. t35 = t37.
3,1,1,ENDIF. | TMP = NEW NAME( NAME = TMP NAME = TMP ). | APPEND TMP TO TMP->ITEMS.,src/abap/2_statements/statement_parser.ts.StatementParser.buildSplits:800,ENDIF. t39 = NEW z_shape_473586_63d6a1817ae64e( z_param_first_866ec5f6546ef7 = t40 z_param_second_6dbcfcd2e6b248 = t51 ). APPEND t39 TO t38->items.
3,1,0,ENDIF. | TMP = NEW NAME( NAME = TMP NAME = TMP ). | TMP = TMP.,src/abap/1_lexer/lexer.ts.Lexer.add:509,ENDIF. t188 = NEW z_src_position_90002a97f25e1e( z_param_row_56bae4ece65baf = t189 z_param_col_6e69bc5fb2ff80 = t190 ). t187 = t188.
2,1,0,ENDIF. | TMP = NEW NAME( NAME = TMP NAME = TMP NAME = TMP NAME = TMP ).,src/abap/2_statements/statement_parser.ts.StatementParser.run:87,ENDIF. t4 = NEW z_src_abap_2_s_8b6abcb7aa445c( z_param_global_5535cf19196e6d = t5 z_param_releas_79281afaf90da0 = t6 z_param_reg_f149b44218b3bb = t7 z_param_langua_0e1d0b4c220039 = t8 ).
3,1,0,ENDIF. | TMP = NEW NAME( NAME = TMP NAME = TMP NAME = TMP NAME = TMP ). | TMP = TMP.,src/abap/2_statements/statement_parser.ts.StatementParser.run:87,ENDIF. t4 = NEW z_src_abap_2_s_8b6abcb7aa445c( z_param_global_5535cf19196e6d = t5 z_param_releas_79281afaf90da0 = t6 z_param_reg_f149b44218b3bb = t7 z_param_langua_0e1d0b4c220039 = t8 ). t3 = t4.
3,1,0,ENDIF. | TMP = TMP. | DATA TMP TYPE REF TO OBJECT.,src/abap/2_statements/result.ts.Result.getNodes:366,ENDIF. t3 = t4. DATA t5 TYPE REF TO object.
3,1,0,ENDIF. | TMP = TMP. | DATA(TMP) = VALUE I( ).,src/abap/1_lexer/lexer.ts.Lexer.add:1552,ENDIF. t656 = t657. DATA(t672) = VALUE i( ).
3,1,0,ENDIF. | TMP = TMP. | DATA(TMP) = VALUE STRING( ).,src/abap/1_lexer/lexer.ts.Lexer.add:603,ENDIF. t236 = t237. DATA(t241) = VALUE string( ).
3,1,0,ENDIF. | TMP = TMP. | DO.,src/abap/2_statements/result.ts.Result.getNodes:387,ENDIF. t8 = t9. DO.
3,1,0,ENDIF. | TMP = TMP. | TMP = TMP + NUM.,src/abap/2_statements/result.ts.Result.peekAt:145,ENDIF. t6 = t7. t6 = t6 + 1.
3,1,1,ENDIF. | TMP->NAME = TMP. | DATA(TMP) = CONV ABAP_BOOL( ABAP_FALSE ).,src/abap/1_lexer/lexer.ts.Lexer.process:3384,ENDIF. t685->z_member_col_cdb3c3718bda2d = t686. DATA(t690) = CONV abap_bool( abap_false ).
3,1,1,ENDIF. | TMP->NAME = TMP. | ENDIF.,src/abap/1_lexer/lexer.ts.Lexer.process:3358,ENDIF. t671->z_member_row_2dc5d934b27d6d = t672. ENDIF.
3,1,0,ENDLOOP. | DATA(TMP) = CAST NAME( TMP ). | DATA TMP TYPE REF TO NAME.,src/abap/2_statements/statement_parser.ts.StatementParser.run:147,ENDLOOP. DATA(t38) = CAST z_runtime_arra_c22708faf2e354( t13 ). DATA t39 TYPE REF TO z_src_abap_2_s_4c81ce49a22dce.
3,1,0,ENDLOOP. | DATA(TMP) = VALUE ABAP_BOOL( ). | DATA(TMP) = VALUE I( ).,src/abap/2_statements/statement_parser.ts.StatementParser.process:2278,ENDLOOP. DATA(t154) = VALUE abap_bool( ). DATA(t155) = VALUE i( ).
2,1,1,ENDLOOP. | ENDIF.,src/abap/2_statements/statement_parser.ts.StatementParser.lazyUnknown:644,ENDLOOP. ENDIF.
3,1,1,ENDLOOP. | ENDIF. | ENDIF.,src/abap/2_statements/statement_parser.ts.StatementParser.lazyUnknown:644,ENDLOOP. ENDIF. ENDIF.
2,1,0,ENDLOOP. | ENDLOOP.,src/abap/2_statements/combi.ts.Expression.run:179,ENDLOOP. ENDLOOP.
3,1,0,ENDLOOP. | ENDLOOP. | DATA(TMP) = CAST NAME( TMP ).,src/abap/2_statements/combi.ts.Expression.run:179,ENDLOOP. ENDLOOP. DATA(t63) = CAST z_runtime_arra_c22708faf2e354( t2 ).
2,1,0,ENDTRY. | DATA(TMP) = CAST NAME( TMP ).,src/abap/2_statements/combi.ts.Star.run:145,ENDTRY. DATA(t47) = CAST z_runtime_arra_c22708faf2e354( t2 ).
3,1,0,ENDTRY. | DATA(TMP) = CAST NAME( TMP ). | RESULT = TMP.,src/abap/2_statements/combi.ts.Star.run:145,ENDTRY. DATA(t47) = CAST z_runtime_arra_c22708faf2e354( t2 ). result = t47.
3,1,1,ENDWHILE. | MODIFY TMP->ITEMS FROM TMP INDEX TMP. | DATA(TMP) = VALUE ABAP_BOOL( ).,src/abap/2_statements/statement_parser.ts.StatementParser.nativeSQL:971,ENDWHILE. MODIFY t40->items FROM t43 INDEX t42. DATA(t52) = VALUE abap_bool( ).
2,1,0,ENDWHILE. | TMP = TMP.,src/abap/2_statements/result.ts.Result.getNodes:374,ENDWHILE. t1 = t2.
3,1,0,ENDWHILE. | TMP = TMP. | DATA TMP TYPE REF TO NAME.,src/abap/2_statements/result.ts.Result.getNodes:374,ENDWHILE. t1 = t2. DATA t6 TYPE REF TO z_src_abap_2_s_c435ad477cf33f.
3,1,0,EXIT. | ENDIF. | ENDDO.,src/abap/1_lexer/lexer.ts.Lexer.process:3418,EXIT. ENDIF. ENDDO.
2,1,0,IF NAME=>NAME = ABAP_FALSE. | NAME=>NAME( ).,src/abap/2_statements/statement_parser.ts.StatementParser.removePragma:1500,IF z_src_abap_2_s_73dc2c5ca921c9=>z_builtin_init_4c34c2d2f43a66 = abap_false. z_src_abap_2_s_73dc2c5ca921c9=>z_builtin_init_2474d5032360fe( ).
3,1,0,IF NAME=>NAME = ABAP_FALSE. | NAME=>NAME( ). | ENDIF.,src/abap/2_statements/statement_parser.ts.StatementParser.removePragma:1500,IF z_src_abap_2_s_73dc2c5ca921c9=>z_builtin_init_4c34c2d2f43a66 = abap_false. z_src_abap_2_s_73dc2c5ca921c9=>z_builtin_init_2474d5032360fe( ). ENDIF.
2,1,1,IF TMP < RANGE_INT_CHECK_LO_NZIK0ZK OR TMP > RANGE_INT_CHECK_HI_ZIK0ZI. | RAISE EXCEPTION TYPE CX_SY_RANGE_OUT_OF_BOUNDS.,src/abap/1_lexer/lexer.ts.Lexer.process:1879,IF t66 < range_int_check_lo_nzik0zk OR t66 > range_int_check_hi_zik0zi. RAISE EXCEPTION TYPE cx_sy_range_out_of_bounds.
3,1,1,IF TMP < RANGE_INT_CHECK_LO_NZIK0ZK OR TMP > RANGE_INT_CHECK_HI_ZIK0ZI. | RAISE EXCEPTION TYPE CX_SY_RANGE_OUT_OF_BOUNDS. | ENDIF.,src/abap/1_lexer/lexer.ts.Lexer.process:1879,IF t66 < range_int_check_lo_nzik0zk OR t66 > range_int_check_hi_zik0zi. RAISE EXCEPTION TYPE cx_sy_range_out_of_bounds. ENDIF.
3,1,1,IF TMP = ABAP_FALSE. | DATA(TMP) = VALUE ABAP_BOOL( ). | DATA(TMP) = CAST NAME( TMP ).,src/abap/2_statements/statement_parser.ts.StatementParser.nativeSQL:932,IF t35 = abap_false. DATA(t37) = VALUE abap_bool( ). DATA(t38) = CAST z_src_abap_2_s_784fb9b54b184f( t17 ).
3,1,0,IF TMP = ABAP_FALSE. | DATA(TMP) = VALUE ABAP_BOOL( ). | DATA(TMP) = CONV INT8( ME->NAME ).,src/abap/1_lexer/lexer.ts.Lexer.add:570,IF t221 = abap_false. DATA(t225) = VALUE abap_bool( ). DATA(t226) = CONV int8( me->z_member_m_db4a69995aff75 ).
3,1,0,IF TMP = ABAP_FALSE. | DATA(TMP) = VALUE ABAP_BOOL( ). | DATA(TMP) = CONV STRING( TMP ).,src/abap/1_lexer/lexer.ts.Lexer.add:809,IF t331 = abap_false. DATA(t334) = VALUE abap_bool( ). DATA(t335) = CONV string( t1 ).
3,1,1,IF TMP = ABAP_FALSE. | DATA(TMP) = VALUE ABAP_BOOL( ). | DATA(TMP) = VALUE I( ).,src/abap/1_lexer/lexer.ts.Lexer.process:2428,IF t262 = abap_false. DATA(t292) = VALUE abap_bool( ). DATA(t293) = VALUE i( ).
3,1,1,IF TMP = ABAP_FALSE. | DATA(TMP) = VALUE ABAP_BOOL( ). | DATA(TMP) = VALUE INT8( ).,src/abap/1_lexer/lexer.ts.Lexer.process:3036,IF t542 = abap_false. DATA(t545) = VALUE abap_bool( ). DATA(t546) = VALUE int8( ).
3,1,0,IF TMP = ABAP_FALSE. | DATA(TMP) = VALUE ABAP_BOOL( ). | DATA(TMP) = VALUE STRING( ).,src/abap/2_statements/statement_parser.ts.StatementParser.nativeAfter:2514,IF t32 = abap_false. DATA(t40) = VALUE abap_bool( ). DATA(t41) = VALUE string( ).
3,1,1,IF TMP = ABAP_TRUE. | DATA(TMP) = CAST NAME( TMP ). | DATA(TMP) = CAST NAME( TMP ).,src/abap/2_statements/statement_parser.ts.StatementParser.nativeAfter:2364,IF t14 = abap_true. DATA(t17) = CAST z_runtime_arra_c22708faf2e354( t9 ). DATA(t18) = CAST z_src_abap_1_l_506101b34e5cc0( t12 ).
3,1,1,IF TMP = ABAP_TRUE. | DATA(TMP) = CAST NAME( TMP ). | DATA(TMP) = CONV INT8( NUM ).,src/abap/1_lexer/lexer.ts.Lexer.process:3345,IF t636 = abap_true. DATA(t669) = CAST z_src_abap_1_l_4d08aedee14b5b( t633 ). DATA(t670) = CONV int8( 1 ).
3,1,1,IF TMP = ABAP_TRUE. | DATA(TMP) = CAST NAME( TMP ). | DATA(TMP) = VALUE I( ).,src/abap/1_lexer/lexer.ts.Lexer.process:1890,IF t67 = abap_true. DATA(t71) = CAST z_src_abap_1_l_cca5bd2c711d39( t53 ). DATA(t72) = VALUE i( ).
3,1,1,IF TMP = ABAP_TRUE. | DATA(TMP) = CAST NAME( TMP ). | ME->NAME( NAME = TMP ).,src/abap/2_statements/statement_parser.ts.StatementParser.run:184,IF t52 = abap_true. DATA(t56) = CAST z_src_abap_2_s_4c81ce49a22dce( t39 ). me->z_member_lazyu_b62d9521cd020f( z_param_wa_67bae5cdc38b7c = t56 ).
3,1,0,IF TMP = ABAP_TRUE. | DATA(TMP) = CAST NAME( TMP ). | RESULT = TMP.,src/abap/2_statements/combi.ts.Star.run:134,IF t42 = abap_true. DATA(t44) = CAST z_runtime_arra_c22708faf2e354( t2 ). result = t44.
3,1,0,IF TMP = ABAP_TRUE. | DATA(TMP) = CONV ABAP_BOOL( ABAP_FALSE ). | RESULT = TMP.,src/abap/2_statements/statement_parser.ts.StatementParser.nativeAfter:2530,IF t31 = abap_true. DATA(t48) = CONV abap_bool( abap_false ). result = t48.
3,1,0,IF TMP = ABAP_TRUE. | DATA(TMP) = CONV ABAP_BOOL( TMP ). | IF TMP = ABAP_TRUE.,src/abap/2_statements/statement_parser.ts.StatementParser.categorizeStatement:1315,IF t33 = abap_true. DATA(t36) = CONV abap_bool( t15 ). IF t36 = abap_true.
3,1,0,IF TMP = ABAP_TRUE. | DATA(TMP) = CONV ABAP_BOOL( TMP ). | RESULT = TMP.,src/abap/2_statements/statement_parser.ts.StatementParser.nativeAfter:2553,IF t49 = abap_true. DATA(t57) = CONV abap_bool( t1 ). result = t57.
3,1,0,IF TMP = ABAP_TRUE. | DATA(TMP) = CONV ABAP_BOOL( TMP ). | TMP = TMP.,src/abap/2_statements/statement_parser.ts.StatementParser.categorizeStatement:1280,IF t19 = abap_true. DATA(t22) = CONV abap_bool( t15 ). t18 = t22.
2,1,0,IF TMP = ABAP_TRUE. | DATA(TMP) = CONV INT8( NUM ).,src/abap/1_lexer/lexer_stream.ts.LexerStream.advance:111,IF t1 = abap_true. DATA(t29) = CONV int8( 1 ).
3,1,0,IF TMP = ABAP_TRUE. | DATA(TMP) = CONV INT8( NUM ). | ME->NAME = TMP.,src/abap/1_lexer/lexer_stream.ts.LexerStream.advance:111,IF t1 = abap_true. DATA(t29) = CONV int8( 1 ). me->z_member_col_cdb3c3718bda2d = t29.
2,1,0,IF TMP = ABAP_TRUE. | DATA(TMP) = CONV STRING( LIT ).,src/abap/2_statements/statement_parser.ts.StatementParser.constructor:39,IF t4 = abap_true. DATA(t6) = CONV string( |Normal| ).
3,1,0,IF TMP = ABAP_TRUE. | DATA(TMP) = CONV STRING( LIT ). | DATA(TMP) = NEW NAME( ).,src/abap/2_statements/statement_parser.ts.StatementParser.constructor:39,IF t4 = abap_true. DATA(t6) = CONV string( |Normal| ). DATA(t7) = NEW z_runtime_opti_4ba3bdccd169bb( ).
2,1,0,IF TMP = ABAP_TRUE. | DATA(TMP) = NEW NAME( ).,src/abap/2_statements/statement_parser.ts.StatementParser.constructor:51,IF t8 = abap_true. DATA(t11) = NEW z_src_abap_2_s_ae66e7a3c47085( ).
3,1,0,IF TMP = ABAP_TRUE. | DATA(TMP) = NEW NAME( ). | NAME=>NAME = TMP.,src/abap/2_statements/statement_parser.ts.StatementParser.constructor:51,IF t8 = abap_true. DATA(t11) = NEW z_src_abap_2_s_ae66e7a3c47085( ). z_src_abap_2_s_133beb1c8ec314=>z_member_map_dd23ae04a8f1b1 = t11.
3,1,1,IF TMP = ABAP_TRUE. | DATA(TMP) = VALUE I( ). | DATA TMP TYPE REF TO NAME.,src/abap/2_statements/combi.ts.Permutation.run:159,IF t38 = abap_true. DATA(t42) = VALUE i( ). DATA t43 TYPE REF TO z_runtime_arra_c22708faf2e354.
3,1,1,IF TMP = ABAP_TRUE. | DATA(TMP) = VALUE I( ). | DATA(TMP) = CAST NAME( TMP ).,src/abap/2_statements/combi.ts.Permutation.run:126,IF t20 = abap_true. DATA(t24) = VALUE i( ). DATA(t25) = CAST z_runtime_arra_c22708faf2e354( t13 ).
3,1,0,IF TMP = ABAP_TRUE. | DATA(TMP) = VALUE INT8( ). | DATA(TMP) = CONV INT8( ME->NAME ).,src/abap/1_lexer/lexer_stream.ts.LexerStream.advance:130,IF t33 = abap_true. DATA(t38) = VALUE int8( ). DATA(t39) = CONV int8( me->z_member_col_cdb3c3718bda2d ).
3,1,0,IF TMP = ABAP_TRUE. | DATA(TMP) = VALUE INT8( ). | DATA(TMP) = VALUE INT8( ).,src/abap/1_lexer/lexer.ts.Lexer.add:169,IF t33 = abap_true. DATA(t38) = VALUE int8( ). DATA(t39) = VALUE int8( ).
3,1,0,IF TMP IS INITIAL. | TMP = ABAP_TRUE. | ELSEIF TMP->HAS = ABAP_FALSE.,src/abap/2_statements/statement_parser.ts.StatementParser.constructor:34,IF t5 IS INITIAL. t4 = abap_true. ELSEIF t5->has = abap_false.
2,1,0,ME->NAME = TMP. | DATA TMP TYPE REF TO NAME.,src/abap/1_lexer/lexer.ts.Lexer.process:1756,me->z_member_strea_a7723f2d8ee36b = t10. DATA t11 TYPE REF TO z_src_abap_1_l_cca5bd2c711d39.
3,1,0,ME->NAME = TMP. | DATA TMP TYPE REF TO NAME. | CLEAR TMP.,src/abap/1_lexer/lexer.ts.Lexer.process:1756,me->z_member_strea_a7723f2d8ee36b = t10. DATA t11 TYPE REF TO z_src_abap_1_l_cca5bd2c711d39. CLEAR t11.
2,1,0,ME->NAME = TMP. | DATA(TMP) = CAST NAME( ME ).,src/abap/2_statements/result.ts.Result.wrapConsumed:333,me->z_member_nodec_32889faa6e522a = t45. DATA(t48) = CAST z_src_abap_2_s_b6c5f651b292e5( me ).
3,1,0,ME->NAME = TMP. | DATA(TMP) = CAST NAME( ME ). | RESULT = TMP.,src/abap/2_statements/result.ts.Result.wrapConsumed:333,me->z_member_nodec_32889faa6e522a = t45. DATA(t48) = CAST z_src_abap_2_s_b6c5f651b292e5( me ). result = t48.
2,1,0,ME->NAME = TMP. | DATA(TMP) = CAST NAME( TMP ).,src/abap/2_statements/statement_parser.ts.StatementParser.constructor:60,me->z_member_langu_04816aba6849dd = t13. DATA(t15) = CAST z_src__iregist_f2763f2ccbcc49( t2 ).
3,1,0,ME->NAME = TMP. | DATA(TMP) = CAST NAME( TMP ). | ME->NAME = TMP.,src/abap/2_statements/statement_parser.ts.StatementParser.constructor:60,me->z_member_langu_04816aba6849dd = t13. DATA(t15) = CAST z_src__iregist_f2763f2ccbcc49( t2 ). me->z_member_reg_9d36d47f9ca9a8 = t15.
2,1,0,ME->NAME = TMP. | DATA(TMP) = CONV ABAP_BOOL( ABAP_FALSE ).,src/abap/1_lexer/lexer_stream.ts.LexerStream.advance:138,me->z_member_col_cdb3c3718bda2d = t38. DATA(t41) = CONV abap_bool( abap_false ).
3,1,0,ME->NAME = TMP. | DATA(TMP) = CONV ABAP_BOOL( ABAP_FALSE ). | RESULT = TMP.,src/abap/1_lexer/lexer_stream.ts.LexerStream.advance:138,me->z_member_col_cdb3c3718bda2d = t38. DATA(t41) = CONV abap_bool( abap_false ). result = t41.
2,1,0,ME->NAME = TMP. | DATA(TMP) = CONV ABAP_BOOL( ABAP_TRUE ).,src/abap/1_lexer/lexer_stream.ts.LexerStream.advance:155,me->z_member_offse_4eb7e0915312eb = t45. DATA(t48) = CONV abap_bool( abap_true ).
3,1,0,ME->NAME = TMP. | DATA(TMP) = CONV ABAP_BOOL( ABAP_TRUE ). | RESULT = TMP.,src/abap/1_lexer/lexer_stream.ts.LexerStream.advance:155,me->z_member_offse_4eb7e0915312eb = t45. DATA(t48) = CONV abap_bool( abap_true ). result = t48.
2,1,0,ME->NAME = TMP. | DATA(TMP) = CONV I( TMP ).,src/abap/2_statements/result.ts.Result.constructor:43,me->z_member_token_ed4bfabc8c4cec = t7. DATA(t8) = CONV i( t4 ).
3,1,0,ME->NAME = TMP. | DATA(TMP) = CONV I( TMP ). | ME->NAME = TMP.,src/abap/2_statements/result.ts.Result.constructor:43,me->z_member_token_ed4bfabc8c4cec = t7. DATA(t8) = CONV i( t4 ). me->z_member_token_62f41b3bcb0bad = t8.
2,1,0,ME->NAME = TMP. | DATA(TMP) = CONV STRING( TMP ).,src/abap/1_lexer/lexer_stream.ts.LexerStream.constructor:29,me->z_member_offse_4eb7e0915312eb = t2. DATA(t3) = CONV string( t1 ).
3,1,0,ME->NAME = TMP. | DATA(TMP) = CONV STRING( TMP ). | ME->NAME = TMP.,src/abap/1_lexer/lexer_stream.ts.LexerStream.constructor:29,me->z_member_offse_4eb7e0915312eb = t2. DATA(t3) = CONV string( t1 ). me->z_member_raw_eb82124cb04f25 = t3.
2,1,0,ME->NAME = TMP. | DATA(TMP) = VALUE ABAP_BOOL( ).,src/abap/2_statements/result.ts.Result.constructor:47,me->z_member_nodec_32889faa6e522a = t9. DATA(t10) = VALUE abap_bool( ).
3,1,0,ME->NAME = TMP. | DATA(TMP) = VALUE ABAP_BOOL( ). | DATA TMP TYPE REF TO NAME.,src/abap/2_statements/result.ts.Result.constructor:47,me->z_member_nodec_32889faa6e522a = t9. DATA(t10) = VALUE abap_bool( ). DATA t11 TYPE REF TO z_runtime_arra_c22708faf2e354.
2,1,0,ME->NAME = TMP. | DATA(TMP) = VALUE I( ).,src/abap/1_lexer/lexer_stream.ts.LexerStream.advance:150,me->z_member_col_cdb3c3718bda2d = t42. DATA(t45) = VALUE i( ).
3,1,0,ME->NAME = TMP. | DATA(TMP) = VALUE I( ). | DATA(TMP) = CONV I( ME->NAME ).,src/abap/1_lexer/lexer_stream.ts.LexerStream.advance:150,me->z_member_col_cdb3c3718bda2d = t42. DATA(t45) = VALUE i( ). DATA(t46) = CONV i( me->z_member_offse_4eb7e0915312eb ).
3,1,0,ME->NAME = TMP. | DATA(TMP) = VALUE INT8( ). | DATA(TMP) = CONV INT8( ME->NAME ).,src/abap/1_lexer/lexer_stream.ts.LexerStream.advance:113,me->z_member_col_cdb3c3718bda2d = t29. DATA(t30) = VALUE int8( ). DATA(t31) = CONV int8( me->z_member_row_2dc5d934b27d6d ).
3,1,0,ME->NAME = TMP. | DATA(TMP) = VALUE INT8( ). | DATA(TMP) = CONV INT8( TMP ).,src/abap/2_statements/result.ts.Result.wrapConsumed:325,me->z_member_nodes_022617c0b510ec = t39. DATA(t45) = VALUE int8( ). DATA(t46) = CONV int8( t5 ).
2,1,0,ME->NAME = TMP. | DATA(TMP) = VALUE STRING( ).,src/abap/2_statements/statement_parser.ts.StatementParser.constructor:56,me->z_member_relea_366406d92dc292 = t12. DATA(t13) = VALUE string( ).
3,1,0,ME->NAME = TMP. | DATA(TMP) = VALUE STRING( ). | DATA(TMP) = CAST NAME( TMP ).,src/abap/2_statements/statement_parser.ts.StatementParser.constructor:56,me->z_member_relea_366406d92dc292 = t12. DATA(t13) = VALUE string( ). DATA(t14) = CAST z_runtime_opti_4ba3bdccd169bb( t3 ).
2,1,0,ME->NAME = TMP. | DO.,src/abap/1_lexer/lexer.ts.Lexer.process:1769,me->z_member_buffe_50d854778a22d2 = t11. DO.
3,1,0,ME->NAME = TMP. | DO. | DATA(TMP) = CONV ABAP_BOOL( ABAP_TRUE ).,src/abap/1_lexer/lexer.ts.Lexer.process:1769,me->z_member_buffe_50d854778a22d2 = t11. DO. DATA(t17) = CONV abap_bool( abap_true ).
3,1,0,ME->NAME = TMP. | ENDIF. | DATA TMP TYPE REF TO NAME.,src/abap/2_statements/combi.ts.Expression.run_one:267,me->z_member_runna_7456acee370aba = t11. ENDIF. DATA t15 TYPE REF TO z_src_abap_2_s_b6c5f651b292e5.
3,1,0,ME->NAME = TMP. | ENDIF. | DATA(TMP) = CAST NAME( TMP ).,src/abap/2_statements/combi.ts.Expression.run:72,me->z_member_runna_7456acee370aba = t11. ENDIF. DATA(t15) = CAST z_runtime_arra_c22708faf2e354( t1 ).
3,1,0,ME->NAME = TMP. | ENDIF. | DATA(TMP) = VALUE ABAP_BOOL( ).,src/abap/1_lexer/lexer_stream.ts.LexerStream.advance:121,me->z_member_row_2dc5d934b27d6d = t30. ENDIF. DATA(t33) = VALUE abap_bool( ).
3,1,1,ME->NAME( ). | ENDIF. | DATA(TMP) = VALUE INT8( ).,src/abap/1_lexer/lexer.ts.Lexer.process:3059,me->z_member_add_51c1bb18694a11( ). ENDIF. DATA(t549) = VALUE int8( ).
3,1,1,ME->NAME( NAME = TMP ). | DATA(TMP) = CAST NAME( TMP ). | DATA TMP TYPE REF TO NAME.,src/abap/2_statements/statement_parser.ts.StatementParser.run:134,me->z_member_categ_874405fef67570( z_param_wa_67bae5cdc38b7c = t31 ). DATA(t32) = CAST z_src_abap_2_s_8b6abcb7aa445c( t3 ). DATA t33 TYPE REF TO z_runtime_arra_c22708faf2e354.
3,1,1,ME->NAME( NAME = TMP ). | DATA(TMP) = CAST NAME( TMP ). | ME->NAME( NAME = TMP ).,src/abap/2_statements/statement_parser.ts.StatementParser.run:132,me->z_member_proce_57f9d1e4b4e34e( z_param_wa_67bae5cdc38b7c = t30 ). DATA(t31) = CAST z_src_abap_2_s_4c81ce49a22dce( t28 ). me->z_member_categ_874405fef67570( z_param_wa_67bae5cdc38b7c = t31 ).
3,1,1,ME->NAME( NAME = TMP ). | ENDIF. | DATA(TMP) = CAST NAME( TMP ).,src/abap/2_statements/statement_parser.ts.StatementParser.run:186,me->z_member_lazyu_b62d9521cd020f( z_param_wa_67bae5cdc38b7c = t56 ). ENDIF. DATA(t57) = CAST z_src_abap_2_s_4c81ce49a22dce( t39 ).
2,1,0,ME->NAME( NAME = TMP ). | ENDLOOP.,src/abap/2_statements/statement_parser.ts.StatementParser.run:189,me->z_member_nativ_8e9b7af8387489( z_param_wa_67bae5cdc38b7c = t57 ). ENDLOOP.
3,1,0,ME->NAME( NAME = TMP ). | ENDLOOP. | DATA TMP TYPE REF TO NAME.,src/abap/2_statements/statement_parser.ts.StatementParser.run:189,me->z_member_nativ_8e9b7af8387489( z_param_wa_67bae5cdc38b7c = t57 ). ENDLOOP. DATA t58 TYPE REF TO z_runtime_arra_c22708faf2e354.
2,1,1,MODIFY TMP->ITEMS FROM TMP INDEX TMP. | DATA(TMP) = VALUE ABAP_BOOL( ).,src/abap/2_statements/statement_parser.ts.StatementParser.nativeSQL:972,MODIFY t40->items FROM t43 INDEX t42. DATA(t52) = VALUE abap_bool( ).
3,1,1,MODIFY TMP->ITEMS FROM TMP INDEX TMP. | DATA(TMP) = VALUE ABAP_BOOL( ). | DATA(TMP) = VALUE STRING( ).,src/abap/2_statements/statement_parser.ts.StatementParser.nativeSQL:972,MODIFY t40->items FROM t43 INDEX t42. DATA(t52) = VALUE abap_bool( ). DATA(t53) = VALUE string( ).
2,1,0,NAME=>NAME = TMP. | ENDIF.,src/abap/2_statements/statement_parser.ts.StatementParser.constructor:53,z_src_abap_2_s_133beb1c8ec314=>z_member_map_dd23ae04a8f1b1 = t11. ENDIF.
3,1,0,NAME=>NAME = TMP. | ENDIF. | DATA(TMP) = CAST NAME( TMP ).,src/abap/2_statements/statement_parser.ts.StatementParser.constructor:53,z_src_abap_2_s_133beb1c8ec314=>z_member_map_dd23ae04a8f1b1 = t11. ENDIF. DATA(t12) = CAST z_src_version__711983d3861a36( t1 ).
2,1,0,NAME=>NAME( ). | ENDIF.,src/abap/2_statements/statement_parser.ts.StatementParser.removePragma:1501,z_src_abap_2_s_73dc2c5ca921c9=>z_builtin_init_2474d5032360fe( ). ENDIF.
3,1,0,NAME=>NAME( ). | ENDIF. | TMP = NAME=>NAME.,src/abap/2_statements/statement_parser.ts.StatementParser.removePragma:1501,z_src_abap_2_s_73dc2c5ca921c9=>z_builtin_init_2474d5032360fe( ). ENDIF. t37 = z_src_abap_2_s_73dc2c5ca921c9=>z_member_empty_b42fa9d1acd09c.
2,1,0,RAISE EXCEPTION TMP. | ENDTRY.,src/abap/2_statements/combi.ts.Star.run:144,RAISE EXCEPTION t45. ENDTRY.
3,1,0,RAISE EXCEPTION TMP. | ENDTRY. | DATA(TMP) = CAST NAME( TMP ).,src/abap/2_statements/combi.ts.Star.run:144,RAISE EXCEPTION t45. ENDTRY. DATA(t47) = CAST z_runtime_arra_c22708faf2e354( t2 ).
3,1,0,RAISE EXCEPTION TYPE CX_SY_ARITHMETIC_OVERFLOW. | ENDIF. | IF TMP < RANGE_INT_CHECK_LO_NZIK0ZK OR TMP > RANGE_INT_CHECK_HI_ZIK0ZJ.,src/abap/2_statements/result.ts.Result.peekAt:141,RAISE EXCEPTION TYPE cx_sy_arithmetic_overflow. ENDIF. IF t7 < range_int_check_lo_nzik0zk OR t7 > range_int_check_hi_zik0zj.
3,1,0,RAISE EXCEPTION TYPE CX_SY_ARITHMETIC_OVERFLOW. | ENDIF. | RESULT = TMP.,src/abap/2_statements/result.ts.Result.remainingLength:498,RAISE EXCEPTION TYPE cx_sy_arithmetic_overflow. ENDIF. result = t1.
3,1,0,RAISE EXCEPTION TYPE CX_SY_ARITHMETIC_OVERFLOW. | ENDIF. | TMP = NEW NAME( NAME = TMP NAME = TMP ).,src/abap/1_lexer/lexer.ts.Lexer.add:508,RAISE EXCEPTION TYPE cx_sy_arithmetic_overflow. ENDIF. t188 = NEW z_src_position_90002a97f25e1e( z_param_row_56bae4ece65baf = t189 z_param_col_6e69bc5fb2ff80 = t190 ).
3,1,0,RANGE_INT8_BOUND_MAX = RANGE_INT8_BOUND_MAX * NUM. | RANGE_INT8_BOUND_MAX = RANGE_INT8_BOUND_MAX + NUM. | DATA RANGE_INT_CHECK_HI_ZIK0ZI TYPE INT8.,src/abap/1_lexer/lexer.ts.Lexer.process:1731,range_int8_bound_max = range_int8_bound_max * 1000000000. range_int8_bound_max = range_int8_bound_max + 254740991. DATA range_int_check_hi_zik0zi TYPE int8.
3,1,0,RANGE_INT8_BOUND_MAX = RANGE_INT8_BOUND_MAX * NUM. | RANGE_INT8_BOUND_MAX = RANGE_INT8_BOUND_MAX + NUM. | DATA(TMP) = CONV INT8( NAME ).,src/abap/2_statements/result.ts.Result.wrapConsumed:216,range_int8_bound_max = range_int8_bound_max * 1000000000. range_int8_bound_max = range_int8_bound_max + 254740991. DATA(t1) = CONV int8( z_param_consum_74b8bf7d11c654 ).
3,1,0,RANGE_INT8_BOUND_MAX = RANGE_INT8_BOUND_MAX * NUM. | RANGE_INT8_BOUND_MAX = RANGE_INT8_BOUND_MAX + NUM. | DATA(TMP) = VALUE ABAP_BOOL( ).,src/abap/1_lexer/lexer_stream.ts.LexerStream.advance:44,range_int8_bound_max = range_int8_bound_max * 1000000000. range_int8_bound_max = range_int8_bound_max + 254740991. DATA(t1) = VALUE abap_bool( ).
2,1,0,RANGE_INT8_BOUND_MAX = RANGE_INT8_BOUND_MAX + NUM. | DATA RANGE_INT_CHECK_HI_ZIK0ZI TYPE INT8.,src/abap/1_lexer/lexer.ts.Lexer.process:1732,range_int8_bound_max = range_int8_bound_max + 254740991. DATA range_int_check_hi_zik0zi TYPE int8.
3,1,0,RANGE_INT8_BOUND_MAX = RANGE_INT8_BOUND_MAX + NUM. | DATA RANGE_INT_CHECK_HI_ZIK0ZI TYPE INT8. | RANGE_INT_CHECK_HI_ZIK0ZI = NUM.,src/abap/1_lexer/lexer.ts.Lexer.process:1732,range_int8_bound_max = range_int8_bound_max + 254740991. DATA range_int_check_hi_zik0zi TYPE int8. range_int_check_hi_zik0zi = 2147483646.
2,1,0,RANGE_INT8_BOUND_MAX = RANGE_INT8_BOUND_MAX + NUM. | DATA(TMP) = CONV INT8( NAME ).,src/abap/2_statements/result.ts.Result.wrapConsumed:217,range_int8_bound_max = range_int8_bound_max + 254740991. DATA(t1) = CONV int8( z_param_consum_74b8bf7d11c654 ).
3,1,0,RANGE_INT8_BOUND_MAX = RANGE_INT8_BOUND_MAX + NUM. | DATA(TMP) = CONV INT8( NAME ). | DATA(TMP) = CAST NAME( NAME ).,src/abap/2_statements/result.ts.Result.wrapConsumed:217,range_int8_bound_max = range_int8_bound_max + 254740991. DATA(t1) = CONV int8( z_param_consum_74b8bf7d11c654 ). DATA(t2) = CAST z_src_abap_nod_582169980ca52f( z_param_node_1324e81b8c7326 ).
2,1,0,RANGE_INT8_BOUND_MAX = RANGE_INT8_BOUND_MAX + NUM. | DATA(TMP) = VALUE ABAP_BOOL( ).,src/abap/1_lexer/lexer_stream.ts.LexerStream.advance:45,range_int8_bound_max = range_int8_bound_max + 254740991. DATA(t1) = VALUE abap_bool( ).
3,1,0,RANGE_INT8_BOUND_MAX = RANGE_INT8_BOUND_MAX + NUM. | DATA(TMP) = VALUE ABAP_BOOL( ). | DATA(TMP) = VALUE I( ).,src/abap/1_lexer/lexer_stream.ts.LexerStream.advance:45,range_int8_bound_max = range_int8_bound_max + 254740991. DATA(t1) = VALUE abap_bool( ). DATA(t2) = VALUE i( ).
2,1,0,RANGE_INT_CHECK_HI_ZIK0ZI = NUM. | DATA RANGE_INT_CHECK_LO_NZIK0ZK TYPE INT8.,src/abap/1_lexer/lexer.ts.Lexer.process:1734,range_int_check_hi_zik0zi = 2147483646. DATA range_int_check_lo_nzik0zk TYPE int8.
3,1,0,RANGE_INT_CHECK_HI_ZIK0ZI = NUM. | DATA RANGE_INT_CHECK_LO_NZIK0ZK TYPE INT8. | RANGE_INT_CHECK_LO_NZIK0ZK = -NUM.,src/abap/1_lexer/lexer.ts.Lexer.process:1734,range_int_check_hi_zik0zi = 2147483646. DATA range_int_check_lo_nzik0zk TYPE int8. range_int_check_lo_nzik0zk = -2147483648.
2,1,0,RANGE_INT_CHECK_LO_NZIK0ZK = -NUM. | DATA TMP TYPE REF TO NAME.,src/abap/2_statements/result.ts.Result.getNodes:356,range_int_check_lo_nzik0zk = -2147483648. DATA t1 TYPE REF TO z_runtime_arra_c22708faf2e354.
3,1,0,RANGE_INT_CHECK_LO_NZIK0ZK = -NUM. | DATA TMP TYPE REF TO NAME. | CLEAR TMP.,src/abap/2_statements/result.ts.Result.getNodes:356,range_int_check_lo_nzik0zk = -2147483648. DATA t1 TYPE REF TO z_runtime_arra_c22708faf2e354. CLEAR t1.
2,1,0,RANGE_INT_CHECK_LO_NZIK0ZK = -NUM. | DATA(TMP) = CAST NAME( NAME ).,src/abap/2_statements/result.ts.Result.constructor:30,range_int_check_lo_nzik0zk = -2147483648. DATA(t1) = CAST z_runtime_arra_c22708faf2e354( z_param_tokens_3a66ced5b5b26a ).
3,1,0,RANGE_INT_CHECK_LO_NZIK0ZK = -NUM. | DATA(TMP) = CAST NAME( NAME ). | DATA(TMP) = CONV INT8( NAME ).,src/abap/2_statements/result.ts.Result.constructor:30,range_int_check_lo_nzik0zk = -2147483648. DATA(t1) = CAST z_runtime_arra_c22708faf2e354( z_param_tokens_3a66ced5b5b26a ). DATA(t2) = CONV int8( z_param_tokeni_36bd2fa45d0f58 ).
3,1,0,RANGE_INT_CHECK_LO_NZIK0ZK = -NUM. | DATA(TMP) = CONV INT8( NAME ). | DATA TMP TYPE REF TO NAME.,src/abap/2_statements/result.ts.Result.peekAt:124,range_int_check_lo_nzik0zk = -2147483648. DATA(t1) = CONV int8( z_param_offset_c72075ced40b22 ). DATA t2 TYPE REF TO z_src_abap_1_l_506101b34e5cc0.
3,1,0,RANGE_INT_CHECK_LO_NZIK0ZK = -NUM. | DATA(TMP) = CONV INT8( NAME ). | DATA(TMP) = VALUE ABAP_BOOL( ).,src/abap/1_lexer/lexer_stream.ts.LexerStream.charCodeAt:483,range_int_check_lo_nzik0zk = -2147483648. DATA(t1) = CONV int8( z_param_o_e6d22f8d0dbece ). DATA(t2) = VALUE abap_bool( ).
2,1,0,RANGE_INT_CHECK_LO_NZIK0ZK = -NUM. | DATA(TMP) = CONV STRING( NAME ).,src/abap/1_lexer/lexer.ts.Lexer.process:1736,range_int_check_lo_nzik0zk = -2147483648. DATA(t1) = CONV string( z_param_raw_2fd8c444587bc5 ).
3,1,0,RANGE_INT_CHECK_LO_NZIK0ZK = -NUM. | DATA(TMP) = CONV STRING( NAME ). | DATA TMP TYPE REF TO NAME.,src/abap/1_lexer/lexer.ts.Lexer.process:1736,range_int_check_lo_nzik0zk = -2147483648. DATA(t1) = CONV string( z_param_raw_2fd8c444587bc5 ). DATA t2 TYPE REF TO z_src_abap_1_l_4d08aedee14b5b.
2,1,0,RANGE_INT_CHECK_LO_NZIK0ZK = -NUM. | DATA(TMP) = VALUE STRING( ).,src/abap/1_lexer/lexer.ts.Lexer.add:55,range_int_check_lo_nzik0zk = -2147483648. DATA(t1) = VALUE string( ).
3,1,0,RANGE_INT_CHECK_LO_NZIK0ZK = -NUM. | DATA(TMP) = VALUE STRING( ). | DATA(TMP) = VALUE STRING( ).,src/abap/1_lexer/lexer.ts.Lexer.add:55,range_int_check_lo_nzik0zk = -2147483648. DATA(t1) = VALUE string( ). DATA(t2) = VALUE string( ).
3,1,1,READ TABLE TMP->ITEMS INDEX NUM INTO TMP. | TMP ?= TMP. | DATA(TMP) = CAST NAME( TMP ).,src/abap/2_statements/combi.ts.Permutation.run:168,READ TABLE t45->items INDEX 1 INTO t46. t44 ?= t46. DATA(t47) = CAST z_runtime_arra_c22708faf2e354( t13 ).
3,1,1,READ TABLE TMP->ITEMS INDEX TMP INTO TMP. | TMP ?= TMP. | APPEND TMP TO TMP->ITEMS.,src/abap/2_statements/statement_parser.ts.StatementParser.buildSplits:839,READ TABLE t78->items INDEX t79 INTO t80. t77 ?= t80. APPEND t77 TO t76->items.
3,1,1,READ TABLE TMP->ITEMS INDEX TMP INTO TMP. | TMP ?= TMP. | DATA(TMP) = CAST NAME( TMP ).,src/abap/2_statements/combi.ts.Permutation.run:115,READ TABLE t16->items INDEX t17 INTO t18. t15 ?= t18. DATA(t19) = CAST z_runtime_arra_c22708faf2e354( t1 ).
3,1,0,READ TABLE TMP->ITEMS INDEX TMP INTO TMP. | TMP ?= TMP. | RESULT = TMP.,src/abap/2_statements/result.ts.Result.peek:107,READ TABLE t2->items INDEX t3 INTO t4. t1 ?= t4. result = t1.
3,1,1,READ TABLE TMP->ITEMS INDEX TMP INTO TMP. | TMP ?= TMP. | TMP = XSDBOOL( TMP IS BOUND AND TMP IS INSTANCE OF NAME ).,src/abap/2_statements/statement_parser.ts.StatementParser.removePragma:1452,READ TABLE t14->items INDEX t15 INTO t16. t13 ?= t16. t12 = xsdbool( t13 IS BOUND AND t13 IS INSTANCE OF z_src_abap_1_l_7a3d03a814f6ff ).
3,1,1,REPLACE ALL OCCURRENCES OF LIT IN TMP WITH LIT. | TRANSLATE TMP TO UPPER CASE. | APPEND TMP TO TMP->ITEMS.,src/abap/2_statements/statement_parser.ts.StatementParser.nativeAfter:2492,REPLACE ALL OCCURRENCES OF `ﬗ` IN t23 WITH `ՄԽ`. TRANSLATE t23 TO UPPER CASE. APPEND t23 TO t22->items.
3,1,1,REPLACE ALL OCCURRENCES OF LIT IN TMP WITH LIT. | TRANSLATE TMP TO UPPER CASE. | DATA(TMP) = CONV STRING( LIT ).,src/abap/2_statements/statement_parser.ts.StatementParser.nativeSQL:1081,REPLACE ALL OCCURRENCES OF `ﬗ` IN t53 WITH `ՄԽ`. TRANSLATE t53 TO UPPER CASE. DATA(t57) = CONV string( |ENDMETHOD.| ).
2,1,0,REPLACE ALL OCCURRENCES OF TMP IN TMP WITH TMP. | TMP = NEW NAME( NAME = TMP ).,src/abap/1_lexer/lexer.ts.Lexer.process:1752,REPLACE ALL OCCURRENCES OF t6 IN t4 WITH t8. t3 = NEW z_src_abap_1_l_4d08aedee14b5b( z_param_raw_2fd8c444587bc5 = t4 ).
3,1,0,REPLACE ALL OCCURRENCES OF TMP IN TMP WITH TMP. | TMP = NEW NAME( NAME = TMP ). | TMP = TMP.,src/abap/1_lexer/lexer.ts.Lexer.process:1752,REPLACE ALL OCCURRENCES OF t6 IN t4 WITH t8. t3 = NEW z_src_abap_1_l_4d08aedee14b5b( z_param_raw_2fd8c444587bc5 = t4 ). t2 = t3.
3,1,0,RESULT = TMP. | RETURN. | ELSE.,src/abap/1_lexer/lexer_stream.ts.LexerStream.currentChar:283,result = t4. RETURN. ELSE.
2,1,0,RETURN. | ELSE.,src/abap/1_lexer/lexer_stream.ts.LexerStream.currentChar:284,RETURN. ELSE.
3,1,0,RETURN. | ELSE. | DATA(TMP) = VALUE ABAP_BOOL( ).,src/abap/1_lexer/lexer_stream.ts.LexerStream.currentChar:284,RETURN. ELSE. DATA(t6) = VALUE abap_bool( ).
3,1,0,RETURN. | ENDIF. | DATA(TMP) = CONV ABAP_BOOL( TMP ).,src/abap/2_statements/statement_parser.ts.StatementParser.nativeAfter:2616,RETURN. ENDIF. DATA(t85) = CONV abap_bool( t1 ).
3,1,0,RETURN. | ENDIF. | ENDIF.,src/abap/1_lexer/lexer_stream.ts.LexerStream.currentChar:298,RETURN. ENDIF. ENDIF.
2,1,0,TMP = ABAP_TRUE. | ELSEIF TMP->HAS = ABAP_FALSE.,src/abap/2_statements/statement_parser.ts.StatementParser.constructor:35,t4 = abap_true. ELSEIF t5->has = abap_false.
3,1,0,TMP = ABAP_TRUE. | ELSEIF TMP->HAS = ABAP_FALSE. | TMP = ABAP_TRUE.,src/abap/2_statements/statement_parser.ts.StatementParser.constructor:35,t4 = abap_true. ELSEIF t5->has = abap_false. t4 = abap_true.
3,1,0,TMP = ABAP_TRUE. | ENDIF. | IF TMP = ABAP_TRUE.,src/abap/2_statements/statement_parser.ts.StatementParser.constructor:37,t4 = abap_true. ENDIF. IF t4 = abap_true.
2,1,0,TMP = CL_ABAP_CONV_IN_CE=>UCCPI( NUM ). | CONCATENATE TMP TMP INTO TMP RESPECTING BLANKS.,src/abap/1_lexer/lexer.ts.Lexer.process:1747,t7 = cl_abap_conv_in_ce=>uccpi( 13 ). CONCATENATE t6 t7 INTO t6 RESPECTING BLANKS.
3,1,0,TMP = CL_ABAP_CONV_IN_CE=>UCCPI( NUM ). | CONCATENATE TMP TMP INTO TMP RESPECTING BLANKS. | DATA(TMP) = CONV STRING( LIT ).,src/abap/1_lexer/lexer.ts.Lexer.process:1747,t7 = cl_abap_conv_in_ce=>uccpi( 13 ). CONCATENATE t6 t7 INTO t6 RESPECTING BLANKS. DATA(t8) = CONV string( || ).
3,1,1,TMP = LINES( TMP->ITEMS ). | DATA(TMP) = CONV I( LIT ). | TMP = XSDBOOL( TMP <> TMP ).,src/abap/2_statements/combi.ts.Permutation.run:123,t21 = lines( t22->items ). DATA(t23) = CONV i( '0' ). t20 = xsdbool( t21 <> t23 ).
2,1,1,TMP = LINES( TMP->ITEMS ). | TMP = TMP->SLICE2( P0 = TMP P1 = TMP ).,src/abap/2_statements/statement_parser.ts.StatementParser.nativeSQL:1122,t73 = lines( t74->items ). t67 = t68->slice2( p0 = t69 p1 = t73 ).
3,1,1,TMP = LINES( TMP->ITEMS ). | TMP = TMP->SLICE2( P0 = TMP P1 = TMP ). | TMP = ME->NAME( NAME = TMP ).,src/abap/2_statements/statement_parser.ts.StatementParser.nativeSQL:1122,t73 = lines( t74->items ). t67 = t68->slice2( p0 = t69 p1 = t73 ). t66 = me->z_member_token_ee139da5443484( z_param_tokens_3a66ced5b5b26a = t67 ).
3,1,1,TMP = LINES( TMP->ITEMS ). | TMP = TMP. | ELSE.,src/abap/2_statements/combi.ts.Permutation.run:184,t52 = lines( t53->items ). t42 = t52. ELSE.
2,1,1,TMP = ME->NAME( NAME = TMP ). | APPEND TMP TO TMP->ITEMS.,src/abap/2_statements/statement_parser.ts.StatementParser.categorize:1231,t9 = me->z_member_categ_aea4bdefbbe09b( z_param_input_967e31f857995e = t10 ). APPEND t9 TO t8->items.
3,1,0,TMP = ME->NAME( NAME = TMP ). | APPEND TMP TO TMP->ITEMS. | ENDLOOP.,src/abap/2_statements/statement_parser.ts.StatementParser.categorize:1231,t9 = me->z_member_categ_aea4bdefbbe09b( z_param_input_967e31f857995e = t10 ). APPEND t9 TO t8->items. ENDLOOP.
2,1,1,TMP = ME->NAME( NAME = TMP ). | DATA TMP TYPE REF TO NAME.,src/abap/2_statements/statement_parser.ts.StatementParser.lazyUnknown:550,t75 = me->z_member_build_6105188c97623d( z_param_tokens_3a66ced5b5b26a = t76 ). DATA t78 TYPE REF TO z_shape_473586_63d6a1817ae64e.
3,1,1,TMP = ME->NAME( NAME = TMP ). | DATA TMP TYPE REF TO NAME. | CLEAR TMP.,src/abap/2_statements/statement_parser.ts.StatementParser.lazyUnknown:550,t75 = me->z_member_build_6105188c97623d( z_param_tokens_3a66ced5b5b26a = t76 ). DATA t78 TYPE REF TO z_shape_473586_63d6a1817ae64e. CLEAR t78.
3,1,1,TMP = ME->NAME( NAME = TMP ). | TMP = TMP->NAME( NAME = TMP ). | APPEND TMP TO TMP->ITEMS.,src/abap/2_statements/statement_parser.ts.StatementParser.lazyUnknown:637,t114 = me->z_member_token_ee139da5443484( z_param_tokens_3a66ced5b5b26a = t115 ). t109 = t110->z_member_setch_22a4e757af9749( z_param_childr_9020c44e5b6ffa = t114 ). APPEND t109 TO t108->items.
3,1,0,TMP = ME->NAME( NAME = TMP ). | TMP = TMP->NAME( NAME = TMP ). | RESULT = TMP.,src/abap/2_statements/statement_parser.ts.StatementParser.match:1653,t23 = me->z_member_token_ee139da5443484( z_param_tokens_3a66ced5b5b26a = t24 ). t18 = t19->z_member_setch_22a4e757af9749( z_param_childr_9020c44e5b6ffa = t23 ). result = t18.
3,1,1,TMP = ME->NAME( NAME = TMP ). | TMP = TMP->NAME( NAME = TMP ). | TMP = ME->NAME( NAME = TMP ).,src/abap/2_statements/statement_parser.ts.StatementParser.lazyUnknown:597,t97 = me->z_member_token_ee139da5443484( z_param_tokens_3a66ced5b5b26a = t98 ). t92 = t93->z_member_setch_22a4e757af9749( z_param_childr_9020c44e5b6ffa = t97 ). t91 = me->z_member_categ_aea4bdefbbe09b( z_param_input_967e31f857995e = t92 ).
3,1,1,TMP = ME->NAME( NAME = TMP ). | TMP = TMP->NAME( NAME = TMP ). | TMP = TMP + NUM.,src/abap/2_statements/statement_parser.ts.StatementParser.nativeSQL:963,t48 = me->z_member_token_ee139da5443484( z_param_tokens_3a66ced5b5b26a = t49 ). t43 = t44->z_member_setch_22a4e757af9749( z_param_childr_9020c44e5b6ffa = t48 ). t42 = t42 + 1.
3,1,0,TMP = ME->NAME( NAME = TMP ). | TMP = TMP->NAME( NAME = TMP ). | TMP = TMP.,src/abap/2_statements/statement_parser.ts.StatementParser.categorizeStatement:1305,t31 = me->z_member_token_ee139da5443484( z_param_tokens_3a66ced5b5b26a = t32 ). t26 = t27->z_member_setch_22a4e757af9749( z_param_childr_9020c44e5b6ffa = t31 ). t2 = t26.
3,1,1,TMP = ME->NAME( NAME = TMP ). | TMP = TMP. | DATA(TMP) = VALUE ABAP_BOOL( ).,src/abap/2_statements/statement_parser.ts.StatementParser.lazyUnknown:599,t91 = me->z_member_categ_aea4bdefbbe09b( z_param_input_967e31f857995e = t92 ). t90 = t91. DATA(t99) = VALUE abap_bool( ).
3,1,0,TMP = ME->NAME( NAME = TMP ). | TMP = TMP. | ELSE.,src/abap/2_statements/statement_parser.ts.StatementParser.categorizeStatement:1321,t37 = me->z_member_match_497af1c2c3e97f( z_param_statem_a93a3a61ab48a1 = t38 ). t2 = t37. ELSE.
2,1,1,TMP = ME->NAME( NAME = TMP NAME = TMP NAME = TMP ). | TMP = TMP.,src/abap/2_statements/statement_parser.ts.StatementParser.process:2058,t53 = me->z_member_nativ_c4c8fce6485bfe( z_param_native_9edbc05eae010f = t54 z_param_tokens_3a66ced5b5b26a = t55 z_param_colon_efc6e029c59417 = t56 ). t8 = t53.
3,1,1,TMP = ME->NAME( NAME = TMP NAME = TMP NAME = TMP ). | TMP = TMP. | DATA TMP TYPE REF TO NAME.,src/abap/2_statements/statement_parser.ts.StatementParser.process:2058,t53 = me->z_member_nativ_c4c8fce6485bfe( z_param_native_9edbc05eae010f = t54 z_param_tokens_3a66ced5b5b26a = t55 z_param_colon_efc6e029c59417 = t56 ). t8 = t53. DATA t57 TYPE REF TO z_src_abap_2_s_4c81ce49a22dce.
2,1,0,TMP = NAME=>NAME( NAME = TMP NAME = TMP NAME = TMP NAME = TMP ). | RESULT = TMP.,src/abap/2_statements/result.ts.Result.shift:205,t2 = z_src_abap_2_s_b6c5f651b292e5=>z_member_fromc_9d7b43515b1343( z_param_tokens_3a66ced5b5b26a = t3 z_param_tokeni_36bd2fa45d0f58 = t4 z_param_nodes_51988edc19892d = t8 z_param_nodeco_6f0a19763cdb2a = t14 ). result = t2.
3,1,0,TMP = NAME=>NAME( NAME = TMP NAME = TMP NAME = TMP NAME = TMP ). | RESULT = TMP. | RETURN.,src/abap/2_statements/result.ts.Result.shift:205,t2 = z_src_abap_2_s_b6c5f651b292e5=>z_member_fromc_9d7b43515b1343( z_param_tokens_3a66ced5b5b26a = t3 z_param_tokeni_36bd2fa45d0f58 = t4 z_param_nodes_51988edc19892d = t8 z_param_nodeco_6f0a19763cdb2a = t14 ). result = t2. RETURN.
2,1,0,TMP = NAME=>NAME. | TMP = TMP.,src/abap/2_statements/statement_parser.ts.StatementParser.removePragma:1503,t37 = z_src_abap_2_s_73dc2c5ca921c9=>z_member_empty_b42fa9d1acd09c. t35 = t37.
3,1,0,TMP = NAME=>NAME. | TMP = TMP. | ELSE.,src/abap/2_statements/statement_parser.ts.StatementParser.removePragma:1503,t37 = z_src_abap_2_s_73dc2c5ca921c9=>z_member_empty_b42fa9d1acd09c. t35 = t37. ELSE.
2,1,0,TMP = NEW #( ). | TMP->PAYLOAD = TMP.,src/abap/2_statements/combi.ts.Star.run:142,t45 = NEW #( ). t45->payload = t46.
3,1,0,TMP = NEW #( ). | TMP->PAYLOAD = TMP. | RAISE EXCEPTION TMP.,src/abap/2_statements/combi.ts.Star.run:142,t45 = NEW #( ). t45->payload = t46. RAISE EXCEPTION t45.
3,1,0,TMP = NEW NAME( NAME = TMP ). | APPEND TMP TO TMP->ITEMS. | ENDLOOP.,src/abap/2_statements/statement_parser.ts.StatementParser.tokensToNodes:255,t8 = NEW z_src_abap_nod_935d26003cb490( z_param_token_06f9e7a29ec34c = t9 ). APPEND t8 TO t7->items. ENDLOOP.
2,1,1,TMP = NEW NAME( NAME = TMP ). | DATA(TMP) = CAST NAME( TMP ).,src/abap/2_statements/combi.ts.Permutation.run:193,t56 = NEW z_src_abap_2_s_67388fb83df4cc( z_param_list_750b7e98c594f7 = t57 ). DATA(t58) = CAST z_runtime_arra_c22708faf2e354( t13 ).
3,1,1,TMP = NEW NAME( NAME = TMP ). | DATA(TMP) = CAST NAME( TMP ). | TMP = TMP->NAME( NAME = TMP ).,src/abap/2_statements/combi.ts.Permutation.run:193,t56 = NEW z_src_abap_2_s_67388fb83df4cc( z_param_list_750b7e98c594f7 = t57 ). DATA(t58) = CAST z_runtime_arra_c22708faf2e354( t13 ). t55 = t56->z_member_run_71be1bca84374a( z_param_r_f634cd02b53efc = t58 ).
2,1,0,TMP = NEW NAME( NAME = TMP ). | ME->NAME = TMP.,src/abap/1_lexer/lexer.ts.Lexer.process:1768,t11 = NEW z_src_abap_1_l_cca5bd2c711d39( z_param_raw_2fd8c444587bc5 = t12 ). me->z_member_buffe_50d854778a22d2 = t11.
3,1,0,TMP = NEW NAME( NAME = TMP ). | ME->NAME = TMP. | DO.,src/abap/1_lexer/lexer.ts.Lexer.process:1768,t11 = NEW z_src_abap_1_l_cca5bd2c711d39( z_param_raw_2fd8c444587bc5 = t12 ). me->z_member_buffe_50d854778a22d2 = t11. DO.
3,1,1,TMP = NEW NAME( NAME = TMP NAME = TMP ). | APPEND TMP TO TMP->ITEMS. | ENDIF.,src/abap/2_statements/statement_parser.ts.StatementParser.buildSplits:801,t39 = NEW z_shape_473586_63d6a1817ae64e( z_param_first_866ec5f6546ef7 = t40 z_param_second_6dbcfcd2e6b248 = t51 ). APPEND t39 TO t38->items. ENDIF.
3,1,0,TMP = NEW NAME( NAME = TMP NAME = TMP ). | APPEND TMP TO TMP->ITEMS. | ENDLOOP.,src/abap/2_statements/statement_parser.ts.StatementParser.run:118,t21 = NEW z_src_abap_2_s_4c81ce49a22dce( z_param_file_c69801784df210 = t22 z_param_tokens_3a66ced5b5b26a = t24 ). APPEND t21 TO t20->items. ENDLOOP.
3,1,0,TMP = NEW NAME( NAME = TMP NAME = TMP ). | TMP = TMP. | DATA(TMP) = VALUE ABAP_BOOL( ).,src/abap/1_lexer/lexer.ts.Lexer.add:510,t188 = NEW z_src_position_90002a97f25e1e( z_param_row_56bae4ece65baf = t189 z_param_col_6e69bc5fb2ff80 = t190 ). t187 = t188. DATA(t196) = VALUE abap_bool( ).
3,1,1,TMP = NEW NAME( NAME = TMP NAME = TMP NAME = TMP ). | TMP = TMP. | APPEND TMP TO TMP->ITEMS.,src/abap/2_statements/statement_parser.ts.StatementParser.run:227,t68 = NEW z_src_abap_2_s_79eabe4202f7b8( z_param_file_c69801784df210 = t69 z_param_tokens_3a66ced5b5b26a = t71 z_param_statem_f0179bc9a48629 = t73 ). t65 = t68. APPEND t65 TO t64->items.
3,1,0,TMP = NEW NAME( NAME = TMP NAME = TMP NAME = TMP ). | TMP = TMP. | DATA(TMP) = CAST NAME( TMP ).,src/abap/2_statements/result.ts.Result.fromChain:87,t6 = NEW z_src_abap_2_s_b6c5f651b292e5( z_param_tokens_3a66ced5b5b26a = t7 z_param_tokeni_36bd2fa45d0f58 = t8 z_param_nodes_51988edc19892d = t9 ). t5 = t6. DATA(t10) = CAST z_src_abap_2_s_b6c5f651b292e5( t5 ).
3,1,0,TMP = NEW NAME( NAME = TMP NAME = TMP NAME = TMP ). | TMP = TMP. | ENDIF.,src/abap/1_lexer/lexer.ts.Lexer.add:540,t198 = NEW z_src_virtual__1d807b7e8348de( z_param_virtua_1a34d91d55f432 = t199 z_param_row_56bae4ece65baf = t201 z_param_col_6e69bc5fb2ff80 = t206 ). t187 = t198. ENDIF.
2,1,0,TMP = NEW NAME( NAME = TMP NAME = TMP NAME = TMP NAME = TMP ). | TMP = TMP.,src/abap/2_statements/statement_parser.ts.StatementParser.run:88,t4 = NEW z_src_abap_2_s_8b6abcb7aa445c( z_param_global_5535cf19196e6d = t5 z_param_releas_79281afaf90da0 = t6 z_param_reg_f149b44218b3bb = t7 z_param_langua_0e1d0b4c220039 = t8 ). t3 = t4.
3,1,0,TMP = NEW NAME( NAME = TMP NAME = TMP NAME = TMP NAME = TMP ). | TMP = TMP. | DATA TMP TYPE REF TO NAME.,src/abap/2_statements/statement_parser.ts.StatementParser.run:88,t4 = NEW z_src_abap_2_s_8b6abcb7aa445c( z_param_global_5535cf19196e6d = t5 z_param_releas_79281afaf90da0 = t6 z_param_reg_f149b44218b3bb = t7 z_param_langua_0e1d0b4c220039 = t8 ). t3 = t4. DATA t13 TYPE REF TO z_runtime_arra_c22708faf2e354.
2,1,1,TMP = NUM. | TMP = TMP - TMP.,src/abap/2_statements/statement_parser.ts.StatementParser.nativeSQL:1092,t60 = 0. t60 = t58 - t59.
3,1,1,TMP = NUM. | TMP = TMP - TMP. | TMP = TMP+TMP(TMP).,src/abap/2_statements/statement_parser.ts.StatementParser.nativeSQL:1092,t60 = 0. t60 = t58 - t59. t61 = t53+t60(t59).
2,1,1,TMP = TMP + TMP. | DATA(TMP) = CONV I( LIT ).,src/abap/2_statements/statement_parser.ts.StatementParser.nativeSQL:1192,t104 = t105 + t106. DATA(t107) = CONV i( '0' ).
3,1,1,TMP = TMP + TMP. | DATA(TMP) = CONV I( LIT ). | DATA(TMP) = CAST NAME( TMP ).,src/abap/2_statements/statement_parser.ts.StatementParser.nativeSQL:1192,t104 = t105 + t106. DATA(t107) = CONV i( '0' ). DATA(t108) = CAST z_src_abap_nod_e445d254902ced( t94 ).
2,1,0,TMP = TMP + TMP. | ME->NAME = TMP.,src/abap/1_lexer/lexer_stream.ts.LexerStream.advance:154,t45 = t46 + t47. me->z_member_offse_4eb7e0915312eb = t45.
3,1,0,TMP = TMP + TMP. | ME->NAME = TMP. | DATA(TMP) = CONV ABAP_BOOL( ABAP_TRUE ).,src/abap/1_lexer/lexer_stream.ts.LexerStream.advance:154,t45 = t46 + t47. me->z_member_offse_4eb7e0915312eb = t45. DATA(t48) = CONV abap_bool( abap_true ).
3,1,1,TMP = TMP + TMP. | TMP->NAME = TMP. | DATA(TMP) = CONV ABAP_BOOL( ABAP_TRUE ).,src/abap/1_lexer/lexer.ts.Lexer.process:3408,t698 = t699 + t701. t697->z_member_offse_4eb7e0915312eb = t698. DATA(t702) = CONV abap_bool( abap_true ).
3,1,1,TMP = TMP + TMP. | TMP->NAME = TMP. | DATA(TMP) = VALUE I( ).,src/abap/1_lexer/lexer.ts.Lexer.process:1913,t81 = t82 + t83. t80->z_member_end_3f10c552cfc0e2 = t81. DATA(t84) = VALUE i( ).
2,1,0,TMP = TMP - NUM. | ENDWHILE.,src/abap/2_statements/result.ts.Result.getNodes:373,t3 = t3 - 1. ENDWHILE.
3,1,0,TMP = TMP - NUM. | ENDWHILE. | TMP = TMP.,src/abap/2_statements/result.ts.Result.getNodes:373,t3 = t3 - 1. ENDWHILE. t1 = t2.
2,1,0,TMP = TMP - TMP. | DATA(TMP) = CONV I( STRLEN( TMP ) ).,src/abap/1_lexer/lexer.ts.Lexer.add:614,t244 = t245 - t248. DATA(t249) = CONV i( strlen( t243 ) ).
3,1,0,TMP = TMP - TMP. | DATA(TMP) = CONV I( STRLEN( TMP ) ). | IF TMP < NUM OR TMP >= TMP.,src/abap/1_lexer/lexer.ts.Lexer.add:614,t244 = t245 - t248. DATA(t249) = CONV i( strlen( t243 ) ). IF t244 < 0 OR t244 >= t249.
2,1,1,TMP = TMP - TMP. | DATA(TMP) = VALUE I( ).,src/abap/2_statements/statement_parser.ts.StatementParser.nativeSQL:1119,t69 = t70 - t72. DATA(t73) = VALUE i( ).
3,1,1,TMP = TMP - TMP. | DATA(TMP) = VALUE I( ). | DATA(TMP) = CAST NAME( TMP ).,src/abap/2_statements/statement_parser.ts.StatementParser.nativeSQL:1119,t69 = t70 - t72. DATA(t73) = VALUE i( ). DATA(t74) = CAST z_runtime_arra_c22708faf2e354( t62 ).
3,1,1,TMP = TMP - TMP. | TMP = TMP+TMP(TMP). | IF TMP = TMP.,src/abap/2_statements/statement_parser.ts.StatementParser.nativeSQL:1093,t60 = t58 - t59. t61 = t53+t60(t59). IF t61 = t57.
3,1,1,TMP = TMP - TMP. | TMP = TMP->SLICE2( P0 = TMP P1 = TMP ). | TMP = ME->NAME( NAME = TMP ).,src/abap/2_statements/statement_parser.ts.StatementParser.nativeSQL:1139,t80 = t81 - t83. t77 = t78->slice2( p0 = t79 p1 = t80 ). t76 = me->z_member_token_ee139da5443484( z_param_tokens_3a66ced5b5b26a = t77 ).
3,1,0,TMP = TMP - TMP. | TMP = TMP->SLICE2( P0 = TMP P1 = TMP ). | TMP = TMP.,src/abap/2_statements/statement_parser.ts.StatementParser.removePragma:1486,t30 = t31 - t33. t27 = t28->slice2( p0 = t29 p1 = t30 ). t25 = t27.
3,1,0,TMP = TMP+TMP(NUM). | ENDIF. | DATA(TMP) = CONV STRING( LIT ).,src/abap/1_lexer/lexer.ts.Lexer.add:1425,t611 = t612+t613(1). ENDIF. DATA(t615) = CONV string( `\` ).
3,1,1,TMP = TMP->NAME( ). | TMP = ME->NAME( NAME = TMP ). | DATA TMP TYPE REF TO NAME.,src/abap/2_statements/statement_parser.ts.StatementParser.lazyUnknown:549,t76 = t77->z_member_getto_78be2ed397daf0( ). t75 = me->z_member_build_6105188c97623d( z_param_tokens_3a66ced5b5b26a = t76 ). DATA t78 TYPE REF TO z_shape_473586_63d6a1817ae64e.
3,1,1,TMP = TMP->NAME( ). | TMP = ME->NAME( NAME = TMP ). | TMP = TMP->NAME( NAME = TMP ).,src/abap/2_statements/statement_parser.ts.StatementParser.nativeSQL:962,t49 = t50->z_member_getto_78be2ed397daf0( ). t48 = me->z_member_token_ee139da5443484( z_param_tokens_3a66ced5b5b26a = t49 ). t43 = t44->z_member_setch_22a4e757af9749( z_param_childr_9020c44e5b6ffa = t48 ).
2,1,1,TMP = TMP->NAME( ). | TMP = TMP - TMP.,src/abap/2_statements/result.ts.Result.wrapConsumed:279,t25 = t26->z_member_count_141758e0d2d375( ). t23 = t24 - t25.
3,1,1,TMP = TMP->NAME( ). | TMP = TMP - TMP. | IF TMP < RANGE_INT8_BOUND_MIN OR TMP > RANGE_INT8_BOUND_MAX.,src/abap/2_statements/result.ts.Result.wrapConsumed:279,t25 = t26->z_member_count_141758e0d2d375( ). t23 = t24 - t25. IF t23 < range_int8_bound_min OR t23 > range_int8_bound_max.
3,1,1,TMP = TMP->NAME( NAME = TMP ). | APPEND TMP TO TMP->ITEMS. | CONTINUE.,src/abap/2_statements/statement_parser.ts.StatementParser.process:2023,t18 = t19->z_member_setch_22a4e757af9749( z_param_childr_9020c44e5b6ffa = t23 ). APPEND t18 TO t16->items. CONTINUE.
3,1,1,TMP = TMP->NAME( NAME = TMP ). | APPEND TMP TO TMP->ITEMS. | DATA(TMP) = CAST NAME( TMP ).,src/abap/2_statements/statement_parser.ts.StatementParser.lazyUnknown:638,t109 = t110->z_member_setch_22a4e757af9749( z_param_childr_9020c44e5b6ffa = t114 ). APPEND t109 TO t108->items. DATA(t116) = CAST z_src_abap_nod_e445d254902ced( t90 ).
2,1,1,TMP = TMP->NAME( NAME = TMP ). | TMP = ME->NAME( NAME = TMP ).,src/abap/2_statements/statement_parser.ts.StatementParser.lazyUnknown:598,t92 = t93->z_member_setch_22a4e757af9749( z_param_childr_9020c44e5b6ffa = t97 ). t91 = me->z_member_categ_aea4bdefbbe09b( z_param_input_967e31f857995e = t92 ).
3,1,1,TMP = TMP->NAME( NAME = TMP ). | TMP = ME->NAME( NAME = TMP ). | TMP = TMP.,src/abap/2_statements/statement_parser.ts.StatementParser.lazyUnknown:598,t92 = t93->z_member_setch_22a4e757af9749( z_param_childr_9020c44e5b6ffa = t97 ). t91 = me->z_member_categ_aea4bdefbbe09b( z_param_input_967e31f857995e = t92 ). t90 = t91.
3,1,0,TMP = TMP->NAME( NAME = TMP ). | TMP = TMP. | ELSE.,src/abap/2_statements/statement_parser.ts.StatementParser.categorizeStatement:1306,t26 = t27->z_member_setch_22a4e757af9749( z_param_childr_9020c44e5b6ffa = t31 ). t2 = t26. ELSE.
3,1,0,TMP = TMP->NAME( NAME = TMP ). | TMP = TMP. | RESULT = TMP.,src/abap/2_statements/combi.ts.Plus.run_one:114,t10 = t11->z_member_run_71be1bca84374a( z_param_r_f634cd02b53efc = t12 ). t2 = t10. result = t2.
2,1,1,TMP = TMP->NAME( NAME = TMP ). | TMP = XSDBOOL( TMP IS BOUND ).,src/abap/2_statements/statement_parser.ts.StatementParser.nativeSQL:912,t27 = t28->z_member_findd_11af8711b8b825( z_param_type_99131daddf3305 = t29 ). t26 = xsdbool( t27 IS BOUND ).
3,1,1,TMP = TMP->NAME( NAME = TMP ). | TMP = XSDBOOL( TMP IS BOUND ). | TMP = TMP.,src/abap/2_statements/statement_parser.ts.StatementParser.nativeSQL:912,t27 = t28->z_member_findd_11af8711b8b825( z_param_type_99131daddf3305 = t29 ). t26 = xsdbool( t27 IS BOUND ). t23 = t26.
2,1,1,TMP = TMP->NAME( NAME = TMP NAME = TMP NAME = TMP ). | TMP = TMP.,src/abap/2_statements/statement_parser.ts.StatementParser.run:170,t42 = t43->z_member_handl_2f342ea8356e73( z_param_statem_f0179bc9a48629 = t44 z_param_file_c69801784df210 = t46 z_param_seen_11c0b8a281ca16 = t48 ). t41 = t42.
3,1,1,TMP = TMP->NAME( NAME = TMP NAME = TMP NAME = TMP ). | TMP = TMP. | DATA(TMP) = CAST NAME( TMP ).,src/abap/2_statements/statement_parser.ts.StatementParser.run:170,t42 = t43->z_member_handl_2f342ea8356e73( z_param_statem_f0179bc9a48629 = t44 z_param_file_c69801784df210 = t46 z_param_seen_11c0b8a281ca16 = t48 ). t41 = t42. DATA(t49) = CAST z_src_abap_2_s_4c81ce49a22dce( t39 ).
2,1,1,TMP = TMP->NAME. | APPEND TMP TO TMP->ITEMS.,src/abap/2_statements/result.ts.Result.wrapConsumed:267,t20 = t21->z_member_node_2140c8b32a9ed5. APPEND t20 TO t19->items.
3,1,1,TMP = TMP->NAME. | APPEND TMP TO TMP->ITEMS. | DATA(TMP) = VALUE INT8( ).,src/abap/2_statements/result.ts.Result.wrapConsumed:267,t20 = t21->z_member_node_2140c8b32a9ed5. APPEND t20 TO t19->items. DATA(t23) = VALUE int8( ).
3,1,1,TMP = TMP->NAME. | DATA(TMP) = CONV I( LIT ). | TMP = TMP + TMP.,src/abap/1_lexer/lexer.ts.Lexer.process:3406,t699 = t700->z_member_offse_4eb7e0915312eb. DATA(t701) = CONV i( '1' ). t698 = t699 + t701.
3,1,1,TMP = TMP->NAME. | DATA(TMP) = CONV I( TMP ). | TMP = TMP + NUM.,src/abap/2_statements/statement_parser.ts.StatementParser.nativeSQL:880,t13 = t14->z_member_state_9163ed41d98ddd. DATA(t15) = CONV i( t4 ). t15 = t15 + 1.
3,1,1,TMP = TMP->NAME. | DATA(TMP) = CONV INT8( NUM ). | TMP = TMP - TMP.,src/abap/1_lexer/lexer.ts.Lexer.process:3379,t687 = t688->z_member_col_cdb3c3718bda2d. DATA(t689) = CONV int8( 1 ). t686 = t687 - t689.
3,1,1,TMP = TMP->NAME. | DATA(TMP) = VALUE I( ). | DATA(TMP) = CONV I( TMP ).,src/abap/2_statements/statement_parser.ts.StatementParser.nativeSQL:1188,t102 = t103->z_member_state_9163ed41d98ddd. DATA(t104) = VALUE i( ). DATA(t105) = CONV i( t4 ).
3,1,1,TMP = TMP->NAME. | TMP = LINES( TMP->ITEMS ). | TMP = XSDBOOL( TMP < TMP ).,src/abap/2_statements/statement_parser.ts.StatementParser.nativeSQL:867,t9 = t10->z_member_state_9163ed41d98ddd. t8 = lines( t9->items ). t6 = xsdbool( t7 < t8 ).
3,1,1,TMP = TMP->NAME. | TMP = NEW NAME( NAME = TMP NAME = TMP ). | APPEND TMP TO TMP->ITEMS.,src/abap/2_statements/statement_parser.ts.StatementParser.run:117,t24 = t25->z_member_token_ed4bfabc8c4cec. t21 = NEW z_src_abap_2_s_4c81ce49a22dce( z_param_file_c69801784df210 = t22 z_param_tokens_3a66ced5b5b26a = t24 ). APPEND t21 TO t20->items.
2,1,1,TMP = TMP->NAME. | TMP = NEW NAME( NAME = TMP NAME = TMP NAME = TMP ).,src/abap/2_statements/statement_parser.ts.StatementParser.run:226,t73 = t74->z_member_state_9163ed41d98ddd. t68 = NEW z_src_abap_2_s_79eabe4202f7b8( z_param_file_c69801784df210 = t69 z_param_tokens_3a66ced5b5b26a = t71 z_param_statem_f0179bc9a48629 = t73 ).
3,1,1,TMP = TMP->NAME. | TMP = NEW NAME( NAME = TMP NAME = TMP NAME = TMP ). | TMP = TMP.,src/abap/2_statements/statement_parser.ts.StatementParser.run:226,t73 = t74->z_member_state_9163ed41d98ddd. t68 = NEW z_src_abap_2_s_79eabe4202f7b8( z_param_file_c69801784df210 = t69 z_param_tokens_3a66ced5b5b26a = t71 z_param_statem_f0179bc9a48629 = t73 ). t65 = t68.
2,1,1,TMP = TMP->NAME. | TMP = TMP->NAME( ).,src/abap/2_statements/result.ts.Result.wrapConsumed:278,t26 = t27->z_member_node_2140c8b32a9ed5. t25 = t26->z_member_count_141758e0d2d375( ).
3,1,1,TMP = TMP->NAME. | TMP = TMP->NAME( ). | TMP = TMP - TMP.,src/abap/2_statements/result.ts.Result.wrapConsumed:278,t26 = t27->z_member_node_2140c8b32a9ed5. t25 = t26->z_member_count_141758e0d2d375( ). t23 = t24 - t25.
3,1,1,TMP = TMP->NAME. | TMP = TMP. | DATA(TMP) = CONV I( STRLEN( TMP ) ).,src/abap/2_statements/statement_parser.ts.StatementParser.nativeAfter:2387,t27 = t28->z_member_str_36e44b82e4af28. t24 = t27. DATA(t29) = CONV i( strlen( t24 ) ).
3,1,0,TMP = TMP->NAME. | TMP = TMP. | TMP = NEW NAME( NAME = TMP ).,src/abap/1_lexer/lexer.ts.Lexer.process:1766,t15 = t16->z_member_raw_eb82124cb04f25. t12 = t15. t11 = NEW z_src_abap_1_l_cca5bd2c711d39( z_param_raw_2fd8c444587bc5 = t12 ).
3,1,0,TMP = TMP->NAME. | TMP = TMP. | TMP = NEW NAME( NAME = TMP NAME = TMP NAME = TMP ).,src/abap/1_lexer/lexer.ts.Lexer.add:538,t209 = t210->z_member_col_cdb3c3718bda2d. t206 = t209. t198 = NEW z_src_virtual__1d807b7e8348de( z_param_virtua_1a34d91d55f432 = t199 z_param_row_56bae4ece65baf = t201 z_param_col_6e69bc5fb2ff80 = t206 ).
3,1,0,TMP = TMP->NAME. | TMP = TMP. | TMP = TMP->NAME( NAME = TMP ).,src/abap/2_statements/statement_parser.ts.StatementParser.match:1674,t32 = t33->z_member_str_36e44b82e4af28. t27 = t32. t25 = t26->z_member_looku_352043b2d34900( z_param_str_b4492f271a40dd = t27 ).
3,1,1,TMP = TMP->NAME. | TMP = TMP. | TMP = TMP->TEST( P0 = TMP ).,src/abap/2_statements/combi.ts.Regex.run:125,t36 = t37->z_member_str_36e44b82e4af28. t33 = t36. t31 = t32->test( p0 = t33 ).
3,1,0,TMP = TMP->NAME. | TMP = TMP. | TMP ?= TMP.,src/abap/2_statements/statement_parser.ts.StatementParser.categorizeStatement:1257,t10 = t11->z_member_child_a1f49843a49bd1. t7 = t10. t6 ?= t7.
2,1,1,TMP = TMP->NAME. | TMP->NAME = TMP.,src/abap/2_statements/statement_parser.ts.StatementParser.run:176,t50 = t51->z_member_state_9163ed41d98ddd. t49->z_member_state_9163ed41d98ddd = t50.
3,1,1,TMP = TMP->NAME. | TMP->NAME = TMP. | DATA(TMP) = VALUE ABAP_BOOL( ).,src/abap/2_statements/statement_parser.ts.StatementParser.run:176,t50 = t51->z_member_state_9163ed41d98ddd. t49->z_member_state_9163ed41d98ddd = t50. DATA(t52) = VALUE abap_bool( ).
3,1,1,TMP = TMP->POP( ). | TMP ?= TMP. | DATA(TMP) = VALUE I( ).,src/abap/2_statements/statement_parser.ts.StatementParser.process:2229,t134 = t133->pop( ). t132 ?= t134. DATA(t135) = VALUE i( ).
3,1,1,TMP = TMP->POP( ). | TMP ?= TMP. | ENDIF.,src/abap/2_statements/statement_parser.ts.StatementParser.process:2271,t153 = t152->pop( ). t151 ?= t153. ENDIF.
2,1,0,TMP = TMP->REVERSE( ). | TMP = TMP->NAME( NAME = TMP ).,src/abap/2_statements/result.ts.Result.wrapConsumed:308,t37 = t38->reverse( ). t35 = t36->z_member_setch_8b290f46a4b28c( z_param_childr_9020c44e5b6ffa = t37 ).
3,1,0,TMP = TMP->REVERSE( ). | TMP = TMP->NAME( NAME = TMP ). | DATA TMP TYPE REF TO NAME.,src/abap/2_statements/result.ts.Result.wrapConsumed:308,t37 = t38->reverse( ). t35 = t36->z_member_setch_8b290f46a4b28c( z_param_childr_9020c44e5b6ffa = t37 ). DATA t39 TYPE REF TO z_src_abap_2_s_c435ad477cf33f.
2,1,0,TMP = TMP->SLICE0( ). | TMP = TMP.,src/abap/2_statements/combi.ts.Permutation.run:89,t5 = t6->slice0( ). t4 = t5.
3,1,0,TMP = TMP->SLICE0( ). | TMP = TMP. | DATA(TMP) = VALUE I( ).,src/abap/2_statements/combi.ts.Permutation.run:89,t5 = t6->slice0( ). t4 = t5. DATA(t7) = VALUE i( ).
2,1,0,TMP = TMP->SLICE2( P0 = TMP P1 = TMP ). | TMP = TMP.,src/abap/2_statements/statement_parser.ts.StatementParser.removePragma:1487,t27 = t28->slice2( p0 = t29 p1 = t30 ). t25 = t27.
3,1,0,TMP = TMP->SLICE2( P0 = TMP P1 = TMP ). | TMP = TMP. | ELSE.,src/abap/2_statements/statement_parser.ts.StatementParser.removePragma:1487,t27 = t28->slice2( p0 = t29 p1 = t30 ). t25 = t27. ELSE.
2,1,1,TMP = TMP->SPLICE1( P0 = TMP ). | TMP = TMP.,src/abap/2_statements/statement_parser.ts.StatementParser.buildSplits:794,t53 = t54->splice1( p0 = t62 ). t51 = t53.
3,1,1,TMP = TMP->SPLICE1( P0 = TMP ). | TMP = TMP. | ELSE.,src/abap/2_statements/statement_parser.ts.StatementParser.buildSplits:794,t53 = t54->splice1( p0 = t62 ). t51 = t53. ELSE.
2,1,1,TMP = TMP->SPLICE2( P0 = TMP P1 = TMP ). | DATA(TMP) = VALUE ABAP_BOOL( ).,src/abap/2_statements/combi.ts.Permutation.run:152,t34 = t35->splice2( p0 = t36 p1 = t37 ). DATA(t38) = VALUE abap_bool( ).
3,1,1,TMP = TMP->SPLICE2( P0 = TMP P1 = TMP ). | DATA(TMP) = VALUE ABAP_BOOL( ). | DATA(TMP) = VALUE I( ).,src/abap/2_statements/combi.ts.Permutation.run:152,t34 = t35->splice2( p0 = t36 p1 = t37 ). DATA(t38) = VALUE abap_bool( ). DATA(t39) = VALUE i( ).
2,1,1,TMP = TMP->SPLICE3( P0 = TMP P1 = TMP P2 = TMP ). | DATA(TMP) = CONV ABAP_BOOL( ABAP_FALSE ).,src/abap/2_statements/statement_parser.ts.StatementParser.nativeSQL:1195,t101 = t102->splice3( p0 = t104 p1 = t107 p2 = t108 ). DATA(t109) = CONV abap_bool( abap_false ).
3,1,1,TMP = TMP->SPLICE3( P0 = TMP P1 = TMP P2 = TMP ). | DATA(TMP) = CONV ABAP_BOOL( ABAP_FALSE ). | TMP = TMP.,src/abap/2_statements/statement_parser.ts.StatementParser.nativeSQL:1195,t101 = t102->splice3( p0 = t104 p1 = t107 p2 = t108 ). DATA(t109) = CONV abap_bool( abap_false ). t2 = t109.
2,1,1,TMP = TMP->TEST( P0 = TMP ). | DATA(TMP) = CONV ABAP_BOOL( ABAP_TRUE ).,src/abap/2_statements/combi.ts.Regex.run:127,t31 = t32->test( p0 = t33 ). DATA(t38) = CONV abap_bool( abap_true ).
3,1,1,TMP = TMP->TEST( P0 = TMP ). | DATA(TMP) = CONV ABAP_BOOL( ABAP_TRUE ). | TMP = XSDBOOL( TMP = TMP ).,src/abap/2_statements/combi.ts.Regex.run:127,t31 = t32->test( p0 = t33 ). DATA(t38) = CONV abap_bool( abap_true ). t30 = xsdbool( t31 = t38 ).
2,1,0,TMP = TMP->VALUE. | ME->NAME = TMP.,src/abap/2_statements/statement_parser.ts.StatementParser.constructor:59,t13 = t14->value. me->z_member_langu_04816aba6849dd = t13.
3,1,0,TMP = TMP->VALUE. | ME->NAME = TMP. | DATA(TMP) = CAST NAME( TMP ).,src/abap/2_statements/statement_parser.ts.StatementParser.constructor:59,t13 = t14->value. me->z_member_langu_04816aba6849dd = t13. DATA(t15) = CAST z_src__iregist_f2763f2ccbcc49( t2 ).
3,1,0,TMP = TMP. | APPEND TMP TO TMP->ITEMS. | ENDLOOP.,src/abap/2_statements/statement_parser.ts.StatementParser.run:228,t65 = t68. APPEND t65 TO t64->items. ENDLOOP.
2,1,0,TMP = TMP. | DATA TMP TYPE REF TO OBJECT.,src/abap/2_statements/result.ts.Result.getNodes:367,t3 = t4. DATA t5 TYPE REF TO object.
3,1,0,TMP = TMP. | DATA TMP TYPE REF TO OBJECT. | CLEAR TMP.,src/abap/2_statements/result.ts.Result.getNodes:367,t3 = t4. DATA t5 TYPE REF TO object. CLEAR t5.
3,1,0,TMP = TMP. | DATA(TMP) = CAST NAME( TMP ). | DATA(TMP) = CONV I( LIT ).,src/abap/1_lexer/lexer.ts.Lexer.add:1713,t740 = t741. DATA(t742) = CAST z_src_abap_1_l_cca5bd2c711d39( t740 ). DATA(t743) = CONV i( '0' ).
3,1,0,TMP = TMP. | DATA(TMP) = CONV I( LIT ). | TMP = TMP - TMP.,src/abap/1_lexer/lexer.ts.Lexer.add:612,t245 = t247. DATA(t248) = CONV i( '1' ). t244 = t245 - t248.
3,1,1,TMP = TMP. | DATA(TMP) = CONV I( NAME=>NAME ). | TMP = XSDBOOL( TMP <> TMP ).,src/abap/1_lexer/lexer.ts.Lexer.process:2881,t451 = t452. DATA(t479) = CONV i( z_src_abap_1_l_9d1bf4ef0204bc=>z_member_ch_ba_2ef0d3c5271a56 ). t450 = xsdbool( t451 <> t479 ).
2,1,1,TMP = TMP. | DATA(TMP) = CONV I( TMP ).,src/abap/2_statements/statement_parser.ts.StatementParser.buildSplits:792,t54 = t61. DATA(t62) = CONV i( t18 ).
3,1,1,TMP = TMP. | DATA(TMP) = CONV I( TMP ). | TMP = TMP->SPLICE1( P0 = TMP ).,src/abap/2_statements/statement_parser.ts.StatementParser.buildSplits:792,t54 = t61. DATA(t62) = CONV i( t18 ). t53 = t54->splice1( p0 = t62 ).
3,1,0,TMP = TMP. | DATA(TMP) = CONV INT8( TMP ). | TMP = TMP + TMP.,src/abap/2_statements/result.ts.Result.peekAt:137,t8 = t9. DATA(t10) = CONV int8( t1 ). t7 = t8 + t10.
3,1,1,TMP = TMP. | DATA(TMP) = CONV INT8( TMP ). | TMP = XSDBOOL( TMP <> TMP ).,src/abap/2_statements/statement_parser.ts.StatementParser.buildSplits:734,t25 = t31. DATA(t37) = CONV int8( t6 ). t24 = xsdbool( t25 <> t37 ).
3,1,0,TMP = TMP. | DATA(TMP) = VALUE ABAP_BOOL( ). | DATA(TMP) = CAST NAME( ME->NAME ).,src/abap/1_lexer/lexer.ts.Lexer.add:511,t187 = t188. DATA(t196) = VALUE abap_bool( ). DATA(t197) = CAST z_src_position_90002a97f25e1e( me->z_member_virtu_db098211587b90 ).
3,1,0,TMP = TMP. | DATA(TMP) = VALUE ABAP_BOOL( ). | DATA(TMP) = CONV ABAP_BOOL( TMP ).,src/abap/1_lexer/lexer.ts.Lexer.add:1666,t706 = t707. DATA(t722) = VALUE abap_bool( ). DATA(t723) = CONV abap_bool( t706 ).
3,1,0,TMP = TMP. | DATA(TMP) = VALUE INT8( ). | DATA(TMP) = CONV I( ME->NAME ).,src/abap/2_statements/result.ts.Result.remainingLength:492,t2 = t3. DATA(t5) = VALUE int8( ). DATA(t6) = CONV i( me->z_member_token_62f41b3bcb0bad ).
3,1,0,TMP = TMP. | DATA(TMP) = VALUE INT8( ). | DATA(TMP) = CONV I( TMP ).,src/abap/1_lexer/lexer.ts.Lexer.add:1545,t658 = t659. DATA(t670) = VALUE int8( ). DATA(t671) = CONV i( t616 ).
3,1,0,TMP = TMP. | DATA(TMP) = VALUE INT8( ). | DATA(TMP) = CONV INT8( ME->NAME ).,src/abap/2_statements/result.ts.Result.wrapConsumed:223,t3 = t4. DATA(t5) = VALUE int8( ). DATA(t6) = CONV int8( me->z_member_nodec_32889faa6e522a ).
3,1,0,TMP = TMP. | DO. | DATA(TMP) = CONV ABAP_BOOL( ABAP_TRUE ).,src/abap/2_statements/combi.ts.Star.run:56,t7 = t8. DO. DATA(t9) = CONV abap_bool( abap_true ).
3,1,0,TMP = TMP. | ELSE. | DATA(TMP) = CONV I( LIT ).,src/abap/1_lexer/lexer.ts.Lexer.add:1517,t617 = t654. ELSE. DATA(t655) = CONV i( '0' ).
3,1,1,TMP = TMP. | ELSE. | DATA(TMP) = CONV I( TMP ).,src/abap/1_lexer/lexer.ts.Lexer.process:1899,t72 = t76. ELSE. DATA(t77) = CONV i( t64 ).
3,1,1,TMP = TMP. | ELSE. | DATA(TMP) = VALUE I( ).,src/abap/2_statements/combi.ts.Permutation.run:185,t42 = t52. ELSE. DATA(t54) = VALUE i( ).
3,1,0,TMP = TMP. | ENDDO. | DATA(TMP) = VALUE ABAP_BOOL( ).,src/abap/2_statements/statement_parser.ts.StatementParser.removePragma:1464,t4 = t18. ENDDO. DATA(t21) = VALUE abap_bool( ).
3,1,0,TMP = TMP. | ENDIF. | DATA(TMP) = CAST NAME( ME->NAME ).,src/abap/1_lexer/lexer.ts.Lexer.add:1701,t211 = t734. ENDIF. DATA(t737) = CAST z_runtime_arra_c22708faf2e354( me->z_member_token_ed4bfabc8c4cec ).
3,1,0,TMP = TMP. | ENDIF. | DATA(TMP) = CAST NAME( TMP ).,src/abap/2_statements/combi.ts.Optional.run_one:176,t20 = t26. ENDIF. DATA(t28) = CAST z_runtime_arra_c22708faf2e354( t2 ).
3,1,0,TMP = TMP. | ENDIF. | DATA(TMP) = VALUE ABAP_BOOL( ).,src/abap/2_statements/statement_parser.ts.StatementParser.constructor:44,t3 = t7. ENDIF. DATA(t8) = VALUE abap_bool( ).
3,1,1,TMP = TMP. | ENDIF. | EXIT.,src/abap/2_statements/combi.ts.AlternativePriority.run:130,t23 = t29. ENDIF. EXIT.
3,1,0,TMP = TMP. | ENDIF. | TMP = NEW NAME( NAME = TMP NAME = TMP NAME = TMP NAME = TMP ).,src/abap/2_statements/statement_parser.ts.StatementParser.run:86,t8 = t12. ENDIF. t4 = NEW z_src_abap_2_s_8b6abcb7aa445c( z_param_global_5535cf19196e6d = t5 z_param_releas_79281afaf90da0 = t6 z_param_reg_f149b44218b3bb = t7 z_param_langua_0e1d0b4c220039 = t8 ).
3,1,1,TMP = TMP. | ENDIF. | TMP->NAME = TMP.,src/abap/1_lexer/lexer.ts.Lexer.process:1902,t72 = t77. ENDIF. t71->z_member_start_4dd113ee116862 = t72.
2,1,0,TMP = TMP. | ME->NAME( NAME = TMP ).,src/abap/2_statements/result.ts.Result.constructor:70,t18 = t19. me->z_member_setno_5f2c408b4dab20( z_param_n_0c978ada81a388 = t18 ).
3,1,0,TMP = TMP. | ME->NAME( NAME = TMP ). | ENDIF.,src/abap/2_statements/result.ts.Result.constructor:70,t18 = t19. me->z_member_setno_5f2c408b4dab20( z_param_n_0c978ada81a388 = t18 ). ENDIF.
2,1,0,TMP = TMP. | REPLACE ALL OCCURRENCES OF TMP IN TMP WITH TMP.,src/abap/1_lexer/lexer.ts.Lexer.process:1751,t4 = t5. REPLACE ALL OCCURRENCES OF t6 IN t4 WITH t8.
3,1,0,TMP = TMP. | REPLACE ALL OCCURRENCES OF TMP IN TMP WITH TMP. | TMP = NEW NAME( NAME = TMP ).,src/abap/1_lexer/lexer.ts.Lexer.process:1751,t4 = t5. REPLACE ALL OCCURRENCES OF t6 IN t4 WITH t8. t3 = NEW z_src_abap_1_l_4d08aedee14b5b( z_param_raw_2fd8c444587bc5 = t4 ).
3,1,0,TMP = TMP. | TMP = NEW NAME( NAME = TMP ). | ME->NAME = TMP.,src/abap/1_lexer/lexer.ts.Lexer.process:1767,t12 = t15. t11 = NEW z_src_abap_1_l_cca5bd2c711d39( z_param_raw_2fd8c444587bc5 = t12 ). me->z_member_buffe_50d854778a22d2 = t11.
2,1,0,TMP = TMP. | TMP = NEW NAME( NAME = TMP NAME = TMP NAME = TMP ).,src/abap/1_lexer/lexer.ts.Lexer.add:539,t206 = t209. t198 = NEW z_src_virtual__1d807b7e8348de( z_param_virtua_1a34d91d55f432 = t199 z_param_row_56bae4ece65baf = t201 z_param_col_6e69bc5fb2ff80 = t206 ).
3,1,0,TMP = TMP. | TMP = NEW NAME( NAME = TMP NAME = TMP NAME = TMP ). | TMP = TMP.,src/abap/1_lexer/lexer.ts.Lexer.add:539,t206 = t209. t198 = NEW z_src_virtual__1d807b7e8348de( z_param_virtua_1a34d91d55f432 = t199 z_param_row_56bae4ece65baf = t201 z_param_col_6e69bc5fb2ff80 = t206 ). t187 = t198.
2,1,0,TMP = TMP. | TMP = TMP + NUM.,src/abap/2_statements/result.ts.Result.peekAt:146,t6 = t7. t6 = t6 + 1.
3,1,0,TMP = TMP. | TMP = TMP + NUM. | DATA TMP TYPE REF TO OBJECT.,src/abap/2_statements/result.ts.Result.peekAt:146,t6 = t7. t6 = t6 + 1. DATA t11 TYPE REF TO object.
3,1,1,TMP = TMP. | TMP = TMP->NAME( NAME = TMP ). | APPEND TMP TO TMP->ITEMS.,src/abap/2_statements/statement_parser.ts.StatementParser.process:2022,t23 = t27. t18 = t19->z_member_setch_22a4e757af9749( z_param_childr_9020c44e5b6ffa = t23 ). APPEND t18 TO t16->items.
3,1,0,TMP = TMP. | TMP = TMP->NAME( NAME = TMP ). | DATA TMP TYPE REF TO NAME.,src/abap/2_statements/statement_parser.ts.StatementParser.match:1675,t27 = t32. t25 = t26->z_member_looku_352043b2d34900( z_param_str_b4492f271a40dd = t27 ). DATA t34 TYPE REF TO z_shape_7e8c42_1adc9d0c1b47db.
3,1,1,TMP = TMP. | TMP = TMP->NAME. | APPEND TMP TO TMP->ITEMS.,src/abap/2_statements/result.ts.Result.wrapConsumed:266,t21 = t22. t20 = t21->z_member_node_2140c8b32a9ed5. APPEND t20 TO t19->items.
3,1,1,TMP = TMP. | TMP = TMP->NAME. | TMP = TMP + NUM.,src/abap/2_statements/result.ts.Result.getNodes:428,t26 = t27. t25 = t26->z_member_node_2140c8b32a9ed5. t23 = t23 + 1.
3,1,1,TMP = TMP. | TMP = TMP->NAME. | TMP = TMP->NAME( ).,src/abap/2_statements/result.ts.Result.wrapConsumed:277,t27 = t28. t26 = t27->z_member_node_2140c8b32a9ed5. t25 = t26->z_member_count_141758e0d2d375( ).
2,1,1,TMP = TMP. | TMP = TMP->TEST( P0 = TMP ).,src/abap/2_statements/combi.ts.Regex.run:126,t33 = t36. t31 = t32->test( p0 = t33 ).
3,1,1,TMP = TMP. | TMP = TMP->TEST( P0 = TMP ). | DATA(TMP) = CONV ABAP_BOOL( ABAP_TRUE ).,src/abap/2_statements/combi.ts.Regex.run:126,t33 = t36. t31 = t32->test( p0 = t33 ). DATA(t38) = CONV abap_bool( abap_true ).
3,1,1,TMP = TMP. | TMP = TMP. | DATA(TMP) = CONV INT8( TMP ).,src/abap/2_statements/statement_parser.ts.StatementParser.buildSplits:733,t31 = t35. t25 = t31. DATA(t37) = CONV int8( t6 ).
3,1,0,TMP = TMP. | TMP = TMP. | IF TMP = ABAP_TRUE.,src/abap/1_lexer/lexer.ts.Lexer.add:1404,t599 = t604. t598 = t599. IF t599 = abap_true.
3,1,0,TMP = TMP. | TMP = TMP. | TMP = TMP - TMP.,src/abap/1_lexer/lexer.ts.Lexer.add:504,t193 = t195. t192 = t193. t190 = t191 - t192.
3,1,1,TMP = TMP. | TMP = TMP. | TMP = XSDBOOL( TMP = ABAP_FALSE ).,src/abap/1_lexer/lexer.ts.Lexer.process:3414,t635 = t676. t632 = t635. t631 = xsdbool( t632 = abap_false ).
3,1,1,TMP = TMP. | TMP = TMP. | TMP = XSDBOOL( TMP = NUM OR TMP = NUM OR TMP = NUM OR TMP = NUM OR TMP = NUM OR TMP = NUM OR TMP = NUM OR TMP = NUM OR TMP = NUM ).,src/abap/1_lexer/lexer.ts.Lexer.process:2535,t338 = t339. t337 = t338. t336 = xsdbool( t337 = 46 OR t337 = 44 OR t337 = 58 OR t337 = 40 OR t337 = 41 OR t337 = 91 OR t337 = 93 OR t337 = 43 OR t337 = 64 ).
3,1,1,TMP = TMP. | TMP = TMP. | TMP = XSDBOOL( TMP = NUM OR TMP = NUM OR TMP = NUM OR TMP = NUM OR TMP = NUM OR TMP = NUM OR TMP = NUM OR TMP = NUM OR TMP = NUM OR TMP = NUM OR TMP = NUM OR TMP = NUM OR TMP = NUM ).,src/abap/1_lexer/lexer.ts.Lexer.process:2086,t160 = t161. t159 = t160. t158 = xsdbool( t159 = 32 OR t159 = 58 OR t159 = 46 OR t159 = 44 OR t159 = 45 OR t159 = 43 OR t159 = 40 OR t159 = 41 OR t159 = 91 OR t159 = 93 OR t159 = 92 OR t159 = 9 OR t159 = 10 ).
2,1,1,TMP = TMP. | TMP = XSDBOOL( TMP <> TMP ).,src/abap/1_lexer/lexer.ts.Lexer.process:3227,t619 = t620. t617 = xsdbool( t618 <> t619 ).
3,1,1,TMP = TMP. | TMP = XSDBOOL( TMP <> TMP ). | TMP = TMP.,src/abap/1_lexer/lexer.ts.Lexer.process:3227,t619 = t620. t617 = xsdbool( t618 <> t619 ). t613 = t617.
3,1,1,TMP = TMP. | TMP = XSDBOOL( TMP = -NUM OR TMP = NUM OR TMP = NUM OR TMP = NUM OR TMP = NUM OR TMP = NUM OR TMP = NUM OR TMP = NUM OR TMP = NUM OR TMP = NUM OR TMP = NUM OR TMP = NUM ). | TMP = TMP.,src/abap/1_lexer/lexer.ts.Lexer.process:3042,t546 = t547. t545 = xsdbool( t546 = -1 OR t546 = 32 OR t546 = 9 OR t546 = 10 OR t546 = 46 OR t546 = 44 OR t546 = 58 OR t546 = 34 OR t546 = 40 OR t546 = 41 OR t546 = 91 OR t546 = 93 ). t541 = t545.
2,1,1,TMP = TMP. | TMP = XSDBOOL( TMP = ABAP_FALSE ).,src/abap/1_lexer/lexer.ts.Lexer.process:3415,t632 = t635. t631 = xsdbool( t632 = abap_false ).
3,1,1,TMP = TMP. | TMP = XSDBOOL( TMP = ABAP_FALSE ). | IF TMP = ABAP_TRUE.,src/abap/1_lexer/lexer.ts.Lexer.process:3415,t632 = t635. t631 = xsdbool( t632 = abap_false ). IF t631 = abap_true.
2,1,1,TMP = TMP. | TMP = XSDBOOL( TMP = NUM OR TMP = NUM OR TMP = NUM OR TMP = NUM OR TMP = NUM OR TMP = NUM OR TMP = NUM OR TMP = NUM OR TMP = NUM ).,src/abap/1_lexer/lexer.ts.Lexer.process:2536,t337 = t338. t336 = xsdbool( t337 = 46 OR t337 = 44 OR t337 = 58 OR t337 = 40 OR t337 = 41 OR t337 = 91 OR t337 = 93 OR t337 = 43 OR t337 = 64 ).
3,1,1,TMP = TMP. | TMP = XSDBOOL( TMP = NUM OR TMP = NUM OR TMP = NUM OR TMP = NUM OR TMP = NUM OR TMP = NUM OR TMP = NUM OR TMP = NUM OR TMP = NUM ). | TMP = TMP.,src/abap/1_lexer/lexer.ts.Lexer.process:2536,t337 = t338. t336 = xsdbool( t337 = 46 OR t337 = 44 OR t337 = 58 OR t337 = 40 OR t337 = 41 OR t337 = 91 OR t337 = 93 OR t337 = 43 OR t337 = 64 ). t335 = t336.
2,1,1,TMP = TMP. | TMP = XSDBOOL( TMP = NUM OR TMP = NUM OR TMP = NUM OR TMP = NUM OR TMP = NUM OR TMP = NUM OR TMP = NUM OR TMP = NUM OR TMP = NUM OR TMP = NUM OR TMP = NUM OR TMP = NUM OR TMP = NUM ).,src/abap/1_lexer/lexer.ts.Lexer.process:2087,t159 = t160. t158 = xsdbool( t159 = 32 OR t159 = 58 OR t159 = 46 OR t159 = 44 OR t159 = 45 OR t159 = 43 OR t159 = 40 OR t159 = 41 OR t159 = 91 OR t159 = 93 OR t159 = 92 OR t159 = 9 OR t159 = 10 ).
3,1,1,TMP = TMP. | TMP = XSDBOOL( TMP = NUM OR TMP = NUM OR TMP = NUM OR TMP = NUM OR TMP = NUM OR TMP = NUM OR TMP = NUM OR TMP = NUM OR TMP = NUM OR TMP = NUM OR TMP = NUM OR TMP = NUM OR TMP = NUM ). | IF TMP = ABAP_TRUE.,src/abap/1_lexer/lexer.ts.Lexer.process:2087,t159 = t160. t158 = xsdbool( t159 = 32 OR t159 = 58 OR t159 = 46 OR t159 = 44 OR t159 = 45 OR t159 = 43 OR t159 = 40 OR t159 = 41 OR t159 = 91 OR t159 = 93 OR t159 = 92 OR t159 = 9 OR t159 = 10 ). IF t158 = abap_true.
2,1,0,TMP = TMP. | TMP ?= TMP.,src/abap/2_statements/statement_parser.ts.StatementParser.categorizeStatement:1258,t7 = t10. t6 ?= t7.
3,1,0,TMP = TMP. | TMP ?= TMP. | TMP = LINES( TMP->ITEMS ).,src/abap/2_statements/statement_parser.ts.StatementParser.categorizeStatement:1258,t7 = t10. t6 ?= t7. t5 = lines( t6->items ).
3,1,1,TMP = XSDBOOL( TMP < TMP ). | IF TMP = ABAP_TRUE. | DATA(TMP) = CONV I( LIT ).,src/abap/1_lexer/lexer.ts.Lexer.process:1896,t73 = xsdbool( t74 < t75 ). IF t73 = abap_true. DATA(t76) = CONV i( '0' ).
3,1,1,TMP = XSDBOOL( TMP <> TMP ). | IF TMP = ABAP_TRUE. | DATA(TMP) = CAST NAME( TMP ).,src/abap/2_statements/statement_parser.ts.StatementParser.buildSplits:736,t24 = xsdbool( t25 <> t37 ). IF t24 = abap_true. DATA(t38) = CAST z_runtime_arra_c22708faf2e354( t2 ).
3,1,1,TMP = XSDBOOL( TMP <> TMP ). | IF TMP = ABAP_TRUE. | DATA(TMP) = VALUE I( ).,src/abap/2_statements/combi.ts.Permutation.run:125,t20 = xsdbool( t21 <> t23 ). IF t20 = abap_true. DATA(t24) = VALUE i( ).
3,1,1,TMP = XSDBOOL( TMP <> TMP ). | TMP = TMP. | IF TMP = ABAP_FALSE.,src/abap/1_lexer/lexer.ts.Lexer.process:2883,t450 = xsdbool( t451 <> t479 ). t449 = t450. IF t450 = abap_false.
2,1,1,TMP = XSDBOOL( TMP = -NUM OR TMP = NUM OR TMP = NUM OR TMP = NUM OR TMP = NUM OR TMP = NUM OR TMP = NUM OR TMP = NUM OR TMP = NUM OR TMP = NUM OR TMP = NUM OR TMP = NUM ). | TMP = TMP.,src/abap/1_lexer/lexer.ts.Lexer.process:3043,t545 = xsdbool( t546 = -1 OR t546 = 32 OR t546 = 9 OR t546 = 10 OR t546 = 46 OR t546 = 44 OR t546 = 58 OR t546 = 34 OR t546 = 40 OR t546 = 41 OR t546 = 91 OR t546 = 93 ). t541 = t545.
3,1,1,TMP = XSDBOOL( TMP = -NUM OR TMP = NUM OR TMP = NUM OR TMP = NUM OR TMP = NUM OR TMP = NUM OR TMP = NUM OR TMP = NUM OR TMP = NUM OR TMP = NUM OR TMP = NUM OR TMP = NUM ). | TMP = TMP. | ENDIF.,src/abap/1_lexer/lexer.ts.Lexer.process:3043,t545 = xsdbool( t546 = -1 OR t546 = 32 OR t546 = 9 OR t546 = 10 OR t546 = 46 OR t546 = 44 OR t546 = 58 OR t546 = 34 OR t546 = 40 OR t546 = 41 OR t546 = 91 OR t546 = 93 ). t541 = t545. ENDIF.
3,1,0,TMP = XSDBOOL( TMP = ABAP_FALSE ). | IF TMP = ABAP_TRUE. | DATA TMP TYPE REF TO NAME.,src/abap/1_lexer/lexer.ts.Lexer.add:1669,t722 = xsdbool( t723 = abap_false ). IF t722 = abap_true. DATA t724 TYPE REF TO z_src_abap_1_l_90a33be3779b7c.
3,1,1,TMP = XSDBOOL( TMP = ABAP_FALSE ). | IF TMP = ABAP_TRUE. | DATA(TMP) = CAST NAME( TMP ).,src/abap/2_statements/statement_parser.ts.StatementParser.nativeAfter:2363,t14 = xsdbool( t15 = abap_false ). IF t14 = abap_true. DATA(t17) = CAST z_runtime_arra_c22708faf2e354( t9 ).
3,1,0,TMP = XSDBOOL( TMP = ABAP_FALSE ). | IF TMP = ABAP_TRUE. | DATA(TMP) = NEW NAME( ).,src/abap/2_statements/statement_parser.ts.StatementParser.constructor:50,t8 = xsdbool( t9 = abap_false ). IF t8 = abap_true. DATA(t11) = NEW z_src_abap_2_s_ae66e7a3c47085( ).
3,1,1,TMP = XSDBOOL( TMP = ABAP_FALSE ). | IF TMP = ABAP_TRUE. | EXIT.,src/abap/1_lexer/lexer.ts.Lexer.process:3416,t631 = xsdbool( t632 = abap_false ). IF t631 = abap_true. EXIT.
2,1,1,TMP = XSDBOOL( TMP = NUM OR TMP = NUM OR TMP = NUM OR TMP = NUM OR TMP = NUM OR TMP = NUM OR TMP = NUM OR TMP = NUM OR TMP = NUM ). | TMP = TMP.,src/abap/1_lexer/lexer.ts.Lexer.process:2537,t336 = xsdbool( t337 = 46 OR t337 = 44 OR t337 = 58 OR t337 = 40 OR t337 = 41 OR t337 = 91 OR t337 = 93 OR t337 = 43 OR t337 = 64 ). t335 = t336.
3,1,1,TMP = XSDBOOL( TMP = NUM OR TMP = NUM OR TMP = NUM OR TMP = NUM OR TMP = NUM OR TMP = NUM OR TMP = NUM OR TMP = NUM OR TMP = NUM ). | TMP = TMP. | IF TMP = ABAP_FALSE.,src/abap/1_lexer/lexer.ts.Lexer.process:2537,t336 = xsdbool( t337 = 46 OR t337 = 44 OR t337 = 58 OR t337 = 40 OR t337 = 41 OR t337 = 91 OR t337 = 93 OR t337 = 43 OR t337 = 64 ). t335 = t336. IF t336 = abap_false.
2,1,1,TMP = XSDBOOL( TMP = NUM OR TMP = NUM OR TMP = NUM OR TMP = NUM OR TMP = NUM OR TMP = NUM OR TMP = NUM OR TMP = NUM OR TMP = NUM OR TMP = NUM OR TMP = NUM OR TMP = NUM OR TMP = NUM ). | IF TMP = ABAP_TRUE.,src/abap/1_lexer/lexer.ts.Lexer.process:2088,t158 = xsdbool( t159 = 32 OR t159 = 58 OR t159 = 46 OR t159 = 44 OR t159 = 45 OR t159 = 43 OR t159 = 40 OR t159 = 41 OR t159 = 91 OR t159 = 93 OR t159 = 92 OR t159 = 9 OR t159 = 10 ). IF t158 = abap_true.
3,1,1,TMP = XSDBOOL( TMP = NUM OR TMP = NUM OR TMP = NUM OR TMP = NUM OR TMP = NUM OR TMP = NUM OR TMP = NUM OR TMP = NUM OR TMP = NUM OR TMP = NUM OR TMP = NUM OR TMP = NUM OR TMP = NUM ). | IF TMP = ABAP_TRUE. | ME->NAME( ).,src/abap/1_lexer/lexer.ts.Lexer.process:2088,t158 = xsdbool( t159 = 32 OR t159 = 58 OR t159 = 46 OR t159 = 44 OR t159 = 45 OR t159 = 43 OR t159 = 40 OR t159 = 41 OR t159 = 91 OR t159 = 93 OR t159 = 92 OR t159 = 9 OR t159 = 10 ). IF t158 = abap_true. me->z_member_add_51c1bb18694a11( ).
3,1,0,TMP = XSDBOOL( TMP = TMP ). | IF TMP = ABAP_TRUE. | DATA(TMP) = CONV I( LIT ).,src/abap/1_lexer/lexer.ts.Lexer.add:1514,t618 = xsdbool( t619 = t653 ). IF t618 = abap_true. DATA(t654) = CONV i( '1' ).
3,1,0,TMP = XSDBOOL( TMP = TMP ). | IF TMP = ABAP_TRUE. | DATA(TMP) = CONV INT8( NUM ).,src/abap/1_lexer/lexer_stream.ts.LexerStream.advance:110,t1 = xsdbool( t2 = t28 ). IF t1 = abap_true. DATA(t29) = CONV int8( 1 ).
3,1,1,TMP = XSDBOOL( TMP = TMP ). | IF TMP = ABAP_TRUE. | DATA(TMP) = VALUE I( ).,src/abap/2_statements/combi.ts.Permutation.run:158,t38 = xsdbool( t39 = t41 ). IF t38 = abap_true. DATA(t42) = VALUE i( ).
3,1,1,TMP = XSDBOOL( TMP = TMP ). | IF TMP = ABAP_TRUE. | EXIT.,src/abap/2_statements/combi.ts.Star.run:75,t14 = xsdbool( t15 = t17 ). IF t14 = abap_true. EXIT.
2,1,1,TMP = XSDBOOL( TMP > TMP ). | IF TMP = ABAP_FALSE.,src/abap/2_statements/result.ts.Result.wrapConsumed:237,t9 = xsdbool( t10 > t11 ). IF t9 = abap_false.
3,1,1,TMP = XSDBOOL( TMP > TMP ). | IF TMP = ABAP_FALSE. | EXIT.,src/abap/2_statements/result.ts.Result.wrapConsumed:237,t9 = xsdbool( t10 > t11 ). IF t9 = abap_false. EXIT.
3,1,0,TMP = XSDBOOL( TMP > TMP ). | IF TMP = ABAP_TRUE. | DATA(TMP) = CAST NAME( TMP ).,src/abap/2_statements/statement_parser.ts.StatementParser.categorizeStatement:1327,t39 = xsdbool( t40 > t41 ). IF t39 = abap_true. DATA(t42) = CAST z_src_abap_nod_e445d254902ced( t1 ).
3,1,1,TMP = XSDBOOL( TMP > TMP ). | IF TMP = ABAP_TRUE. | DATA(TMP) = VALUE ABAP_BOOL( ).,src/abap/2_statements/combi.ts.AlternativePriority.run:96,t11 = xsdbool( t12 > t14 ). IF t11 = abap_true. DATA(t15) = VALUE abap_bool( ).
3,1,0,TMP = XSDBOOL( TMP > TMP ). | IF TMP = ABAP_TRUE. | DATA(TMP) = VALUE INT8( ).,src/abap/1_lexer/lexer.ts.Lexer.add:168,t33 = xsdbool( t34 > t37 ). IF t33 = abap_true. DATA(t38) = VALUE int8( ).
3,1,0,TMP = XSDBOOL( TMP > TMP ). | TMP = TMP. | IF TMP = ABAP_TRUE.,src/abap/1_lexer/lexer.ts.Lexer.add:760,t310 = xsdbool( t311 > t314 ). t309 = t310. IF t310 = abap_true.
2,1,1,TMP = XSDBOOL( TMP >= TMP ). | IF TMP = ABAP_FALSE.,src/abap/2_statements/result.ts.Result.getNodes:393,t12 = xsdbool( t13 >= t14 ). IF t12 = abap_false.
3,1,1,TMP = XSDBOOL( TMP >= TMP ). | IF TMP = ABAP_FALSE. | EXIT.,src/abap/2_statements/result.ts.Result.getNodes:393,t12 = xsdbool( t13 >= t14 ). IF t12 = abap_false. EXIT.
3,1,0,TMP = XSDBOOL( TMP >= TMP ). | IF TMP = ABAP_TRUE. | DATA(TMP) = VALUE I( ).,src/abap/1_lexer/lexer.ts.Lexer.add:219,t64 = xsdbool( t65 >= t66 ). IF t64 = abap_true. DATA(t67) = VALUE i( ).
2,1,1,TMP = XSDBOOL( TMP IS BOUND ). | TMP = TMP.,src/abap/2_statements/statement_parser.ts.StatementParser.nativeSQL:913,t26 = xsdbool( t27 IS BOUND ). t23 = t26.
3,1,1,TMP = XSDBOOL( TMP IS BOUND ). | TMP = TMP. | ENDIF.,src/abap/2_statements/statement_parser.ts.StatementParser.nativeSQL:913,t26 = xsdbool( t27 IS BOUND ). t23 = t26. ENDIF.
2,1,0,TMP = XSDBOOL( TMP IS BOUND ). | TMP = XSDBOOL( TMP = ABAP_FALSE ).,src/abap/2_statements/statement_parser.ts.StatementParser.constructor:49,t9 = xsdbool( t10 IS BOUND ). t8 = xsdbool( t9 = abap_false ).
3,1,0,TMP = XSDBOOL( TMP IS BOUND ). | TMP = XSDBOOL( TMP = ABAP_FALSE ). | IF TMP = ABAP_TRUE.,src/abap/2_statements/statement_parser.ts.StatementParser.constructor:49,t9 = xsdbool( t10 IS BOUND ). t8 = xsdbool( t9 = abap_false ). IF t8 = abap_true.
3,1,1,TMP = XSDBOOL( TMP IS BOUND AND TMP IS INSTANCE OF NAME ). | IF TMP = ABAP_TRUE. | DATA TMP TYPE REF TO NAME.,src/abap/2_statements/statement_parser.ts.StatementParser.process:1974,t14 = xsdbool( t15 IS BOUND AND t15 IS INSTANCE OF z_src_abap_1_l_adf79c05e2d553 ). IF t14 = abap_true. DATA t16 TYPE REF TO z_runtime_arra_c22708faf2e354.
3,1,1,TMP = XSDBOOL( TMP IS BOUND AND TMP IS INSTANCE OF NAME ). | IF TMP = ABAP_TRUE. | DATA(TMP) = CONV ABAP_BOOL( ABAP_TRUE ).,src/abap/2_statements/statement_parser.ts.StatementParser.removePragma:1454,t12 = xsdbool( t13 IS BOUND AND t13 IS INSTANCE OF z_src_abap_1_l_7a3d03a814f6ff ). IF t12 = abap_true. DATA(t17) = CONV abap_bool( abap_true ).
3,1,0,TMP = XSDBOOL( TMP IS BOUND AND TMP IS INSTANCE OF NAME ). | IF TMP = ABAP_TRUE. | DATA(TMP) = CONV ABAP_BOOL( TMP ).,src/abap/2_statements/statement_parser.ts.StatementParser.categorizeStatement:1314,t33 = xsdbool( t34 IS BOUND AND t34 IS INSTANCE OF z_src_abap_2_s_c990227e6b7609 ). IF t33 = abap_true. DATA(t36) = CONV abap_bool( t15 ).
3,1,1,TMP = XSDBOOL( TMP IS BOUND AND TMP IS INSTANCE OF NAME ). | IF TMP = ABAP_TRUE. | DATA(TMP) = VALUE STRING( ).,src/abap/2_statements/statement_parser.ts.StatementParser.lazyUnknown:285,t8 = xsdbool( t9 IS BOUND AND t9 IS INSTANCE OF z_src_abap_2_s_c990227e6b7609 ). IF t8 = abap_true. DATA(t11) = VALUE string( ).
3,1,0,TMP = XSDBOOL( TMP IS BOUND AND TMP IS INSTANCE OF NAME ). | TMP = TMP. | DATA(TMP) = VALUE ABAP_BOOL( ).,src/abap/2_statements/statement_parser.ts.StatementParser.categorizeStatement:1272,t16 = xsdbool( t17 IS BOUND AND t17 IS INSTANCE OF z_src_abap_1_l_eb674d40d7be44 ). t15 = t16. DATA(t18) = VALUE abap_bool( ).
3,1,1,TMP = XSDBOOL( TMP IS BOUND AND TMP IS INSTANCE OF NAME ). | TMP = TMP. | IF TMP = ABAP_TRUE.,src/abap/2_statements/statement_parser.ts.StatementParser.nativeSQL:904,t24 = xsdbool( t25 IS BOUND AND t25 IS INSTANCE OF z_src_abap_2_s_170b94d4d62af6 ). t23 = t24. IF t24 = abap_true.
3,1,1,TMP = XSDBOOL( TMP IS BOUND AND TMP IS INSTANCE OF NAME ). | TMP = XSDBOOL( TMP = ABAP_FALSE ). | IF TMP = ABAP_TRUE.,src/abap/2_statements/statement_parser.ts.StatementParser.nativeAfter:2362,t15 = xsdbool( t16 IS BOUND AND t16 IS INSTANCE OF z_src_abap_1_l_7a3d03a814f6ff ). t14 = xsdbool( t15 = abap_false ). IF t14 = abap_true.
3,1,0,TMP ?= TMP. | APPEND TMP TO TMP->ITEMS. | DATA(TMP) = CAST NAME( TMP ).,src/abap/2_statements/statement_parser.ts.StatementParser.categorizeStatement:1368,t59 ?= t60. APPEND t59 TO t58->items. DATA(t61) = CAST z_runtime_arra_c22708faf2e354( t56 ).
3,1,1,TMP ?= TMP. | APPEND TMP TO TMP->ITEMS. | DATA(TMP) = VALUE I( ).,src/abap/2_statements/statement_parser.ts.StatementParser.buildSplits:840,t77 ?= t80. APPEND t77 TO t76->items. DATA(t81) = VALUE i( ).
3,1,1,TMP ?= TMP. | DATA(TMP) = CAST NAME( TMP ). | DATA(TMP) = VALUE STRING( ).,src/abap/2_statements/statement_parser.ts.StatementParser.nativeAfter:2377,t20 ?= t21. DATA(t22) = CAST z_runtime_arra_8ecd6afe19e0a5( t6 ). DATA(t23) = VALUE string( ).
3,1,1,TMP ?= TMP. | DATA(TMP) = CAST NAME( TMP ). | ME->NAME( NAME = TMP ).,src/abap/2_statements/statement_parser.ts.StatementParser.run:130,t28 ?= t29. DATA(t30) = CAST z_src_abap_2_s_4c81ce49a22dce( t28 ). me->z_member_proce_57f9d1e4b4e34e( z_param_wa_67bae5cdc38b7c = t30 ).
3,1,1,TMP ?= TMP. | DATA(TMP) = VALUE ABAP_BOOL( ). | DATA TMP TYPE REF TO NAME.,src/abap/2_statements/statement_parser.ts.StatementParser.lazyUnknown:279,t6 ?= t7. DATA(t8) = VALUE abap_bool( ). DATA t9 TYPE REF TO z_src_abap_2_s_784fb9b54b184f.
3,1,1,TMP ?= TMP. | DATA(TMP) = VALUE ABAP_BOOL( ). | DATA(TMP) = CAST NAME( TMP ).,src/abap/2_statements/statement_parser.ts.StatementParser.process:1971,t12 ?= t13. DATA(t14) = VALUE abap_bool( ). DATA(t15) = CAST z_src_abap_1_l_506101b34e5cc0( t12 ).
3,1,1,TMP ?= TMP. | DATA(TMP) = VALUE ABAP_BOOL( ). | DATA(TMP) = VALUE INT8( ).,src/abap/2_statements/combi.ts.Regex.run:60,t5 ?= t6. DATA(t7) = VALUE abap_bool( ). DATA(t8) = VALUE int8( ).
2,1,1,TMP ?= TMP. | DATA(TMP) = VALUE I( ).,src/abap/2_statements/statement_parser.ts.StatementParser.process:2230,t132 ?= t134. DATA(t135) = VALUE i( ).
3,1,1,TMP ?= TMP. | DATA(TMP) = VALUE I( ). | DATA(TMP) = CAST NAME( TMP ).,src/abap/2_statements/statement_parser.ts.StatementParser.process:2230,t132 ?= t134. DATA(t135) = VALUE i( ). DATA(t136) = CAST z_runtime_arra_c22708faf2e354( t2 ).
2,1,1,TMP ?= TMP. | ENDIF.,src/abap/2_statements/statement_parser.ts.StatementParser.process:2272,t151 ?= t153. ENDIF.
3,1,1,TMP ?= TMP. | ENDIF. | ENDIF.,src/abap/2_statements/statement_parser.ts.StatementParser.process:2272,t151 ?= t153. ENDIF. ENDIF.
2,1,0,TMP ?= TMP. | RESULT = TMP.,src/abap/2_statements/result.ts.Result.peek:108,t1 ?= t4. result = t1.
3,1,0,TMP ?= TMP. | RESULT = TMP. | RETURN.,src/abap/2_statements/result.ts.Result.peek:108,t1 ?= t4. result = t1. RETURN.
2,1,0,TMP ?= TMP. | TMP = LINES( TMP->ITEMS ).,src/abap/2_statements/statement_parser.ts.StatementParser.categorizeStatement:1259,t6 ?= t7. t5 = lines( t6->items ).
3,1,0,TMP ?= TMP. | TMP = LINES( TMP->ITEMS ). | TMP = TMP.,src/abap/2_statements/statement_parser.ts.StatementParser.categorizeStatement:1259,t6 ?= t7. t5 = lines( t6->items ). t4 = t5.
3,1,1,TMP ?= TMP. | TMP = TMP. | DATA(TMP) = VALUE ABAP_BOOL( ).,src/abap/2_statements/statement_parser.ts.StatementParser.removePragma:1552,t52 ?= t55. t51 = t52. DATA(t56) = VALUE abap_bool( ).
3,1,0,TMP ?= TMP. | TMP = TMP. | DATA(TMP) = VALUE STRING( ).,src/abap/2_statements/statement_parser.ts.StatementParser.match:1670,t29 ?= t31. t28 = t29. DATA(t32) = VALUE string( ).
3,1,0,TMP ?= TMP. | TMP = TMP. | ELSE.,src/abap/2_statements/result.ts.Result.peekAt:151,t4 ?= t11. t2 = t4. ELSE.
2,1,1,TMP ?= TMP. | TMP = XSDBOOL( TMP IS BOUND AND TMP IS INSTANCE OF NAME ).,src/abap/2_statements/statement_parser.ts.StatementParser.removePragma:1453,t13 ?= t16. t12 = xsdbool( t13 IS BOUND AND t13 IS INSTANCE OF z_src_abap_1_l_7a3d03a814f6ff ).
3,1,1,TMP ?= TMP. | TMP = XSDBOOL( TMP IS BOUND AND TMP IS INSTANCE OF NAME ). | IF TMP = ABAP_TRUE.,src/abap/2_statements/statement_parser.ts.StatementParser.removePragma:1453,t13 ?= t16. t12 = xsdbool( t13 IS BOUND AND t13 IS INSTANCE OF z_src_abap_1_l_7a3d03a814f6ff ). IF t12 = abap_true.
3,1,1,TMP->NAME = TMP. | DATA(TMP) = CAST NAME( TMP ). | DATA(TMP) = CONV ABAP_BOOL( ABAP_FALSE ).,src/abap/1_lexer/lexer.ts.Lexer.process:1904,t71->z_member_start_4dd113ee116862 = t72. DATA(t78) = CAST z_src_abap_1_l_cca5bd2c711d39( t53 ). DATA(t79) = CONV abap_bool( abap_false ).
3,1,0,TMP->NAME = TMP. | DATA(TMP) = CAST NAME( TMP ). | DATA(TMP) = CONV ABAP_BOOL( ABAP_TRUE ).,src/abap/1_lexer/lexer.ts.Lexer.add:1719,t744->z_member_end_3f10c552cfc0e2 = t745. DATA(t746) = CAST z_src_abap_1_l_cca5bd2c711d39( t740 ). DATA(t747) = CONV abap_bool( abap_true ).
3,1,0,TMP->NAME = TMP. | DATA(TMP) = CAST NAME( TMP ). | DATA(TMP) = CONV I( LIT ).,src/abap/1_lexer/lexer.ts.Lexer.add:1716,t742->z_member_start_4dd113ee116862 = t743. DATA(t744) = CAST z_src_abap_1_l_cca5bd2c711d39( t740 ). DATA(t745) = CONV i( '0' ).
3,1,0,TMP->NAME = TMP. | DATA(TMP) = CAST NAME( TMP ). | DATA(TMP) = CONV INT8( TMP ).,src/abap/2_statements/result.ts.Result.fromChain:91,t10->z_member_nodes_022617c0b510ec = t11. DATA(t12) = CAST z_src_abap_2_s_b6c5f651b292e5( t5 ). DATA(t13) = CONV int8( t4 ).
3,1,1,TMP->NAME = TMP. | DATA(TMP) = CAST NAME( TMP ). | DATA(TMP) = VALUE I( ).,src/abap/1_lexer/lexer.ts.Lexer.process:3401,t692->z_member_col_cdb3c3718bda2d = t693. DATA(t697) = CAST z_src_abap_1_l_4d08aedee14b5b( t633 ). DATA(t698) = VALUE i( ).
3,1,1,TMP->NAME = TMP. | DATA(TMP) = CAST NAME( TMP ). | DATA(TMP) = VALUE INT8( ).,src/abap/1_lexer/lexer.ts.Lexer.process:3348,t669->z_member_col_cdb3c3718bda2d = t670. DATA(t671) = CAST z_src_abap_1_l_4d08aedee14b5b( t633 ). DATA(t672) = VALUE int8( ).
3,1,0,TMP->NAME = TMP. | DATA(TMP) = CAST NAME( TMP ). | RESULT = TMP.,src/abap/2_statements/result.ts.Result.fromChain:94,t12->z_member_nodec_32889faa6e522a = t13. DATA(t14) = CAST z_src_abap_2_s_b6c5f651b292e5( t5 ). result = t14.
2,1,1,TMP->NAME = TMP. | DATA(TMP) = CONV ABAP_BOOL( ABAP_FALSE ).,src/abap/1_lexer/lexer.ts.Lexer.process:3385,t685->z_member_col_cdb3c3718bda2d = t686. DATA(t690) = CONV abap_bool( abap_false ).
3,1,1,TMP->NAME = TMP. | DATA(TMP) = CONV ABAP_BOOL( ABAP_FALSE ). | TMP = TMP.,src/abap/1_lexer/lexer.ts.Lexer.process:3385,t685->z_member_col_cdb3c3718bda2d = t686. DATA(t690) = CONV abap_bool( abap_false ). t684 = t690.
2,1,1,TMP->NAME = TMP. | DATA(TMP) = CONV ABAP_BOOL( ABAP_TRUE ).,src/abap/1_lexer/lexer.ts.Lexer.process:3409,t697->z_member_offse_4eb7e0915312eb = t698. DATA(t702) = CONV abap_bool( abap_true ).
3,1,1,TMP->NAME = TMP. | DATA(TMP) = CONV ABAP_BOOL( ABAP_TRUE ). | TMP = TMP.,src/abap/1_lexer/lexer.ts.Lexer.process:3409,t697->z_member_offse_4eb7e0915312eb = t698. DATA(t702) = CONV abap_bool( abap_true ). t691 = t702.
2,1,1,TMP->NAME = TMP. | DATA(TMP) = VALUE ABAP_BOOL( ).,src/abap/2_statements/statement_parser.ts.StatementParser.run:177,t49->z_member_state_9163ed41d98ddd = t50. DATA(t52) = VALUE abap_bool( ).
3,1,1,TMP->NAME = TMP. | DATA(TMP) = VALUE ABAP_BOOL( ). | DATA(TMP) = VALUE ABAP_BOOL( ).,src/abap/2_statements/statement_parser.ts.StatementParser.run:177,t49->z_member_state_9163ed41d98ddd = t50. DATA(t52) = VALUE abap_bool( ). DATA(t53) = VALUE abap_bool( ).
2,1,1,TMP->NAME = TMP. | DATA(TMP) = VALUE I( ).,src/abap/1_lexer/lexer.ts.Lexer.process:1914,t80->z_member_end_3f10c552cfc0e2 = t81. DATA(t84) = VALUE i( ).
3,1,1,TMP->NAME = TMP. | DATA(TMP) = VALUE I( ). | DATA(TMP) = VALUE I( ).,src/abap/1_lexer/lexer.ts.Lexer.process:1914,t80->z_member_end_3f10c552cfc0e2 = t81. DATA(t84) = VALUE i( ). DATA(t85) = VALUE i( ).
3,1,1,TMP->NAME = TMP. | ENDIF. | DATA(TMP) = CAST NAME( TMP ).,src/abap/1_lexer/lexer.ts.Lexer.process:1907,t78->z_member_empty_a4a6dfca0b3692 = t79. ENDIF. DATA(t80) = CAST z_src_abap_1_l_cca5bd2c711d39( t53 ).
3,1,1,TMP->NAME = TMP. | ENDIF. | DATA(TMP) = VALUE ABAP_BOOL( ).,src/abap/1_lexer/lexer.ts.Lexer.process:3359,t671->z_member_row_2dc5d934b27d6d = t672. ENDIF. DATA(t676) = VALUE abap_bool( ).
2,1,0,TMP->NAME( NAME = TMP NAME = TMP NAME = TMP ). | ENDLOOP.,src/abap/2_statements/statement_parser.ts.StatementParser.run:146,t32->z_member_find_8f95e6da7687c7( z_param_statem_f0179bc9a48629 = t33 z_param_file_c69801784df210 = t35 z_param_clear_b22e0f9aed0968 = t37 ). ENDLOOP.
3,1,0,TMP->NAME( NAME = TMP NAME = TMP NAME = TMP ). | ENDLOOP. | DATA(TMP) = CAST NAME( TMP ).,src/abap/2_statements/statement_parser.ts.StatementParser.run:146,t32->z_member_find_8f95e6da7687c7( z_param_statem_f0179bc9a48629 = t33 z_param_file_c69801784df210 = t35 z_param_clear_b22e0f9aed0968 = t37 ). ENDLOOP. DATA(t38) = CAST z_runtime_arra_c22708faf2e354( t13 ).
2,1,0,TMP->PAYLOAD = TMP. | RAISE EXCEPTION TMP.,src/abap/2_statements/combi.ts.Star.run:143,t45->payload = t46. RAISE EXCEPTION t45.
3,1,0,TMP->PAYLOAD = TMP. | RAISE EXCEPTION TMP. | ENDTRY.,src/abap/2_statements/combi.ts.Star.run:143,t45->payload = t46. RAISE EXCEPTION t45. ENDTRY.
3,1,0,TMP->VALUE = TMP. | TMP = TMP. | ENDIF.,src/abap/2_statements/statement_parser.ts.StatementParser.constructor:43,t7->value = t6. t3 = t7. ENDIF.
2,1,1,TRANSLATE TMP TO UPPER CASE. | APPEND TMP TO TMP->ITEMS.,src/abap/2_statements/statement_parser.ts.StatementParser.nativeAfter:2493,TRANSLATE t23 TO UPPER CASE. APPEND t23 TO t22->items.
3,1,0,TRANSLATE TMP TO UPPER CASE. | APPEND TMP TO TMP->ITEMS. | ENDLOOP.,src/abap/2_statements/statement_parser.ts.StatementParser.nativeAfter:2493,TRANSLATE t23 TO UPPER CASE. APPEND t23 TO t22->items. ENDLOOP.
2,1,1,TRANSLATE TMP TO UPPER CASE. | DATA(TMP) = CONV STRING( LIT ).,src/abap/2_statements/statement_parser.ts.StatementParser.nativeSQL:1082,TRANSLATE t53 TO UPPER CASE. DATA(t57) = CONV string( |ENDMETHOD.| ).
3,1,1,TRANSLATE TMP TO UPPER CASE. | DATA(TMP) = CONV STRING( LIT ). | DATA(TMP) = CONV I( STRLEN( TMP ) ).,src/abap/2_statements/statement_parser.ts.StatementParser.nativeSQL:1082,TRANSLATE t53 TO UPPER CASE. DATA(t57) = CONV string( |ENDMETHOD.| ). DATA(t58) = CONV i( strlen( t53 ) ).
3,1,1,TRANSLATE TMP TO UPPER CASE. | TMP = TMP. | DATA(TMP) = VALUE ABAP_BOOL( ).,src/abap/2_statements/statement_parser.ts.StatementParser.lazyUnknown:396,TRANSLATE t12 TO UPPER CASE. t11 = t12. DATA(t16) = VALUE abap_bool( ).
2,1,0,TRY. | DATA TMP TYPE REF TO NAME.,src/abap/2_statements/combi.ts.Star.run:46,TRY. DATA t5 TYPE REF TO z_runtime_arra_c22708faf2e354.
3,1,0,TRY. | DATA TMP TYPE REF TO NAME. | CLEAR TMP.,src/abap/2_statements/combi.ts.Star.run:46,TRY. DATA t5 TYPE REF TO z_runtime_arra_c22708faf2e354. CLEAR t5.
2,1,0,WHILE TMP > NUM. | APPEND TMP TO TMP->ITEMS.,src/abap/2_statements/result.ts.Result.getNodes:371,WHILE t3 > 0. APPEND t5 TO t2->items.
3,1,0,WHILE TMP > NUM. | APPEND TMP TO TMP->ITEMS. | TMP = TMP - NUM.,src/abap/2_statements/result.ts.Result.getNodes:371,WHILE t3 > 0. APPEND t5 TO t2->items. t3 = t3 - 1.
