method,pattern,line,loop_depth,potential_saved,example
src/abap/1_lexer/lexer.ts.Lexer.add,range_bound_assignment,46,0,1,range_int8_bound_min = -9007199.
src/abap/1_lexer/lexer.ts.Lexer.add,range_bound_assignment,47,0,1,range_int8_bound_min = range_int8_bound_min * 1000000000.
src/abap/1_lexer/lexer.ts.Lexer.add,range_bound_assignment,48,0,1,range_int8_bound_min = range_int8_bound_min - 254740991.
src/abap/1_lexer/lexer.ts.Lexer.add,range_bound_assignment,49,0,1,range_int8_bound_max = 9007199.
src/abap/1_lexer/lexer.ts.Lexer.add,range_bound_assignment,50,0,1,range_int8_bound_max = range_int8_bound_max * 1000000000.
src/abap/1_lexer/lexer.ts.Lexer.add,range_bound_assignment,51,0,1,range_int8_bound_max = range_int8_bound_max + 254740991.
src/abap/1_lexer/lexer.ts.Lexer.add,range_bound_assignment,53,0,1,range_int_check_hi_zik0zj = 2147483647.
src/abap/1_lexer/lexer.ts.Lexer.add,range_bound_assignment,55,0,1,range_int_check_lo_nzik0zk = -2147483648.
src/abap/1_lexer/lexer.ts.Lexer.add,clear_before_write,60,0,1,CLEAR t4. ... t4 = t5.
src/abap/1_lexer/lexer.ts.Lexer.add,temp_assign,61,0,1,DATA(t5) = CAST z_src_abap_1_l_cca5bd2c711d39( me->z_member_buffe_50d854778a22d2 ). t4 = t5.
src/abap/1_lexer/lexer.ts.Lexer.add,cast_temp,61,0,1,DATA(t5) = CAST z_src_abap_1_l_cca5bd2c711d39( me->z_member_buffe_50d854778a22d2 ).
src/abap/1_lexer/lexer.ts.Lexer.add,value_init_overwritten,64,0,1,DATA(t7) = VALUE string( ). ... t7 = t8->z_member_raw_eb82124cb04f25.
src/abap/1_lexer/lexer.ts.Lexer.add,cast_temp,65,0,1,DATA(t8) = CAST z_src_abap_1_l_cca5bd2c711d39( t4 ).
src/abap/1_lexer/lexer.ts.Lexer.add,value_init_overwritten,67,0,1,DATA(t9) = VALUE i( ). ... t9 = t10->z_member_start_4dd113ee116862.
src/abap/1_lexer/lexer.ts.Lexer.add,cast_temp,68,0,1,DATA(t10) = CAST z_src_abap_1_l_cca5bd2c711d39( t4 ).
src/abap/1_lexer/lexer.ts.Lexer.add,value_init_overwritten,70,0,1,DATA(t11) = VALUE i( ). ... t11 = t12->z_member_end_3f10c552cfc0e2.
src/abap/1_lexer/lexer.ts.Lexer.add,cast_temp,71,0,1,DATA(t12) = CAST z_src_abap_1_l_cca5bd2c711d39( t4 ).
src/abap/1_lexer/lexer.ts.Lexer.add,temp_assign,82,0,1,t6 = t7+t9(t13). t3 = t6.
src/abap/1_lexer/lexer.ts.Lexer.add,value_init_overwritten,85,0,1,DATA(t15) = VALUE i( ). ... t15 = 0.
src/abap/1_lexer/lexer.ts.Lexer.add,value_init_overwritten,86,0,1,DATA(t16) = VALUE i( ). ... t16 = t14.
src/abap/1_lexer/lexer.ts.Lexer.add,clear_before_write,96,1,1,CLEAR t20. ... t20 = t19.
src/abap/1_lexer/lexer.ts.Lexer.add,clear_before_write,129,1,1,CLEAR t28. ... t28 = t27.
src/abap/1_lexer/lexer.ts.Lexer.add,value_init_overwritten,162,0,1,DATA(t33) = VALUE abap_bool( ). ... t33 = xsdbool( t34 > t37 ).
src/abap/1_lexer/lexer.ts.Lexer.add,value_init_overwritten,163,0,1,DATA(t34) = VALUE i( ). ... t34 = t36.
src/abap/1_lexer/lexer.ts.Lexer.add,temp_argument,164,0,1,DATA(t35) = CONV string( t1 ). DATA(t36) = CONV i( strlen( t35 ) ).
src/abap/1_lexer/lexer.ts.Lexer.add,temp_assign,165,0,1,DATA(t36) = CONV i( strlen( t35 ) ). t34 = t36.
src/abap/1_lexer/lexer.ts.Lexer.add,temp_argument,167,0,1,DATA(t37) = CONV i( '0' ). t33 = xsdbool( t34 > t37 ).
src/abap/1_lexer/lexer.ts.Lexer.add,literal_scalar,167,0,1,DATA(t37) = CONV i( '0' ).
src/abap/1_lexer/lexer.ts.Lexer.add,bool_if,168,0,1,t33 = xsdbool( t34 > t37 ). IF t33 = abap_true.
src/abap/1_lexer/lexer.ts.Lexer.add,value_init_overwritten,170,0,1,DATA(t38) = VALUE int8( ). ... t38 = t39.
src/abap/1_lexer/lexer.ts.Lexer.add,value_init_overwritten,171,0,1,DATA(t39) = VALUE int8( ). ... t39 = t42.
src/abap/1_lexer/lexer.ts.Lexer.add,clear_before_write,173,0,1,CLEAR t40. ... t40 = t41.
src/abap/1_lexer/lexer.ts.Lexer.add,temp_assign,174,0,1,DATA(t41) = CAST z_src_abap_1_l_4d08aedee14b5b( me->z_member_strea_a7723f2d8ee36b ). t40 = t41.
src/abap/1_lexer/lexer.ts.Lexer.add,cast_temp,174,0,1,DATA(t41) = CAST z_src_abap_1_l_4d08aedee14b5b( me->z_member_strea_a7723f2d8ee36b ).
src/abap/1_lexer/lexer.ts.Lexer.add,value_init_overwritten,176,0,1,DATA(t42) = VALUE int8( ). ... t42 = t43->z_member_col_cdb3c3718bda2d.
src/abap/1_lexer/lexer.ts.Lexer.add,cast_temp,177,0,1,DATA(t43) = CAST z_src_abap_1_l_4d08aedee14b5b( t40 ).
src/abap/1_lexer/lexer.ts.Lexer.add,temp_assign,178,0,1,t42 = t43->z_member_col_cdb3c3718bda2d. t39 = t42.
src/abap/1_lexer/lexer.ts.Lexer.add,temp_assign,179,0,1,t39 = t42. t38 = t39.
src/abap/1_lexer/lexer.ts.Lexer.add,value_init_overwritten,181,0,1,DATA(t44) = VALUE int8( ). ... t44 = t45.
src/abap/1_lexer/lexer.ts.Lexer.add,value_init_overwritten,182,0,1,DATA(t45) = VALUE int8( ). ... t45 = t48.
src/abap/1_lexer/lexer.ts.Lexer.add,clear_before_write,184,0,1,CLEAR t46. ... t46 = t47.
src/abap/1_lexer/lexer.ts.Lexer.add,temp_assign,185,0,1,DATA(t47) = CAST z_src_abap_1_l_4d08aedee14b5b( me->z_member_strea_a7723f2d8ee36b ). t46 = t47.
src/abap/1_lexer/lexer.ts.Lexer.add,cast_temp,185,0,1,DATA(t47) = CAST z_src_abap_1_l_4d08aedee14b5b( me->z_member_strea_a7723f2d8ee36b ).
src/abap/1_lexer/lexer.ts.Lexer.add,value_init_overwritten,187,0,1,DATA(t48) = VALUE int8( ). ... t48 = t49->z_member_row_2dc5d934b27d6d.
src/abap/1_lexer/lexer.ts.Lexer.add,cast_temp,188,0,1,DATA(t49) = CAST z_src_abap_1_l_4d08aedee14b5b( t46 ).
src/abap/1_lexer/lexer.ts.Lexer.add,temp_assign,189,0,1,t48 = t49->z_member_row_2dc5d934b27d6d. t45 = t48.
src/abap/1_lexer/lexer.ts.Lexer.add,temp_assign,190,0,1,t45 = t48. t44 = t45.
src/abap/1_lexer/lexer.ts.Lexer.add,value_init_overwritten,192,0,1,DATA(t50) = VALUE abap_bool( ). ... t50 = t51.
src/abap/1_lexer/lexer.ts.Lexer.add,temp_assign,193,0,1,DATA(t51) = CONV abap_bool( abap_false ). t50 = t51.
src/abap/1_lexer/lexer.ts.Lexer.add,literal_scalar,193,0,1,DATA(t51) = CONV abap_bool( abap_false ).
src/abap/1_lexer/lexer.ts.Lexer.add,value_init_overwritten,195,0,1,DATA(t52) = VALUE i( ). ... t52 = t53.
src/abap/1_lexer/lexer.ts.Lexer.add,value_init_overwritten,196,0,1,DATA(t53) = VALUE i( ). ... t53 = t54 - t61.
src/abap/1_lexer/lexer.ts.Lexer.add,value_init_overwritten,197,0,1,DATA(t54) = VALUE i( ). ... t54 = t55.
src/abap/1_lexer/lexer.ts.Lexer.add,value_init_overwritten,198,0,1,DATA(t55) = VALUE int8( ). ... t55 = t58.
src/abap/1_lexer/lexer.ts.Lexer.add,clear_before_write,200,0,1,CLEAR t56. ... t56 = t57.
src/abap/1_lexer/lexer.ts.Lexer.add,temp_assign,201,0,1,DATA(t57) = CAST z_src_abap_1_l_4d08aedee14b5b( me->z_member_strea_a7723f2d8ee36b ). t56 = t57.
src/abap/1_lexer/lexer.ts.Lexer.add,cast_temp,201,0,1,DATA(t57) = CAST z_src_abap_1_l_4d08aedee14b5b( me->z_member_strea_a7723f2d8ee36b ).
src/abap/1_lexer/lexer.ts.Lexer.add,value_init_overwritten,203,0,1,DATA(t58) = VALUE int8( ). ... t58 = t59.
src/abap/1_lexer/lexer.ts.Lexer.add,value_init_overwritten,204,0,1,DATA(t59) = VALUE i( ). ... t59 = t60->z_member_offse_4eb7e0915312eb.
src/abap/1_lexer/lexer.ts.Lexer.add,cast_temp,205,0,1,DATA(t60) = CAST z_src_abap_1_l_4d08aedee14b5b( t56 ).
src/abap/1_lexer/lexer.ts.Lexer.add,temp_assign,206,0,1,t59 = t60->z_member_offse_4eb7e0915312eb. t58 = t59.
src/abap/1_lexer/lexer.ts.Lexer.add,temp_assign,207,0,1,t58 = t59. t55 = t58.
src/abap/1_lexer/lexer.ts.Lexer.add,temp_assign,208,0,1,t55 = t58. t54 = t55.
src/abap/1_lexer/lexer.ts.Lexer.add,value_init_overwritten,210,0,1,DATA(t61) = VALUE i( ). ... t61 = t63.
src/abap/1_lexer/lexer.ts.Lexer.add,temp_argument,211,0,1,DATA(t62) = CONV string( t1 ). DATA(t63) = CONV i( strlen( t62 ) ).
src/abap/1_lexer/lexer.ts.Lexer.add,temp_assign,212,0,1,DATA(t63) = CONV i( strlen( t62 ) ). t61 = t63.
src/abap/1_lexer/lexer.ts.Lexer.add,temp_assign,214,0,1,t53 = t54 - t61. t52 = t53.
src/abap/1_lexer/lexer.ts.Lexer.add,value_init_overwritten,216,0,1,DATA(t64) = VALUE abap_bool( ). ... t64 = xsdbool( t65 >= t66 ).
src/abap/1_lexer/lexer.ts.Lexer.add,temp_argument,218,0,1,DATA(t66) = CONV i( '0' ). t64 = xsdbool( t65 >= t66 ).
src/abap/1_lexer/lexer.ts.Lexer.add,literal_scalar,218,0,1,DATA(t66) = CONV i( '0' ).
src/abap/1_lexer/lexer.ts.Lexer.add,bool_if,219,0,1,t64 = xsdbool( t65 >= t66 ). IF t64 = abap_true.
src/abap/1_lexer/lexer.ts.Lexer.add,clear_before_write,225,0,1,CLEAR t70. ... t70 = t71.
src/abap/1_lexer/lexer.ts.Lexer.add,temp_assign,226,0,1,DATA(t71) = CAST z_src_abap_1_l_4d08aedee14b5b( me->z_member_strea_a7723f2d8ee36b ). t70 = t71.
src/abap/1_lexer/lexer.ts.Lexer.add,cast_temp,226,0,1,DATA(t71) = CAST z_src_abap_1_l_4d08aedee14b5b( me->z_member_strea_a7723f2d8ee36b ).
src/abap/1_lexer/lexer.ts.Lexer.add,value_init_overwritten,228,0,1,DATA(t72) = VALUE int8( ). ... t72 = t73.
src/abap/1_lexer/lexer.ts.Lexer.add,value_init_overwritten,229,0,1,DATA(t73) = VALUE int8( ). ... t73 = t74.
src/abap/1_lexer/lexer.ts.Lexer.add,temp_assign,230,0,1,DATA(t74) = CONV i( t52 ). t73 = t74.
src/abap/1_lexer/lexer.ts.Lexer.add,temp_assign,231,0,1,t73 = t74. t72 = t73.
src/abap/1_lexer/lexer.ts.Lexer.add,value_init_overwritten,234,0,1,DATA(t76) = VALUE abap_bool( ). ... t76 = t77.
src/abap/1_lexer/lexer.ts.Lexer.add,value_init_overwritten,235,0,1,DATA(t77) = VALUE abap_bool( ). ... t77 = xsdbool( t78 < t79 ).
src/abap/1_lexer/lexer.ts.Lexer.add,temp_argument,237,0,1,DATA(t79) = CONV int8( 0 ). t77 = xsdbool( t78 < t79 ).
src/abap/1_lexer/lexer.ts.Lexer.add,literal_scalar,237,0,1,DATA(t79) = CONV int8( 0 ).
src/abap/1_lexer/lexer.ts.Lexer.add,value_init_overwritten,241,0,1,DATA(t80) = VALUE abap_bool( ). ... t80 = xsdbool( t81 >= t82 ).
src/abap/1_lexer/lexer.ts.Lexer.add,value_init_overwritten,243,0,1,DATA(t82) = VALUE int8( ). ... t82 = t83.
src/abap/1_lexer/lexer.ts.Lexer.add,value_init_overwritten,244,0,1,DATA(t83) = VALUE i( ). ... t83 = t86.
src/abap/1_lexer/lexer.ts.Lexer.add,value_init_overwritten,245,0,1,DATA(t84) = VALUE string( ). ... t84 = t85->z_member_raw_eb82124cb04f25.
src/abap/1_lexer/lexer.ts.Lexer.add,cast_temp,246,0,1,DATA(t85) = CAST z_src_abap_1_l_4d08aedee14b5b( t70 ).
src/abap/1_lexer/lexer.ts.Lexer.add,temp_assign,248,0,1,DATA(t86) = CONV i( strlen( t84 ) ). t83 = t86.
src/abap/1_lexer/lexer.ts.Lexer.add,temp_assign,249,0,1,t83 = t86. t82 = t83.
src/abap/1_lexer/lexer.ts.Lexer.add,temp_assign,251,0,1,t80 = xsdbool( t81 >= t82 ). t76 = t80.
src/abap/1_lexer/lexer.ts.Lexer.add,value_init_overwritten,255,0,1,DATA(t87) = VALUE int8( ). ... t87 = t88.
src/abap/1_lexer/lexer.ts.Lexer.add,temp_assign,256,0,1,DATA(t88) = CONV i( z_src_abap_1_l_947bbb88034ba0=>z_member_eof_9d9c0193bdc4f4 ). t87 = t88.
src/abap/1_lexer/lexer.ts.Lexer.add,temp_assign,257,0,1,t87 = t88. t75 = t87.
src/abap/1_lexer/lexer.ts.Lexer.add,value_init_overwritten,262,0,1,DATA(t91) = VALUE string( ). ... t91 = t92->z_member_raw_eb82124cb04f25.
src/abap/1_lexer/lexer.ts.Lexer.add,cast_temp,263,0,1,DATA(t92) = CAST z_src_abap_1_l_4d08aedee14b5b( t70 ).
src/abap/1_lexer/lexer.ts.Lexer.add,clear_before_write,277,0,1,CLEAR t97. ... t97 = t96.
src/abap/1_lexer/lexer.ts.Lexer.add,temp_assign,297,0,1,t89 = t90. t75 = t89.
src/abap/1_lexer/lexer.ts.Lexer.add,temp_assign,300,0,1,t69 = t75. t68 = t69.
src/abap/1_lexer/lexer.ts.Lexer.add,temp_assign,301,0,1,t68 = t69. t67 = t68.
src/abap/1_lexer/lexer.ts.Lexer.add,value_init_overwritten,305,0,1,DATA(t104) = VALUE abap_bool( ). ... t104 = t105.
src/abap/1_lexer/lexer.ts.Lexer.add,value_init_overwritten,306,0,1,DATA(t105) = VALUE abap_bool( ). ... t105 = xsdbool( t106 = t107 ).
src/abap/1_lexer/lexer.ts.Lexer.add,temp_argument,308,0,1,DATA(t107) = CONV i( z_src_abap_1_l_9d1bf4ef0204bc=>z_member_ch_sp_1e1455ae5d77cb ). t105 = xsdbool( t106 = t107 ).
src/abap/1_lexer/lexer.ts.Lexer.add,value_init_overwritten,312,0,1,DATA(t108) = VALUE abap_bool( ). ... t108 = xsdbool( t109 = t110 ).
src/abap/1_lexer/lexer.ts.Lexer.add,temp_argument,314,0,1,DATA(t110) = CONV i( z_src_abap_1_l_9d1bf4ef0204bc=>z_member_ch_nl_0bb0a059e6c864 ). t108 = xsdbool( t109 = t110 ).
src/abap/1_lexer/lexer.ts.Lexer.add,temp_assign,315,0,1,t108 = xsdbool( t109 = t110 ). t104 = t108.
src/abap/1_lexer/lexer.ts.Lexer.add,value_init_overwritten,320,0,1,DATA(t111) = VALUE abap_bool( ). ... t111 = xsdbool( t112 = t113 ).
src/abap/1_lexer/lexer.ts.Lexer.add,temp_argument,322,0,1,DATA(t113) = CONV i( z_src_abap_1_l_9d1bf4ef0204bc=>z_member_ch_ta_216cb35cb4e651 ). t111 = xsdbool( t112 = t113 ).
src/abap/1_lexer/lexer.ts.Lexer.add,temp_assign,323,0,1,t111 = xsdbool( t112 = t113 ). t103 = t111.
src/abap/1_lexer/lexer.ts.Lexer.add,value_init_overwritten,328,0,1,DATA(t114) = VALUE abap_bool( ). ... t114 = xsdbool( t115 = t116 ).
src/abap/1_lexer/lexer.ts.Lexer.add,temp_argument,330,0,1,DATA(t116) = CONV i( z_src_abap_1_l_9d1bf4ef0204bc=>z_member_ch_co_ec6cd7b03d4329 ). t114 = xsdbool( t115 = t116 ).
src/abap/1_lexer/lexer.ts.Lexer.add,temp_assign,331,0,1,t114 = xsdbool( t115 = t116 ). t102 = t114.
src/abap/1_lexer/lexer.ts.Lexer.add,temp_assign,335,0,1,DATA(t117) = CONV abap_bool( abap_true ). t50 = t117.
src/abap/1_lexer/lexer.ts.Lexer.add,literal_scalar,335,0,1,DATA(t117) = CONV abap_bool( abap_true ).
src/abap/1_lexer/lexer.ts.Lexer.add,value_init_overwritten,339,0,1,DATA(t118) = VALUE abap_bool( ). ... t118 = t119.
src/abap/1_lexer/lexer.ts.Lexer.add,temp_assign,340,0,1,DATA(t119) = CONV abap_bool( abap_false ). t118 = t119.
src/abap/1_lexer/lexer.ts.Lexer.add,literal_scalar,340,0,1,DATA(t119) = CONV abap_bool( abap_false ).
src/abap/1_lexer/lexer.ts.Lexer.add,clear_before_write,346,0,1,CLEAR t123. ... t123 = t124.
src/abap/1_lexer/lexer.ts.Lexer.add,temp_assign,347,0,1,DATA(t124) = CAST z_src_abap_1_l_4d08aedee14b5b( me->z_member_strea_a7723f2d8ee36b ). t123 = t124.
src/abap/1_lexer/lexer.ts.Lexer.add,cast_temp,347,0,1,DATA(t124) = CAST z_src_abap_1_l_4d08aedee14b5b( me->z_member_strea_a7723f2d8ee36b ).
src/abap/1_lexer/lexer.ts.Lexer.add,value_init_overwritten,351,0,1,DATA(t127) = VALUE int8( ). ... t127 = t128 + t131.
src/abap/1_lexer/lexer.ts.Lexer.add,value_init_overwritten,352,0,1,DATA(t128) = VALUE int8( ). ... t128 = t129.
src/abap/1_lexer/lexer.ts.Lexer.add,value_init_overwritten,353,0,1,DATA(t129) = VALUE i( ). ... t129 = t130->z_member_offse_4eb7e0915312eb.
src/abap/1_lexer/lexer.ts.Lexer.add,cast_temp,354,0,1,DATA(t130) = CAST z_src_abap_1_l_4d08aedee14b5b( t123 ).
src/abap/1_lexer/lexer.ts.Lexer.add,temp_assign,355,0,1,t129 = t130->z_member_offse_4eb7e0915312eb. t128 = t129.
src/abap/1_lexer/lexer.ts.Lexer.add,literal_scalar,357,0,1,DATA(t131) = CONV int8( 1 ).
src/abap/1_lexer/lexer.ts.Lexer.add,value_init_overwritten,364,0,1,DATA(t133) = VALUE abap_bool( ). ... t133 = xsdbool( t134 >= t135 ).
src/abap/1_lexer/lexer.ts.Lexer.add,value_init_overwritten,366,0,1,DATA(t135) = VALUE int8( ). ... t135 = t136.
src/abap/1_lexer/lexer.ts.Lexer.add,value_init_overwritten,367,0,1,DATA(t136) = VALUE i( ). ... t136 = t139.
src/abap/1_lexer/lexer.ts.Lexer.add,value_init_overwritten,368,0,1,DATA(t137) = VALUE string( ). ... t137 = t138->z_member_raw_eb82124cb04f25.
src/abap/1_lexer/lexer.ts.Lexer.add,cast_temp,369,0,1,DATA(t138) = CAST z_src_abap_1_l_4d08aedee14b5b( t123 ).
src/abap/1_lexer/lexer.ts.Lexer.add,temp_assign,371,0,1,DATA(t139) = CONV i( strlen( t137 ) ). t136 = t139.
src/abap/1_lexer/lexer.ts.Lexer.add,temp_assign,372,0,1,t136 = t139. t135 = t136.
src/abap/1_lexer/lexer.ts.Lexer.add,bool_if,374,0,1,t133 = xsdbool( t134 >= t135 ). IF t133 = abap_true.
src/abap/1_lexer/lexer.ts.Lexer.add,value_init_overwritten,376,0,1,DATA(t140) = VALUE int8( ). ... t140 = t141.
src/abap/1_lexer/lexer.ts.Lexer.add,temp_assign,377,0,1,DATA(t141) = CONV i( z_src_abap_1_l_947bbb88034ba0=>z_member_eof_9d9c0193bdc4f4 ). t140 = t141.
src/abap/1_lexer/lexer.ts.Lexer.add,temp_assign,378,0,1,t140 = t141. t132 = t140.
src/abap/1_lexer/lexer.ts.Lexer.add,value_init_overwritten,383,0,1,DATA(t144) = VALUE string( ). ... t144 = t145->z_member_raw_eb82124cb04f25.
src/abap/1_lexer/lexer.ts.Lexer.add,cast_temp,384,0,1,DATA(t145) = CAST z_src_abap_1_l_4d08aedee14b5b( t123 ).
src/abap/1_lexer/lexer.ts.Lexer.add,value_init_overwritten,386,0,1,DATA(t146) = VALUE i( ). ... t146 = t147.
src/abap/1_lexer/lexer.ts.Lexer.add,temp_assign,387,0,1,DATA(t147) = CONV int8( t126 ). t146 = t147.
src/abap/1_lexer/lexer.ts.Lexer.add,clear_before_write,395,0,1,CLEAR t150. ... t150 = t149.
src/abap/1_lexer/lexer.ts.Lexer.add,temp_assign,415,0,1,t142 = t143. t132 = t142.
src/abap/1_lexer/lexer.ts.Lexer.add,temp_assign,418,0,1,t125 = t132. t122 = t125.
src/abap/1_lexer/lexer.ts.Lexer.add,temp_assign,419,0,1,t122 = t125. t121 = t122.
src/abap/1_lexer/lexer.ts.Lexer.add,temp_assign,420,0,1,t121 = t122. t120 = t121.
src/abap/1_lexer/lexer.ts.Lexer.add,value_init_overwritten,428,0,1,DATA(t161) = VALUE abap_bool( ). ... t161 = t162.
src/abap/1_lexer/lexer.ts.Lexer.add,value_init_overwritten,429,0,1,DATA(t162) = VALUE abap_bool( ). ... t162 = xsdbool( t163 = t164 ).
src/abap/1_lexer/lexer.ts.Lexer.add,temp_argument,431,0,1,DATA(t164) = CONV i( z_src_abap_1_l_9d1bf4ef0204bc=>z_member_ch_sp_1e1455ae5d77cb ). t162 = xsdbool( t163 = t164 ).
src/abap/1_lexer/lexer.ts.Lexer.add,value_init_overwritten,435,0,1,DATA(t165) = VALUE abap_bool( ). ... t165 = xsdbool( t166 = t167 ).
src/abap/1_lexer/lexer.ts.Lexer.add,temp_argument,437,0,1,DATA(t167) = CONV i( z_src_abap_1_l_9d1bf4ef0204bc=>z_member_ch_nl_0bb0a059e6c864 ). t165 = xsdbool( t166 = t167 ).
src/abap/1_lexer/lexer.ts.Lexer.add,temp_assign,438,0,1,t165 = xsdbool( t166 = t167 ). t161 = t165.
src/abap/1_lexer/lexer.ts.Lexer.add,value_init_overwritten,443,0,1,DATA(t168) = VALUE abap_bool( ). ... t168 = xsdbool( t169 = t170 ).
src/abap/1_lexer/lexer.ts.Lexer.add,temp_argument,445,0,1,DATA(t170) = CONV i( z_src_abap_1_l_9d1bf4ef0204bc=>z_member_ch_ta_216cb35cb4e651 ). t168 = xsdbool( t169 = t170 ).
src/abap/1_lexer/lexer.ts.Lexer.add,temp_assign,446,0,1,t168 = xsdbool( t169 = t170 ). t160 = t168.
src/abap/1_lexer/lexer.ts.Lexer.add,value_init_overwritten,451,0,1,DATA(t171) = VALUE abap_bool( ). ... t171 = xsdbool( t172 = t173 ).
src/abap/1_lexer/lexer.ts.Lexer.add,temp_argument,453,0,1,DATA(t173) = CONV i( z_src_abap_1_l_9d1bf4ef0204bc=>z_member_ch_co_ec6cd7b03d4329 ). t171 = xsdbool( t172 = t173 ).
src/abap/1_lexer/lexer.ts.Lexer.add,temp_assign,454,0,1,t171 = xsdbool( t172 = t173 ). t159 = t171.
src/abap/1_lexer/lexer.ts.Lexer.add,value_init_overwritten,459,0,1,DATA(t174) = VALUE abap_bool( ). ... t174 = xsdbool( t175 = t176 ).
src/abap/1_lexer/lexer.ts.Lexer.add,temp_argument,461,0,1,DATA(t176) = CONV i( z_src_abap_1_l_9d1bf4ef0204bc=>z_member_ch_co_74955d0712c27b ). t174 = xsdbool( t175 = t176 ).
src/abap/1_lexer/lexer.ts.Lexer.add,temp_assign,462,0,1,t174 = xsdbool( t175 = t176 ). t158 = t174.
src/abap/1_lexer/lexer.ts.Lexer.add,value_init_overwritten,467,0,1,DATA(t177) = VALUE abap_bool( ). ... t177 = xsdbool( t178 = t179 ).
src/abap/1_lexer/lexer.ts.Lexer.add,temp_argument,469,0,1,DATA(t179) = CONV i( z_src_abap_1_l_9d1bf4ef0204bc=>z_member_ch_do_b6ece1dbece6f8 ). t177 = xsdbool( t178 = t179 ).
src/abap/1_lexer/lexer.ts.Lexer.add,temp_assign,470,0,1,t177 = xsdbool( t178 = t179 ). t157 = t177.
src/abap/1_lexer/lexer.ts.Lexer.add,value_init_overwritten,475,0,1,DATA(t180) = VALUE abap_bool( ). ... t180 = xsdbool( t181 = t182 ).
src/abap/1_lexer/lexer.ts.Lexer.add,temp_argument,477,0,1,DATA(t182) = CONV i( z_src_abap_1_l_9d1bf4ef0204bc=>z_member_eof_9d9c0193bdc4f4 ). t180 = xsdbool( t181 = t182 ).
src/abap/1_lexer/lexer.ts.Lexer.add,temp_assign,478,0,1,t180 = xsdbool( t181 = t182 ). t156 = t180.
src/abap/1_lexer/lexer.ts.Lexer.add,value_init_overwritten,483,0,1,DATA(t183) = VALUE abap_bool( ). ... t183 = xsdbool( t184 = t185 ).
src/abap/1_lexer/lexer.ts.Lexer.add,temp_argument,485,0,1,DATA(t185) = CONV i( z_src_abap_1_l_9d1bf4ef0204bc=>z_member_ch_dq_a33a8377c27a48 ). t183 = xsdbool( t184 = t185 ).
src/abap/1_lexer/lexer.ts.Lexer.add,temp_assign,486,0,1,t183 = xsdbool( t184 = t185 ). t155 = t183.
src/abap/1_lexer/lexer.ts.Lexer.add,temp_assign,490,0,1,DATA(t186) = CONV abap_bool( abap_true ). t118 = t186.
src/abap/1_lexer/lexer.ts.Lexer.add,literal_scalar,490,0,1,DATA(t186) = CONV abap_bool( abap_true ).
src/abap/1_lexer/lexer.ts.Lexer.add,value_init_overwritten,498,0,1,DATA(t190) = VALUE int8( ). ... t190 = t191 - t192.
src/abap/1_lexer/lexer.ts.Lexer.add,value_init_overwritten,500,0,1,DATA(t192) = VALUE int8( ). ... t192 = t193.
src/abap/1_lexer/lexer.ts.Lexer.add,value_init_overwritten,501,0,1,DATA(t193) = VALUE i( ). ... t193 = t195.
src/abap/1_lexer/lexer.ts.Lexer.add,temp_argument,502,0,1,DATA(t194) = CONV string( t1 ). DATA(t195) = CONV i( strlen( t194 ) ).
src/abap/1_lexer/lexer.ts.Lexer.add,temp_assign,503,0,1,DATA(t195) = CONV i( strlen( t194 ) ). t193 = t195.
src/abap/1_lexer/lexer.ts.Lexer.add,temp_assign,504,0,1,t193 = t195. t192 = t193.
src/abap/1_lexer/lexer.ts.Lexer.add,temp_assign,510,0,1,t188 = NEW z_src_position_90002a97f25e1e( z_param_row_56bae4ece65baf = t189 z_param_col_6e69bc5fb2ff80 = t190 ). t187 = t188.
src/abap/1_lexer/lexer.ts.Lexer.add,value_init_overwritten,512,0,1,DATA(t196) = VALUE abap_bool( ). ... t196 = xsdbool( t197 IS BOUND ).
src/abap/1_lexer/lexer.ts.Lexer.add,temp_argument,513,0,1,DATA(t197) = CAST z_src_position_90002a97f25e1e( me->z_member_virtu_db098211587b90 ). t196 = xsdbool( t197 IS BOUND ).
src/abap/1_lexer/lexer.ts.Lexer.add,cast_temp,513,0,1,DATA(t197) = CAST z_src_position_90002a97f25e1e( me->z_member_virtu_db098211587b90 ).
src/abap/1_lexer/lexer.ts.Lexer.add,bool_if,514,0,1,t196 = xsdbool( t197 IS BOUND ). IF t196 = abap_true.
src/abap/1_lexer/lexer.ts.Lexer.add,clear_before_write,517,0,1,CLEAR t198. ... t198 = NEW z_src_virtual__1d807b7e8348de( z_param_virtua_1a34d91d55f432 = t199 z_param_row_56bae4ece65baf = t201 z_param_col_6e69bc5fb2ff80 = t206 ).
src/abap/1_lexer/lexer.ts.Lexer.add,clear_before_write,519,0,1,CLEAR t199. ... t199 = t200.
src/abap/1_lexer/lexer.ts.Lexer.add,temp_assign,520,0,1,DATA(t200) = CAST z_src_position_90002a97f25e1e( me->z_member_virtu_db098211587b90 ). t199 = t200.
src/abap/1_lexer/lexer.ts.Lexer.add,cast_temp,520,0,1,DATA(t200) = CAST z_src_position_90002a97f25e1e( me->z_member_virtu_db098211587b90 ).
src/abap/1_lexer/lexer.ts.Lexer.add,value_init_overwritten,522,0,1,DATA(t201) = VALUE int8( ). ... t201 = t204.
src/abap/1_lexer/lexer.ts.Lexer.add,clear_before_write,524,0,1,CLEAR t202. ... t202 = t203.
src/abap/1_lexer/lexer.ts.Lexer.add,temp_assign,525,0,1,DATA(t203) = CAST z_src_position_90002a97f25e1e( t187 ). t202 = t203.
src/abap/1_lexer/lexer.ts.Lexer.add,cast_temp,525,0,1,DATA(t203) = CAST z_src_position_90002a97f25e1e( t187 ).
src/abap/1_lexer/lexer.ts.Lexer.add,value_init_overwritten,527,0,1,DATA(t204) = VALUE int8( ). ... t204 = t205->z_member_row_2dc5d934b27d6d.
src/abap/1_lexer/lexer.ts.Lexer.add,cast_temp,528,0,1,DATA(t205) = CAST z_src_position_90002a97f25e1e( t202 ).
src/abap/1_lexer/lexer.ts.Lexer.add,temp_assign,529,0,1,t204 = t205->z_member_row_2dc5d934b27d6d. t201 = t204.
src/abap/1_lexer/lexer.ts.Lexer.add,value_init_overwritten,531,0,1,DATA(t206) = VALUE int8( ). ... t206 = t209.
src/abap/1_lexer/lexer.ts.Lexer.add,clear_before_write,533,0,1,CLEAR t207. ... t207 = t208.
src/abap/1_lexer/lexer.ts.Lexer.add,temp_assign,534,0,1,DATA(t208) = CAST z_src_position_90002a97f25e1e( t187 ). t207 = t208.
src/abap/1_lexer/lexer.ts.Lexer.add,cast_temp,534,0,1,DATA(t208) = CAST z_src_position_90002a97f25e1e( t187 ).
src/abap/1_lexer/lexer.ts.Lexer.add,value_init_overwritten,536,0,1,DATA(t209) = VALUE int8( ). ... t209 = t210->z_member_col_cdb3c3718bda2d.
src/abap/1_lexer/lexer.ts.Lexer.add,cast_temp,537,0,1,DATA(t210) = CAST z_src_position_90002a97f25e1e( t207 ).
src/abap/1_lexer/lexer.ts.Lexer.add,temp_assign,538,0,1,t209 = t210->z_member_col_cdb3c3718bda2d. t206 = t209.
src/abap/1_lexer/lexer.ts.Lexer.add,temp_assign,540,0,1,t198 = NEW z_src_virtual__1d807b7e8348de( z_param_virtua_1a34d91d55f432 = t199 z_param_row_56bae4ece65baf = t201 z_param_col_6e69bc5fb2ff80 = t206 ). t187 = t198.
src/abap/1_lexer/lexer.ts.Lexer.add,clear_before_write,544,0,1,CLEAR t211. ... t211 = t212.
src/abap/1_lexer/lexer.ts.Lexer.add,value_init_overwritten,548,0,1,DATA(t213) = VALUE abap_bool( ). ... t213 = xsdbool( t214 = t215 ).
src/abap/1_lexer/lexer.ts.Lexer.add,value_init_overwritten,550,0,1,DATA(t215) = VALUE int8( ). ... t215 = t216.
src/abap/1_lexer/lexer.ts.Lexer.add,temp_assign,551,0,1,DATA(t216) = CONV i( z_src_abap_1_l_9d1bf4ef0204bc=>z_member_modec_3310fc8aa5a0a5 ). t215 = t216.
src/abap/1_lexer/lexer.ts.Lexer.add,bool_if,553,0,1,t213 = xsdbool( t214 = t215 ). IF t213 = abap_true.
src/abap/1_lexer/lexer.ts.Lexer.add,clear_before_write,556,0,1,CLEAR t217. ... t217 = NEW z_src_abap_1_l_adf79c05e2d553( z_param_start_fb71be8754f59b = t218 z_param_str_b4492f271a40dd = t219 ).
src/abap/1_lexer/lexer.ts.Lexer.add,cast_temp,557,0,1,DATA(t218) = CAST z_src_position_90002a97f25e1e( t187 ).
src/abap/1_lexer/lexer.ts.Lexer.add,temp_argument,558,0,1,DATA(t219) = CONV string( t1 ). t217 = NEW z_src_abap_1_l_adf79c05e2d553( z_param_start_fb71be8754f59b = t218 z_param_str_b4492f271a40dd = t219 ).
src/abap/1_lexer/lexer.ts.Lexer.add,temp_assign,559,0,1,t217 = NEW z_src_abap_1_l_adf79c05e2d553( z_param_start_fb71be8754f59b = t218 z_param_str_b4492f271a40dd = t219 ). t211 = t217.
src/abap/1_lexer/lexer.ts.Lexer.add,value_init_overwritten,562,0,1,DATA(t220) = VALUE abap_bool( ). ... t220 = t221.
src/abap/1_lexer/lexer.ts.Lexer.add,value_init_overwritten,563,0,1,DATA(t221) = VALUE abap_bool( ). ... t221 = xsdbool( t222 = t223 ).
src/abap/1_lexer/lexer.ts.Lexer.add,value_init_overwritten,565,0,1,DATA(t223) = VALUE int8( ). ... t223 = t224.
src/abap/1_lexer/lexer.ts.Lexer.add,temp_assign,566,0,1,DATA(t224) = CONV i( z_src_abap_1_l_9d1bf4ef0204bc=>z_member_modep_1c2199edbc54f4 ). t223 = t224.
src/abap/1_lexer/lexer.ts.Lexer.add,value_init_overwritten,571,0,1,DATA(t225) = VALUE abap_bool( ). ... t225 = xsdbool( t226 = t227 ).
src/abap/1_lexer/lexer.ts.Lexer.add,value_init_overwritten,573,0,1,DATA(t227) = VALUE int8( ). ... t227 = t228.
src/abap/1_lexer/lexer.ts.Lexer.add,temp_assign,574,0,1,DATA(t228) = CONV i( z_src_abap_1_l_9d1bf4ef0204bc=>z_member_modes_382721884450c5 ). t227 = t228.
src/abap/1_lexer/lexer.ts.Lexer.add,temp_assign,576,0,1,t225 = xsdbool( t226 = t227 ). t220 = t225.
src/abap/1_lexer/lexer.ts.Lexer.add,clear_before_write,581,0,1,CLEAR t229. ... t229 = NEW z_src_abap_1_l_f51ac735c1e69b( z_param_start_fb71be8754f59b = t230 z_param_str_b4492f271a40dd = t231 ).
src/abap/1_lexer/lexer.ts.Lexer.add,cast_temp,582,0,1,DATA(t230) = CAST z_src_position_90002a97f25e1e( t187 ).
src/abap/1_lexer/lexer.ts.Lexer.add,temp_argument,583,0,1,DATA(t231) = CONV string( t1 ). t229 = NEW z_src_abap_1_l_f51ac735c1e69b( z_param_start_fb71be8754f59b = t230 z_param_str_b4492f271a40dd = t231 ).
src/abap/1_lexer/lexer.ts.Lexer.add,temp_assign,584,0,1,t229 = NEW z_src_abap_1_l_f51ac735c1e69b( z_param_start_fb71be8754f59b = t230 z_param_str_b4492f271a40dd = t231 ). t211 = t229.
src/abap/1_lexer/lexer.ts.Lexer.add,value_init_overwritten,587,0,1,DATA(t232) = VALUE abap_bool( ). ... t232 = xsdbool( t233 = t234 ).
src/abap/1_lexer/lexer.ts.Lexer.add,value_init_overwritten,589,0,1,DATA(t234) = VALUE int8( ). ... t234 = t235.
src/abap/1_lexer/lexer.ts.Lexer.add,temp_assign,590,0,1,DATA(t235) = CONV i( z_src_abap_1_l_9d1bf4ef0204bc=>z_member_modet_91454e8d77ceb7 ). t234 = t235.
src/abap/1_lexer/lexer.ts.Lexer.add,bool_if,592,0,1,t232 = xsdbool( t233 = t234 ). IF t232 = abap_true.
src/abap/1_lexer/lexer.ts.Lexer.add,literal_scalar,597,0,1,DATA(t239) = CONV i( '0' ).
src/abap/1_lexer/lexer.ts.Lexer.add,value_init_overwritten,608,0,1,DATA(t244) = VALUE i( ). ... t244 = t245 - t248.
src/abap/1_lexer/lexer.ts.Lexer.add,value_init_overwritten,609,0,1,DATA(t245) = VALUE i( ). ... t245 = t247.
src/abap/1_lexer/lexer.ts.Lexer.add,temp_argument,610,0,1,DATA(t246) = CONV string( t1 ). DATA(t247) = CONV i( strlen( t246 ) ).
src/abap/1_lexer/lexer.ts.Lexer.add,temp_assign,611,0,1,DATA(t247) = CONV i( strlen( t246 ) ). t245 = t247.
src/abap/1_lexer/lexer.ts.Lexer.add,literal_scalar,613,0,1,DATA(t248) = CONV i( '1' ).
src/abap/1_lexer/lexer.ts.Lexer.add,value_init_overwritten,622,0,1,DATA(t250) = VALUE abap_bool( ). ... t250 = t251.
src/abap/1_lexer/lexer.ts.Lexer.add,value_init_overwritten,623,0,1,DATA(t251) = VALUE abap_bool( ). ... t251 = xsdbool( t252 = t253 ).
src/abap/1_lexer/lexer.ts.Lexer.add,temp_argument,625,0,1,DATA(t253) = CONV string( |\|| ). t251 = xsdbool( t252 = t253 ).
src/abap/1_lexer/lexer.ts.Lexer.add,literal_scalar,625,0,1,DATA(t253) = CONV string( |\|| ).
src/abap/1_lexer/lexer.ts.Lexer.add,value_init_overwritten,629,0,1,DATA(t254) = VALUE abap_bool( ). ... t254 = xsdbool( t255 = t256 ).
src/abap/1_lexer/lexer.ts.Lexer.add,temp_argument,631,0,1,DATA(t256) = CONV string( |\|| ). t254 = xsdbool( t255 = t256 ).
src/abap/1_lexer/lexer.ts.Lexer.add,literal_scalar,631,0,1,DATA(t256) = CONV string( |\|| ).
src/abap/1_lexer/lexer.ts.Lexer.add,temp_assign,632,0,1,t254 = xsdbool( t255 = t256 ). t250 = t254.
src/abap/1_lexer/lexer.ts.Lexer.add,clear_before_write,637,0,1,CLEAR t257. ... t257 = NEW z_src_abap_1_l_a8d40979228503( z_param_start_fb71be8754f59b = t258 z_param_str_b4492f271a40dd = t259 ).
src/abap/1_lexer/lexer.ts.Lexer.add,cast_temp,638,0,1,DATA(t258) = CAST z_src_position_90002a97f25e1e( t187 ).
src/abap/1_lexer/lexer.ts.Lexer.add,temp_argument,639,0,1,DATA(t259) = CONV string( t1 ). t257 = NEW z_src_abap_1_l_a8d40979228503( z_param_start_fb71be8754f59b = t258 z_param_str_b4492f271a40dd = t259 ).
src/abap/1_lexer/lexer.ts.Lexer.add,temp_assign,640,0,1,t257 = NEW z_src_abap_1_l_a8d40979228503( z_param_start_fb71be8754f59b = t258 z_param_str_b4492f271a40dd = t259 ). t211 = t257.
src/abap/1_lexer/lexer.ts.Lexer.add,value_init_overwritten,644,0,1,DATA(t261) = VALUE abap_bool( ). ... t261 = t262.
src/abap/1_lexer/lexer.ts.Lexer.add,value_init_overwritten,645,0,1,DATA(t262) = VALUE abap_bool( ). ... t262 = xsdbool( t263 = t264 ).
src/abap/1_lexer/lexer.ts.Lexer.add,temp_argument,647,0,1,DATA(t264) = CONV string( |\|| ). t262 = xsdbool( t263 = t264 ).
src/abap/1_lexer/lexer.ts.Lexer.add,literal_scalar,647,0,1,DATA(t264) = CONV string( |\|| ).
src/abap/1_lexer/lexer.ts.Lexer.add,value_init_overwritten,651,0,1,DATA(t265) = VALUE abap_bool( ). ... t265 = xsdbool( t266 = t267 ).
src/abap/1_lexer/lexer.ts.Lexer.add,temp_argument,653,0,1,DATA(t267) = CONV string( |\{| ). t265 = xsdbool( t266 = t267 ).
src/abap/1_lexer/lexer.ts.Lexer.add,literal_scalar,653,0,1,DATA(t267) = CONV string( |\{| ).
src/abap/1_lexer/lexer.ts.Lexer.add,temp_assign,654,0,1,t265 = xsdbool( t266 = t267 ). t261 = t265.
src/abap/1_lexer/lexer.ts.Lexer.add,value_init_overwritten,659,0,1,DATA(t268) = VALUE abap_bool( ). ... t268 = xsdbool( t269 = t270 ).
src/abap/1_lexer/lexer.ts.Lexer.add,temp_argument,661,0,1,DATA(t270) = CONV abap_bool( abap_true ). t268 = xsdbool( t269 = t270 ).
src/abap/1_lexer/lexer.ts.Lexer.add,literal_scalar,661,0,1,DATA(t270) = CONV abap_bool( abap_true ).
src/abap/1_lexer/lexer.ts.Lexer.add,temp_assign,662,0,1,t268 = xsdbool( t269 = t270 ). t260 = t268.
src/abap/1_lexer/lexer.ts.Lexer.add,clear_before_write,667,0,1,CLEAR t271. ... t271 = NEW z_src_abap_1_l_795cd681315c6a( z_param_start_fb71be8754f59b = t272 z_param_str_b4492f271a40dd = t273 ).
src/abap/1_lexer/lexer.ts.Lexer.add,cast_temp,668,0,1,DATA(t272) = CAST z_src_position_90002a97f25e1e( t187 ).
src/abap/1_lexer/lexer.ts.Lexer.add,temp_argument,669,0,1,DATA(t273) = CONV string( t1 ). t271 = NEW z_src_abap_1_l_795cd681315c6a( z_param_start_fb71be8754f59b = t272 z_param_str_b4492f271a40dd = t273 ).
src/abap/1_lexer/lexer.ts.Lexer.add,temp_assign,670,0,1,t271 = NEW z_src_abap_1_l_795cd681315c6a( z_param_start_fb71be8754f59b = t272 z_param_str_b4492f271a40dd = t273 ). t211 = t271.
src/abap/1_lexer/lexer.ts.Lexer.add,value_init_overwritten,674,0,1,DATA(t275) = VALUE abap_bool( ). ... t275 = t276.
src/abap/1_lexer/lexer.ts.Lexer.add,value_init_overwritten,675,0,1,DATA(t276) = VALUE abap_bool( ). ... t276 = xsdbool( t277 = t278 ).
src/abap/1_lexer/lexer.ts.Lexer.add,temp_argument,677,0,1,DATA(t278) = CONV string( |\}| ). t276 = xsdbool( t277 = t278 ).
src/abap/1_lexer/lexer.ts.Lexer.add,literal_scalar,677,0,1,DATA(t278) = CONV string( |\}| ).
src/abap/1_lexer/lexer.ts.Lexer.add,value_init_overwritten,681,0,1,DATA(t279) = VALUE abap_bool( ). ... t279 = xsdbool( t280 = t281 ).
src/abap/1_lexer/lexer.ts.Lexer.add,temp_argument,683,0,1,DATA(t281) = CONV string( |\|| ). t279 = xsdbool( t280 = t281 ).
src/abap/1_lexer/lexer.ts.Lexer.add,literal_scalar,683,0,1,DATA(t281) = CONV string( |\|| ).
src/abap/1_lexer/lexer.ts.Lexer.add,temp_assign,684,0,1,t279 = xsdbool( t280 = t281 ). t275 = t279.
src/abap/1_lexer/lexer.ts.Lexer.add,value_init_overwritten,689,0,1,DATA(t282) = VALUE abap_bool( ). ... t282 = xsdbool( t283 = t284 ).
src/abap/1_lexer/lexer.ts.Lexer.add,temp_argument,691,0,1,DATA(t284) = CONV abap_bool( abap_true ). t282 = xsdbool( t283 = t284 ).
src/abap/1_lexer/lexer.ts.Lexer.add,literal_scalar,691,0,1,DATA(t284) = CONV abap_bool( abap_true ).
src/abap/1_lexer/lexer.ts.Lexer.add,temp_assign,692,0,1,t282 = xsdbool( t283 = t284 ). t274 = t282.
src/abap/1_lexer/lexer.ts.Lexer.add,clear_before_write,697,0,1,CLEAR t285. ... t285 = NEW z_src_abap_1_l_c05063bad217ac( z_param_start_fb71be8754f59b = t286 z_param_str_b4492f271a40dd = t287 ).
src/abap/1_lexer/lexer.ts.Lexer.add,cast_temp,698,0,1,DATA(t286) = CAST z_src_position_90002a97f25e1e( t187 ).
src/abap/1_lexer/lexer.ts.Lexer.add,temp_argument,699,0,1,DATA(t287) = CONV string( t1 ). t285 = NEW z_src_abap_1_l_c05063bad217ac( z_param_start_fb71be8754f59b = t286 z_param_str_b4492f271a40dd = t287 ).
src/abap/1_lexer/lexer.ts.Lexer.add,temp_assign,700,0,1,t285 = NEW z_src_abap_1_l_c05063bad217ac( z_param_start_fb71be8754f59b = t286 z_param_str_b4492f271a40dd = t287 ). t211 = t285.
src/abap/1_lexer/lexer.ts.Lexer.add,value_init_overwritten,705,0,1,DATA(t290) = VALUE abap_bool( ). ... t290 = t291.
src/abap/1_lexer/lexer.ts.Lexer.add,value_init_overwritten,706,0,1,DATA(t291) = VALUE abap_bool( ). ... t291 = xsdbool( t292 = t293 ).
src/abap/1_lexer/lexer.ts.Lexer.add,temp_argument,708,0,1,DATA(t293) = CONV string( |\}| ). t291 = xsdbool( t292 = t293 ).
src/abap/1_lexer/lexer.ts.Lexer.add,literal_scalar,708,0,1,DATA(t293) = CONV string( |\}| ).
src/abap/1_lexer/lexer.ts.Lexer.add,value_init_overwritten,712,0,1,DATA(t294) = VALUE abap_bool( ). ... t294 = xsdbool( t295 = t296 ).
src/abap/1_lexer/lexer.ts.Lexer.add,temp_argument,714,0,1,DATA(t296) = CONV string( |\{| ). t294 = xsdbool( t295 = t296 ).
src/abap/1_lexer/lexer.ts.Lexer.add,literal_scalar,714,0,1,DATA(t296) = CONV string( |\{| ).
src/abap/1_lexer/lexer.ts.Lexer.add,temp_assign,715,0,1,t294 = xsdbool( t295 = t296 ). t290 = t294.
src/abap/1_lexer/lexer.ts.Lexer.add,value_init_overwritten,720,0,1,DATA(t297) = VALUE abap_bool( ). ... t297 = xsdbool( t298 = t299 ).
src/abap/1_lexer/lexer.ts.Lexer.add,temp_argument,722,0,1,DATA(t299) = CONV abap_bool( abap_true ). t297 = xsdbool( t298 = t299 ).
src/abap/1_lexer/lexer.ts.Lexer.add,literal_scalar,722,0,1,DATA(t299) = CONV abap_bool( abap_true ).
src/abap/1_lexer/lexer.ts.Lexer.add,temp_assign,723,0,1,t297 = xsdbool( t298 = t299 ). t289 = t297.
src/abap/1_lexer/lexer.ts.Lexer.add,value_init_overwritten,728,0,1,DATA(t300) = VALUE abap_bool( ). ... t300 = xsdbool( t301 = t302 ).
src/abap/1_lexer/lexer.ts.Lexer.add,temp_argument,730,0,1,DATA(t302) = CONV abap_bool( abap_true ). t300 = xsdbool( t301 = t302 ).
src/abap/1_lexer/lexer.ts.Lexer.add,literal_scalar,730,0,1,DATA(t302) = CONV abap_bool( abap_true ).
src/abap/1_lexer/lexer.ts.Lexer.add,temp_assign,731,0,1,t300 = xsdbool( t301 = t302 ). t288 = t300.
src/abap/1_lexer/lexer.ts.Lexer.add,clear_before_write,736,0,1,CLEAR t303. ... t303 = NEW z_src_abap_1_l_35e6940092bf49( z_param_start_fb71be8754f59b = t304 z_param_str_b4492f271a40dd = t305 ).
src/abap/1_lexer/lexer.ts.Lexer.add,cast_temp,737,0,1,DATA(t304) = CAST z_src_position_90002a97f25e1e( t187 ).
src/abap/1_lexer/lexer.ts.Lexer.add,temp_argument,738,0,1,DATA(t305) = CONV string( t1 ). t303 = NEW z_src_abap_1_l_35e6940092bf49( z_param_start_fb71be8754f59b = t304 z_param_str_b4492f271a40dd = t305 ).
src/abap/1_lexer/lexer.ts.Lexer.add,temp_assign,739,0,1,t303 = NEW z_src_abap_1_l_35e6940092bf49( z_param_start_fb71be8754f59b = t304 z_param_str_b4492f271a40dd = t305 ). t211 = t303.
src/abap/1_lexer/lexer.ts.Lexer.add,clear_before_write,743,0,1,CLEAR t306. ... t306 = NEW z_src_abap_1_l_b22fdb51f8f4f0( z_param_start_fb71be8754f59b = t307 z_param_str_b4492f271a40dd = t308 ).
src/abap/1_lexer/lexer.ts.Lexer.add,cast_temp,744,0,1,DATA(t307) = CAST z_src_position_90002a97f25e1e( t187 ).
src/abap/1_lexer/lexer.ts.Lexer.add,temp_argument,745,0,1,DATA(t308) = CONV string( t1 ). t306 = NEW z_src_abap_1_l_b22fdb51f8f4f0( z_param_start_fb71be8754f59b = t307 z_param_str_b4492f271a40dd = t308 ).
src/abap/1_lexer/lexer.ts.Lexer.add,temp_assign,746,0,1,t306 = NEW z_src_abap_1_l_b22fdb51f8f4f0( z_param_start_fb71be8754f59b = t307 z_param_str_b4492f271a40dd = t308 ). t211 = t306.
src/abap/1_lexer/lexer.ts.Lexer.add,value_init_overwritten,753,0,1,DATA(t309) = VALUE abap_bool( ). ... t309 = t310.
src/abap/1_lexer/lexer.ts.Lexer.add,value_init_overwritten,754,0,1,DATA(t310) = VALUE abap_bool( ). ... t310 = xsdbool( t311 > t314 ).
src/abap/1_lexer/lexer.ts.Lexer.add,value_init_overwritten,755,0,1,DATA(t311) = VALUE i( ). ... t311 = t313.
src/abap/1_lexer/lexer.ts.Lexer.add,temp_argument,756,0,1,DATA(t312) = CONV string( t1 ). DATA(t313) = CONV i( strlen( t312 ) ).
src/abap/1_lexer/lexer.ts.Lexer.add,temp_assign,757,0,1,DATA(t313) = CONV i( strlen( t312 ) ). t311 = t313.
src/abap/1_lexer/lexer.ts.Lexer.add,temp_argument,759,0,1,DATA(t314) = CONV i( '2' ). t310 = xsdbool( t311 > t314 ).
src/abap/1_lexer/lexer.ts.Lexer.add,literal_scalar,759,0,1,DATA(t314) = CONV i( '2' ).
src/abap/1_lexer/lexer.ts.Lexer.add,literal_scalar,766,0,1,DATA(t318) = CONV i( '0' ).
src/abap/1_lexer/lexer.ts.Lexer.add,literal_scalar,767,0,1,DATA(t319) = CONV i( '2' ).
src/abap/1_lexer/lexer.ts.Lexer.add,temp_argument,783,0,1,DATA(t321) = CONV string( |##| ). t315 = xsdbool( t316 = t321 ).
src/abap/1_lexer/lexer.ts.Lexer.add,literal_scalar,783,0,1,DATA(t321) = CONV string( |##| ).
src/abap/1_lexer/lexer.ts.Lexer.add,temp_assign,784,0,1,t315 = xsdbool( t316 = t321 ). t309 = t315.
src/abap/1_lexer/lexer.ts.Lexer.add,clear_before_write,789,0,1,CLEAR t322. ... t322 = NEW z_src_abap_1_l_7a3d03a814f6ff( z_param_start_fb71be8754f59b = t323 z_param_str_b4492f271a40dd = t324 ).
src/abap/1_lexer/lexer.ts.Lexer.add,cast_temp,790,0,1,DATA(t323) = CAST z_src_position_90002a97f25e1e( t187 ).
src/abap/1_lexer/lexer.ts.Lexer.add,temp_argument,791,0,1,DATA(t324) = CONV string( t1 ). t322 = NEW z_src_abap_1_l_7a3d03a814f6ff( z_param_start_fb71be8754f59b = t323 z_param_str_b4492f271a40dd = t324 ).
src/abap/1_lexer/lexer.ts.Lexer.add,temp_assign,792,0,1,t322 = NEW z_src_abap_1_l_7a3d03a814f6ff( z_param_start_fb71be8754f59b = t323 z_param_str_b4492f271a40dd = t324 ). t211 = t322.
src/abap/1_lexer/lexer.ts.Lexer.add,value_init_overwritten,795,0,1,DATA(t325) = VALUE abap_bool( ). ... t325 = xsdbool( t326 = t329 ).
src/abap/1_lexer/lexer.ts.Lexer.add,value_init_overwritten,796,0,1,DATA(t326) = VALUE i( ). ... t326 = t328.
src/abap/1_lexer/lexer.ts.Lexer.add,temp_argument,797,0,1,DATA(t327) = CONV string( t1 ). DATA(t328) = CONV i( strlen( t327 ) ).
src/abap/1_lexer/lexer.ts.Lexer.add,temp_assign,798,0,1,DATA(t328) = CONV i( strlen( t327 ) ). t326 = t328.
src/abap/1_lexer/lexer.ts.Lexer.add,temp_argument,800,0,1,DATA(t329) = CONV i( '1' ). t325 = xsdbool( t326 = t329 ).
src/abap/1_lexer/lexer.ts.Lexer.add,literal_scalar,800,0,1,DATA(t329) = CONV i( '1' ).
src/abap/1_lexer/lexer.ts.Lexer.add,bool_if,801,0,1,t325 = xsdbool( t326 = t329 ). IF t325 = abap_true.
src/abap/1_lexer/lexer.ts.Lexer.add,value_init_overwritten,803,0,1,DATA(t330) = VALUE abap_bool( ). ... t330 = t331.
src/abap/1_lexer/lexer.ts.Lexer.add,value_init_overwritten,804,0,1,DATA(t331) = VALUE abap_bool( ). ... t331 = xsdbool( t332 = t333 ).
src/abap/1_lexer/lexer.ts.Lexer.add,temp_argument,806,0,1,DATA(t333) = CONV string( |.| ). t331 = xsdbool( t332 = t333 ).
src/abap/1_lexer/lexer.ts.Lexer.add,literal_scalar,806,0,1,DATA(t333) = CONV string( |.| ).
src/abap/1_lexer/lexer.ts.Lexer.add,value_init_overwritten,810,0,1,DATA(t334) = VALUE abap_bool( ). ... t334 = xsdbool( t335 = t336 ).
src/abap/1_lexer/lexer.ts.Lexer.add,temp_argument,812,0,1,"DATA(t336) = CONV string( |,| ). t334 = xsdbool( t335 = t336 )."
src/abap/1_lexer/lexer.ts.Lexer.add,literal_scalar,812,0,1,"DATA(t336) = CONV string( |,| )."
src/abap/1_lexer/lexer.ts.Lexer.add,temp_assign,813,0,1,t334 = xsdbool( t335 = t336 ). t330 = t334.
src/abap/1_lexer/lexer.ts.Lexer.add,clear_before_write,818,0,1,CLEAR t337. ... t337 = NEW z_src_abap_1_l_eb674d40d7be44( z_param_start_fb71be8754f59b = t338 z_param_str_b4492f271a40dd = t339 ).
src/abap/1_lexer/lexer.ts.Lexer.add,cast_temp,819,0,1,DATA(t338) = CAST z_src_position_90002a97f25e1e( t187 ).
src/abap/1_lexer/lexer.ts.Lexer.add,temp_argument,820,0,1,DATA(t339) = CONV string( t1 ). t337 = NEW z_src_abap_1_l_eb674d40d7be44( z_param_start_fb71be8754f59b = t338 z_param_str_b4492f271a40dd = t339 ).
src/abap/1_lexer/lexer.ts.Lexer.add,temp_assign,821,0,1,t337 = NEW z_src_abap_1_l_eb674d40d7be44( z_param_start_fb71be8754f59b = t338 z_param_str_b4492f271a40dd = t339 ). t211 = t337.
src/abap/1_lexer/lexer.ts.Lexer.add,value_init_overwritten,824,0,1,DATA(t340) = VALUE abap_bool( ). ... t340 = xsdbool( t341 = t342 ).
src/abap/1_lexer/lexer.ts.Lexer.add,temp_argument,826,0,1,DATA(t342) = CONV string( |[| ). t340 = xsdbool( t341 = t342 ).
src/abap/1_lexer/lexer.ts.Lexer.add,literal_scalar,826,0,1,DATA(t342) = CONV string( |[| ).
src/abap/1_lexer/lexer.ts.Lexer.add,bool_if,827,0,1,t340 = xsdbool( t341 = t342 ). IF t340 = abap_true.
src/abap/1_lexer/lexer.ts.Lexer.add,value_init_overwritten,829,0,1,DATA(t343) = VALUE abap_bool( ). ... t343 = t344.
src/abap/1_lexer/lexer.ts.Lexer.add,value_init_overwritten,830,0,1,DATA(t344) = VALUE abap_bool( ). ... t344 = xsdbool( t345 = t346 ).
src/abap/1_lexer/lexer.ts.Lexer.add,temp_argument,832,0,1,DATA(t346) = CONV abap_bool( abap_true ). t344 = xsdbool( t345 = t346 ).
src/abap/1_lexer/lexer.ts.Lexer.add,literal_scalar,832,0,1,DATA(t346) = CONV abap_bool( abap_true ).
src/abap/1_lexer/lexer.ts.Lexer.add,value_init_overwritten,836,0,1,DATA(t347) = VALUE abap_bool( ). ... t347 = xsdbool( t348 = t349 ).
src/abap/1_lexer/lexer.ts.Lexer.add,temp_argument,838,0,1,DATA(t349) = CONV abap_bool( abap_true ). t347 = xsdbool( t348 = t349 ).
src/abap/1_lexer/lexer.ts.Lexer.add,literal_scalar,838,0,1,DATA(t349) = CONV abap_bool( abap_true ).
src/abap/1_lexer/lexer.ts.Lexer.add,temp_assign,839,0,1,t347 = xsdbool( t348 = t349 ). t343 = t347.
src/abap/1_lexer/lexer.ts.Lexer.add,clear_before_write,844,0,1,CLEAR t350. ... t350 = NEW z_src_abap_1_l_7ac5346d6af533( z_param_start_fb71be8754f59b = t351 z_param_str_b4492f271a40dd = t352 ).
src/abap/1_lexer/lexer.ts.Lexer.add,cast_temp,845,0,1,DATA(t351) = CAST z_src_position_90002a97f25e1e( t187 ).
src/abap/1_lexer/lexer.ts.Lexer.add,temp_argument,846,0,1,DATA(t352) = CONV string( t1 ). t350 = NEW z_src_abap_1_l_7ac5346d6af533( z_param_start_fb71be8754f59b = t351 z_param_str_b4492f271a40dd = t352 ).
src/abap/1_lexer/lexer.ts.Lexer.add,temp_assign,847,0,1,t350 = NEW z_src_abap_1_l_7ac5346d6af533( z_param_start_fb71be8754f59b = t351 z_param_str_b4492f271a40dd = t352 ). t211 = t350.
src/abap/1_lexer/lexer.ts.Lexer.add,value_init_overwritten,850,0,1,DATA(t353) = VALUE abap_bool( ). ... t353 = xsdbool( t354 = t355 ).
src/abap/1_lexer/lexer.ts.Lexer.add,temp_argument,852,0,1,DATA(t355) = CONV abap_bool( abap_true ). t353 = xsdbool( t354 = t355 ).
src/abap/1_lexer/lexer.ts.Lexer.add,literal_scalar,852,0,1,DATA(t355) = CONV abap_bool( abap_true ).
src/abap/1_lexer/lexer.ts.Lexer.add,bool_if,853,0,1,t353 = xsdbool( t354 = t355 ). IF t353 = abap_true.
src/abap/1_lexer/lexer.ts.Lexer.add,clear_before_write,856,0,1,CLEAR t356. ... t356 = NEW z_src_abap_1_l_b02733e9e7c50f( z_param_start_fb71be8754f59b = t357 z_param_str_b4492f271a40dd = t358 ).
src/abap/1_lexer/lexer.ts.Lexer.add,cast_temp,857,0,1,DATA(t357) = CAST z_src_position_90002a97f25e1e( t187 ).
src/abap/1_lexer/lexer.ts.Lexer.add,temp_argument,858,0,1,DATA(t358) = CONV string( t1 ). t356 = NEW z_src_abap_1_l_b02733e9e7c50f( z_param_start_fb71be8754f59b = t357 z_param_str_b4492f271a40dd = t358 ).
src/abap/1_lexer/lexer.ts.Lexer.add,temp_assign,859,0,1,t356 = NEW z_src_abap_1_l_b02733e9e7c50f( z_param_start_fb71be8754f59b = t357 z_param_str_b4492f271a40dd = t358 ). t211 = t356.
src/abap/1_lexer/lexer.ts.Lexer.add,value_init_overwritten,862,0,1,DATA(t359) = VALUE abap_bool( ). ... t359 = xsdbool( t360 = t361 ).
src/abap/1_lexer/lexer.ts.Lexer.add,temp_argument,864,0,1,DATA(t361) = CONV abap_bool( abap_true ). t359 = xsdbool( t360 = t361 ).
src/abap/1_lexer/lexer.ts.Lexer.add,literal_scalar,864,0,1,DATA(t361) = CONV abap_bool( abap_true ).
src/abap/1_lexer/lexer.ts.Lexer.add,bool_if,865,0,1,t359 = xsdbool( t360 = t361 ). IF t359 = abap_true.
src/abap/1_lexer/lexer.ts.Lexer.add,clear_before_write,868,0,1,CLEAR t362. ... t362 = NEW z_src_abap_1_l_5952a642becddd( z_param_start_fb71be8754f59b = t363 z_param_str_b4492f271a40dd = t364 ).
src/abap/1_lexer/lexer.ts.Lexer.add,cast_temp,869,0,1,DATA(t363) = CAST z_src_position_90002a97f25e1e( t187 ).
src/abap/1_lexer/lexer.ts.Lexer.add,temp_argument,870,0,1,DATA(t364) = CONV string( t1 ). t362 = NEW z_src_abap_1_l_5952a642becddd( z_param_start_fb71be8754f59b = t363 z_param_str_b4492f271a40dd = t364 ).
src/abap/1_lexer/lexer.ts.Lexer.add,temp_assign,871,0,1,t362 = NEW z_src_abap_1_l_5952a642becddd( z_param_start_fb71be8754f59b = t363 z_param_str_b4492f271a40dd = t364 ). t211 = t362.
src/abap/1_lexer/lexer.ts.Lexer.add,clear_before_write,875,0,1,CLEAR t365. ... t365 = NEW z_src_abap_1_l_b633db28fd18d2( z_param_start_fb71be8754f59b = t366 z_param_str_b4492f271a40dd = t367 ).
src/abap/1_lexer/lexer.ts.Lexer.add,cast_temp,876,0,1,DATA(t366) = CAST z_src_position_90002a97f25e1e( t187 ).
src/abap/1_lexer/lexer.ts.Lexer.add,temp_argument,877,0,1,DATA(t367) = CONV string( t1 ). t365 = NEW z_src_abap_1_l_b633db28fd18d2( z_param_start_fb71be8754f59b = t366 z_param_str_b4492f271a40dd = t367 ).
src/abap/1_lexer/lexer.ts.Lexer.add,temp_assign,878,0,1,t365 = NEW z_src_abap_1_l_b633db28fd18d2( z_param_start_fb71be8754f59b = t366 z_param_str_b4492f271a40dd = t367 ). t211 = t365.
src/abap/1_lexer/lexer.ts.Lexer.add,value_init_overwritten,884,0,1,DATA(t368) = VALUE abap_bool( ). ... t368 = xsdbool( t369 = t370 ).
src/abap/1_lexer/lexer.ts.Lexer.add,temp_argument,886,0,1,DATA(t370) = CONV string( |(| ). t368 = xsdbool( t369 = t370 ).
src/abap/1_lexer/lexer.ts.Lexer.add,literal_scalar,886,0,1,DATA(t370) = CONV string( |(| ).
src/abap/1_lexer/lexer.ts.Lexer.add,bool_if,887,0,1,t368 = xsdbool( t369 = t370 ). IF t368 = abap_true.
src/abap/1_lexer/lexer.ts.Lexer.add,value_init_overwritten,889,0,1,DATA(t371) = VALUE abap_bool( ). ... t371 = t372.
src/abap/1_lexer/lexer.ts.Lexer.add,value_init_overwritten,890,0,1,DATA(t372) = VALUE abap_bool( ). ... t372 = xsdbool( t373 = t374 ).
src/abap/1_lexer/lexer.ts.Lexer.add,temp_argument,892,0,1,DATA(t374) = CONV abap_bool( abap_true ). t372 = xsdbool( t373 = t374 ).
src/abap/1_lexer/lexer.ts.Lexer.add,literal_scalar,892,0,1,DATA(t374) = CONV abap_bool( abap_true ).
src/abap/1_lexer/lexer.ts.Lexer.add,value_init_overwritten,896,0,1,DATA(t375) = VALUE abap_bool( ). ... t375 = xsdbool( t376 = t377 ).
src/abap/1_lexer/lexer.ts.Lexer.add,temp_argument,898,0,1,DATA(t377) = CONV abap_bool( abap_true ). t375 = xsdbool( t376 = t377 ).
src/abap/1_lexer/lexer.ts.Lexer.add,literal_scalar,898,0,1,DATA(t377) = CONV abap_bool( abap_true ).
src/abap/1_lexer/lexer.ts.Lexer.add,temp_assign,899,0,1,t375 = xsdbool( t376 = t377 ). t371 = t375.
src/abap/1_lexer/lexer.ts.Lexer.add,clear_before_write,904,0,1,CLEAR t378. ... t378 = NEW z_src_abap_1_l_def3f15bcd3702( z_param_start_fb71be8754f59b = t379 z_param_str_b4492f271a40dd = t380 ).
src/abap/1_lexer/lexer.ts.Lexer.add,cast_temp,905,0,1,DATA(t379) = CAST z_src_position_90002a97f25e1e( t187 ).
src/abap/1_lexer/lexer.ts.Lexer.add,temp_argument,906,0,1,DATA(t380) = CONV string( t1 ). t378 = NEW z_src_abap_1_l_def3f15bcd3702( z_param_start_fb71be8754f59b = t379 z_param_str_b4492f271a40dd = t380 ).
src/abap/1_lexer/lexer.ts.Lexer.add,temp_assign,907,0,1,t378 = NEW z_src_abap_1_l_def3f15bcd3702( z_param_start_fb71be8754f59b = t379 z_param_str_b4492f271a40dd = t380 ). t211 = t378.
src/abap/1_lexer/lexer.ts.Lexer.add,value_init_overwritten,910,0,1,DATA(t381) = VALUE abap_bool( ). ... t381 = xsdbool( t382 = t383 ).
src/abap/1_lexer/lexer.ts.Lexer.add,temp_argument,912,0,1,DATA(t383) = CONV abap_bool( abap_true ). t381 = xsdbool( t382 = t383 ).
src/abap/1_lexer/lexer.ts.Lexer.add,literal_scalar,912,0,1,DATA(t383) = CONV abap_bool( abap_true ).
src/abap/1_lexer/lexer.ts.Lexer.add,bool_if,913,0,1,t381 = xsdbool( t382 = t383 ). IF t381 = abap_true.
src/abap/1_lexer/lexer.ts.Lexer.add,clear_before_write,916,0,1,CLEAR t384. ... t384 = NEW z_src_abap_1_l_0e14d73ce581f5( z_param_start_fb71be8754f59b = t385 z_param_str_b4492f271a40dd = t386 ).
src/abap/1_lexer/lexer.ts.Lexer.add,cast_temp,917,0,1,DATA(t385) = CAST z_src_position_90002a97f25e1e( t187 ).
src/abap/1_lexer/lexer.ts.Lexer.add,temp_argument,918,0,1,DATA(t386) = CONV string( t1 ). t384 = NEW z_src_abap_1_l_0e14d73ce581f5( z_param_start_fb71be8754f59b = t385 z_param_str_b4492f271a40dd = t386 ).
src/abap/1_lexer/lexer.ts.Lexer.add,temp_assign,919,0,1,t384 = NEW z_src_abap_1_l_0e14d73ce581f5( z_param_start_fb71be8754f59b = t385 z_param_str_b4492f271a40dd = t386 ). t211 = t384.
src/abap/1_lexer/lexer.ts.Lexer.add,value_init_overwritten,922,0,1,DATA(t387) = VALUE abap_bool( ). ... t387 = xsdbool( t388 = t389 ).
src/abap/1_lexer/lexer.ts.Lexer.add,temp_argument,924,0,1,DATA(t389) = CONV abap_bool( abap_true ). t387 = xsdbool( t388 = t389 ).
src/abap/1_lexer/lexer.ts.Lexer.add,literal_scalar,924,0,1,DATA(t389) = CONV abap_bool( abap_true ).
src/abap/1_lexer/lexer.ts.Lexer.add,bool_if,925,0,1,t387 = xsdbool( t388 = t389 ). IF t387 = abap_true.
src/abap/1_lexer/lexer.ts.Lexer.add,clear_before_write,928,0,1,CLEAR t390. ... t390 = NEW z_src_abap_1_l_b83cf0950bd6d8( z_param_start_fb71be8754f59b = t391 z_param_str_b4492f271a40dd = t392 ).
src/abap/1_lexer/lexer.ts.Lexer.add,cast_temp,929,0,1,DATA(t391) = CAST z_src_position_90002a97f25e1e( t187 ).
src/abap/1_lexer/lexer.ts.Lexer.add,temp_argument,930,0,1,DATA(t392) = CONV string( t1 ). t390 = NEW z_src_abap_1_l_b83cf0950bd6d8( z_param_start_fb71be8754f59b = t391 z_param_str_b4492f271a40dd = t392 ).
src/abap/1_lexer/lexer.ts.Lexer.add,temp_assign,931,0,1,t390 = NEW z_src_abap_1_l_b83cf0950bd6d8( z_param_start_fb71be8754f59b = t391 z_param_str_b4492f271a40dd = t392 ). t211 = t390.
src/abap/1_lexer/lexer.ts.Lexer.add,clear_before_write,935,0,1,CLEAR t393. ... t393 = NEW z_src_abap_1_l_f9093f5fdca861( z_param_start_fb71be8754f59b = t394 z_param_str_b4492f271a40dd = t395 ).
src/abap/1_lexer/lexer.ts.Lexer.add,cast_temp,936,0,1,DATA(t394) = CAST z_src_position_90002a97f25e1e( t187 ).
src/abap/1_lexer/lexer.ts.Lexer.add,temp_argument,937,0,1,DATA(t395) = CONV string( t1 ). t393 = NEW z_src_abap_1_l_f9093f5fdca861( z_param_start_fb71be8754f59b = t394 z_param_str_b4492f271a40dd = t395 ).
src/abap/1_lexer/lexer.ts.Lexer.add,temp_assign,938,0,1,t393 = NEW z_src_abap_1_l_f9093f5fdca861( z_param_start_fb71be8754f59b = t394 z_param_str_b4492f271a40dd = t395 ). t211 = t393.
src/abap/1_lexer/lexer.ts.Lexer.add,value_init_overwritten,944,0,1,DATA(t396) = VALUE abap_bool( ). ... t396 = xsdbool( t397 = t398 ).
src/abap/1_lexer/lexer.ts.Lexer.add,temp_argument,946,0,1,DATA(t398) = CONV string( |]| ). t396 = xsdbool( t397 = t398 ).
src/abap/1_lexer/lexer.ts.Lexer.add,literal_scalar,946,0,1,DATA(t398) = CONV string( |]| ).
src/abap/1_lexer/lexer.ts.Lexer.add,bool_if,947,0,1,t396 = xsdbool( t397 = t398 ). IF t396 = abap_true.
src/abap/1_lexer/lexer.ts.Lexer.add,value_init_overwritten,949,0,1,DATA(t399) = VALUE abap_bool( ). ... t399 = t400.
src/abap/1_lexer/lexer.ts.Lexer.add,value_init_overwritten,950,0,1,DATA(t400) = VALUE abap_bool( ). ... t400 = xsdbool( t401 = t402 ).
src/abap/1_lexer/lexer.ts.Lexer.add,temp_argument,952,0,1,DATA(t402) = CONV abap_bool( abap_true ). t400 = xsdbool( t401 = t402 ).
src/abap/1_lexer/lexer.ts.Lexer.add,literal_scalar,952,0,1,DATA(t402) = CONV abap_bool( abap_true ).
src/abap/1_lexer/lexer.ts.Lexer.add,value_init_overwritten,956,0,1,DATA(t403) = VALUE abap_bool( ). ... t403 = xsdbool( t404 = t405 ).
src/abap/1_lexer/lexer.ts.Lexer.add,temp_argument,958,0,1,DATA(t405) = CONV abap_bool( abap_true ). t403 = xsdbool( t404 = t405 ).
src/abap/1_lexer/lexer.ts.Lexer.add,literal_scalar,958,0,1,DATA(t405) = CONV abap_bool( abap_true ).
src/abap/1_lexer/lexer.ts.Lexer.add,temp_assign,959,0,1,t403 = xsdbool( t404 = t405 ). t399 = t403.
src/abap/1_lexer/lexer.ts.Lexer.add,clear_before_write,964,0,1,CLEAR t406. ... t406 = NEW z_src_abap_1_l_69362f212e48ec( z_param_start_fb71be8754f59b = t407 z_param_str_b4492f271a40dd = t408 ).
src/abap/1_lexer/lexer.ts.Lexer.add,cast_temp,965,0,1,DATA(t407) = CAST z_src_position_90002a97f25e1e( t187 ).
src/abap/1_lexer/lexer.ts.Lexer.add,temp_argument,966,0,1,DATA(t408) = CONV string( t1 ). t406 = NEW z_src_abap_1_l_69362f212e48ec( z_param_start_fb71be8754f59b = t407 z_param_str_b4492f271a40dd = t408 ).
src/abap/1_lexer/lexer.ts.Lexer.add,temp_assign,967,0,1,t406 = NEW z_src_abap_1_l_69362f212e48ec( z_param_start_fb71be8754f59b = t407 z_param_str_b4492f271a40dd = t408 ). t211 = t406.
src/abap/1_lexer/lexer.ts.Lexer.add,value_init_overwritten,970,0,1,DATA(t409) = VALUE abap_bool( ). ... t409 = xsdbool( t410 = t411 ).
src/abap/1_lexer/lexer.ts.Lexer.add,temp_argument,972,0,1,DATA(t411) = CONV abap_bool( abap_true ). t409 = xsdbool( t410 = t411 ).
src/abap/1_lexer/lexer.ts.Lexer.add,literal_scalar,972,0,1,DATA(t411) = CONV abap_bool( abap_true ).
src/abap/1_lexer/lexer.ts.Lexer.add,bool_if,973,0,1,t409 = xsdbool( t410 = t411 ). IF t409 = abap_true.
src/abap/1_lexer/lexer.ts.Lexer.add,clear_before_write,976,0,1,CLEAR t412. ... t412 = NEW z_src_abap_1_l_73a9158e6d75ff( z_param_start_fb71be8754f59b = t413 z_param_str_b4492f271a40dd = t414 ).
src/abap/1_lexer/lexer.ts.Lexer.add,cast_temp,977,0,1,DATA(t413) = CAST z_src_position_90002a97f25e1e( t187 ).
src/abap/1_lexer/lexer.ts.Lexer.add,temp_argument,978,0,1,DATA(t414) = CONV string( t1 ). t412 = NEW z_src_abap_1_l_73a9158e6d75ff( z_param_start_fb71be8754f59b = t413 z_param_str_b4492f271a40dd = t414 ).
src/abap/1_lexer/lexer.ts.Lexer.add,temp_assign,979,0,1,t412 = NEW z_src_abap_1_l_73a9158e6d75ff( z_param_start_fb71be8754f59b = t413 z_param_str_b4492f271a40dd = t414 ). t211 = t412.
src/abap/1_lexer/lexer.ts.Lexer.add,value_init_overwritten,982,0,1,DATA(t415) = VALUE abap_bool( ). ... t415 = xsdbool( t416 = t417 ).
src/abap/1_lexer/lexer.ts.Lexer.add,temp_argument,984,0,1,DATA(t417) = CONV abap_bool( abap_true ). t415 = xsdbool( t416 = t417 ).
src/abap/1_lexer/lexer.ts.Lexer.add,literal_scalar,984,0,1,DATA(t417) = CONV abap_bool( abap_true ).
src/abap/1_lexer/lexer.ts.Lexer.add,bool_if,985,0,1,t415 = xsdbool( t416 = t417 ). IF t415 = abap_true.
src/abap/1_lexer/lexer.ts.Lexer.add,clear_before_write,988,0,1,CLEAR t418. ... t418 = NEW z_src_abap_1_l_77204714ef8664( z_param_start_fb71be8754f59b = t419 z_param_str_b4492f271a40dd = t420 ).
src/abap/1_lexer/lexer.ts.Lexer.add,cast_temp,989,0,1,DATA(t419) = CAST z_src_position_90002a97f25e1e( t187 ).
src/abap/1_lexer/lexer.ts.Lexer.add,temp_argument,990,0,1,DATA(t420) = CONV string( t1 ). t418 = NEW z_src_abap_1_l_77204714ef8664( z_param_start_fb71be8754f59b = t419 z_param_str_b4492f271a40dd = t420 ).
src/abap/1_lexer/lexer.ts.Lexer.add,temp_assign,991,0,1,t418 = NEW z_src_abap_1_l_77204714ef8664( z_param_start_fb71be8754f59b = t419 z_param_str_b4492f271a40dd = t420 ). t211 = t418.
src/abap/1_lexer/lexer.ts.Lexer.add,clear_before_write,995,0,1,CLEAR t421. ... t421 = NEW z_src_abap_1_l_a7783599a264b4( z_param_start_fb71be8754f59b = t422 z_param_str_b4492f271a40dd = t423 ).
src/abap/1_lexer/lexer.ts.Lexer.add,cast_temp,996,0,1,DATA(t422) = CAST z_src_position_90002a97f25e1e( t187 ).
src/abap/1_lexer/lexer.ts.Lexer.add,temp_argument,997,0,1,DATA(t423) = CONV string( t1 ). t421 = NEW z_src_abap_1_l_a7783599a264b4( z_param_start_fb71be8754f59b = t422 z_param_str_b4492f271a40dd = t423 ).
src/abap/1_lexer/lexer.ts.Lexer.add,temp_assign,998,0,1,t421 = NEW z_src_abap_1_l_a7783599a264b4( z_param_start_fb71be8754f59b = t422 z_param_str_b4492f271a40dd = t423 ). t211 = t421.
src/abap/1_lexer/lexer.ts.Lexer.add,value_init_overwritten,1004,0,1,DATA(t424) = VALUE abap_bool( ). ... t424 = xsdbool( t425 = t426 ).
src/abap/1_lexer/lexer.ts.Lexer.add,temp_argument,1006,0,1,DATA(t426) = CONV string( |)| ). t424 = xsdbool( t425 = t426 ).
src/abap/1_lexer/lexer.ts.Lexer.add,literal_scalar,1006,0,1,DATA(t426) = CONV string( |)| ).
src/abap/1_lexer/lexer.ts.Lexer.add,bool_if,1007,0,1,t424 = xsdbool( t425 = t426 ). IF t424 = abap_true.
src/abap/1_lexer/lexer.ts.Lexer.add,value_init_overwritten,1009,0,1,DATA(t427) = VALUE abap_bool( ). ... t427 = t428.
src/abap/1_lexer/lexer.ts.Lexer.add,value_init_overwritten,1010,0,1,DATA(t428) = VALUE abap_bool( ). ... t428 = xsdbool( t429 = t430 ).
src/abap/1_lexer/lexer.ts.Lexer.add,temp_argument,1012,0,1,DATA(t430) = CONV abap_bool( abap_true ). t428 = xsdbool( t429 = t430 ).
src/abap/1_lexer/lexer.ts.Lexer.add,literal_scalar,1012,0,1,DATA(t430) = CONV abap_bool( abap_true ).
src/abap/1_lexer/lexer.ts.Lexer.add,value_init_overwritten,1016,0,1,DATA(t431) = VALUE abap_bool( ). ... t431 = xsdbool( t432 = t433 ).
src/abap/1_lexer/lexer.ts.Lexer.add,temp_argument,1018,0,1,DATA(t433) = CONV abap_bool( abap_true ). t431 = xsdbool( t432 = t433 ).
src/abap/1_lexer/lexer.ts.Lexer.add,literal_scalar,1018,0,1,DATA(t433) = CONV abap_bool( abap_true ).
src/abap/1_lexer/lexer.ts.Lexer.add,temp_assign,1019,0,1,t431 = xsdbool( t432 = t433 ). t427 = t431.
src/abap/1_lexer/lexer.ts.Lexer.add,clear_before_write,1024,0,1,CLEAR t434. ... t434 = NEW z_src_abap_1_l_84a98ce5f498e0( z_param_start_fb71be8754f59b = t435 z_param_str_b4492f271a40dd = t436 ).
src/abap/1_lexer/lexer.ts.Lexer.add,cast_temp,1025,0,1,DATA(t435) = CAST z_src_position_90002a97f25e1e( t187 ).
src/abap/1_lexer/lexer.ts.Lexer.add,temp_argument,1026,0,1,DATA(t436) = CONV string( t1 ). t434 = NEW z_src_abap_1_l_84a98ce5f498e0( z_param_start_fb71be8754f59b = t435 z_param_str_b4492f271a40dd = t436 ).
src/abap/1_lexer/lexer.ts.Lexer.add,temp_assign,1027,0,1,t434 = NEW z_src_abap_1_l_84a98ce5f498e0( z_param_start_fb71be8754f59b = t435 z_param_str_b4492f271a40dd = t436 ). t211 = t434.
src/abap/1_lexer/lexer.ts.Lexer.add,value_init_overwritten,1030,0,1,DATA(t437) = VALUE abap_bool( ). ... t437 = xsdbool( t438 = t439 ).
src/abap/1_lexer/lexer.ts.Lexer.add,temp_argument,1032,0,1,DATA(t439) = CONV abap_bool( abap_true ). t437 = xsdbool( t438 = t439 ).
src/abap/1_lexer/lexer.ts.Lexer.add,literal_scalar,1032,0,1,DATA(t439) = CONV abap_bool( abap_true ).
src/abap/1_lexer/lexer.ts.Lexer.add,bool_if,1033,0,1,t437 = xsdbool( t438 = t439 ). IF t437 = abap_true.
src/abap/1_lexer/lexer.ts.Lexer.add,clear_before_write,1036,0,1,CLEAR t440. ... t440 = NEW z_src_abap_1_l_978d3a778bba67( z_param_start_fb71be8754f59b = t441 z_param_str_b4492f271a40dd = t442 ).
src/abap/1_lexer/lexer.ts.Lexer.add,cast_temp,1037,0,1,DATA(t441) = CAST z_src_position_90002a97f25e1e( t187 ).
src/abap/1_lexer/lexer.ts.Lexer.add,temp_argument,1038,0,1,DATA(t442) = CONV string( t1 ). t440 = NEW z_src_abap_1_l_978d3a778bba67( z_param_start_fb71be8754f59b = t441 z_param_str_b4492f271a40dd = t442 ).
src/abap/1_lexer/lexer.ts.Lexer.add,temp_assign,1039,0,1,t440 = NEW z_src_abap_1_l_978d3a778bba67( z_param_start_fb71be8754f59b = t441 z_param_str_b4492f271a40dd = t442 ). t211 = t440.
src/abap/1_lexer/lexer.ts.Lexer.add,value_init_overwritten,1042,0,1,DATA(t443) = VALUE abap_bool( ). ... t443 = xsdbool( t444 = t445 ).
src/abap/1_lexer/lexer.ts.Lexer.add,temp_argument,1044,0,1,DATA(t445) = CONV abap_bool( abap_true ). t443 = xsdbool( t444 = t445 ).
src/abap/1_lexer/lexer.ts.Lexer.add,literal_scalar,1044,0,1,DATA(t445) = CONV abap_bool( abap_true ).
src/abap/1_lexer/lexer.ts.Lexer.add,bool_if,1045,0,1,t443 = xsdbool( t444 = t445 ). IF t443 = abap_true.
src/abap/1_lexer/lexer.ts.Lexer.add,clear_before_write,1048,0,1,CLEAR t446. ... t446 = NEW z_src_abap_1_l_e28d1fafbcc4e0( z_param_start_fb71be8754f59b = t447 z_param_str_b4492f271a40dd = t448 ).
src/abap/1_lexer/lexer.ts.Lexer.add,cast_temp,1049,0,1,DATA(t447) = CAST z_src_position_90002a97f25e1e( t187 ).
src/abap/1_lexer/lexer.ts.Lexer.add,temp_argument,1050,0,1,DATA(t448) = CONV string( t1 ). t446 = NEW z_src_abap_1_l_e28d1fafbcc4e0( z_param_start_fb71be8754f59b = t447 z_param_str_b4492f271a40dd = t448 ).
src/abap/1_lexer/lexer.ts.Lexer.add,temp_assign,1051,0,1,t446 = NEW z_src_abap_1_l_e28d1fafbcc4e0( z_param_start_fb71be8754f59b = t447 z_param_str_b4492f271a40dd = t448 ). t211 = t446.
src/abap/1_lexer/lexer.ts.Lexer.add,clear_before_write,1055,0,1,CLEAR t449. ... t449 = NEW z_src_abap_1_l_d00b2f8869899b( z_param_start_fb71be8754f59b = t450 z_param_str_b4492f271a40dd = t451 ).
src/abap/1_lexer/lexer.ts.Lexer.add,cast_temp,1056,0,1,DATA(t450) = CAST z_src_position_90002a97f25e1e( t187 ).
src/abap/1_lexer/lexer.ts.Lexer.add,temp_argument,1057,0,1,DATA(t451) = CONV string( t1 ). t449 = NEW z_src_abap_1_l_d00b2f8869899b( z_param_start_fb71be8754f59b = t450 z_param_str_b4492f271a40dd = t451 ).
src/abap/1_lexer/lexer.ts.Lexer.add,temp_assign,1058,0,1,t449 = NEW z_src_abap_1_l_d00b2f8869899b( z_param_start_fb71be8754f59b = t450 z_param_str_b4492f271a40dd = t451 ). t211 = t449.
src/abap/1_lexer/lexer.ts.Lexer.add,value_init_overwritten,1064,0,1,DATA(t452) = VALUE abap_bool( ). ... t452 = xsdbool( t453 = t454 ).
src/abap/1_lexer/lexer.ts.Lexer.add,temp_argument,1066,0,1,DATA(t454) = CONV string( |-| ). t452 = xsdbool( t453 = t454 ).
src/abap/1_lexer/lexer.ts.Lexer.add,literal_scalar,1066,0,1,DATA(t454) = CONV string( |-| ).
src/abap/1_lexer/lexer.ts.Lexer.add,bool_if,1067,0,1,t452 = xsdbool( t453 = t454 ). IF t452 = abap_true.
src/abap/1_lexer/lexer.ts.Lexer.add,value_init_overwritten,1069,0,1,DATA(t455) = VALUE abap_bool( ). ... t455 = t456.
src/abap/1_lexer/lexer.ts.Lexer.add,value_init_overwritten,1070,0,1,DATA(t456) = VALUE abap_bool( ). ... t456 = xsdbool( t457 = t458 ).
src/abap/1_lexer/lexer.ts.Lexer.add,temp_argument,1072,0,1,DATA(t458) = CONV abap_bool( abap_true ). t456 = xsdbool( t457 = t458 ).
src/abap/1_lexer/lexer.ts.Lexer.add,literal_scalar,1072,0,1,DATA(t458) = CONV abap_bool( abap_true ).
src/abap/1_lexer/lexer.ts.Lexer.add,value_init_overwritten,1076,0,1,DATA(t459) = VALUE abap_bool( ). ... t459 = xsdbool( t460 = t461 ).
src/abap/1_lexer/lexer.ts.Lexer.add,temp_argument,1078,0,1,DATA(t461) = CONV abap_bool( abap_true ). t459 = xsdbool( t460 = t461 ).
src/abap/1_lexer/lexer.ts.Lexer.add,literal_scalar,1078,0,1,DATA(t461) = CONV abap_bool( abap_true ).
src/abap/1_lexer/lexer.ts.Lexer.add,temp_assign,1079,0,1,t459 = xsdbool( t460 = t461 ). t455 = t459.
src/abap/1_lexer/lexer.ts.Lexer.add,clear_before_write,1084,0,1,CLEAR t462. ... t462 = NEW z_src_abap_1_l_b18a33ac8e6cd8( z_param_start_fb71be8754f59b = t463 z_param_str_b4492f271a40dd = t464 ).
src/abap/1_lexer/lexer.ts.Lexer.add,cast_temp,1085,0,1,DATA(t463) = CAST z_src_position_90002a97f25e1e( t187 ).
src/abap/1_lexer/lexer.ts.Lexer.add,temp_argument,1086,0,1,DATA(t464) = CONV string( t1 ). t462 = NEW z_src_abap_1_l_b18a33ac8e6cd8( z_param_start_fb71be8754f59b = t463 z_param_str_b4492f271a40dd = t464 ).
src/abap/1_lexer/lexer.ts.Lexer.add,temp_assign,1087,0,1,t462 = NEW z_src_abap_1_l_b18a33ac8e6cd8( z_param_start_fb71be8754f59b = t463 z_param_str_b4492f271a40dd = t464 ). t211 = t462.
src/abap/1_lexer/lexer.ts.Lexer.add,value_init_overwritten,1090,0,1,DATA(t465) = VALUE abap_bool( ). ... t465 = xsdbool( t466 = t467 ).
src/abap/1_lexer/lexer.ts.Lexer.add,temp_argument,1092,0,1,DATA(t467) = CONV abap_bool( abap_true ). t465 = xsdbool( t466 = t467 ).
src/abap/1_lexer/lexer.ts.Lexer.add,literal_scalar,1092,0,1,DATA(t467) = CONV abap_bool( abap_true ).
src/abap/1_lexer/lexer.ts.Lexer.add,bool_if,1093,0,1,t465 = xsdbool( t466 = t467 ). IF t465 = abap_true.
src/abap/1_lexer/lexer.ts.Lexer.add,clear_before_write,1096,0,1,CLEAR t468. ... t468 = NEW z_src_abap_1_l_7ba36b65b85cf3( z_param_start_fb71be8754f59b = t469 z_param_str_b4492f271a40dd = t470 ).
src/abap/1_lexer/lexer.ts.Lexer.add,cast_temp,1097,0,1,DATA(t469) = CAST z_src_position_90002a97f25e1e( t187 ).
src/abap/1_lexer/lexer.ts.Lexer.add,temp_argument,1098,0,1,DATA(t470) = CONV string( t1 ). t468 = NEW z_src_abap_1_l_7ba36b65b85cf3( z_param_start_fb71be8754f59b = t469 z_param_str_b4492f271a40dd = t470 ).
src/abap/1_lexer/lexer.ts.Lexer.add,temp_assign,1099,0,1,t468 = NEW z_src_abap_1_l_7ba36b65b85cf3( z_param_start_fb71be8754f59b = t469 z_param_str_b4492f271a40dd = t470 ). t211 = t468.
src/abap/1_lexer/lexer.ts.Lexer.add,value_init_overwritten,1102,0,1,DATA(t471) = VALUE abap_bool( ). ... t471 = xsdbool( t472 = t473 ).
src/abap/1_lexer/lexer.ts.Lexer.add,temp_argument,1104,0,1,DATA(t473) = CONV abap_bool( abap_true ). t471 = xsdbool( t472 = t473 ).
src/abap/1_lexer/lexer.ts.Lexer.add,literal_scalar,1104,0,1,DATA(t473) = CONV abap_bool( abap_true ).
src/abap/1_lexer/lexer.ts.Lexer.add,bool_if,1105,0,1,t471 = xsdbool( t472 = t473 ). IF t471 = abap_true.
src/abap/1_lexer/lexer.ts.Lexer.add,clear_before_write,1108,0,1,CLEAR t474. ... t474 = NEW z_src_abap_1_l_df093824eb319a( z_param_start_fb71be8754f59b = t475 z_param_str_b4492f271a40dd = t476 ).
src/abap/1_lexer/lexer.ts.Lexer.add,cast_temp,1109,0,1,DATA(t475) = CAST z_src_position_90002a97f25e1e( t187 ).
src/abap/1_lexer/lexer.ts.Lexer.add,temp_argument,1110,0,1,DATA(t476) = CONV string( t1 ). t474 = NEW z_src_abap_1_l_df093824eb319a( z_param_start_fb71be8754f59b = t475 z_param_str_b4492f271a40dd = t476 ).
src/abap/1_lexer/lexer.ts.Lexer.add,temp_assign,1111,0,1,t474 = NEW z_src_abap_1_l_df093824eb319a( z_param_start_fb71be8754f59b = t475 z_param_str_b4492f271a40dd = t476 ). t211 = t474.
src/abap/1_lexer/lexer.ts.Lexer.add,clear_before_write,1115,0,1,CLEAR t477. ... t477 = NEW z_src_abap_1_l_59874d6b1564ec( z_param_start_fb71be8754f59b = t478 z_param_str_b4492f271a40dd = t479 ).
src/abap/1_lexer/lexer.ts.Lexer.add,cast_temp,1116,0,1,DATA(t478) = CAST z_src_position_90002a97f25e1e( t187 ).
src/abap/1_lexer/lexer.ts.Lexer.add,temp_argument,1117,0,1,DATA(t479) = CONV string( t1 ). t477 = NEW z_src_abap_1_l_59874d6b1564ec( z_param_start_fb71be8754f59b = t478 z_param_str_b4492f271a40dd = t479 ).
src/abap/1_lexer/lexer.ts.Lexer.add,temp_assign,1118,0,1,t477 = NEW z_src_abap_1_l_59874d6b1564ec( z_param_start_fb71be8754f59b = t478 z_param_str_b4492f271a40dd = t479 ). t211 = t477.
src/abap/1_lexer/lexer.ts.Lexer.add,value_init_overwritten,1124,0,1,DATA(t480) = VALUE abap_bool( ). ... t480 = xsdbool( t481 = t482 ).
src/abap/1_lexer/lexer.ts.Lexer.add,temp_argument,1126,0,1,DATA(t482) = CONV string( |+| ). t480 = xsdbool( t481 = t482 ).
src/abap/1_lexer/lexer.ts.Lexer.add,literal_scalar,1126,0,1,DATA(t482) = CONV string( |+| ).
src/abap/1_lexer/lexer.ts.Lexer.add,bool_if,1127,0,1,t480 = xsdbool( t481 = t482 ). IF t480 = abap_true.
src/abap/1_lexer/lexer.ts.Lexer.add,value_init_overwritten,1129,0,1,DATA(t483) = VALUE abap_bool( ). ... t483 = t484.
src/abap/1_lexer/lexer.ts.Lexer.add,value_init_overwritten,1130,0,1,DATA(t484) = VALUE abap_bool( ). ... t484 = xsdbool( t485 = t486 ).
src/abap/1_lexer/lexer.ts.Lexer.add,temp_argument,1132,0,1,DATA(t486) = CONV abap_bool( abap_true ). t484 = xsdbool( t485 = t486 ).
src/abap/1_lexer/lexer.ts.Lexer.add,literal_scalar,1132,0,1,DATA(t486) = CONV abap_bool( abap_true ).
src/abap/1_lexer/lexer.ts.Lexer.add,value_init_overwritten,1136,0,1,DATA(t487) = VALUE abap_bool( ). ... t487 = xsdbool( t488 = t489 ).
src/abap/1_lexer/lexer.ts.Lexer.add,temp_argument,1138,0,1,DATA(t489) = CONV abap_bool( abap_true ). t487 = xsdbool( t488 = t489 ).
src/abap/1_lexer/lexer.ts.Lexer.add,literal_scalar,1138,0,1,DATA(t489) = CONV abap_bool( abap_true ).
src/abap/1_lexer/lexer.ts.Lexer.add,temp_assign,1139,0,1,t487 = xsdbool( t488 = t489 ). t483 = t487.
src/abap/1_lexer/lexer.ts.Lexer.add,clear_before_write,1144,0,1,CLEAR t490. ... t490 = NEW z_src_abap_1_l_3dff95359c8020( z_param_start_fb71be8754f59b = t491 z_param_str_b4492f271a40dd = t492 ).
src/abap/1_lexer/lexer.ts.Lexer.add,cast_temp,1145,0,1,DATA(t491) = CAST z_src_position_90002a97f25e1e( t187 ).
src/abap/1_lexer/lexer.ts.Lexer.add,temp_argument,1146,0,1,DATA(t492) = CONV string( t1 ). t490 = NEW z_src_abap_1_l_3dff95359c8020( z_param_start_fb71be8754f59b = t491 z_param_str_b4492f271a40dd = t492 ).
src/abap/1_lexer/lexer.ts.Lexer.add,temp_assign,1147,0,1,t490 = NEW z_src_abap_1_l_3dff95359c8020( z_param_start_fb71be8754f59b = t491 z_param_str_b4492f271a40dd = t492 ). t211 = t490.
src/abap/1_lexer/lexer.ts.Lexer.add,value_init_overwritten,1150,0,1,DATA(t493) = VALUE abap_bool( ). ... t493 = xsdbool( t494 = t495 ).
src/abap/1_lexer/lexer.ts.Lexer.add,temp_argument,1152,0,1,DATA(t495) = CONV abap_bool( abap_true ). t493 = xsdbool( t494 = t495 ).
src/abap/1_lexer/lexer.ts.Lexer.add,literal_scalar,1152,0,1,DATA(t495) = CONV abap_bool( abap_true ).
src/abap/1_lexer/lexer.ts.Lexer.add,bool_if,1153,0,1,t493 = xsdbool( t494 = t495 ). IF t493 = abap_true.
src/abap/1_lexer/lexer.ts.Lexer.add,clear_before_write,1156,0,1,CLEAR t496. ... t496 = NEW z_src_abap_1_l_08ceb0a703ef6d( z_param_start_fb71be8754f59b = t497 z_param_str_b4492f271a40dd = t498 ).
src/abap/1_lexer/lexer.ts.Lexer.add,cast_temp,1157,0,1,DATA(t497) = CAST z_src_position_90002a97f25e1e( t187 ).
src/abap/1_lexer/lexer.ts.Lexer.add,temp_argument,1158,0,1,DATA(t498) = CONV string( t1 ). t496 = NEW z_src_abap_1_l_08ceb0a703ef6d( z_param_start_fb71be8754f59b = t497 z_param_str_b4492f271a40dd = t498 ).
src/abap/1_lexer/lexer.ts.Lexer.add,temp_assign,1159,0,1,t496 = NEW z_src_abap_1_l_08ceb0a703ef6d( z_param_start_fb71be8754f59b = t497 z_param_str_b4492f271a40dd = t498 ). t211 = t496.
src/abap/1_lexer/lexer.ts.Lexer.add,value_init_overwritten,1162,0,1,DATA(t499) = VALUE abap_bool( ). ... t499 = xsdbool( t500 = t501 ).
src/abap/1_lexer/lexer.ts.Lexer.add,temp_argument,1164,0,1,DATA(t501) = CONV abap_bool( abap_true ). t499 = xsdbool( t500 = t501 ).
src/abap/1_lexer/lexer.ts.Lexer.add,literal_scalar,1164,0,1,DATA(t501) = CONV abap_bool( abap_true ).
src/abap/1_lexer/lexer.ts.Lexer.add,bool_if,1165,0,1,t499 = xsdbool( t500 = t501 ). IF t499 = abap_true.
src/abap/1_lexer/lexer.ts.Lexer.add,clear_before_write,1168,0,1,CLEAR t502. ... t502 = NEW z_src_abap_1_l_60805167dd2d62( z_param_start_fb71be8754f59b = t503 z_param_str_b4492f271a40dd = t504 ).
src/abap/1_lexer/lexer.ts.Lexer.add,cast_temp,1169,0,1,DATA(t503) = CAST z_src_position_90002a97f25e1e( t187 ).
src/abap/1_lexer/lexer.ts.Lexer.add,temp_argument,1170,0,1,DATA(t504) = CONV string( t1 ). t502 = NEW z_src_abap_1_l_60805167dd2d62( z_param_start_fb71be8754f59b = t503 z_param_str_b4492f271a40dd = t504 ).
src/abap/1_lexer/lexer.ts.Lexer.add,temp_assign,1171,0,1,t502 = NEW z_src_abap_1_l_60805167dd2d62( z_param_start_fb71be8754f59b = t503 z_param_str_b4492f271a40dd = t504 ). t211 = t502.
src/abap/1_lexer/lexer.ts.Lexer.add,clear_before_write,1175,0,1,CLEAR t505. ... t505 = NEW z_src_abap_1_l_b3ed064d59a535( z_param_start_fb71be8754f59b = t506 z_param_str_b4492f271a40dd = t507 ).
src/abap/1_lexer/lexer.ts.Lexer.add,cast_temp,1176,0,1,DATA(t506) = CAST z_src_position_90002a97f25e1e( t187 ).
src/abap/1_lexer/lexer.ts.Lexer.add,temp_argument,1177,0,1,DATA(t507) = CONV string( t1 ). t505 = NEW z_src_abap_1_l_b3ed064d59a535( z_param_start_fb71be8754f59b = t506 z_param_str_b4492f271a40dd = t507 ).
src/abap/1_lexer/lexer.ts.Lexer.add,temp_assign,1178,0,1,t505 = NEW z_src_abap_1_l_b3ed064d59a535( z_param_start_fb71be8754f59b = t506 z_param_str_b4492f271a40dd = t507 ). t211 = t505.
src/abap/1_lexer/lexer.ts.Lexer.add,value_init_overwritten,1184,0,1,DATA(t508) = VALUE abap_bool( ). ... t508 = xsdbool( t509 = t510 ).
src/abap/1_lexer/lexer.ts.Lexer.add,temp_argument,1186,0,1,DATA(t510) = CONV string( |@| ). t508 = xsdbool( t509 = t510 ).
src/abap/1_lexer/lexer.ts.Lexer.add,literal_scalar,1186,0,1,DATA(t510) = CONV string( |@| ).
src/abap/1_lexer/lexer.ts.Lexer.add,bool_if,1187,0,1,t508 = xsdbool( t509 = t510 ). IF t508 = abap_true.
src/abap/1_lexer/lexer.ts.Lexer.add,value_init_overwritten,1189,0,1,DATA(t511) = VALUE abap_bool( ). ... t511 = t512.
src/abap/1_lexer/lexer.ts.Lexer.add,value_init_overwritten,1190,0,1,DATA(t512) = VALUE abap_bool( ). ... t512 = xsdbool( t513 = t514 ).
src/abap/1_lexer/lexer.ts.Lexer.add,temp_argument,1192,0,1,DATA(t514) = CONV abap_bool( abap_true ). t512 = xsdbool( t513 = t514 ).
src/abap/1_lexer/lexer.ts.Lexer.add,literal_scalar,1192,0,1,DATA(t514) = CONV abap_bool( abap_true ).
src/abap/1_lexer/lexer.ts.Lexer.add,value_init_overwritten,1196,0,1,DATA(t515) = VALUE abap_bool( ). ... t515 = xsdbool( t516 = t517 ).
src/abap/1_lexer/lexer.ts.Lexer.add,temp_argument,1198,0,1,DATA(t517) = CONV abap_bool( abap_true ). t515 = xsdbool( t516 = t517 ).
src/abap/1_lexer/lexer.ts.Lexer.add,literal_scalar,1198,0,1,DATA(t517) = CONV abap_bool( abap_true ).
src/abap/1_lexer/lexer.ts.Lexer.add,temp_assign,1199,0,1,t515 = xsdbool( t516 = t517 ). t511 = t515.
src/abap/1_lexer/lexer.ts.Lexer.add,clear_before_write,1204,0,1,CLEAR t518. ... t518 = NEW z_src_abap_1_l_29ea9db443ce2a( z_param_start_fb71be8754f59b = t519 z_param_str_b4492f271a40dd = t520 ).
src/abap/1_lexer/lexer.ts.Lexer.add,cast_temp,1205,0,1,DATA(t519) = CAST z_src_position_90002a97f25e1e( t187 ).
src/abap/1_lexer/lexer.ts.Lexer.add,temp_argument,1206,0,1,DATA(t520) = CONV string( t1 ). t518 = NEW z_src_abap_1_l_29ea9db443ce2a( z_param_start_fb71be8754f59b = t519 z_param_str_b4492f271a40dd = t520 ).
src/abap/1_lexer/lexer.ts.Lexer.add,temp_assign,1207,0,1,t518 = NEW z_src_abap_1_l_29ea9db443ce2a( z_param_start_fb71be8754f59b = t519 z_param_str_b4492f271a40dd = t520 ). t211 = t518.
src/abap/1_lexer/lexer.ts.Lexer.add,value_init_overwritten,1210,0,1,DATA(t521) = VALUE abap_bool( ). ... t521 = xsdbool( t522 = t523 ).
src/abap/1_lexer/lexer.ts.Lexer.add,temp_argument,1212,0,1,DATA(t523) = CONV abap_bool( abap_true ). t521 = xsdbool( t522 = t523 ).
src/abap/1_lexer/lexer.ts.Lexer.add,literal_scalar,1212,0,1,DATA(t523) = CONV abap_bool( abap_true ).
src/abap/1_lexer/lexer.ts.Lexer.add,bool_if,1213,0,1,t521 = xsdbool( t522 = t523 ). IF t521 = abap_true.
src/abap/1_lexer/lexer.ts.Lexer.add,clear_before_write,1216,0,1,CLEAR t524. ... t524 = NEW z_src_abap_1_l_a788a5915f3776( z_param_start_fb71be8754f59b = t525 z_param_str_b4492f271a40dd = t526 ).
src/abap/1_lexer/lexer.ts.Lexer.add,cast_temp,1217,0,1,DATA(t525) = CAST z_src_position_90002a97f25e1e( t187 ).
src/abap/1_lexer/lexer.ts.Lexer.add,temp_argument,1218,0,1,DATA(t526) = CONV string( t1 ). t524 = NEW z_src_abap_1_l_a788a5915f3776( z_param_start_fb71be8754f59b = t525 z_param_str_b4492f271a40dd = t526 ).
src/abap/1_lexer/lexer.ts.Lexer.add,temp_assign,1219,0,1,t524 = NEW z_src_abap_1_l_a788a5915f3776( z_param_start_fb71be8754f59b = t525 z_param_str_b4492f271a40dd = t526 ). t211 = t524.
src/abap/1_lexer/lexer.ts.Lexer.add,value_init_overwritten,1222,0,1,DATA(t527) = VALUE abap_bool( ). ... t527 = xsdbool( t528 = t529 ).
src/abap/1_lexer/lexer.ts.Lexer.add,temp_argument,1224,0,1,DATA(t529) = CONV abap_bool( abap_true ). t527 = xsdbool( t528 = t529 ).
src/abap/1_lexer/lexer.ts.Lexer.add,literal_scalar,1224,0,1,DATA(t529) = CONV abap_bool( abap_true ).
src/abap/1_lexer/lexer.ts.Lexer.add,bool_if,1225,0,1,t527 = xsdbool( t528 = t529 ). IF t527 = abap_true.
src/abap/1_lexer/lexer.ts.Lexer.add,clear_before_write,1228,0,1,CLEAR t530. ... t530 = NEW z_src_abap_1_l_e1df53a88dff03( z_param_start_fb71be8754f59b = t531 z_param_str_b4492f271a40dd = t532 ).
src/abap/1_lexer/lexer.ts.Lexer.add,cast_temp,1229,0,1,DATA(t531) = CAST z_src_position_90002a97f25e1e( t187 ).
src/abap/1_lexer/lexer.ts.Lexer.add,temp_argument,1230,0,1,DATA(t532) = CONV string( t1 ). t530 = NEW z_src_abap_1_l_e1df53a88dff03( z_param_start_fb71be8754f59b = t531 z_param_str_b4492f271a40dd = t532 ).
src/abap/1_lexer/lexer.ts.Lexer.add,temp_assign,1231,0,1,t530 = NEW z_src_abap_1_l_e1df53a88dff03( z_param_start_fb71be8754f59b = t531 z_param_str_b4492f271a40dd = t532 ). t211 = t530.
src/abap/1_lexer/lexer.ts.Lexer.add,clear_before_write,1235,0,1,CLEAR t533. ... t533 = NEW z_src_abap_1_l_258e6e1760ef9f( z_param_start_fb71be8754f59b = t534 z_param_str_b4492f271a40dd = t535 ).
src/abap/1_lexer/lexer.ts.Lexer.add,cast_temp,1236,0,1,DATA(t534) = CAST z_src_position_90002a97f25e1e( t187 ).
src/abap/1_lexer/lexer.ts.Lexer.add,temp_argument,1237,0,1,DATA(t535) = CONV string( t1 ). t533 = NEW z_src_abap_1_l_258e6e1760ef9f( z_param_start_fb71be8754f59b = t534 z_param_str_b4492f271a40dd = t535 ).
src/abap/1_lexer/lexer.ts.Lexer.add,temp_assign,1238,0,1,t533 = NEW z_src_abap_1_l_258e6e1760ef9f( z_param_start_fb71be8754f59b = t534 z_param_str_b4492f271a40dd = t535 ). t211 = t533.
src/abap/1_lexer/lexer.ts.Lexer.add,value_init_overwritten,1252,0,1,DATA(t536) = VALUE abap_bool( ). ... t536 = xsdbool( t537 = t540 ).
src/abap/1_lexer/lexer.ts.Lexer.add,value_init_overwritten,1253,0,1,DATA(t537) = VALUE i( ). ... t537 = t539.
src/abap/1_lexer/lexer.ts.Lexer.add,temp_argument,1254,0,1,DATA(t538) = CONV string( t1 ). DATA(t539) = CONV i( strlen( t538 ) ).
src/abap/1_lexer/lexer.ts.Lexer.add,temp_assign,1255,0,1,DATA(t539) = CONV i( strlen( t538 ) ). t537 = t539.
src/abap/1_lexer/lexer.ts.Lexer.add,temp_argument,1257,0,1,DATA(t540) = CONV i( '2' ). t536 = xsdbool( t537 = t540 ).
src/abap/1_lexer/lexer.ts.Lexer.add,literal_scalar,1257,0,1,DATA(t540) = CONV i( '2' ).
src/abap/1_lexer/lexer.ts.Lexer.add,bool_if,1258,0,1,t536 = xsdbool( t537 = t540 ). IF t536 = abap_true.
src/abap/1_lexer/lexer.ts.Lexer.add,value_init_overwritten,1260,0,1,DATA(t541) = VALUE abap_bool( ). ... t541 = xsdbool( t542 = t543 ).
src/abap/1_lexer/lexer.ts.Lexer.add,temp_argument,1262,0,1,DATA(t543) = CONV string( |->| ). t541 = xsdbool( t542 = t543 ).
src/abap/1_lexer/lexer.ts.Lexer.add,literal_scalar,1262,0,1,DATA(t543) = CONV string( |->| ).
src/abap/1_lexer/lexer.ts.Lexer.add,bool_if,1263,0,1,t541 = xsdbool( t542 = t543 ). IF t541 = abap_true.
src/abap/1_lexer/lexer.ts.Lexer.add,value_init_overwritten,1265,0,1,DATA(t544) = VALUE abap_bool( ). ... t544 = t545.
src/abap/1_lexer/lexer.ts.Lexer.add,value_init_overwritten,1266,0,1,DATA(t545) = VALUE abap_bool( ). ... t545 = xsdbool( t546 = t547 ).
src/abap/1_lexer/lexer.ts.Lexer.add,temp_argument,1268,0,1,DATA(t547) = CONV abap_bool( abap_true ). t545 = xsdbool( t546 = t547 ).
src/abap/1_lexer/lexer.ts.Lexer.add,literal_scalar,1268,0,1,DATA(t547) = CONV abap_bool( abap_true ).
src/abap/1_lexer/lexer.ts.Lexer.add,value_init_overwritten,1272,0,1,DATA(t548) = VALUE abap_bool( ). ... t548 = xsdbool( t549 = t550 ).
src/abap/1_lexer/lexer.ts.Lexer.add,temp_argument,1274,0,1,DATA(t550) = CONV abap_bool( abap_true ). t548 = xsdbool( t549 = t550 ).
src/abap/1_lexer/lexer.ts.Lexer.add,literal_scalar,1274,0,1,DATA(t550) = CONV abap_bool( abap_true ).
src/abap/1_lexer/lexer.ts.Lexer.add,temp_assign,1275,0,1,t548 = xsdbool( t549 = t550 ). t544 = t548.
src/abap/1_lexer/lexer.ts.Lexer.add,clear_before_write,1280,0,1,CLEAR t551. ... t551 = NEW z_src_abap_1_l_b0551e8885971f( z_param_start_fb71be8754f59b = t552 z_param_str_b4492f271a40dd = t553 ).
src/abap/1_lexer/lexer.ts.Lexer.add,cast_temp,1281,0,1,DATA(t552) = CAST z_src_position_90002a97f25e1e( t187 ).
src/abap/1_lexer/lexer.ts.Lexer.add,temp_argument,1282,0,1,DATA(t553) = CONV string( t1 ). t551 = NEW z_src_abap_1_l_b0551e8885971f( z_param_start_fb71be8754f59b = t552 z_param_str_b4492f271a40dd = t553 ).
src/abap/1_lexer/lexer.ts.Lexer.add,temp_assign,1283,0,1,t551 = NEW z_src_abap_1_l_b0551e8885971f( z_param_start_fb71be8754f59b = t552 z_param_str_b4492f271a40dd = t553 ). t211 = t551.
src/abap/1_lexer/lexer.ts.Lexer.add,value_init_overwritten,1286,0,1,DATA(t554) = VALUE abap_bool( ). ... t554 = xsdbool( t555 = t556 ).
src/abap/1_lexer/lexer.ts.Lexer.add,temp_argument,1288,0,1,DATA(t556) = CONV abap_bool( abap_true ). t554 = xsdbool( t555 = t556 ).
src/abap/1_lexer/lexer.ts.Lexer.add,literal_scalar,1288,0,1,DATA(t556) = CONV abap_bool( abap_true ).
src/abap/1_lexer/lexer.ts.Lexer.add,bool_if,1289,0,1,t554 = xsdbool( t555 = t556 ). IF t554 = abap_true.
src/abap/1_lexer/lexer.ts.Lexer.add,clear_before_write,1292,0,1,CLEAR t557. ... t557 = NEW z_src_abap_1_l_ceb3d3b0732dba( z_param_start_fb71be8754f59b = t558 z_param_str_b4492f271a40dd = t559 ).
src/abap/1_lexer/lexer.ts.Lexer.add,cast_temp,1293,0,1,DATA(t558) = CAST z_src_position_90002a97f25e1e( t187 ).
src/abap/1_lexer/lexer.ts.Lexer.add,temp_argument,1294,0,1,DATA(t559) = CONV string( t1 ). t557 = NEW z_src_abap_1_l_ceb3d3b0732dba( z_param_start_fb71be8754f59b = t558 z_param_str_b4492f271a40dd = t559 ).
src/abap/1_lexer/lexer.ts.Lexer.add,temp_assign,1295,0,1,t557 = NEW z_src_abap_1_l_ceb3d3b0732dba( z_param_start_fb71be8754f59b = t558 z_param_str_b4492f271a40dd = t559 ). t211 = t557.
src/abap/1_lexer/lexer.ts.Lexer.add,value_init_overwritten,1298,0,1,DATA(t560) = VALUE abap_bool( ). ... t560 = xsdbool( t561 = t562 ).
src/abap/1_lexer/lexer.ts.Lexer.add,temp_argument,1300,0,1,DATA(t562) = CONV abap_bool( abap_true ). t560 = xsdbool( t561 = t562 ).
src/abap/1_lexer/lexer.ts.Lexer.add,literal_scalar,1300,0,1,DATA(t562) = CONV abap_bool( abap_true ).
src/abap/1_lexer/lexer.ts.Lexer.add,bool_if,1301,0,1,t560 = xsdbool( t561 = t562 ). IF t560 = abap_true.
src/abap/1_lexer/lexer.ts.Lexer.add,clear_before_write,1304,0,1,CLEAR t563. ... t563 = NEW z_src_abap_1_l_67a3b65ab960d1( z_param_start_fb71be8754f59b = t564 z_param_str_b4492f271a40dd = t565 ).
src/abap/1_lexer/lexer.ts.Lexer.add,cast_temp,1305,0,1,DATA(t564) = CAST z_src_position_90002a97f25e1e( t187 ).
src/abap/1_lexer/lexer.ts.Lexer.add,temp_argument,1306,0,1,DATA(t565) = CONV string( t1 ). t563 = NEW z_src_abap_1_l_67a3b65ab960d1( z_param_start_fb71be8754f59b = t564 z_param_str_b4492f271a40dd = t565 ).
src/abap/1_lexer/lexer.ts.Lexer.add,temp_assign,1307,0,1,t563 = NEW z_src_abap_1_l_67a3b65ab960d1( z_param_start_fb71be8754f59b = t564 z_param_str_b4492f271a40dd = t565 ). t211 = t563.
src/abap/1_lexer/lexer.ts.Lexer.add,clear_before_write,1311,0,1,CLEAR t566. ... t566 = NEW z_src_abap_1_l_aa6de3c5b9e7ef( z_param_start_fb71be8754f59b = t567 z_param_str_b4492f271a40dd = t568 ).
src/abap/1_lexer/lexer.ts.Lexer.add,cast_temp,1312,0,1,DATA(t567) = CAST z_src_position_90002a97f25e1e( t187 ).
src/abap/1_lexer/lexer.ts.Lexer.add,temp_argument,1313,0,1,DATA(t568) = CONV string( t1 ). t566 = NEW z_src_abap_1_l_aa6de3c5b9e7ef( z_param_start_fb71be8754f59b = t567 z_param_str_b4492f271a40dd = t568 ).
src/abap/1_lexer/lexer.ts.Lexer.add,temp_assign,1314,0,1,t566 = NEW z_src_abap_1_l_aa6de3c5b9e7ef( z_param_start_fb71be8754f59b = t567 z_param_str_b4492f271a40dd = t568 ). t211 = t566.
src/abap/1_lexer/lexer.ts.Lexer.add,value_init_overwritten,1320,0,1,DATA(t569) = VALUE abap_bool( ). ... t569 = xsdbool( t570 = t571 ).
src/abap/1_lexer/lexer.ts.Lexer.add,temp_argument,1322,0,1,DATA(t571) = CONV string( |=>| ). t569 = xsdbool( t570 = t571 ).
src/abap/1_lexer/lexer.ts.Lexer.add,literal_scalar,1322,0,1,DATA(t571) = CONV string( |=>| ).
src/abap/1_lexer/lexer.ts.Lexer.add,bool_if,1323,0,1,t569 = xsdbool( t570 = t571 ). IF t569 = abap_true.
src/abap/1_lexer/lexer.ts.Lexer.add,value_init_overwritten,1325,0,1,DATA(t572) = VALUE abap_bool( ). ... t572 = t573.
src/abap/1_lexer/lexer.ts.Lexer.add,value_init_overwritten,1326,0,1,DATA(t573) = VALUE abap_bool( ). ... t573 = xsdbool( t574 = t575 ).
src/abap/1_lexer/lexer.ts.Lexer.add,temp_argument,1328,0,1,DATA(t575) = CONV abap_bool( abap_true ). t573 = xsdbool( t574 = t575 ).
src/abap/1_lexer/lexer.ts.Lexer.add,literal_scalar,1328,0,1,DATA(t575) = CONV abap_bool( abap_true ).
src/abap/1_lexer/lexer.ts.Lexer.add,value_init_overwritten,1332,0,1,DATA(t576) = VALUE abap_bool( ). ... t576 = xsdbool( t577 = t578 ).
src/abap/1_lexer/lexer.ts.Lexer.add,temp_argument,1334,0,1,DATA(t578) = CONV abap_bool( abap_true ). t576 = xsdbool( t577 = t578 ).
src/abap/1_lexer/lexer.ts.Lexer.add,literal_scalar,1334,0,1,DATA(t578) = CONV abap_bool( abap_true ).
src/abap/1_lexer/lexer.ts.Lexer.add,temp_assign,1335,0,1,t576 = xsdbool( t577 = t578 ). t572 = t576.
src/abap/1_lexer/lexer.ts.Lexer.add,clear_before_write,1340,0,1,CLEAR t579. ... t579 = NEW z_src_abap_1_l_a45ffff9cec45c( z_param_start_fb71be8754f59b = t580 z_param_str_b4492f271a40dd = t581 ).
src/abap/1_lexer/lexer.ts.Lexer.add,cast_temp,1341,0,1,DATA(t580) = CAST z_src_position_90002a97f25e1e( t187 ).
src/abap/1_lexer/lexer.ts.Lexer.add,temp_argument,1342,0,1,DATA(t581) = CONV string( t1 ). t579 = NEW z_src_abap_1_l_a45ffff9cec45c( z_param_start_fb71be8754f59b = t580 z_param_str_b4492f271a40dd = t581 ).
src/abap/1_lexer/lexer.ts.Lexer.add,temp_assign,1343,0,1,t579 = NEW z_src_abap_1_l_a45ffff9cec45c( z_param_start_fb71be8754f59b = t580 z_param_str_b4492f271a40dd = t581 ). t211 = t579.
src/abap/1_lexer/lexer.ts.Lexer.add,value_init_overwritten,1346,0,1,DATA(t582) = VALUE abap_bool( ). ... t582 = xsdbool( t583 = t584 ).
src/abap/1_lexer/lexer.ts.Lexer.add,temp_argument,1348,0,1,DATA(t584) = CONV abap_bool( abap_true ). t582 = xsdbool( t583 = t584 ).
src/abap/1_lexer/lexer.ts.Lexer.add,literal_scalar,1348,0,1,DATA(t584) = CONV abap_bool( abap_true ).
src/abap/1_lexer/lexer.ts.Lexer.add,bool_if,1349,0,1,t582 = xsdbool( t583 = t584 ). IF t582 = abap_true.
src/abap/1_lexer/lexer.ts.Lexer.add,clear_before_write,1352,0,1,CLEAR t585. ... t585 = NEW z_src_abap_1_l_b5821ca74b99e9( z_param_start_fb71be8754f59b = t586 z_param_str_b4492f271a40dd = t587 ).
src/abap/1_lexer/lexer.ts.Lexer.add,cast_temp,1353,0,1,DATA(t586) = CAST z_src_position_90002a97f25e1e( t187 ).
src/abap/1_lexer/lexer.ts.Lexer.add,temp_argument,1354,0,1,DATA(t587) = CONV string( t1 ). t585 = NEW z_src_abap_1_l_b5821ca74b99e9( z_param_start_fb71be8754f59b = t586 z_param_str_b4492f271a40dd = t587 ).
src/abap/1_lexer/lexer.ts.Lexer.add,temp_assign,1355,0,1,t585 = NEW z_src_abap_1_l_b5821ca74b99e9( z_param_start_fb71be8754f59b = t586 z_param_str_b4492f271a40dd = t587 ). t211 = t585.
src/abap/1_lexer/lexer.ts.Lexer.add,value_init_overwritten,1358,0,1,DATA(t588) = VALUE abap_bool( ). ... t588 = xsdbool( t589 = t590 ).
src/abap/1_lexer/lexer.ts.Lexer.add,temp_argument,1360,0,1,DATA(t590) = CONV abap_bool( abap_true ). t588 = xsdbool( t589 = t590 ).
src/abap/1_lexer/lexer.ts.Lexer.add,literal_scalar,1360,0,1,DATA(t590) = CONV abap_bool( abap_true ).
src/abap/1_lexer/lexer.ts.Lexer.add,bool_if,1361,0,1,t588 = xsdbool( t589 = t590 ). IF t588 = abap_true.
src/abap/1_lexer/lexer.ts.Lexer.add,clear_before_write,1364,0,1,CLEAR t591. ... t591 = NEW z_src_abap_1_l_ab0a2314872685( z_param_start_fb71be8754f59b = t592 z_param_str_b4492f271a40dd = t593 ).
src/abap/1_lexer/lexer.ts.Lexer.add,cast_temp,1365,0,1,DATA(t592) = CAST z_src_position_90002a97f25e1e( t187 ).
src/abap/1_lexer/lexer.ts.Lexer.add,temp_argument,1366,0,1,DATA(t593) = CONV string( t1 ). t591 = NEW z_src_abap_1_l_ab0a2314872685( z_param_start_fb71be8754f59b = t592 z_param_str_b4492f271a40dd = t593 ).
src/abap/1_lexer/lexer.ts.Lexer.add,temp_assign,1367,0,1,t591 = NEW z_src_abap_1_l_ab0a2314872685( z_param_start_fb71be8754f59b = t592 z_param_str_b4492f271a40dd = t593 ). t211 = t591.
src/abap/1_lexer/lexer.ts.Lexer.add,clear_before_write,1371,0,1,CLEAR t594. ... t594 = NEW z_src_abap_1_l_5982da24ccd33b( z_param_start_fb71be8754f59b = t595 z_param_str_b4492f271a40dd = t596 ).
src/abap/1_lexer/lexer.ts.Lexer.add,cast_temp,1372,0,1,DATA(t595) = CAST z_src_position_90002a97f25e1e( t187 ).
src/abap/1_lexer/lexer.ts.Lexer.add,temp_argument,1373,0,1,DATA(t596) = CONV string( t1 ). t594 = NEW z_src_abap_1_l_5982da24ccd33b( z_param_start_fb71be8754f59b = t595 z_param_str_b4492f271a40dd = t596 ).
src/abap/1_lexer/lexer.ts.Lexer.add,temp_assign,1374,0,1,t594 = NEW z_src_abap_1_l_5982da24ccd33b( z_param_start_fb71be8754f59b = t595 z_param_str_b4492f271a40dd = t596 ). t211 = t594.
src/abap/1_lexer/lexer.ts.Lexer.add,clear_before_write,1391,0,1,CLEAR t600. ... t600 = t601.
src/abap/1_lexer/lexer.ts.Lexer.add,temp_assign,1392,0,1,DATA(t601) = CAST z_src_abap_1_l_506101b34e5cc0( t211 ). t600 = t601.
src/abap/1_lexer/lexer.ts.Lexer.add,cast_temp,1392,0,1,DATA(t601) = CAST z_src_abap_1_l_506101b34e5cc0( t211 ).
src/abap/1_lexer/lexer.ts.Lexer.add,clear_before_write,1395,0,1,CLEAR t602. ... t602 = t603.
src/abap/1_lexer/lexer.ts.Lexer.add,cast_temp,1400,0,1,DATA(t605) = CAST z_src_abap_1_l_506101b34e5cc0( t600 ).
src/abap/1_lexer/lexer.ts.Lexer.add,value_init_overwritten,1407,0,1,DATA(t606) = VALUE abap_bool( ). ... t606 = xsdbool( t607 = t608 ).
src/abap/1_lexer/lexer.ts.Lexer.add,value_init_overwritten,1409,0,1,DATA(t608) = VALUE int8( ). ... t608 = t609.
src/abap/1_lexer/lexer.ts.Lexer.add,temp_assign,1410,0,1,DATA(t609) = CONV i( z_src_abap_1_l_9d1bf4ef0204bc=>z_member_moden_b5a760222f857a ). t608 = t609.
src/abap/1_lexer/lexer.ts.Lexer.add,temp_assign,1412,0,1,t606 = xsdbool( t607 = t608 ). t598 = t606.
src/abap/1_lexer/lexer.ts.Lexer.add,literal_scalar,1420,0,1,DATA(t613) = CONV i( '0' ).
src/abap/1_lexer/lexer.ts.Lexer.add,temp_argument,1427,0,1,DATA(t615) = CONV string( `\` ). t610 = xsdbool( t611 = t615 ).
src/abap/1_lexer/lexer.ts.Lexer.add,literal_scalar,1427,0,1,DATA(t615) = CONV string( `\` ).
src/abap/1_lexer/lexer.ts.Lexer.add,temp_assign,1428,0,1,t610 = xsdbool( t611 = t615 ). t597 = t610.
src/abap/1_lexer/lexer.ts.Lexer.add,clear_before_write,1438,0,1,CLEAR t621. ... t621 = t622.
src/abap/1_lexer/lexer.ts.Lexer.add,temp_assign,1439,0,1,DATA(t622) = CAST z_src_abap_1_l_4d08aedee14b5b( me->z_member_strea_a7723f2d8ee36b ). t621 = t622.
src/abap/1_lexer/lexer.ts.Lexer.add,cast_temp,1439,0,1,DATA(t622) = CAST z_src_abap_1_l_4d08aedee14b5b( me->z_member_strea_a7723f2d8ee36b ).
src/abap/1_lexer/lexer.ts.Lexer.add,value_init_overwritten,1443,0,1,DATA(t625) = VALUE int8( ). ... t625 = t626 + t629.
src/abap/1_lexer/lexer.ts.Lexer.add,value_init_overwritten,1444,0,1,DATA(t626) = VALUE int8( ). ... t626 = t627.
src/abap/1_lexer/lexer.ts.Lexer.add,value_init_overwritten,1445,0,1,DATA(t627) = VALUE i( ). ... t627 = t628->z_member_offse_4eb7e0915312eb.
src/abap/1_lexer/lexer.ts.Lexer.add,cast_temp,1446,0,1,DATA(t628) = CAST z_src_abap_1_l_4d08aedee14b5b( t621 ).
src/abap/1_lexer/lexer.ts.Lexer.add,temp_assign,1447,0,1,t627 = t628->z_member_offse_4eb7e0915312eb. t626 = t627.
src/abap/1_lexer/lexer.ts.Lexer.add,literal_scalar,1449,0,1,DATA(t629) = CONV int8( 1 ).
src/abap/1_lexer/lexer.ts.Lexer.add,value_init_overwritten,1456,0,1,DATA(t631) = VALUE abap_bool( ). ... t631 = xsdbool( t632 >= t633 ).
src/abap/1_lexer/lexer.ts.Lexer.add,value_init_overwritten,1458,0,1,DATA(t633) = VALUE int8( ). ... t633 = t634.
src/abap/1_lexer/lexer.ts.Lexer.add,value_init_overwritten,1459,0,1,DATA(t634) = VALUE i( ). ... t634 = t637.
src/abap/1_lexer/lexer.ts.Lexer.add,value_init_overwritten,1460,0,1,DATA(t635) = VALUE string( ). ... t635 = t636->z_member_raw_eb82124cb04f25.
src/abap/1_lexer/lexer.ts.Lexer.add,cast_temp,1461,0,1,DATA(t636) = CAST z_src_abap_1_l_4d08aedee14b5b( t621 ).
src/abap/1_lexer/lexer.ts.Lexer.add,temp_assign,1463,0,1,DATA(t637) = CONV i( strlen( t635 ) ). t634 = t637.
src/abap/1_lexer/lexer.ts.Lexer.add,temp_assign,1464,0,1,t634 = t637. t633 = t634.
src/abap/1_lexer/lexer.ts.Lexer.add,bool_if,1466,0,1,t631 = xsdbool( t632 >= t633 ). IF t631 = abap_true.
src/abap/1_lexer/lexer.ts.Lexer.add,value_init_overwritten,1468,0,1,DATA(t638) = VALUE int8( ). ... t638 = t639.
src/abap/1_lexer/lexer.ts.Lexer.add,temp_assign,1469,0,1,DATA(t639) = CONV i( z_src_abap_1_l_947bbb88034ba0=>z_member_eof_9d9c0193bdc4f4 ). t638 = t639.
src/abap/1_lexer/lexer.ts.Lexer.add,temp_assign,1470,0,1,t638 = t639. t630 = t638.
src/abap/1_lexer/lexer.ts.Lexer.add,value_init_overwritten,1475,0,1,DATA(t642) = VALUE string( ). ... t642 = t643->z_member_raw_eb82124cb04f25.
src/abap/1_lexer/lexer.ts.Lexer.add,cast_temp,1476,0,1,DATA(t643) = CAST z_src_abap_1_l_4d08aedee14b5b( t621 ).
src/abap/1_lexer/lexer.ts.Lexer.add,value_init_overwritten,1478,0,1,DATA(t644) = VALUE i( ). ... t644 = t645.
src/abap/1_lexer/lexer.ts.Lexer.add,temp_assign,1479,0,1,DATA(t645) = CONV int8( t624 ). t644 = t645.
src/abap/1_lexer/lexer.ts.Lexer.add,clear_before_write,1487,0,1,CLEAR t648. ... t648 = t647.
src/abap/1_lexer/lexer.ts.Lexer.add,temp_assign,1507,0,1,t640 = t641. t630 = t640.
src/abap/1_lexer/lexer.ts.Lexer.add,temp_assign,1510,0,1,t623 = t630. t620 = t623.
src/abap/1_lexer/lexer.ts.Lexer.add,temp_assign,1511,0,1,t620 = t623. t619 = t620.
src/abap/1_lexer/lexer.ts.Lexer.add,temp_argument,1513,0,1,DATA(t653) = CONV i( z_src_abap_1_l_9d1bf4ef0204bc=>z_member_eof_9d9c0193bdc4f4 ). t618 = xsdbool( t619 = t653 ).
src/abap/1_lexer/lexer.ts.Lexer.add,bool_if,1514,0,1,t618 = xsdbool( t619 = t653 ). IF t618 = abap_true.
src/abap/1_lexer/lexer.ts.Lexer.add,temp_assign,1516,0,1,DATA(t654) = CONV i( '1' ). t617 = t654.
src/abap/1_lexer/lexer.ts.Lexer.add,literal_scalar,1516,0,1,DATA(t654) = CONV i( '1' ).
src/abap/1_lexer/lexer.ts.Lexer.add,temp_assign,1519,0,1,DATA(t655) = CONV i( '0' ). t617 = t655.
src/abap/1_lexer/lexer.ts.Lexer.add,literal_scalar,1519,0,1,DATA(t655) = CONV i( '0' ).
src/abap/1_lexer/lexer.ts.Lexer.add,value_init_overwritten,1524,0,1,DATA(t657) = VALUE int8( ). ... t657 = t658 - t670.
src/abap/1_lexer/lexer.ts.Lexer.add,value_init_overwritten,1525,0,1,DATA(t658) = VALUE int8( ). ... t658 = t659.
src/abap/1_lexer/lexer.ts.Lexer.add,value_init_overwritten,1526,0,1,DATA(t659) = VALUE i( ). ... t659 = t660 - t667.
src/abap/1_lexer/lexer.ts.Lexer.add,value_init_overwritten,1527,0,1,DATA(t660) = VALUE i( ). ... t660 = t661.
src/abap/1_lexer/lexer.ts.Lexer.add,value_init_overwritten,1528,0,1,DATA(t661) = VALUE int8( ). ... t661 = t664.
src/abap/1_lexer/lexer.ts.Lexer.add,clear_before_write,1530,0,1,CLEAR t662. ... t662 = t663.
src/abap/1_lexer/lexer.ts.Lexer.add,temp_assign,1531,0,1,DATA(t663) = CAST z_src_abap_1_l_4d08aedee14b5b( me->z_member_strea_a7723f2d8ee36b ). t662 = t663.
src/abap/1_lexer/lexer.ts.Lexer.add,cast_temp,1531,0,1,DATA(t663) = CAST z_src_abap_1_l_4d08aedee14b5b( me->z_member_strea_a7723f2d8ee36b ).
src/abap/1_lexer/lexer.ts.Lexer.add,value_init_overwritten,1533,0,1,DATA(t664) = VALUE int8( ). ... t664 = t665.
src/abap/1_lexer/lexer.ts.Lexer.add,value_init_overwritten,1534,0,1,DATA(t665) = VALUE i( ). ... t665 = t666->z_member_offse_4eb7e0915312eb.
src/abap/1_lexer/lexer.ts.Lexer.add,cast_temp,1535,0,1,DATA(t666) = CAST z_src_abap_1_l_4d08aedee14b5b( t662 ).
src/abap/1_lexer/lexer.ts.Lexer.add,temp_assign,1536,0,1,t665 = t666->z_member_offse_4eb7e0915312eb. t664 = t665.
src/abap/1_lexer/lexer.ts.Lexer.add,temp_assign,1537,0,1,t664 = t665. t661 = t664.
src/abap/1_lexer/lexer.ts.Lexer.add,temp_assign,1538,0,1,t661 = t664. t660 = t661.
src/abap/1_lexer/lexer.ts.Lexer.add,value_init_overwritten,1540,0,1,DATA(t667) = VALUE i( ). ... t667 = t669.
src/abap/1_lexer/lexer.ts.Lexer.add,temp_argument,1541,0,1,DATA(t668) = CONV string( t1 ). DATA(t669) = CONV i( strlen( t668 ) ).
src/abap/1_lexer/lexer.ts.Lexer.add,temp_assign,1542,0,1,DATA(t669) = CONV i( strlen( t668 ) ). t667 = t669.
src/abap/1_lexer/lexer.ts.Lexer.add,temp_assign,1544,0,1,t659 = t660 - t667. t658 = t659.
src/abap/1_lexer/lexer.ts.Lexer.add,value_init_overwritten,1546,0,1,DATA(t670) = VALUE int8( ). ... t670 = t671.
src/abap/1_lexer/lexer.ts.Lexer.add,temp_assign,1547,0,1,DATA(t671) = CONV i( t616 ). t670 = t671.
src/abap/1_lexer/lexer.ts.Lexer.add,clear_before_write,1558,0,1,CLEAR t675. ... t675 = t676.
src/abap/1_lexer/lexer.ts.Lexer.add,temp_assign,1559,0,1,DATA(t676) = CAST z_src_abap_1_l_4d08aedee14b5b( me->z_member_strea_a7723f2d8ee36b ). t675 = t676.
src/abap/1_lexer/lexer.ts.Lexer.add,cast_temp,1559,0,1,DATA(t676) = CAST z_src_abap_1_l_4d08aedee14b5b( me->z_member_strea_a7723f2d8ee36b ).
src/abap/1_lexer/lexer.ts.Lexer.add,value_init_overwritten,1561,0,1,DATA(t677) = VALUE int8( ). ... t677 = t678.
src/abap/1_lexer/lexer.ts.Lexer.add,temp_assign,1562,0,1,DATA(t678) = CONV int8( t656 ). t677 = t678.
src/abap/1_lexer/lexer.ts.Lexer.add,value_init_overwritten,1565,0,1,DATA(t680) = VALUE abap_bool( ). ... t680 = t681.
src/abap/1_lexer/lexer.ts.Lexer.add,value_init_overwritten,1566,0,1,DATA(t681) = VALUE abap_bool( ). ... t681 = xsdbool( t682 < t683 ).
src/abap/1_lexer/lexer.ts.Lexer.add,temp_argument,1568,0,1,DATA(t683) = CONV int8( 0 ). t681 = xsdbool( t682 < t683 ).
src/abap/1_lexer/lexer.ts.Lexer.add,literal_scalar,1568,0,1,DATA(t683) = CONV int8( 0 ).
src/abap/1_lexer/lexer.ts.Lexer.add,value_init_overwritten,1572,0,1,DATA(t684) = VALUE abap_bool( ). ... t684 = xsdbool( t685 >= t686 ).
src/abap/1_lexer/lexer.ts.Lexer.add,value_init_overwritten,1574,0,1,DATA(t686) = VALUE int8( ). ... t686 = t687.
src/abap/1_lexer/lexer.ts.Lexer.add,value_init_overwritten,1575,0,1,DATA(t687) = VALUE i( ). ... t687 = t690.
src/abap/1_lexer/lexer.ts.Lexer.add,value_init_overwritten,1576,0,1,DATA(t688) = VALUE string( ). ... t688 = t689->z_member_raw_eb82124cb04f25.
src/abap/1_lexer/lexer.ts.Lexer.add,cast_temp,1577,0,1,DATA(t689) = CAST z_src_abap_1_l_4d08aedee14b5b( t675 ).
src/abap/1_lexer/lexer.ts.Lexer.add,temp_assign,1579,0,1,DATA(t690) = CONV i( strlen( t688 ) ). t687 = t690.
src/abap/1_lexer/lexer.ts.Lexer.add,temp_assign,1580,0,1,t687 = t690. t686 = t687.
src/abap/1_lexer/lexer.ts.Lexer.add,temp_assign,1582,0,1,t684 = xsdbool( t685 >= t686 ). t680 = t684.
src/abap/1_lexer/lexer.ts.Lexer.add,value_init_overwritten,1586,0,1,DATA(t691) = VALUE int8( ). ... t691 = t692.
src/abap/1_lexer/lexer.ts.Lexer.add,temp_assign,1587,0,1,DATA(t692) = CONV i( z_src_abap_1_l_947bbb88034ba0=>z_member_eof_9d9c0193bdc4f4 ). t691 = t692.
src/abap/1_lexer/lexer.ts.Lexer.add,temp_assign,1588,0,1,t691 = t692. t679 = t691.
src/abap/1_lexer/lexer.ts.Lexer.add,value_init_overwritten,1593,0,1,DATA(t695) = VALUE string( ). ... t695 = t696->z_member_raw_eb82124cb04f25.
src/abap/1_lexer/lexer.ts.Lexer.add,cast_temp,1594,0,1,DATA(t696) = CAST z_src_abap_1_l_4d08aedee14b5b( t675 ).
src/abap/1_lexer/lexer.ts.Lexer.add,clear_before_write,1608,0,1,CLEAR t701. ... t701 = t700.
src/abap/1_lexer/lexer.ts.Lexer.add,temp_assign,1628,0,1,t693 = t694. t679 = t693.
src/abap/1_lexer/lexer.ts.Lexer.add,temp_assign,1631,0,1,t674 = t679. t673 = t674.
src/abap/1_lexer/lexer.ts.Lexer.add,temp_assign,1632,0,1,t673 = t674. t672 = t673.
src/abap/1_lexer/lexer.ts.Lexer.add,value_init_overwritten,1637,0,1,DATA(t709) = VALUE abap_bool( ). ... t709 = t710.
src/abap/1_lexer/lexer.ts.Lexer.add,value_init_overwritten,1638,0,1,DATA(t710) = VALUE abap_bool( ). ... t710 = xsdbool( t711 = t712 ).
src/abap/1_lexer/lexer.ts.Lexer.add,temp_argument,1640,0,1,DATA(t712) = CONV i( z_src_abap_1_l_9d1bf4ef0204bc=>z_member_ch_sp_1e1455ae5d77cb ). t710 = xsdbool( t711 = t712 ).
src/abap/1_lexer/lexer.ts.Lexer.add,value_init_overwritten,1644,0,1,DATA(t713) = VALUE abap_bool( ). ... t713 = xsdbool( t714 = t715 ).
src/abap/1_lexer/lexer.ts.Lexer.add,temp_argument,1646,0,1,DATA(t715) = CONV i( z_src_abap_1_l_9d1bf4ef0204bc=>z_member_ch_nl_0bb0a059e6c864 ). t713 = xsdbool( t714 = t715 ).
src/abap/1_lexer/lexer.ts.Lexer.add,temp_assign,1647,0,1,t713 = xsdbool( t714 = t715 ). t709 = t713.
src/abap/1_lexer/lexer.ts.Lexer.add,value_init_overwritten,1652,0,1,DATA(t716) = VALUE abap_bool( ). ... t716 = xsdbool( t717 = t718 ).
src/abap/1_lexer/lexer.ts.Lexer.add,temp_argument,1654,0,1,DATA(t718) = CONV i( z_src_abap_1_l_9d1bf4ef0204bc=>z_member_ch_ta_216cb35cb4e651 ). t716 = xsdbool( t717 = t718 ).
src/abap/1_lexer/lexer.ts.Lexer.add,temp_assign,1655,0,1,t716 = xsdbool( t717 = t718 ). t708 = t716.
src/abap/1_lexer/lexer.ts.Lexer.add,value_init_overwritten,1660,0,1,DATA(t719) = VALUE abap_bool( ). ... t719 = xsdbool( t720 = t721 ).
src/abap/1_lexer/lexer.ts.Lexer.add,temp_argument,1662,0,1,DATA(t721) = CONV i( z_src_abap_1_l_9d1bf4ef0204bc=>z_member_ch_co_ec6cd7b03d4329 ). t719 = xsdbool( t720 = t721 ).
src/abap/1_lexer/lexer.ts.Lexer.add,temp_assign,1663,0,1,t719 = xsdbool( t720 = t721 ). t707 = t719.
src/abap/1_lexer/lexer.ts.Lexer.add,value_init_overwritten,1667,0,1,DATA(t722) = VALUE abap_bool( ). ... t722 = xsdbool( t723 = abap_false ).
src/abap/1_lexer/lexer.ts.Lexer.add,temp_argument,1668,0,1,DATA(t723) = CONV abap_bool( t706 ). t722 = xsdbool( t723 = abap_false ).
src/abap/1_lexer/lexer.ts.Lexer.add,bool_if,1669,0,1,t722 = xsdbool( t723 = abap_false ). IF t722 = abap_true.
src/abap/1_lexer/lexer.ts.Lexer.add,clear_before_write,1672,0,1,CLEAR t724. ... t724 = NEW z_src_abap_1_l_90a33be3779b7c( z_param_start_fb71be8754f59b = t725 z_param_str_b4492f271a40dd = t726 ).
src/abap/1_lexer/lexer.ts.Lexer.add,cast_temp,1673,0,1,DATA(t725) = CAST z_src_position_90002a97f25e1e( t187 ).
src/abap/1_lexer/lexer.ts.Lexer.add,temp_argument,1674,0,1,DATA(t726) = CONV string( t1 ). t724 = NEW z_src_abap_1_l_90a33be3779b7c( z_param_start_fb71be8754f59b = t725 z_param_str_b4492f271a40dd = t726 ).
src/abap/1_lexer/lexer.ts.Lexer.add,temp_assign,1675,0,1,t724 = NEW z_src_abap_1_l_90a33be3779b7c( z_param_start_fb71be8754f59b = t725 z_param_str_b4492f271a40dd = t726 ). t211 = t724.
src/abap/1_lexer/lexer.ts.Lexer.add,clear_before_write,1681,0,1,CLEAR t728. ... t728 = t729.
src/abap/1_lexer/lexer.ts.Lexer.add,temp_assign,1682,0,1,DATA(t729) = CAST z_src_abap_1_l_506101b34e5cc0( t211 ). t728 = t729.
src/abap/1_lexer/lexer.ts.Lexer.add,cast_temp,1682,0,1,DATA(t729) = CAST z_src_abap_1_l_506101b34e5cc0( t211 ).
src/abap/1_lexer/lexer.ts.Lexer.add,clear_before_write,1685,0,1,CLEAR t730. ... t730 = t731.
src/abap/1_lexer/lexer.ts.Lexer.add,cast_temp,1690,0,1,DATA(t733) = CAST z_src_abap_1_l_506101b34e5cc0( t728 ).
src/abap/1_lexer/lexer.ts.Lexer.add,clear_before_write,1697,0,1,CLEAR t734. ... t734 = NEW z_src_abap_1_l_b22fdb51f8f4f0( z_param_start_fb71be8754f59b = t735 z_param_str_b4492f271a40dd = t736 ).
src/abap/1_lexer/lexer.ts.Lexer.add,cast_temp,1698,0,1,DATA(t735) = CAST z_src_position_90002a97f25e1e( t187 ).
src/abap/1_lexer/lexer.ts.Lexer.add,temp_argument,1699,0,1,DATA(t736) = CONV string( t1 ). t734 = NEW z_src_abap_1_l_b22fdb51f8f4f0( z_param_start_fb71be8754f59b = t735 z_param_str_b4492f271a40dd = t736 ).
src/abap/1_lexer/lexer.ts.Lexer.add,temp_assign,1700,0,1,t734 = NEW z_src_abap_1_l_b22fdb51f8f4f0( z_param_start_fb71be8754f59b = t735 z_param_str_b4492f271a40dd = t736 ). t211 = t734.
src/abap/1_lexer/lexer.ts.Lexer.add,cast_temp,1703,0,1,DATA(t737) = CAST z_runtime_arra_c22708faf2e354( me->z_member_token_ed4bfabc8c4cec ).
src/abap/1_lexer/lexer.ts.Lexer.add,clear_before_write,1705,0,1,CLEAR t738. ... t738 = t739.
src/abap/1_lexer/lexer.ts.Lexer.add,temp_assign,1706,0,1,DATA(t739) = CAST z_src_abap_1_l_506101b34e5cc0( t211 ). t738 = t739.
src/abap/1_lexer/lexer.ts.Lexer.add,cast_temp,1706,0,1,DATA(t739) = CAST z_src_abap_1_l_506101b34e5cc0( t211 ).
src/abap/1_lexer/lexer.ts.Lexer.add,clear_before_write,1711,0,1,CLEAR t740. ... t740 = t741.
src/abap/1_lexer/lexer.ts.Lexer.add,temp_assign,1712,0,1,DATA(t741) = CAST z_src_abap_1_l_cca5bd2c711d39( me->z_member_buffe_50d854778a22d2 ). t740 = t741.
src/abap/1_lexer/lexer.ts.Lexer.add,cast_temp,1712,0,1,DATA(t741) = CAST z_src_abap_1_l_cca5bd2c711d39( me->z_member_buffe_50d854778a22d2 ).
src/abap/1_lexer/lexer.ts.Lexer.add,cast_temp,1714,0,1,DATA(t742) = CAST z_src_abap_1_l_cca5bd2c711d39( t740 ).
src/abap/1_lexer/lexer.ts.Lexer.add,literal_scalar,1715,0,1,DATA(t743) = CONV i( '0' ).
src/abap/1_lexer/lexer.ts.Lexer.add,cast_temp,1717,0,1,DATA(t744) = CAST z_src_abap_1_l_cca5bd2c711d39( t740 ).
src/abap/1_lexer/lexer.ts.Lexer.add,literal_scalar,1718,0,1,DATA(t745) = CONV i( '0' ).
src/abap/1_lexer/lexer.ts.Lexer.add,cast_temp,1720,0,1,DATA(t746) = CAST z_src_abap_1_l_cca5bd2c711d39( t740 ).
src/abap/1_lexer/lexer.ts.Lexer.add,literal_scalar,1721,0,1,DATA(t747) = CONV abap_bool( abap_true ).
src/abap/1_lexer/lexer.ts.Lexer.process,range_bound_assignment,1727,0,1,range_int8_bound_min = -9007199.
src/abap/1_lexer/lexer.ts.Lexer.process,range_bound_assignment,1728,0,1,range_int8_bound_min = range_int8_bound_min * 1000000000.
src/abap/1_lexer/lexer.ts.Lexer.process,range_bound_assignment,1729,0,1,range_int8_bound_min = range_int8_bound_min - 254740991.
src/abap/1_lexer/lexer.ts.Lexer.process,range_bound_assignment,1730,0,1,range_int8_bound_max = 9007199.
src/abap/1_lexer/lexer.ts.Lexer.process,range_bound_assignment,1731,0,1,range_int8_bound_max = range_int8_bound_max * 1000000000.
src/abap/1_lexer/lexer.ts.Lexer.process,range_bound_assignment,1732,0,1,range_int8_bound_max = range_int8_bound_max + 254740991.
src/abap/1_lexer/lexer.ts.Lexer.process,range_bound_assignment,1734,0,1,range_int_check_hi_zik0zi = 2147483646.
src/abap/1_lexer/lexer.ts.Lexer.process,range_bound_assignment,1736,0,1,range_int_check_lo_nzik0zk = -2147483648.
src/abap/1_lexer/lexer.ts.Lexer.process,clear_before_write,1739,0,1,CLEAR t2. ... t2 = t3.
src/abap/1_lexer/lexer.ts.Lexer.process,clear_before_write,1741,0,1,CLEAR t3. ... t3 = NEW z_src_abap_1_l_4d08aedee14b5b( z_param_raw_2fd8c444587bc5 = t4 ).
src/abap/1_lexer/lexer.ts.Lexer.process,value_init_overwritten,1742,0,1,DATA(t4) = VALUE string( ). ... t4 = t5.
src/abap/1_lexer/lexer.ts.Lexer.process,literal_scalar,1744,0,1,DATA(t6) = CONV string( || ).
src/abap/1_lexer/lexer.ts.Lexer.process,clear_before_write,1746,0,1,CLEAR t7. ... t7 = cl_abap_conv_in_ce=>uccpi( 13 ).
src/abap/1_lexer/lexer.ts.Lexer.process,literal_scalar,1749,0,1,DATA(t8) = CONV string( || ).
src/abap/1_lexer/lexer.ts.Lexer.process,temp_assign,1753,0,1,t3 = NEW z_src_abap_1_l_4d08aedee14b5b( z_param_raw_2fd8c444587bc5 = t4 ). t2 = t3.
src/abap/1_lexer/lexer.ts.Lexer.process,cast_temp,1755,0,1,DATA(t10) = CAST z_src_abap_1_l_4d08aedee14b5b( t2 ).
src/abap/1_lexer/lexer.ts.Lexer.process,clear_before_write,1758,0,1,CLEAR t11. ... t11 = NEW z_src_abap_1_l_cca5bd2c711d39( z_param_raw_2fd8c444587bc5 = t12 ).
src/abap/1_lexer/lexer.ts.Lexer.process,value_init_overwritten,1759,0,1,DATA(t12) = VALUE string( ). ... t12 = t15.
src/abap/1_lexer/lexer.ts.Lexer.process,clear_before_write,1761,0,1,CLEAR t13. ... t13 = t14.
src/abap/1_lexer/lexer.ts.Lexer.process,temp_assign,1762,0,1,DATA(t14) = CAST z_src_abap_1_l_4d08aedee14b5b( t2 ). t13 = t14.
src/abap/1_lexer/lexer.ts.Lexer.process,cast_temp,1762,0,1,DATA(t14) = CAST z_src_abap_1_l_4d08aedee14b5b( t2 ).
src/abap/1_lexer/lexer.ts.Lexer.process,value_init_overwritten,1764,0,1,DATA(t15) = VALUE string( ). ... t15 = t16->z_member_raw_eb82124cb04f25.
src/abap/1_lexer/lexer.ts.Lexer.process,cast_temp,1765,0,1,DATA(t16) = CAST z_src_abap_1_l_4d08aedee14b5b( t13 ).
src/abap/1_lexer/lexer.ts.Lexer.process,temp_assign,1766,0,1,t15 = t16->z_member_raw_eb82124cb04f25. t12 = t15.
src/abap/1_lexer/lexer.ts.Lexer.process,literal_scalar,1771,1,1,DATA(t17) = CONV abap_bool( abap_true ).
src/abap/1_lexer/lexer.ts.Lexer.process,clear_before_write,1779,1,1,CLEAR t21. ... t21 = t22.
src/abap/1_lexer/lexer.ts.Lexer.process,temp_assign,1780,1,1,DATA(t22) = CAST z_src_abap_1_l_4d08aedee14b5b( t2 ). t21 = t22.
src/abap/1_lexer/lexer.ts.Lexer.process,cast_temp,1780,1,1,DATA(t22) = CAST z_src_abap_1_l_4d08aedee14b5b( t2 ).
src/abap/1_lexer/lexer.ts.Lexer.process,value_init_overwritten,1783,1,1,DATA(t24) = VALUE abap_bool( ). ... t24 = xsdbool( t25 < t27 ).
src/abap/1_lexer/lexer.ts.Lexer.process,value_init_overwritten,1784,1,1,DATA(t25) = VALUE i( ). ... t25 = t26->z_member_offse_4eb7e0915312eb.
src/abap/1_lexer/lexer.ts.Lexer.process,cast_temp,1785,1,1,DATA(t26) = CAST z_src_abap_1_l_4d08aedee14b5b( t21 ).
src/abap/1_lexer/lexer.ts.Lexer.process,temp_argument,1787,1,1,DATA(t27) = CONV i( '0' ). t24 = xsdbool( t25 < t27 ).
src/abap/1_lexer/lexer.ts.Lexer.process,literal_scalar,1787,1,1,DATA(t27) = CONV i( '0' ).
src/abap/1_lexer/lexer.ts.Lexer.process,bool_if,1788,1,1,t24 = xsdbool( t25 < t27 ). IF t24 = abap_true.
src/abap/1_lexer/lexer.ts.Lexer.process,value_init_overwritten,1790,1,1,DATA(t28) = VALUE int8( ). ... t28 = t29.
src/abap/1_lexer/lexer.ts.Lexer.process,temp_assign,1791,1,1,DATA(t29) = CONV i( z_src_abap_1_l_947bbb88034ba0=>z_member_nl_9d24e602a85548 ). t28 = t29.
src/abap/1_lexer/lexer.ts.Lexer.process,temp_assign,1792,1,1,t28 = t29. t23 = t28.
src/abap/1_lexer/lexer.ts.Lexer.process,value_init_overwritten,1796,1,1,DATA(t31) = VALUE abap_bool( ). ... t31 = xsdbool( t32 >= t34 ).
src/abap/1_lexer/lexer.ts.Lexer.process,value_init_overwritten,1797,1,1,DATA(t32) = VALUE i( ). ... t32 = t33->z_member_offse_4eb7e0915312eb.
src/abap/1_lexer/lexer.ts.Lexer.process,cast_temp,1798,1,1,DATA(t33) = CAST z_src_abap_1_l_4d08aedee14b5b( t21 ).
src/abap/1_lexer/lexer.ts.Lexer.process,value_init_overwritten,1800,1,1,DATA(t34) = VALUE i( ). ... t34 = t37.
src/abap/1_lexer/lexer.ts.Lexer.process,value_init_overwritten,1801,1,1,DATA(t35) = VALUE string( ). ... t35 = t36->z_member_raw_eb82124cb04f25.
src/abap/1_lexer/lexer.ts.Lexer.process,cast_temp,1802,1,1,DATA(t36) = CAST z_src_abap_1_l_4d08aedee14b5b( t21 ).
src/abap/1_lexer/lexer.ts.Lexer.process,temp_assign,1804,1,1,DATA(t37) = CONV i( strlen( t35 ) ). t34 = t37.
src/abap/1_lexer/lexer.ts.Lexer.process,bool_if,1806,1,1,t31 = xsdbool( t32 >= t34 ). IF t31 = abap_true.
src/abap/1_lexer/lexer.ts.Lexer.process,value_init_overwritten,1808,1,1,DATA(t38) = VALUE int8( ). ... t38 = t39.
src/abap/1_lexer/lexer.ts.Lexer.process,temp_assign,1809,1,1,DATA(t39) = CONV i( z_src_abap_1_l_947bbb88034ba0=>z_member_eof_9d9c0193bdc4f4 ). t38 = t39.
src/abap/1_lexer/lexer.ts.Lexer.process,temp_assign,1810,1,1,t38 = t39. t30 = t38.
src/abap/1_lexer/lexer.ts.Lexer.process,value_init_overwritten,1815,1,1,DATA(t42) = VALUE string( ). ... t42 = t43->z_member_raw_eb82124cb04f25.
src/abap/1_lexer/lexer.ts.Lexer.process,cast_temp,1816,1,1,DATA(t43) = CAST z_src_abap_1_l_4d08aedee14b5b( t21 ).
src/abap/1_lexer/lexer.ts.Lexer.process,value_init_overwritten,1818,1,1,DATA(t44) = VALUE i( ). ... t44 = t45->z_member_offse_4eb7e0915312eb.
src/abap/1_lexer/lexer.ts.Lexer.process,cast_temp,1819,1,1,DATA(t45) = CAST z_src_abap_1_l_4d08aedee14b5b( t21 ).
src/abap/1_lexer/lexer.ts.Lexer.process,clear_before_write,1827,1,1,CLEAR t48. ... t48 = t47.
src/abap/1_lexer/lexer.ts.Lexer.process,temp_assign,1847,1,1,t40 = t41. t30 = t40.
src/abap/1_lexer/lexer.ts.Lexer.process,temp_assign,1852,1,1,t20 = t23. t19 = t20.
src/abap/1_lexer/lexer.ts.Lexer.process,temp_assign,1853,1,1,t19 = t20. t18 = t19.
src/abap/1_lexer/lexer.ts.Lexer.process,clear_before_write,1856,1,1,CLEAR t53. ... t53 = t54.
src/abap/1_lexer/lexer.ts.Lexer.process,temp_assign,1857,1,1,DATA(t54) = CAST z_src_abap_1_l_cca5bd2c711d39( me->z_member_buffe_50d854778a22d2 ). t53 = t54.
src/abap/1_lexer/lexer.ts.Lexer.process,cast_temp,1857,1,1,DATA(t54) = CAST z_src_abap_1_l_cca5bd2c711d39( me->z_member_buffe_50d854778a22d2 ).
src/abap/1_lexer/lexer.ts.Lexer.process,value_init_overwritten,1859,1,1,DATA(t55) = VALUE int8( ). ... t55 = t56.
src/abap/1_lexer/lexer.ts.Lexer.process,value_init_overwritten,1860,1,1,DATA(t56) = VALUE int8( ). ... t56 = t57.
src/abap/1_lexer/lexer.ts.Lexer.process,value_init_overwritten,1861,1,1,DATA(t57) = VALUE i( ). ... t57 = t58.
src/abap/1_lexer/lexer.ts.Lexer.process,value_init_overwritten,1862,1,1,DATA(t58) = VALUE int8( ). ... t58 = t61.
src/abap/1_lexer/lexer.ts.Lexer.process,clear_before_write,1864,1,1,CLEAR t59. ... t59 = t60.
src/abap/1_lexer/lexer.ts.Lexer.process,temp_assign,1865,1,1,DATA(t60) = CAST z_src_abap_1_l_4d08aedee14b5b( t2 ). t59 = t60.
src/abap/1_lexer/lexer.ts.Lexer.process,cast_temp,1865,1,1,DATA(t60) = CAST z_src_abap_1_l_4d08aedee14b5b( t2 ).
src/abap/1_lexer/lexer.ts.Lexer.process,value_init_overwritten,1867,1,1,DATA(t61) = VALUE int8( ). ... t61 = t62.
src/abap/1_lexer/lexer.ts.Lexer.process,value_init_overwritten,1868,1,1,DATA(t62) = VALUE i( ). ... t62 = t63->z_member_offse_4eb7e0915312eb.
src/abap/1_lexer/lexer.ts.Lexer.process,cast_temp,1869,1,1,DATA(t63) = CAST z_src_abap_1_l_4d08aedee14b5b( t59 ).
src/abap/1_lexer/lexer.ts.Lexer.process,temp_assign,1870,1,1,t62 = t63->z_member_offse_4eb7e0915312eb. t61 = t62.
src/abap/1_lexer/lexer.ts.Lexer.process,temp_assign,1871,1,1,t61 = t62. t58 = t61.
src/abap/1_lexer/lexer.ts.Lexer.process,temp_assign,1872,1,1,t58 = t61. t57 = t58.
src/abap/1_lexer/lexer.ts.Lexer.process,temp_assign,1873,1,1,t57 = t58. t56 = t57.
src/abap/1_lexer/lexer.ts.Lexer.process,temp_assign,1874,1,1,t56 = t57. t55 = t56.
src/abap/1_lexer/lexer.ts.Lexer.process,temp_assign,1882,1,1,t65 = t66. t64 = t65.
src/abap/1_lexer/lexer.ts.Lexer.process,value_init_overwritten,1884,1,1,DATA(t67) = VALUE abap_bool( ). ... t67 = xsdbool( t68 = t70 ).
src/abap/1_lexer/lexer.ts.Lexer.process,value_init_overwritten,1885,1,1,DATA(t68) = VALUE abap_bool( ). ... t68 = t69->z_member_empty_a4a6dfca0b3692.
src/abap/1_lexer/lexer.ts.Lexer.process,cast_temp,1886,1,1,DATA(t69) = CAST z_src_abap_1_l_cca5bd2c711d39( t53 ).
src/abap/1_lexer/lexer.ts.Lexer.process,temp_argument,1888,1,1,DATA(t70) = CONV abap_bool( abap_true ). t67 = xsdbool( t68 = t70 ).
src/abap/1_lexer/lexer.ts.Lexer.process,literal_scalar,1888,1,1,DATA(t70) = CONV abap_bool( abap_true ).
src/abap/1_lexer/lexer.ts.Lexer.process,bool_if,1889,1,1,t67 = xsdbool( t68 = t70 ). IF t67 = abap_true.
src/abap/1_lexer/lexer.ts.Lexer.process,cast_temp,1891,1,1,DATA(t71) = CAST z_src_abap_1_l_cca5bd2c711d39( t53 ).
src/abap/1_lexer/lexer.ts.Lexer.process,value_init_overwritten,1893,1,1,DATA(t73) = VALUE abap_bool( ). ... t73 = xsdbool( t74 < t75 ).
src/abap/1_lexer/lexer.ts.Lexer.process,temp_argument,1895,1,1,DATA(t75) = CONV i( '0' ). t73 = xsdbool( t74 < t75 ).
src/abap/1_lexer/lexer.ts.Lexer.process,literal_scalar,1895,1,1,DATA(t75) = CONV i( '0' ).
src/abap/1_lexer/lexer.ts.Lexer.process,bool_if,1896,1,1,t73 = xsdbool( t74 < t75 ). IF t73 = abap_true.
src/abap/1_lexer/lexer.ts.Lexer.process,temp_assign,1898,1,1,DATA(t76) = CONV i( '0' ). t72 = t76.
src/abap/1_lexer/lexer.ts.Lexer.process,literal_scalar,1898,1,1,DATA(t76) = CONV i( '0' ).
src/abap/1_lexer/lexer.ts.Lexer.process,temp_assign,1901,1,1,DATA(t77) = CONV i( t64 ). t72 = t77.
src/abap/1_lexer/lexer.ts.Lexer.process,cast_temp,1905,1,1,DATA(t78) = CAST z_src_abap_1_l_cca5bd2c711d39( t53 ).
src/abap/1_lexer/lexer.ts.Lexer.process,literal_scalar,1906,1,1,DATA(t79) = CONV abap_bool( abap_false ).
src/abap/1_lexer/lexer.ts.Lexer.process,cast_temp,1909,1,1,DATA(t80) = CAST z_src_abap_1_l_cca5bd2c711d39( t53 ).
src/abap/1_lexer/lexer.ts.Lexer.process,value_init_overwritten,1910,1,1,DATA(t81) = VALUE i( ). ... t81 = t82 + t83.
src/abap/1_lexer/lexer.ts.Lexer.process,literal_scalar,1912,1,1,DATA(t83) = CONV i( '1' ).
src/abap/1_lexer/lexer.ts.Lexer.process,clear_before_write,1919,1,1,CLEAR t87. ... t87 = t88.
src/abap/1_lexer/lexer.ts.Lexer.process,temp_assign,1920,1,1,DATA(t88) = CAST z_src_abap_1_l_4d08aedee14b5b( t2 ). t87 = t88.
src/abap/1_lexer/lexer.ts.Lexer.process,cast_temp,1920,1,1,DATA(t88) = CAST z_src_abap_1_l_4d08aedee14b5b( t2 ).
src/abap/1_lexer/lexer.ts.Lexer.process,value_init_overwritten,1924,1,1,DATA(t91) = VALUE int8( ). ... t91 = t92 + t95.
src/abap/1_lexer/lexer.ts.Lexer.process,value_init_overwritten,1925,1,1,DATA(t92) = VALUE int8( ). ... t92 = t93.
src/abap/1_lexer/lexer.ts.Lexer.process,value_init_overwritten,1926,1,1,DATA(t93) = VALUE i( ). ... t93 = t94->z_member_offse_4eb7e0915312eb.
src/abap/1_lexer/lexer.ts.Lexer.process,cast_temp,1927,1,1,DATA(t94) = CAST z_src_abap_1_l_4d08aedee14b5b( t87 ).
src/abap/1_lexer/lexer.ts.Lexer.process,temp_assign,1928,1,1,t93 = t94->z_member_offse_4eb7e0915312eb. t92 = t93.
src/abap/1_lexer/lexer.ts.Lexer.process,literal_scalar,1930,1,1,DATA(t95) = CONV int8( 1 ).
src/abap/1_lexer/lexer.ts.Lexer.process,value_init_overwritten,1937,1,1,DATA(t97) = VALUE abap_bool( ). ... t97 = xsdbool( t98 >= t99 ).
src/abap/1_lexer/lexer.ts.Lexer.process,value_init_overwritten,1939,1,1,DATA(t99) = VALUE int8( ). ... t99 = t100.
src/abap/1_lexer/lexer.ts.Lexer.process,value_init_overwritten,1940,1,1,DATA(t100) = VALUE i( ). ... t100 = t103.
src/abap/1_lexer/lexer.ts.Lexer.process,value_init_overwritten,1941,1,1,DATA(t101) = VALUE string( ). ... t101 = t102->z_member_raw_eb82124cb04f25.
src/abap/1_lexer/lexer.ts.Lexer.process,cast_temp,1942,1,1,DATA(t102) = CAST z_src_abap_1_l_4d08aedee14b5b( t87 ).
src/abap/1_lexer/lexer.ts.Lexer.process,temp_assign,1944,1,1,DATA(t103) = CONV i( strlen( t101 ) ). t100 = t103.
src/abap/1_lexer/lexer.ts.Lexer.process,temp_assign,1945,1,1,t100 = t103. t99 = t100.
src/abap/1_lexer/lexer.ts.Lexer.process,bool_if,1947,1,1,t97 = xsdbool( t98 >= t99 ). IF t97 = abap_true.
src/abap/1_lexer/lexer.ts.Lexer.process,value_init_overwritten,1949,1,1,DATA(t104) = VALUE int8( ). ... t104 = t105.
src/abap/1_lexer/lexer.ts.Lexer.process,temp_assign,1950,1,1,DATA(t105) = CONV i( z_src_abap_1_l_947bbb88034ba0=>z_member_eof_9d9c0193bdc4f4 ). t104 = t105.
src/abap/1_lexer/lexer.ts.Lexer.process,temp_assign,1951,1,1,t104 = t105. t96 = t104.
src/abap/1_lexer/lexer.ts.Lexer.process,value_init_overwritten,1956,1,1,DATA(t108) = VALUE string( ). ... t108 = t109->z_member_raw_eb82124cb04f25.
src/abap/1_lexer/lexer.ts.Lexer.process,cast_temp,1957,1,1,DATA(t109) = CAST z_src_abap_1_l_4d08aedee14b5b( t87 ).
src/abap/1_lexer/lexer.ts.Lexer.process,value_init_overwritten,1959,1,1,DATA(t110) = VALUE i( ). ... t110 = t111.
src/abap/1_lexer/lexer.ts.Lexer.process,temp_assign,1960,1,1,DATA(t111) = CONV int8( t90 ). t110 = t111.
src/abap/1_lexer/lexer.ts.Lexer.process,clear_before_write,1968,1,1,CLEAR t114. ... t114 = t113.
src/abap/1_lexer/lexer.ts.Lexer.process,temp_assign,1988,1,1,t106 = t107. t96 = t106.
src/abap/1_lexer/lexer.ts.Lexer.process,temp_assign,1991,1,1,t89 = t96. t86 = t89.
src/abap/1_lexer/lexer.ts.Lexer.process,temp_assign,1992,1,1,t86 = t89. t85 = t86.
src/abap/1_lexer/lexer.ts.Lexer.process,temp_assign,1993,1,1,t85 = t86. t84 = t85.
src/abap/1_lexer/lexer.ts.Lexer.process,clear_before_write,1999,1,1,CLEAR t122. ... t122 = t123.
src/abap/1_lexer/lexer.ts.Lexer.process,temp_assign,2000,1,1,DATA(t123) = CAST z_src_abap_1_l_4d08aedee14b5b( t2 ). t122 = t123.
src/abap/1_lexer/lexer.ts.Lexer.process,cast_temp,2000,1,1,DATA(t123) = CAST z_src_abap_1_l_4d08aedee14b5b( t2 ).
src/abap/1_lexer/lexer.ts.Lexer.process,value_init_overwritten,2004,1,1,DATA(t126) = VALUE int8( ). ... t126 = t127 + t130.
src/abap/1_lexer/lexer.ts.Lexer.process,value_init_overwritten,2005,1,1,DATA(t127) = VALUE int8( ). ... t127 = t128.
src/abap/1_lexer/lexer.ts.Lexer.process,value_init_overwritten,2006,1,1,DATA(t128) = VALUE i( ). ... t128 = t129->z_member_offse_4eb7e0915312eb.
src/abap/1_lexer/lexer.ts.Lexer.process,cast_temp,2007,1,1,DATA(t129) = CAST z_src_abap_1_l_4d08aedee14b5b( t122 ).
src/abap/1_lexer/lexer.ts.Lexer.process,temp_assign,2008,1,1,t128 = t129->z_member_offse_4eb7e0915312eb. t127 = t128.
src/abap/1_lexer/lexer.ts.Lexer.process,literal_scalar,2010,1,1,DATA(t130) = CONV int8( 2 ).
src/abap/1_lexer/lexer.ts.Lexer.process,value_init_overwritten,2017,1,1,DATA(t132) = VALUE abap_bool( ). ... t132 = xsdbool( t133 >= t134 ).
src/abap/1_lexer/lexer.ts.Lexer.process,value_init_overwritten,2019,1,1,DATA(t134) = VALUE int8( ). ... t134 = t135.
src/abap/1_lexer/lexer.ts.Lexer.process,value_init_overwritten,2020,1,1,DATA(t135) = VALUE i( ). ... t135 = t138.
src/abap/1_lexer/lexer.ts.Lexer.process,value_init_overwritten,2021,1,1,DATA(t136) = VALUE string( ). ... t136 = t137->z_member_raw_eb82124cb04f25.
src/abap/1_lexer/lexer.ts.Lexer.process,cast_temp,2022,1,1,DATA(t137) = CAST z_src_abap_1_l_4d08aedee14b5b( t122 ).
src/abap/1_lexer/lexer.ts.Lexer.process,temp_assign,2024,1,1,DATA(t138) = CONV i( strlen( t136 ) ). t135 = t138.
src/abap/1_lexer/lexer.ts.Lexer.process,temp_assign,2025,1,1,t135 = t138. t134 = t135.
src/abap/1_lexer/lexer.ts.Lexer.process,bool_if,2027,1,1,t132 = xsdbool( t133 >= t134 ). IF t132 = abap_true.
src/abap/1_lexer/lexer.ts.Lexer.process,value_init_overwritten,2029,1,1,DATA(t139) = VALUE int8( ). ... t139 = t140.
src/abap/1_lexer/lexer.ts.Lexer.process,temp_assign,2030,1,1,DATA(t140) = CONV i( z_src_abap_1_l_947bbb88034ba0=>z_member_eof_9d9c0193bdc4f4 ). t139 = t140.
src/abap/1_lexer/lexer.ts.Lexer.process,temp_assign,2031,1,1,t139 = t140. t131 = t139.
src/abap/1_lexer/lexer.ts.Lexer.process,value_init_overwritten,2036,1,1,DATA(t143) = VALUE string( ). ... t143 = t144->z_member_raw_eb82124cb04f25.
src/abap/1_lexer/lexer.ts.Lexer.process,cast_temp,2037,1,1,DATA(t144) = CAST z_src_abap_1_l_4d08aedee14b5b( t122 ).
src/abap/1_lexer/lexer.ts.Lexer.process,value_init_overwritten,2039,1,1,DATA(t145) = VALUE i( ). ... t145 = t146.
src/abap/1_lexer/lexer.ts.Lexer.process,temp_assign,2040,1,1,DATA(t146) = CONV int8( t125 ). t145 = t146.
src/abap/1_lexer/lexer.ts.Lexer.process,clear_before_write,2048,1,1,CLEAR t149. ... t149 = t148.
src/abap/1_lexer/lexer.ts.Lexer.process,temp_assign,2068,1,1,t141 = t142. t131 = t141.
src/abap/1_lexer/lexer.ts.Lexer.process,temp_assign,2071,1,1,t124 = t131. t121 = t124.
src/abap/1_lexer/lexer.ts.Lexer.process,temp_assign,2072,1,1,t121 = t124. t120 = t121.
src/abap/1_lexer/lexer.ts.Lexer.process,temp_assign,2073,1,1,t120 = t121. t119 = t120.
src/abap/1_lexer/lexer.ts.Lexer.process,value_init_overwritten,2075,1,1,DATA(t154) = VALUE abap_bool( ). ... t154 = xsdbool( t155 = t156 ).
src/abap/1_lexer/lexer.ts.Lexer.process,value_init_overwritten,2077,1,1,DATA(t156) = VALUE int8( ). ... t156 = t157.
src/abap/1_lexer/lexer.ts.Lexer.process,temp_assign,2078,1,1,DATA(t157) = CONV i( z_src_abap_1_l_9d1bf4ef0204bc=>z_member_moden_b5a760222f857a ). t156 = t157.
src/abap/1_lexer/lexer.ts.Lexer.process,bool_if,2080,1,1,t154 = xsdbool( t155 = t156 ). IF t154 = abap_true.
src/abap/1_lexer/lexer.ts.Lexer.process,value_init_overwritten,2082,1,1,DATA(t158) = VALUE abap_bool( ). ... t158 = xsdbool( t159 = 32 OR t159 = 58 OR t159 = 46 OR t159 = 44 OR t159 = 45 OR t159 = 43 OR t159 = 40 OR t159 = 41 OR t159 = 91 OR t159 = 93 OR t159 = 92 OR t159 = 9 OR t159 = 10 ).
src/abap/1_lexer/lexer.ts.Lexer.process,value_init_overwritten,2083,1,1,DATA(t159) = VALUE int8( ). ... t159 = t160.
src/abap/1_lexer/lexer.ts.Lexer.process,value_init_overwritten,2084,1,1,DATA(t160) = VALUE int8( ). ... t160 = t161.
src/abap/1_lexer/lexer.ts.Lexer.process,temp_assign,2085,1,1,DATA(t161) = CONV i( t84 ). t160 = t161.
src/abap/1_lexer/lexer.ts.Lexer.process,temp_assign,2086,1,1,t160 = t161. t159 = t160.
src/abap/1_lexer/lexer.ts.Lexer.process,bool_if,2088,1,1,t158 = xsdbool( t159 = 32 OR t159 = 58 OR t159 = 46 OR t159 = 44 OR t159 = 45 OR t159 = 43 OR t159 = 40 OR t159 = 41 OR t159 = 91 OR t159 = 93 OR t159 = 92 OR t159 = 9 OR t159 = 10 ). IF t158 = abap_true.
src/abap/1_lexer/lexer.ts.Lexer.process,value_init_overwritten,2105,1,1,DATA(t162) = VALUE abap_bool( ). ... t162 = xsdbool( t163 = t164 ).
src/abap/1_lexer/lexer.ts.Lexer.process,temp_argument,2107,1,1,DATA(t164) = CONV i( z_src_abap_1_l_9d1bf4ef0204bc=>z_member_ch_qu_6f45e6c052929c ). t162 = xsdbool( t163 = t164 ).
src/abap/1_lexer/lexer.ts.Lexer.process,bool_if,2108,1,1,t162 = xsdbool( t163 = t164 ). IF t162 = abap_true.
src/abap/1_lexer/lexer.ts.Lexer.process,value_init_overwritten,2111,1,1,DATA(t165) = VALUE int8( ). ... t165 = t166.
src/abap/1_lexer/lexer.ts.Lexer.process,temp_assign,2112,1,1,DATA(t166) = CONV i( z_src_abap_1_l_9d1bf4ef0204bc=>z_member_modes_382721884450c5 ). t165 = t166.
src/abap/1_lexer/lexer.ts.Lexer.process,value_init_overwritten,2116,1,1,DATA(t167) = VALUE abap_bool( ). ... t167 = t168.
src/abap/1_lexer/lexer.ts.Lexer.process,value_init_overwritten,2117,1,1,DATA(t168) = VALUE abap_bool( ). ... t168 = xsdbool( t169 = t170 ).
src/abap/1_lexer/lexer.ts.Lexer.process,temp_argument,2119,1,1,DATA(t170) = CONV i( z_src_abap_1_l_9d1bf4ef0204bc=>z_member_ch_pi_fedc15b86f7055 ). t168 = xsdbool( t169 = t170 ).
src/abap/1_lexer/lexer.ts.Lexer.process,value_init_overwritten,2123,1,1,DATA(t171) = VALUE abap_bool( ). ... t171 = xsdbool( t172 = t173 ).
src/abap/1_lexer/lexer.ts.Lexer.process,temp_argument,2125,1,1,DATA(t173) = CONV i( z_src_abap_1_l_9d1bf4ef0204bc=>z_member_ch_rb_3d590c3924dfb0 ). t171 = xsdbool( t172 = t173 ).
src/abap/1_lexer/lexer.ts.Lexer.process,temp_assign,2126,1,1,t171 = xsdbool( t172 = t173 ). t167 = t171.
src/abap/1_lexer/lexer.ts.Lexer.process,value_init_overwritten,2131,1,1,DATA(t174) = VALUE int8( ). ... t174 = t175.
src/abap/1_lexer/lexer.ts.Lexer.process,temp_assign,2132,1,1,DATA(t175) = CONV i( z_src_abap_1_l_9d1bf4ef0204bc=>z_member_modet_91454e8d77ceb7 ). t174 = t175.
src/abap/1_lexer/lexer.ts.Lexer.process,value_init_overwritten,2136,1,1,DATA(t176) = VALUE abap_bool( ). ... t176 = xsdbool( t177 = t178 ).
src/abap/1_lexer/lexer.ts.Lexer.process,temp_argument,2138,1,1,DATA(t178) = CONV i( z_src_abap_1_l_9d1bf4ef0204bc=>z_member_ch_ba_b4ee7f84916d1a ). t176 = xsdbool( t177 = t178 ).
src/abap/1_lexer/lexer.ts.Lexer.process,bool_if,2139,1,1,t176 = xsdbool( t177 = t178 ). IF t176 = abap_true.
src/abap/1_lexer/lexer.ts.Lexer.process,value_init_overwritten,2142,1,1,DATA(t179) = VALUE int8( ). ... t179 = t180.
src/abap/1_lexer/lexer.ts.Lexer.process,temp_assign,2143,1,1,DATA(t180) = CONV i( z_src_abap_1_l_9d1bf4ef0204bc=>z_member_modep_1c2199edbc54f4 ). t179 = t180.
src/abap/1_lexer/lexer.ts.Lexer.process,value_init_overwritten,2147,1,1,DATA(t181) = VALUE abap_bool( ). ... t181 = t182.
src/abap/1_lexer/lexer.ts.Lexer.process,value_init_overwritten,2148,1,1,DATA(t182) = VALUE abap_bool( ). ... t182 = xsdbool( t183 = t184 ).
src/abap/1_lexer/lexer.ts.Lexer.process,temp_argument,2150,1,1,DATA(t184) = CONV i( z_src_abap_1_l_9d1bf4ef0204bc=>z_member_ch_ha_03a5263de145a7 ). t182 = xsdbool( t183 = t184 ).
src/abap/1_lexer/lexer.ts.Lexer.process,value_init_overwritten,2154,1,1,DATA(t185) = VALUE abap_bool( ). ... t185 = xsdbool( t186 = t187 ).
src/abap/1_lexer/lexer.ts.Lexer.process,temp_argument,2156,1,1,DATA(t187) = CONV i( z_src_abap_1_l_9d1bf4ef0204bc=>z_member_ch_ha_03a5263de145a7 ). t185 = xsdbool( t186 = t187 ).
src/abap/1_lexer/lexer.ts.Lexer.process,temp_assign,2157,1,1,t185 = xsdbool( t186 = t187 ). t181 = t185.
src/abap/1_lexer/lexer.ts.Lexer.process,value_init_overwritten,2162,1,1,DATA(t188) = VALUE int8( ). ... t188 = t189.
src/abap/1_lexer/lexer.ts.Lexer.process,temp_assign,2163,1,1,DATA(t189) = CONV i( z_src_abap_1_l_9d1bf4ef0204bc=>z_member_modep_1a43c4e5d63515 ). t188 = t189.
src/abap/1_lexer/lexer.ts.Lexer.process,value_init_overwritten,2167,1,1,DATA(t190) = VALUE abap_bool( ). ... t190 = t191.
src/abap/1_lexer/lexer.ts.Lexer.process,value_init_overwritten,2168,1,1,DATA(t191) = VALUE abap_bool( ). ... t191 = xsdbool( t192 = t193 ).
src/abap/1_lexer/lexer.ts.Lexer.process,temp_argument,2170,1,1,DATA(t193) = CONV i( z_src_abap_1_l_9d1bf4ef0204bc=>z_member_ch_dq_a33a8377c27a48 ). t191 = xsdbool( t192 = t193 ).
src/abap/1_lexer/lexer.ts.Lexer.process,value_init_overwritten,2174,1,1,DATA(t194) = VALUE abap_bool( ). ... t194 = t195.
src/abap/1_lexer/lexer.ts.Lexer.process,value_init_overwritten,2175,1,1,DATA(t195) = VALUE abap_bool( ). ... t195 = xsdbool( t196 = t197 ).
src/abap/1_lexer/lexer.ts.Lexer.process,temp_argument,2177,1,1,DATA(t197) = CONV i( z_src_abap_1_l_9d1bf4ef0204bc=>z_member_ch_st_827f5732bacfed ). t195 = xsdbool( t196 = t197 ).
src/abap/1_lexer/lexer.ts.Lexer.process,value_init_overwritten,2181,1,1,DATA(t198) = VALUE abap_bool( ). ... t198 = xsdbool( t199 = t200 ).
src/abap/1_lexer/lexer.ts.Lexer.process,temp_argument,2183,1,1,DATA(t200) = CONV i( z_src_abap_1_l_9d1bf4ef0204bc=>z_member_ch_nl_0bb0a059e6c864 ). t198 = xsdbool( t199 = t200 ).
src/abap/1_lexer/lexer.ts.Lexer.process,temp_assign,2184,1,1,t198 = xsdbool( t199 = t200 ). t194 = t198.
src/abap/1_lexer/lexer.ts.Lexer.process,value_init_overwritten,2191,1,1,DATA(t201) = VALUE int8( ). ... t201 = t202.
src/abap/1_lexer/lexer.ts.Lexer.process,temp_assign,2192,1,1,DATA(t202) = CONV i( z_src_abap_1_l_9d1bf4ef0204bc=>z_member_modec_3310fc8aa5a0a5 ). t201 = t202.
src/abap/1_lexer/lexer.ts.Lexer.process,value_init_overwritten,2196,1,1,DATA(t203) = VALUE abap_bool( ). ... t203 = t204.
src/abap/1_lexer/lexer.ts.Lexer.process,value_init_overwritten,2197,1,1,DATA(t204) = VALUE abap_bool( ). ... t204 = xsdbool( t205 = t206 ).
src/abap/1_lexer/lexer.ts.Lexer.process,temp_argument,2199,1,1,DATA(t206) = CONV i( z_src_abap_1_l_9d1bf4ef0204bc=>z_member_ch_at_e03ee34ecbd0c3 ). t204 = xsdbool( t205 = t206 ).
src/abap/1_lexer/lexer.ts.Lexer.process,clear_before_write,2208,1,1,CLEAR t211. ... t211 = t212.
src/abap/1_lexer/lexer.ts.Lexer.process,temp_assign,2209,1,1,DATA(t212) = CAST z_src_abap_1_l_cca5bd2c711d39( me->z_member_buffe_50d854778a22d2 ). t211 = t212.
src/abap/1_lexer/lexer.ts.Lexer.process,cast_temp,2209,1,1,DATA(t212) = CAST z_src_abap_1_l_cca5bd2c711d39( me->z_member_buffe_50d854778a22d2 ).
src/abap/1_lexer/lexer.ts.Lexer.process,value_init_overwritten,2212,1,1,DATA(t214) = VALUE string( ). ... t214 = t215->z_member_raw_eb82124cb04f25.
src/abap/1_lexer/lexer.ts.Lexer.process,cast_temp,2213,1,1,DATA(t215) = CAST z_src_abap_1_l_cca5bd2c711d39( t211 ).
src/abap/1_lexer/lexer.ts.Lexer.process,value_init_overwritten,2215,1,1,DATA(t216) = VALUE i( ). ... t216 = t217->z_member_start_4dd113ee116862.
src/abap/1_lexer/lexer.ts.Lexer.process,cast_temp,2216,1,1,DATA(t217) = CAST z_src_abap_1_l_cca5bd2c711d39( t211 ).
src/abap/1_lexer/lexer.ts.Lexer.process,value_init_overwritten,2218,1,1,DATA(t218) = VALUE i( ). ... t218 = t219->z_member_end_3f10c552cfc0e2.
src/abap/1_lexer/lexer.ts.Lexer.process,cast_temp,2219,1,1,DATA(t219) = CAST z_src_abap_1_l_cca5bd2c711d39( t211 ).
src/abap/1_lexer/lexer.ts.Lexer.process,temp_assign,2230,1,1,t213 = t214+t216(t220). t210 = t213.
src/abap/1_lexer/lexer.ts.Lexer.process,value_init_overwritten,2233,1,1,DATA(t222) = VALUE i( ). ... t222 = 0.
src/abap/1_lexer/lexer.ts.Lexer.process,value_init_overwritten,2234,1,1,DATA(t223) = VALUE i( ). ... t223 = t221.
src/abap/1_lexer/lexer.ts.Lexer.process,clear_before_write,2244,2,1,CLEAR t227. ... t227 = t226.
src/abap/1_lexer/lexer.ts.Lexer.process,clear_before_write,2277,2,1,CLEAR t235. ... t235 = t234.
src/abap/1_lexer/lexer.ts.Lexer.process,temp_assign,2309,1,1,DATA(t240) = CONV i( strlen( t209 ) ). t208 = t240.
src/abap/1_lexer/lexer.ts.Lexer.process,temp_argument,2311,1,1,DATA(t241) = CONV i( '0' ). t207 = xsdbool( t208 = t241 ).
src/abap/1_lexer/lexer.ts.Lexer.process,literal_scalar,2311,1,1,DATA(t241) = CONV i( '0' ).
src/abap/1_lexer/lexer.ts.Lexer.process,temp_assign,2312,1,1,t207 = xsdbool( t208 = t241 ). t203 = t207.
src/abap/1_lexer/lexer.ts.Lexer.process,value_init_overwritten,2319,1,1,DATA(t243) = VALUE abap_bool( ). ... t243 = t244.
src/abap/1_lexer/lexer.ts.Lexer.process,value_init_overwritten,2320,1,1,DATA(t244) = VALUE abap_bool( ). ... t244 = xsdbool( t245 = t246 ).
src/abap/1_lexer/lexer.ts.Lexer.process,temp_argument,2322,1,1,DATA(t246) = CONV i( z_src_abap_1_l_9d1bf4ef0204bc=>z_member_ch_da_d56b2dec3c04cd ). t244 = xsdbool( t245 = t246 ).
src/abap/1_lexer/lexer.ts.Lexer.process,value_init_overwritten,2326,1,1,DATA(t247) = VALUE abap_bool( ). ... t247 = xsdbool( t248 = t249 ).
src/abap/1_lexer/lexer.ts.Lexer.process,temp_argument,2328,1,1,DATA(t249) = CONV i( z_src_abap_1_l_9d1bf4ef0204bc=>z_member_ch_eq_644554df65c6ca ). t247 = xsdbool( t248 = t249 ).
src/abap/1_lexer/lexer.ts.Lexer.process,temp_assign,2329,1,1,t247 = xsdbool( t248 = t249 ). t243 = t247.
src/abap/1_lexer/lexer.ts.Lexer.process,value_init_overwritten,2334,1,1,DATA(t250) = VALUE abap_bool( ). ... t250 = xsdbool( t251 = t252 ).
src/abap/1_lexer/lexer.ts.Lexer.process,temp_argument,2336,1,1,DATA(t252) = CONV i( z_src_abap_1_l_9d1bf4ef0204bc=>z_member_ch_gt_484fc284fbeaa6 ). t250 = xsdbool( t251 = t252 ).
src/abap/1_lexer/lexer.ts.Lexer.process,temp_assign,2337,1,1,t250 = xsdbool( t251 = t252 ). t242 = t250.
src/abap/1_lexer/lexer.ts.Lexer.process,value_init_overwritten,2344,1,1,DATA(t254) = VALUE abap_bool( ). ... t254 = t255.
src/abap/1_lexer/lexer.ts.Lexer.process,value_init_overwritten,2345,1,1,DATA(t255) = VALUE abap_bool( ). ... t255 = xsdbool( t256 = t257 ).
src/abap/1_lexer/lexer.ts.Lexer.process,temp_argument,2347,1,1,DATA(t257) = CONV i( z_src_abap_1_l_9d1bf4ef0204bc=>z_member_ch_gt_484fc284fbeaa6 ). t255 = xsdbool( t256 = t257 ).
src/abap/1_lexer/lexer.ts.Lexer.process,value_init_overwritten,2351,1,1,DATA(t258) = VALUE abap_bool( ). ... t258 = xsdbool( t259 <> t260 ).
src/abap/1_lexer/lexer.ts.Lexer.process,temp_argument,2353,1,1,DATA(t260) = CONV i( z_src_abap_1_l_9d1bf4ef0204bc=>z_member_ch_sp_1e1455ae5d77cb ). t258 = xsdbool( t259 <> t260 ).
src/abap/1_lexer/lexer.ts.Lexer.process,temp_assign,2354,1,1,t258 = xsdbool( t259 <> t260 ). t254 = t258.
src/abap/1_lexer/lexer.ts.Lexer.process,clear_before_write,2364,1,1,CLEAR t265. ... t265 = t266.
src/abap/1_lexer/lexer.ts.Lexer.process,temp_assign,2365,1,1,DATA(t266) = CAST z_src_abap_1_l_4d08aedee14b5b( t2 ). t265 = t266.
src/abap/1_lexer/lexer.ts.Lexer.process,cast_temp,2365,1,1,DATA(t266) = CAST z_src_abap_1_l_4d08aedee14b5b( t2 ).
src/abap/1_lexer/lexer.ts.Lexer.process,value_init_overwritten,2368,1,1,DATA(t268) = VALUE i( ). ... t268 = t269.
src/abap/1_lexer/lexer.ts.Lexer.process,value_init_overwritten,2369,1,1,DATA(t269) = VALUE i( ). ... t269 = t270 - t272.
src/abap/1_lexer/lexer.ts.Lexer.process,value_init_overwritten,2370,1,1,DATA(t270) = VALUE i( ). ... t270 = t271->z_member_offse_4eb7e0915312eb.
src/abap/1_lexer/lexer.ts.Lexer.process,cast_temp,2371,1,1,DATA(t271) = CAST z_src_abap_1_l_4d08aedee14b5b( t265 ).
src/abap/1_lexer/lexer.ts.Lexer.process,literal_scalar,2373,1,1,DATA(t272) = CONV i( '1' ).
src/abap/1_lexer/lexer.ts.Lexer.process,temp_assign,2374,1,1,t269 = t270 - t272. t268 = t269.
src/abap/1_lexer/lexer.ts.Lexer.process,value_init_overwritten,2377,1,1,DATA(t274) = VALUE abap_bool( ). ... t274 = xsdbool( t275 < t276 ).
src/abap/1_lexer/lexer.ts.Lexer.process,temp_argument,2379,1,1,DATA(t276) = CONV i( '0' ). t274 = xsdbool( t275 < t276 ).
src/abap/1_lexer/lexer.ts.Lexer.process,literal_scalar,2379,1,1,DATA(t276) = CONV i( '0' ).
src/abap/1_lexer/lexer.ts.Lexer.process,bool_if,2380,1,1,t274 = xsdbool( t275 < t276 ). IF t274 = abap_true.
src/abap/1_lexer/lexer.ts.Lexer.process,value_init_overwritten,2382,1,1,DATA(t277) = VALUE int8( ). ... t277 = t278.
src/abap/1_lexer/lexer.ts.Lexer.process,temp_assign,2383,1,1,DATA(t278) = CONV i( z_src_abap_1_l_947bbb88034ba0=>z_member_eof_9d9c0193bdc4f4 ). t277 = t278.
src/abap/1_lexer/lexer.ts.Lexer.process,temp_assign,2384,1,1,t277 = t278. t273 = t277.
src/abap/1_lexer/lexer.ts.Lexer.process,value_init_overwritten,2389,1,1,DATA(t281) = VALUE string( ). ... t281 = t282->z_member_raw_eb82124cb04f25.
src/abap/1_lexer/lexer.ts.Lexer.process,cast_temp,2390,1,1,DATA(t282) = CAST z_src_abap_1_l_4d08aedee14b5b( t265 ).
src/abap/1_lexer/lexer.ts.Lexer.process,clear_before_write,2399,1,1,CLEAR t286. ... t286 = t285.
src/abap/1_lexer/lexer.ts.Lexer.process,temp_assign,2419,1,1,t279 = t280. t273 = t279.
src/abap/1_lexer/lexer.ts.Lexer.process,temp_assign,2422,1,1,t267 = t273. t264 = t267.
src/abap/1_lexer/lexer.ts.Lexer.process,temp_assign,2423,1,1,t264 = t267. t263 = t264.
src/abap/1_lexer/lexer.ts.Lexer.process,temp_argument,2425,1,1,DATA(t291) = CONV i( z_src_abap_1_l_9d1bf4ef0204bc=>z_member_ch_da_d56b2dec3c04cd ). t262 = xsdbool( t263 = t291 ).
src/abap/1_lexer/lexer.ts.Lexer.process,clear_before_write,2433,1,1,CLEAR t295. ... t295 = t296.
src/abap/1_lexer/lexer.ts.Lexer.process,temp_assign,2434,1,1,DATA(t296) = CAST z_src_abap_1_l_4d08aedee14b5b( t2 ). t295 = t296.
src/abap/1_lexer/lexer.ts.Lexer.process,cast_temp,2434,1,1,DATA(t296) = CAST z_src_abap_1_l_4d08aedee14b5b( t2 ).
src/abap/1_lexer/lexer.ts.Lexer.process,value_init_overwritten,2437,1,1,DATA(t298) = VALUE i( ). ... t298 = t299.
src/abap/1_lexer/lexer.ts.Lexer.process,value_init_overwritten,2438,1,1,DATA(t299) = VALUE i( ). ... t299 = t300 - t302.
src/abap/1_lexer/lexer.ts.Lexer.process,value_init_overwritten,2439,1,1,DATA(t300) = VALUE i( ). ... t300 = t301->z_member_offse_4eb7e0915312eb.
src/abap/1_lexer/lexer.ts.Lexer.process,cast_temp,2440,1,1,DATA(t301) = CAST z_src_abap_1_l_4d08aedee14b5b( t295 ).
src/abap/1_lexer/lexer.ts.Lexer.process,literal_scalar,2442,1,1,DATA(t302) = CONV i( '1' ).
src/abap/1_lexer/lexer.ts.Lexer.process,temp_assign,2443,1,1,t299 = t300 - t302. t298 = t299.
src/abap/1_lexer/lexer.ts.Lexer.process,value_init_overwritten,2446,1,1,DATA(t304) = VALUE abap_bool( ). ... t304 = xsdbool( t305 < t306 ).
src/abap/1_lexer/lexer.ts.Lexer.process,temp_argument,2448,1,1,DATA(t306) = CONV i( '0' ). t304 = xsdbool( t305 < t306 ).
src/abap/1_lexer/lexer.ts.Lexer.process,literal_scalar,2448,1,1,DATA(t306) = CONV i( '0' ).
src/abap/1_lexer/lexer.ts.Lexer.process,bool_if,2449,1,1,t304 = xsdbool( t305 < t306 ). IF t304 = abap_true.
src/abap/1_lexer/lexer.ts.Lexer.process,value_init_overwritten,2451,1,1,DATA(t307) = VALUE int8( ). ... t307 = t308.
src/abap/1_lexer/lexer.ts.Lexer.process,temp_assign,2452,1,1,DATA(t308) = CONV i( z_src_abap_1_l_947bbb88034ba0=>z_member_eof_9d9c0193bdc4f4 ). t307 = t308.
src/abap/1_lexer/lexer.ts.Lexer.process,temp_assign,2453,1,1,t307 = t308. t303 = t307.
src/abap/1_lexer/lexer.ts.Lexer.process,value_init_overwritten,2458,1,1,DATA(t311) = VALUE string( ). ... t311 = t312->z_member_raw_eb82124cb04f25.
src/abap/1_lexer/lexer.ts.Lexer.process,cast_temp,2459,1,1,DATA(t312) = CAST z_src_abap_1_l_4d08aedee14b5b( t295 ).
src/abap/1_lexer/lexer.ts.Lexer.process,clear_before_write,2468,1,1,CLEAR t316. ... t316 = t315.
src/abap/1_lexer/lexer.ts.Lexer.process,temp_assign,2488,1,1,t309 = t310. t303 = t309.
src/abap/1_lexer/lexer.ts.Lexer.process,temp_assign,2491,1,1,t297 = t303. t294 = t297.
src/abap/1_lexer/lexer.ts.Lexer.process,temp_assign,2492,1,1,t294 = t297. t293 = t294.
src/abap/1_lexer/lexer.ts.Lexer.process,temp_argument,2494,1,1,DATA(t321) = CONV i( z_src_abap_1_l_9d1bf4ef0204bc=>z_member_ch_eq_644554df65c6ca ). t292 = xsdbool( t293 = t321 ).
src/abap/1_lexer/lexer.ts.Lexer.process,temp_assign,2495,1,1,t292 = xsdbool( t293 = t321 ). t261 = t292.
src/abap/1_lexer/lexer.ts.Lexer.process,clear_before_write,2507,1,1,CLEAR t325. ... t325 = t326.
src/abap/1_lexer/lexer.ts.Lexer.process,temp_assign,2508,1,1,DATA(t326) = CAST z_src_abap_1_l_cca5bd2c711d39( me->z_member_buffe_50d854778a22d2 ). t325 = t326.
src/abap/1_lexer/lexer.ts.Lexer.process,cast_temp,2508,1,1,DATA(t326) = CAST z_src_abap_1_l_cca5bd2c711d39( me->z_member_buffe_50d854778a22d2 ).
src/abap/1_lexer/lexer.ts.Lexer.process,value_init_overwritten,2510,1,1,DATA(t327) = VALUE int8( ). ... t327 = t328 - t331.
src/abap/1_lexer/lexer.ts.Lexer.process,value_init_overwritten,2511,1,1,DATA(t328) = VALUE int8( ). ... t328 = t329.
src/abap/1_lexer/lexer.ts.Lexer.process,value_init_overwritten,2512,1,1,DATA(t329) = VALUE i( ). ... t329 = t330->z_member_end_3f10c552cfc0e2.
src/abap/1_lexer/lexer.ts.Lexer.process,cast_temp,2513,1,1,DATA(t330) = CAST z_src_abap_1_l_cca5bd2c711d39( t325 ).
src/abap/1_lexer/lexer.ts.Lexer.process,temp_assign,2514,1,1,t329 = t330->z_member_end_3f10c552cfc0e2. t328 = t329.
src/abap/1_lexer/lexer.ts.Lexer.process,value_init_overwritten,2516,1,1,DATA(t331) = VALUE int8( ). ... t331 = t332.
src/abap/1_lexer/lexer.ts.Lexer.process,value_init_overwritten,2517,1,1,DATA(t332) = VALUE i( ). ... t332 = t333->z_member_start_4dd113ee116862.
src/abap/1_lexer/lexer.ts.Lexer.process,cast_temp,2518,1,1,DATA(t333) = CAST z_src_abap_1_l_cca5bd2c711d39( t325 ).
src/abap/1_lexer/lexer.ts.Lexer.process,temp_assign,2519,1,1,t332 = t333->z_member_start_4dd113ee116862. t331 = t332.
src/abap/1_lexer/lexer.ts.Lexer.process,temp_argument,2526,1,1,DATA(t334) = CONV int8( 1 ). t323 = xsdbool( t324 = t334 ).
src/abap/1_lexer/lexer.ts.Lexer.process,literal_scalar,2526,1,1,DATA(t334) = CONV int8( 1 ).
src/abap/1_lexer/lexer.ts.Lexer.process,value_init_overwritten,2530,1,1,DATA(t335) = VALUE abap_bool( ). ... t335 = t336.
src/abap/1_lexer/lexer.ts.Lexer.process,value_init_overwritten,2531,1,1,DATA(t336) = VALUE abap_bool( ). ... t336 = xsdbool( t337 = 46 OR t337 = 44 OR t337 = 58 OR t337 = 40 OR t337 = 41 OR t337 = 91 OR t337 = 93 OR t337 = 43 OR t337 = 64 ).
src/abap/1_lexer/lexer.ts.Lexer.process,value_init_overwritten,2532,1,1,DATA(t337) = VALUE int8( ). ... t337 = t338.
src/abap/1_lexer/lexer.ts.Lexer.process,value_init_overwritten,2533,1,1,DATA(t338) = VALUE int8( ). ... t338 = t339.
src/abap/1_lexer/lexer.ts.Lexer.process,temp_assign,2534,1,1,DATA(t339) = CONV i( t18 ). t338 = t339.
src/abap/1_lexer/lexer.ts.Lexer.process,temp_assign,2535,1,1,t338 = t339. t337 = t338.
src/abap/1_lexer/lexer.ts.Lexer.process,value_init_overwritten,2549,1,1,DATA(t340) = VALUE abap_bool( ). ... t340 = t341.
src/abap/1_lexer/lexer.ts.Lexer.process,value_init_overwritten,2550,1,1,DATA(t341) = VALUE abap_bool( ). ... t341 = xsdbool( t342 = t343 ).
src/abap/1_lexer/lexer.ts.Lexer.process,temp_argument,2552,1,1,DATA(t343) = CONV i( z_src_abap_1_l_9d1bf4ef0204bc=>z_member_ch_da_d56b2dec3c04cd ). t341 = xsdbool( t342 = t343 ).
src/abap/1_lexer/lexer.ts.Lexer.process,value_init_overwritten,2556,1,1,DATA(t344) = VALUE abap_bool( ). ... t344 = xsdbool( t345 <> t346 ).
src/abap/1_lexer/lexer.ts.Lexer.process,temp_argument,2558,1,1,DATA(t346) = CONV i( z_src_abap_1_l_9d1bf4ef0204bc=>z_member_ch_gt_484fc284fbeaa6 ). t344 = xsdbool( t345 <> t346 ).
src/abap/1_lexer/lexer.ts.Lexer.process,temp_assign,2559,1,1,t344 = xsdbool( t345 <> t346 ). t340 = t344.
src/abap/1_lexer/lexer.ts.Lexer.process,value_init_overwritten,2579,1,1,DATA(t347) = VALUE abap_bool( ). ... t347 = t348.
src/abap/1_lexer/lexer.ts.Lexer.process,value_init_overwritten,2580,1,1,DATA(t348) = VALUE abap_bool( ). ... t348 = xsdbool( t349 = t350 ).
src/abap/1_lexer/lexer.ts.Lexer.process,value_init_overwritten,2582,1,1,DATA(t350) = VALUE int8( ). ... t350 = t351.
src/abap/1_lexer/lexer.ts.Lexer.process,temp_assign,2583,1,1,DATA(t351) = CONV i( z_src_abap_1_l_9d1bf4ef0204bc=>z_member_modep_1a43c4e5d63515 ). t350 = t351.
src/abap/1_lexer/lexer.ts.Lexer.process,value_init_overwritten,2591,1,1,DATA(t355) = VALUE abap_bool( ). ... t355 = t356.
src/abap/1_lexer/lexer.ts.Lexer.process,value_init_overwritten,2592,1,1,DATA(t356) = VALUE abap_bool( ). ... t356 = xsdbool( t357 = t358 ).
src/abap/1_lexer/lexer.ts.Lexer.process,temp_argument,2594,1,1,DATA(t358) = CONV i( z_src_abap_1_l_9d1bf4ef0204bc=>z_member_ch_co_74955d0712c27b ). t356 = xsdbool( t357 = t358 ).
src/abap/1_lexer/lexer.ts.Lexer.process,value_init_overwritten,2598,1,1,DATA(t359) = VALUE abap_bool( ). ... t359 = xsdbool( t360 = t361 ).
src/abap/1_lexer/lexer.ts.Lexer.process,temp_argument,2600,1,1,DATA(t361) = CONV i( z_src_abap_1_l_9d1bf4ef0204bc=>z_member_ch_co_ec6cd7b03d4329 ). t359 = xsdbool( t360 = t361 ).
src/abap/1_lexer/lexer.ts.Lexer.process,temp_assign,2601,1,1,t359 = xsdbool( t360 = t361 ). t355 = t359.
src/abap/1_lexer/lexer.ts.Lexer.process,value_init_overwritten,2606,1,1,DATA(t362) = VALUE abap_bool( ). ... t362 = xsdbool( t363 = t364 ).
src/abap/1_lexer/lexer.ts.Lexer.process,temp_argument,2608,1,1,DATA(t364) = CONV i( z_src_abap_1_l_9d1bf4ef0204bc=>z_member_ch_do_b6ece1dbece6f8 ). t362 = xsdbool( t363 = t364 ).
src/abap/1_lexer/lexer.ts.Lexer.process,temp_assign,2609,1,1,t362 = xsdbool( t363 = t364 ). t354 = t362.
src/abap/1_lexer/lexer.ts.Lexer.process,value_init_overwritten,2614,1,1,DATA(t365) = VALUE abap_bool( ). ... t365 = xsdbool( t366 = t367 ).
src/abap/1_lexer/lexer.ts.Lexer.process,temp_argument,2616,1,1,DATA(t367) = CONV i( z_src_abap_1_l_9d1bf4ef0204bc=>z_member_ch_sp_1e1455ae5d77cb ). t365 = xsdbool( t366 = t367 ).
src/abap/1_lexer/lexer.ts.Lexer.process,temp_assign,2617,1,1,t365 = xsdbool( t366 = t367 ). t353 = t365.
src/abap/1_lexer/lexer.ts.Lexer.process,value_init_overwritten,2622,1,1,DATA(t368) = VALUE abap_bool( ). ... t368 = xsdbool( t369 = t370 ).
src/abap/1_lexer/lexer.ts.Lexer.process,temp_argument,2624,1,1,DATA(t370) = CONV i( z_src_abap_1_l_9d1bf4ef0204bc=>z_member_ch_nl_0bb0a059e6c864 ). t368 = xsdbool( t369 = t370 ).
src/abap/1_lexer/lexer.ts.Lexer.process,temp_assign,2625,1,1,t368 = xsdbool( t369 = t370 ). t352 = t368.
src/abap/1_lexer/lexer.ts.Lexer.process,value_init_overwritten,2632,1,1,DATA(t371) = VALUE int8( ). ... t371 = t372.
src/abap/1_lexer/lexer.ts.Lexer.process,temp_assign,2633,1,1,DATA(t372) = CONV i( z_src_abap_1_l_9d1bf4ef0204bc=>z_member_moden_b5a760222f857a ). t371 = t372.
src/abap/1_lexer/lexer.ts.Lexer.process,value_init_overwritten,2641,1,1,DATA(t377) = VALUE abap_bool( ). ... t377 = t378.
src/abap/1_lexer/lexer.ts.Lexer.process,value_init_overwritten,2642,1,1,DATA(t378) = VALUE abap_bool( ). ... t378 = xsdbool( t379 = t380 ).
src/abap/1_lexer/lexer.ts.Lexer.process,value_init_overwritten,2644,1,1,DATA(t380) = VALUE int8( ). ... t380 = t381.
src/abap/1_lexer/lexer.ts.Lexer.process,temp_assign,2645,1,1,DATA(t381) = CONV i( z_src_abap_1_l_9d1bf4ef0204bc=>z_member_modep_1c2199edbc54f4 ). t380 = t381.
src/abap/1_lexer/lexer.ts.Lexer.process,clear_before_write,2653,1,1,CLEAR t384. ... t384 = t385.
src/abap/1_lexer/lexer.ts.Lexer.process,temp_assign,2654,1,1,DATA(t385) = CAST z_src_abap_1_l_cca5bd2c711d39( me->z_member_buffe_50d854778a22d2 ). t384 = t385.
src/abap/1_lexer/lexer.ts.Lexer.process,cast_temp,2654,1,1,DATA(t385) = CAST z_src_abap_1_l_cca5bd2c711d39( me->z_member_buffe_50d854778a22d2 ).
src/abap/1_lexer/lexer.ts.Lexer.process,value_init_overwritten,2656,1,1,DATA(t386) = VALUE int8( ). ... t386 = t387 - t390.
src/abap/1_lexer/lexer.ts.Lexer.process,value_init_overwritten,2657,1,1,DATA(t387) = VALUE int8( ). ... t387 = t388.
src/abap/1_lexer/lexer.ts.Lexer.process,value_init_overwritten,2658,1,1,DATA(t388) = VALUE i( ). ... t388 = t389->z_member_end_3f10c552cfc0e2.
src/abap/1_lexer/lexer.ts.Lexer.process,cast_temp,2659,1,1,DATA(t389) = CAST z_src_abap_1_l_cca5bd2c711d39( t384 ).
src/abap/1_lexer/lexer.ts.Lexer.process,temp_assign,2660,1,1,t388 = t389->z_member_end_3f10c552cfc0e2. t387 = t388.
src/abap/1_lexer/lexer.ts.Lexer.process,value_init_overwritten,2662,1,1,DATA(t390) = VALUE int8( ). ... t390 = t391.
src/abap/1_lexer/lexer.ts.Lexer.process,value_init_overwritten,2663,1,1,DATA(t391) = VALUE i( ). ... t391 = t392->z_member_start_4dd113ee116862.
src/abap/1_lexer/lexer.ts.Lexer.process,cast_temp,2664,1,1,DATA(t392) = CAST z_src_abap_1_l_cca5bd2c711d39( t384 ).
src/abap/1_lexer/lexer.ts.Lexer.process,temp_assign,2665,1,1,t391 = t392->z_member_start_4dd113ee116862. t390 = t391.
src/abap/1_lexer/lexer.ts.Lexer.process,temp_argument,2672,1,1,DATA(t393) = CONV int8( 1 ). t382 = xsdbool( t383 > t393 ).
src/abap/1_lexer/lexer.ts.Lexer.process,literal_scalar,2672,1,1,DATA(t393) = CONV int8( 1 ).
src/abap/1_lexer/lexer.ts.Lexer.process,temp_assign,2673,1,1,t382 = xsdbool( t383 > t393 ). t377 = t382.
src/abap/1_lexer/lexer.ts.Lexer.process,value_init_overwritten,2678,1,1,DATA(t394) = VALUE abap_bool( ). ... t394 = xsdbool( t395 = t396 ).
src/abap/1_lexer/lexer.ts.Lexer.process,temp_argument,2680,1,1,DATA(t396) = CONV i( z_src_abap_1_l_9d1bf4ef0204bc=>z_member_ch_ba_b4ee7f84916d1a ). t394 = xsdbool( t395 = t396 ).
src/abap/1_lexer/lexer.ts.Lexer.process,temp_assign,2681,1,1,t394 = xsdbool( t395 = t396 ). t376 = t394.
src/abap/1_lexer/lexer.ts.Lexer.process,value_init_overwritten,2687,1,1,DATA(t398) = VALUE abap_bool( ). ... t398 = t399.
src/abap/1_lexer/lexer.ts.Lexer.process,value_init_overwritten,2688,1,1,DATA(t399) = VALUE abap_bool( ). ... t399 = xsdbool( t400 = t401 ).
src/abap/1_lexer/lexer.ts.Lexer.process,temp_argument,2690,1,1,DATA(t401) = CONV i( z_src_abap_1_l_9d1bf4ef0204bc=>z_member_ch_ba_b4ee7f84916d1a ). t399 = xsdbool( t400 = t401 ).
src/abap/1_lexer/lexer.ts.Lexer.process,value_init_overwritten,2694,1,1,DATA(t402) = VALUE abap_bool( ). ... t402 = xsdbool( t403 = t404 ).
src/abap/1_lexer/lexer.ts.Lexer.process,temp_argument,2696,1,1,DATA(t404) = CONV i( z_src_abap_1_l_9d1bf4ef0204bc=>z_member_ch_ba_b4ee7f84916d1a ). t402 = xsdbool( t403 = t404 ).
src/abap/1_lexer/lexer.ts.Lexer.process,temp_assign,2697,1,1,t402 = xsdbool( t403 = t404 ). t398 = t402.
src/abap/1_lexer/lexer.ts.Lexer.process,temp_assign,2700,1,1,t397 = xsdbool( t398 = abap_false ). t375 = t397.
src/abap/1_lexer/lexer.ts.Lexer.process,value_init_overwritten,2705,1,1,DATA(t405) = VALUE abap_bool( ). ... t405 = xsdbool( t406 <> t407 ).
src/abap/1_lexer/lexer.ts.Lexer.process,temp_argument,2707,1,1,DATA(t407) = CONV i( z_src_abap_1_l_9d1bf4ef0204bc=>z_member_ch_ba_b4ee7f84916d1a ). t405 = xsdbool( t406 <> t407 ).
src/abap/1_lexer/lexer.ts.Lexer.process,temp_assign,2708,1,1,t405 = xsdbool( t406 <> t407 ). t374 = t405.
src/abap/1_lexer/lexer.ts.Lexer.process,value_init_overwritten,2713,1,1,DATA(t408) = VALUE abap_bool( ). ... t408 = t409->z_member_count_aef1818d79c2bf( z_param_char_da5c30c615561e = t410 ).
src/abap/1_lexer/lexer.ts.Lexer.process,cast_temp,2714,1,1,DATA(t409) = CAST z_src_abap_1_l_cca5bd2c711d39( me->z_member_buffe_50d854778a22d2 ).
src/abap/1_lexer/lexer.ts.Lexer.process,value_init_overwritten,2715,1,1,DATA(t410) = VALUE int8( ). ... t410 = t411.
src/abap/1_lexer/lexer.ts.Lexer.process,temp_assign,2716,1,1,DATA(t411) = CONV i( z_src_abap_1_l_9d1bf4ef0204bc=>z_member_ch_ba_b4ee7f84916d1a ). t410 = t411.
src/abap/1_lexer/lexer.ts.Lexer.process,temp_assign,2718,1,1,t408 = t409->z_member_count_aef1818d79c2bf( z_param_char_da5c30c615561e = t410 ). t373 = t408.
src/abap/1_lexer/lexer.ts.Lexer.process,value_init_overwritten,2722,1,1,DATA(t412) = VALUE abap_bool( ). ... t412 = xsdbool( t413 = -1 OR t413 = 32 OR t413 = 9 OR t413 = 10 OR t413 = 46 OR t413 = 44 OR t413 = 58 OR t413 = 34 OR t413 = 40 OR t413 = 41 OR t413 = 91 OR t413 = 93 ).
src/abap/1_lexer/lexer.ts.Lexer.process,value_init_overwritten,2723,1,1,DATA(t413) = VALUE int8( ). ... t413 = t414.
src/abap/1_lexer/lexer.ts.Lexer.process,value_init_overwritten,2724,1,1,DATA(t414) = VALUE int8( ). ... t414 = t415.
src/abap/1_lexer/lexer.ts.Lexer.process,temp_assign,2725,1,1,DATA(t415) = CONV i( t84 ). t414 = t415.
src/abap/1_lexer/lexer.ts.Lexer.process,temp_assign,2726,1,1,t414 = t415. t413 = t414.
src/abap/1_lexer/lexer.ts.Lexer.process,bool_if,2728,1,1,t412 = xsdbool( t413 = -1 OR t413 = 32 OR t413 = 9 OR t413 = 10 OR t413 = 46 OR t413 = 44 OR t413 = 58 OR t413 = 34 OR t413 = 40 OR t413 = 41 OR t413 = 91 OR t413 = 93 ). IF t412 = abap_true.
src/abap/1_lexer/lexer.ts.Lexer.process,value_init_overwritten,2744,1,1,DATA(t416) = VALUE abap_bool( ). ... t416 = xsdbool( t417 = t418 ).
src/abap/1_lexer/lexer.ts.Lexer.process,temp_argument,2746,1,1,DATA(t418) = CONV i( z_src_abap_1_l_9d1bf4ef0204bc=>z_member_ch_dq_a33a8377c27a48 ). t416 = xsdbool( t417 = t418 ).
src/abap/1_lexer/lexer.ts.Lexer.process,bool_if,2747,1,1,t416 = xsdbool( t417 = t418 ). IF t416 = abap_true.
src/abap/1_lexer/lexer.ts.Lexer.process,value_init_overwritten,2749,1,1,DATA(t419) = VALUE int8( ). ... t419 = t420.
src/abap/1_lexer/lexer.ts.Lexer.process,temp_assign,2750,1,1,DATA(t420) = CONV i( z_src_abap_1_l_9d1bf4ef0204bc=>z_member_modec_3310fc8aa5a0a5 ). t419 = t420.
src/abap/1_lexer/lexer.ts.Lexer.process,value_init_overwritten,2754,1,1,DATA(t421) = VALUE int8( ). ... t421 = t422.
src/abap/1_lexer/lexer.ts.Lexer.process,temp_assign,2755,1,1,DATA(t422) = CONV i( z_src_abap_1_l_9d1bf4ef0204bc=>z_member_moden_b5a760222f857a ). t421 = t422.
src/abap/1_lexer/lexer.ts.Lexer.process,value_init_overwritten,2762,1,1,DATA(t425) = VALUE abap_bool( ). ... t425 = t426.
src/abap/1_lexer/lexer.ts.Lexer.process,value_init_overwritten,2763,1,1,DATA(t426) = VALUE abap_bool( ). ... t426 = xsdbool( t427 = t428 ).
src/abap/1_lexer/lexer.ts.Lexer.process,value_init_overwritten,2765,1,1,DATA(t428) = VALUE int8( ). ... t428 = t429.
src/abap/1_lexer/lexer.ts.Lexer.process,temp_assign,2766,1,1,DATA(t429) = CONV i( z_src_abap_1_l_9d1bf4ef0204bc=>z_member_modet_91454e8d77ceb7 ). t428 = t429.
src/abap/1_lexer/lexer.ts.Lexer.process,clear_before_write,2774,1,1,CLEAR t432. ... t432 = t433.
src/abap/1_lexer/lexer.ts.Lexer.process,temp_assign,2775,1,1,DATA(t433) = CAST z_src_abap_1_l_cca5bd2c711d39( me->z_member_buffe_50d854778a22d2 ). t432 = t433.
src/abap/1_lexer/lexer.ts.Lexer.process,cast_temp,2775,1,1,DATA(t433) = CAST z_src_abap_1_l_cca5bd2c711d39( me->z_member_buffe_50d854778a22d2 ).
src/abap/1_lexer/lexer.ts.Lexer.process,value_init_overwritten,2777,1,1,DATA(t434) = VALUE int8( ). ... t434 = t435 - t438.
src/abap/1_lexer/lexer.ts.Lexer.process,value_init_overwritten,2778,1,1,DATA(t435) = VALUE int8( ). ... t435 = t436.
src/abap/1_lexer/lexer.ts.Lexer.process,value_init_overwritten,2779,1,1,DATA(t436) = VALUE i( ). ... t436 = t437->z_member_end_3f10c552cfc0e2.
src/abap/1_lexer/lexer.ts.Lexer.process,cast_temp,2780,1,1,DATA(t437) = CAST z_src_abap_1_l_cca5bd2c711d39( t432 ).
src/abap/1_lexer/lexer.ts.Lexer.process,temp_assign,2781,1,1,t436 = t437->z_member_end_3f10c552cfc0e2. t435 = t436.
src/abap/1_lexer/lexer.ts.Lexer.process,value_init_overwritten,2783,1,1,DATA(t438) = VALUE int8( ). ... t438 = t439.
src/abap/1_lexer/lexer.ts.Lexer.process,value_init_overwritten,2784,1,1,DATA(t439) = VALUE i( ). ... t439 = t440->z_member_start_4dd113ee116862.
src/abap/1_lexer/lexer.ts.Lexer.process,cast_temp,2785,1,1,DATA(t440) = CAST z_src_abap_1_l_cca5bd2c711d39( t432 ).
src/abap/1_lexer/lexer.ts.Lexer.process,temp_assign,2786,1,1,t439 = t440->z_member_start_4dd113ee116862. t438 = t439.
src/abap/1_lexer/lexer.ts.Lexer.process,temp_argument,2793,1,1,DATA(t441) = CONV int8( 1 ). t430 = xsdbool( t431 > t441 ).
src/abap/1_lexer/lexer.ts.Lexer.process,literal_scalar,2793,1,1,DATA(t441) = CONV int8( 1 ).
src/abap/1_lexer/lexer.ts.Lexer.process,temp_assign,2794,1,1,t430 = xsdbool( t431 > t441 ). t425 = t430.
src/abap/1_lexer/lexer.ts.Lexer.process,value_init_overwritten,2799,1,1,DATA(t442) = VALUE abap_bool( ). ... t442 = t443.
src/abap/1_lexer/lexer.ts.Lexer.process,value_init_overwritten,2800,1,1,DATA(t443) = VALUE abap_bool( ). ... t443 = xsdbool( t444 = t445 ).
src/abap/1_lexer/lexer.ts.Lexer.process,temp_argument,2802,1,1,DATA(t445) = CONV i( z_src_abap_1_l_9d1bf4ef0204bc=>z_member_ch_pi_fedc15b86f7055 ). t443 = xsdbool( t444 = t445 ).
src/abap/1_lexer/lexer.ts.Lexer.process,value_init_overwritten,2806,1,1,DATA(t446) = VALUE abap_bool( ). ... t446 = xsdbool( t447 = t448 ).
src/abap/1_lexer/lexer.ts.Lexer.process,temp_argument,2808,1,1,DATA(t448) = CONV i( z_src_abap_1_l_9d1bf4ef0204bc=>z_member_ch_lb_42eeefa96e3d7b ). t446 = xsdbool( t447 = t448 ).
src/abap/1_lexer/lexer.ts.Lexer.process,temp_assign,2809,1,1,t446 = xsdbool( t447 = t448 ). t442 = t446.
src/abap/1_lexer/lexer.ts.Lexer.process,clear_before_write,2821,1,1,CLEAR t453. ... t453 = t454.
src/abap/1_lexer/lexer.ts.Lexer.process,temp_assign,2822,1,1,DATA(t454) = CAST z_src_abap_1_l_4d08aedee14b5b( t2 ). t453 = t454.
src/abap/1_lexer/lexer.ts.Lexer.process,cast_temp,2822,1,1,DATA(t454) = CAST z_src_abap_1_l_4d08aedee14b5b( t2 ).
src/abap/1_lexer/lexer.ts.Lexer.process,value_init_overwritten,2825,1,1,DATA(t456) = VALUE i( ). ... t456 = t457.
src/abap/1_lexer/lexer.ts.Lexer.process,value_init_overwritten,2826,1,1,DATA(t457) = VALUE i( ). ... t457 = t458 - t460.
src/abap/1_lexer/lexer.ts.Lexer.process,value_init_overwritten,2827,1,1,DATA(t458) = VALUE i( ). ... t458 = t459->z_member_offse_4eb7e0915312eb.
src/abap/1_lexer/lexer.ts.Lexer.process,cast_temp,2828,1,1,DATA(t459) = CAST z_src_abap_1_l_4d08aedee14b5b( t453 ).
src/abap/1_lexer/lexer.ts.Lexer.process,literal_scalar,2830,1,1,DATA(t460) = CONV i( '1' ).
src/abap/1_lexer/lexer.ts.Lexer.process,temp_assign,2831,1,1,t457 = t458 - t460. t456 = t457.
src/abap/1_lexer/lexer.ts.Lexer.process,value_init_overwritten,2834,1,1,DATA(t462) = VALUE abap_bool( ). ... t462 = xsdbool( t463 < t464 ).
src/abap/1_lexer/lexer.ts.Lexer.process,temp_argument,2836,1,1,DATA(t464) = CONV i( '0' ). t462 = xsdbool( t463 < t464 ).
src/abap/1_lexer/lexer.ts.Lexer.process,literal_scalar,2836,1,1,DATA(t464) = CONV i( '0' ).
src/abap/1_lexer/lexer.ts.Lexer.process,bool_if,2837,1,1,t462 = xsdbool( t463 < t464 ). IF t462 = abap_true.
src/abap/1_lexer/lexer.ts.Lexer.process,value_init_overwritten,2839,1,1,DATA(t465) = VALUE int8( ). ... t465 = t466.
src/abap/1_lexer/lexer.ts.Lexer.process,temp_assign,2840,1,1,DATA(t466) = CONV i( z_src_abap_1_l_947bbb88034ba0=>z_member_eof_9d9c0193bdc4f4 ). t465 = t466.
src/abap/1_lexer/lexer.ts.Lexer.process,temp_assign,2841,1,1,t465 = t466. t461 = t465.
src/abap/1_lexer/lexer.ts.Lexer.process,value_init_overwritten,2846,1,1,DATA(t469) = VALUE string( ). ... t469 = t470->z_member_raw_eb82124cb04f25.
src/abap/1_lexer/lexer.ts.Lexer.process,cast_temp,2847,1,1,DATA(t470) = CAST z_src_abap_1_l_4d08aedee14b5b( t453 ).
src/abap/1_lexer/lexer.ts.Lexer.process,clear_before_write,2856,1,1,CLEAR t474. ... t474 = t473.
src/abap/1_lexer/lexer.ts.Lexer.process,temp_assign,2876,1,1,t467 = t468. t461 = t467.
src/abap/1_lexer/lexer.ts.Lexer.process,temp_assign,2879,1,1,t455 = t461. t452 = t455.
src/abap/1_lexer/lexer.ts.Lexer.process,temp_assign,2880,1,1,t452 = t455. t451 = t452.
src/abap/1_lexer/lexer.ts.Lexer.process,temp_argument,2882,1,1,DATA(t479) = CONV i( z_src_abap_1_l_9d1bf4ef0204bc=>z_member_ch_ba_2ef0d3c5271a56 ). t450 = xsdbool( t451 <> t479 ).
src/abap/1_lexer/lexer.ts.Lexer.process,clear_before_write,2891,1,1,CLEAR t484. ... t484 = t485.
src/abap/1_lexer/lexer.ts.Lexer.process,temp_assign,2892,1,1,DATA(t485) = CAST z_src_abap_1_l_4d08aedee14b5b( t2 ). t484 = t485.
src/abap/1_lexer/lexer.ts.Lexer.process,cast_temp,2892,1,1,DATA(t485) = CAST z_src_abap_1_l_4d08aedee14b5b( t2 ).
src/abap/1_lexer/lexer.ts.Lexer.process,value_init_overwritten,2895,1,1,DATA(t487) = VALUE i( ). ... t487 = t488.
src/abap/1_lexer/lexer.ts.Lexer.process,value_init_overwritten,2896,1,1,DATA(t488) = VALUE i( ). ... t488 = t489 - t491.
src/abap/1_lexer/lexer.ts.Lexer.process,value_init_overwritten,2897,1,1,DATA(t489) = VALUE i( ). ... t489 = t490->z_member_offse_4eb7e0915312eb.
src/abap/1_lexer/lexer.ts.Lexer.process,cast_temp,2898,1,1,DATA(t490) = CAST z_src_abap_1_l_4d08aedee14b5b( t484 ).
src/abap/1_lexer/lexer.ts.Lexer.process,literal_scalar,2900,1,1,DATA(t491) = CONV i( '2' ).
src/abap/1_lexer/lexer.ts.Lexer.process,temp_assign,2901,1,1,t488 = t489 - t491. t487 = t488.
src/abap/1_lexer/lexer.ts.Lexer.process,value_init_overwritten,2904,1,1,DATA(t493) = VALUE abap_bool( ). ... t493 = xsdbool( t494 < t495 ).
src/abap/1_lexer/lexer.ts.Lexer.process,temp_argument,2906,1,1,DATA(t495) = CONV i( '0' ). t493 = xsdbool( t494 < t495 ).
src/abap/1_lexer/lexer.ts.Lexer.process,literal_scalar,2906,1,1,DATA(t495) = CONV i( '0' ).
src/abap/1_lexer/lexer.ts.Lexer.process,bool_if,2907,1,1,t493 = xsdbool( t494 < t495 ). IF t493 = abap_true.
src/abap/1_lexer/lexer.ts.Lexer.process,value_init_overwritten,2909,1,1,DATA(t496) = VALUE int8( ). ... t496 = t497.
src/abap/1_lexer/lexer.ts.Lexer.process,temp_assign,2910,1,1,DATA(t497) = CONV i( z_src_abap_1_l_947bbb88034ba0=>z_member_eof_9d9c0193bdc4f4 ). t496 = t497.
src/abap/1_lexer/lexer.ts.Lexer.process,temp_assign,2911,1,1,t496 = t497. t492 = t496.
src/abap/1_lexer/lexer.ts.Lexer.process,value_init_overwritten,2916,1,1,DATA(t500) = VALUE string( ). ... t500 = t501->z_member_raw_eb82124cb04f25.
src/abap/1_lexer/lexer.ts.Lexer.process,cast_temp,2917,1,1,DATA(t501) = CAST z_src_abap_1_l_4d08aedee14b5b( t484 ).
src/abap/1_lexer/lexer.ts.Lexer.process,clear_before_write,2926,1,1,CLEAR t505. ... t505 = t504.
src/abap/1_lexer/lexer.ts.Lexer.process,temp_assign,2946,1,1,t498 = t499. t492 = t498.
src/abap/1_lexer/lexer.ts.Lexer.process,temp_assign,2949,1,1,t486 = t492. t483 = t486.
src/abap/1_lexer/lexer.ts.Lexer.process,temp_assign,2950,1,1,t483 = t486. t482 = t483.
src/abap/1_lexer/lexer.ts.Lexer.process,temp_argument,2952,1,1,DATA(t510) = CONV i( z_src_abap_1_l_9d1bf4ef0204bc=>z_member_ch_ba_2ef0d3c5271a56 ). t481 = xsdbool( t482 = t510 ).
src/abap/1_lexer/lexer.ts.Lexer.process,clear_before_write,2960,1,1,CLEAR t514. ... t514 = t515.
src/abap/1_lexer/lexer.ts.Lexer.process,temp_assign,2961,1,1,DATA(t515) = CAST z_src_abap_1_l_4d08aedee14b5b( t2 ). t514 = t515.
src/abap/1_lexer/lexer.ts.Lexer.process,cast_temp,2961,1,1,DATA(t515) = CAST z_src_abap_1_l_4d08aedee14b5b( t2 ).
src/abap/1_lexer/lexer.ts.Lexer.process,value_init_overwritten,2964,1,1,DATA(t517) = VALUE i( ). ... t517 = t518.
src/abap/1_lexer/lexer.ts.Lexer.process,value_init_overwritten,2965,1,1,DATA(t518) = VALUE i( ). ... t518 = t519 - t521.
src/abap/1_lexer/lexer.ts.Lexer.process,value_init_overwritten,2966,1,1,DATA(t519) = VALUE i( ). ... t519 = t520->z_member_offse_4eb7e0915312eb.
src/abap/1_lexer/lexer.ts.Lexer.process,cast_temp,2967,1,1,DATA(t520) = CAST z_src_abap_1_l_4d08aedee14b5b( t514 ).
src/abap/1_lexer/lexer.ts.Lexer.process,literal_scalar,2969,1,1,DATA(t521) = CONV i( '1' ).
src/abap/1_lexer/lexer.ts.Lexer.process,temp_assign,2970,1,1,t518 = t519 - t521. t517 = t518.
src/abap/1_lexer/lexer.ts.Lexer.process,value_init_overwritten,2973,1,1,DATA(t523) = VALUE abap_bool( ). ... t523 = xsdbool( t524 < t525 ).
src/abap/1_lexer/lexer.ts.Lexer.process,temp_argument,2975,1,1,DATA(t525) = CONV i( '0' ). t523 = xsdbool( t524 < t525 ).
src/abap/1_lexer/lexer.ts.Lexer.process,literal_scalar,2975,1,1,DATA(t525) = CONV i( '0' ).
src/abap/1_lexer/lexer.ts.Lexer.process,bool_if,2976,1,1,t523 = xsdbool( t524 < t525 ). IF t523 = abap_true.
src/abap/1_lexer/lexer.ts.Lexer.process,value_init_overwritten,2978,1,1,DATA(t526) = VALUE int8( ). ... t526 = t527.
src/abap/1_lexer/lexer.ts.Lexer.process,temp_assign,2979,1,1,DATA(t527) = CONV i( z_src_abap_1_l_947bbb88034ba0=>z_member_eof_9d9c0193bdc4f4 ). t526 = t527.
src/abap/1_lexer/lexer.ts.Lexer.process,temp_assign,2980,1,1,t526 = t527. t522 = t526.
src/abap/1_lexer/lexer.ts.Lexer.process,value_init_overwritten,2985,1,1,DATA(t530) = VALUE string( ). ... t530 = t531->z_member_raw_eb82124cb04f25.
src/abap/1_lexer/lexer.ts.Lexer.process,cast_temp,2986,1,1,DATA(t531) = CAST z_src_abap_1_l_4d08aedee14b5b( t514 ).
src/abap/1_lexer/lexer.ts.Lexer.process,clear_before_write,2995,1,1,CLEAR t535. ... t535 = t534.
src/abap/1_lexer/lexer.ts.Lexer.process,temp_assign,3015,1,1,t528 = t529. t522 = t528.
src/abap/1_lexer/lexer.ts.Lexer.process,temp_assign,3018,1,1,t516 = t522. t513 = t516.
src/abap/1_lexer/lexer.ts.Lexer.process,temp_assign,3019,1,1,t513 = t516. t512 = t513.
src/abap/1_lexer/lexer.ts.Lexer.process,temp_argument,3021,1,1,DATA(t540) = CONV i( z_src_abap_1_l_9d1bf4ef0204bc=>z_member_ch_ba_2ef0d3c5271a56 ). t511 = xsdbool( t512 = t540 ).
src/abap/1_lexer/lexer.ts.Lexer.process,temp_assign,3022,1,1,t511 = xsdbool( t512 = t540 ). t480 = t511.
src/abap/1_lexer/lexer.ts.Lexer.process,value_init_overwritten,3030,1,1,DATA(t541) = VALUE abap_bool( ). ... t541 = t542.
src/abap/1_lexer/lexer.ts.Lexer.process,value_init_overwritten,3031,1,1,DATA(t542) = VALUE abap_bool( ). ... t542 = xsdbool( t543 = t544 ).
src/abap/1_lexer/lexer.ts.Lexer.process,temp_argument,3033,1,1,DATA(t544) = CONV i( z_src_abap_1_l_9d1bf4ef0204bc=>z_member_ch_lb_42eeefa96e3d7b ). t542 = xsdbool( t543 = t544 ).
src/abap/1_lexer/lexer.ts.Lexer.process,value_init_overwritten,3037,1,1,DATA(t545) = VALUE abap_bool( ). ... t545 = xsdbool( t546 = -1 OR t546 = 32 OR t546 = 9 OR t546 = 10 OR t546 = 46 OR t546 = 44 OR t546 = 58 OR t546 = 34 OR t546 = 40 OR t546 = 41 OR t546 = 91 OR t546 = 93 ).
src/abap/1_lexer/lexer.ts.Lexer.process,value_init_overwritten,3038,1,1,DATA(t546) = VALUE int8( ). ... t546 = t547.
src/abap/1_lexer/lexer.ts.Lexer.process,value_init_overwritten,3039,1,1,DATA(t547) = VALUE int8( ). ... t547 = t548.
src/abap/1_lexer/lexer.ts.Lexer.process,temp_assign,3040,1,1,DATA(t548) = CONV i( t84 ). t547 = t548.
src/abap/1_lexer/lexer.ts.Lexer.process,temp_assign,3041,1,1,t547 = t548. t546 = t547.
src/abap/1_lexer/lexer.ts.Lexer.process,temp_assign,3043,1,1,t545 = xsdbool( t546 = -1 OR t546 = 32 OR t546 = 9 OR t546 = 10 OR t546 = 46 OR t546 = 44 OR t546 = 58 OR t546 = 34 OR t546 = 40 OR t546 = 41 OR t546 = 91 OR t546 = 93 ). t541 = t545.
src/abap/1_lexer/lexer.ts.Lexer.process,value_init_overwritten,3061,1,1,DATA(t549) = VALUE int8( ). ... t549 = t550.
src/abap/1_lexer/lexer.ts.Lexer.process,temp_assign,3062,1,1,DATA(t550) = CONV i( z_src_abap_1_l_9d1bf4ef0204bc=>z_member_moden_b5a760222f857a ). t549 = t550.
src/abap/1_lexer/lexer.ts.Lexer.process,value_init_overwritten,3067,1,1,DATA(t552) = VALUE abap_bool( ). ... t552 = t553.
src/abap/1_lexer/lexer.ts.Lexer.process,value_init_overwritten,3068,1,1,DATA(t553) = VALUE abap_bool( ). ... t553 = xsdbool( t554 = t555 ).
src/abap/1_lexer/lexer.ts.Lexer.process,value_init_overwritten,3070,1,1,DATA(t555) = VALUE int8( ). ... t555 = t556.
src/abap/1_lexer/lexer.ts.Lexer.process,temp_assign,3071,1,1,DATA(t556) = CONV i( z_src_abap_1_l_9d1bf4ef0204bc=>z_member_modet_91454e8d77ceb7 ). t555 = t556.
src/abap/1_lexer/lexer.ts.Lexer.process,value_init_overwritten,3076,1,1,DATA(t557) = VALUE abap_bool( ). ... t557 = xsdbool( t558 = t559 ).
src/abap/1_lexer/lexer.ts.Lexer.process,temp_argument,3078,1,1,DATA(t559) = CONV i( z_src_abap_1_l_9d1bf4ef0204bc=>z_member_ch_rb_3d590c3924dfb0 ). t557 = xsdbool( t558 = t559 ).
src/abap/1_lexer/lexer.ts.Lexer.process,temp_assign,3079,1,1,t557 = xsdbool( t558 = t559 ). t552 = t557.
src/abap/1_lexer/lexer.ts.Lexer.process,value_init_overwritten,3084,1,1,DATA(t560) = VALUE abap_bool( ). ... t560 = xsdbool( t561 <> t562 ).
src/abap/1_lexer/lexer.ts.Lexer.process,temp_argument,3086,1,1,DATA(t562) = CONV i( z_src_abap_1_l_9d1bf4ef0204bc=>z_member_ch_ba_2ef0d3c5271a56 ). t560 = xsdbool( t561 <> t562 ).
src/abap/1_lexer/lexer.ts.Lexer.process,temp_assign,3087,1,1,t560 = xsdbool( t561 <> t562 ). t551 = t560.
src/abap/1_lexer/lexer.ts.Lexer.process,value_init_overwritten,3097,1,1,DATA(t567) = VALUE abap_bool( ). ... t567 = t568.
src/abap/1_lexer/lexer.ts.Lexer.process,value_init_overwritten,3098,1,1,DATA(t568) = VALUE abap_bool( ). ... t568 = xsdbool( t569 = t570 ).
src/abap/1_lexer/lexer.ts.Lexer.process,value_init_overwritten,3100,1,1,DATA(t570) = VALUE int8( ). ... t570 = t571.
src/abap/1_lexer/lexer.ts.Lexer.process,temp_assign,3101,1,1,DATA(t571) = CONV i( z_src_abap_1_l_9d1bf4ef0204bc=>z_member_modes_382721884450c5 ). t570 = t571.
src/abap/1_lexer/lexer.ts.Lexer.process,value_init_overwritten,3106,1,1,DATA(t572) = VALUE abap_bool( ). ... t572 = xsdbool( t573 = t574 ).
src/abap/1_lexer/lexer.ts.Lexer.process,temp_argument,3108,1,1,DATA(t574) = CONV i( z_src_abap_1_l_9d1bf4ef0204bc=>z_member_ch_qu_6f45e6c052929c ). t572 = xsdbool( t573 = t574 ).
src/abap/1_lexer/lexer.ts.Lexer.process,temp_assign,3109,1,1,t572 = xsdbool( t573 = t574 ). t567 = t572.
src/abap/1_lexer/lexer.ts.Lexer.process,clear_before_write,3117,1,1,CLEAR t577. ... t577 = t578.
src/abap/1_lexer/lexer.ts.Lexer.process,temp_assign,3118,1,1,DATA(t578) = CAST z_src_abap_1_l_cca5bd2c711d39( me->z_member_buffe_50d854778a22d2 ). t577 = t578.
src/abap/1_lexer/lexer.ts.Lexer.process,cast_temp,3118,1,1,DATA(t578) = CAST z_src_abap_1_l_cca5bd2c711d39( me->z_member_buffe_50d854778a22d2 ).
src/abap/1_lexer/lexer.ts.Lexer.process,value_init_overwritten,3120,1,1,DATA(t579) = VALUE int8( ). ... t579 = t580 - t583.
src/abap/1_lexer/lexer.ts.Lexer.process,value_init_overwritten,3121,1,1,DATA(t580) = VALUE int8( ). ... t580 = t581.
src/abap/1_lexer/lexer.ts.Lexer.process,value_init_overwritten,3122,1,1,DATA(t581) = VALUE i( ). ... t581 = t582->z_member_end_3f10c552cfc0e2.
src/abap/1_lexer/lexer.ts.Lexer.process,cast_temp,3123,1,1,DATA(t582) = CAST z_src_abap_1_l_cca5bd2c711d39( t577 ).
src/abap/1_lexer/lexer.ts.Lexer.process,temp_assign,3124,1,1,t581 = t582->z_member_end_3f10c552cfc0e2. t580 = t581.
src/abap/1_lexer/lexer.ts.Lexer.process,value_init_overwritten,3126,1,1,DATA(t583) = VALUE int8( ). ... t583 = t584.
src/abap/1_lexer/lexer.ts.Lexer.process,value_init_overwritten,3127,1,1,DATA(t584) = VALUE i( ). ... t584 = t585->z_member_start_4dd113ee116862.
src/abap/1_lexer/lexer.ts.Lexer.process,cast_temp,3128,1,1,DATA(t585) = CAST z_src_abap_1_l_cca5bd2c711d39( t577 ).
src/abap/1_lexer/lexer.ts.Lexer.process,temp_assign,3129,1,1,t584 = t585->z_member_start_4dd113ee116862. t583 = t584.
src/abap/1_lexer/lexer.ts.Lexer.process,temp_argument,3136,1,1,DATA(t586) = CONV int8( 1 ). t575 = xsdbool( t576 > t586 ).
src/abap/1_lexer/lexer.ts.Lexer.process,literal_scalar,3136,1,1,DATA(t586) = CONV int8( 1 ).
src/abap/1_lexer/lexer.ts.Lexer.process,temp_assign,3137,1,1,t575 = xsdbool( t576 > t586 ). t566 = t575.
src/abap/1_lexer/lexer.ts.Lexer.process,value_init_overwritten,3143,1,1,DATA(t588) = VALUE abap_bool( ). ... t588 = t589.
src/abap/1_lexer/lexer.ts.Lexer.process,value_init_overwritten,3144,1,1,DATA(t589) = VALUE abap_bool( ). ... t589 = xsdbool( t590 = t591 ).
src/abap/1_lexer/lexer.ts.Lexer.process,temp_argument,3146,1,1,DATA(t591) = CONV i( z_src_abap_1_l_9d1bf4ef0204bc=>z_member_ch_qu_6f45e6c052929c ). t589 = xsdbool( t590 = t591 ).
src/abap/1_lexer/lexer.ts.Lexer.process,value_init_overwritten,3150,1,1,DATA(t592) = VALUE abap_bool( ). ... t592 = xsdbool( t593 = t594 ).
src/abap/1_lexer/lexer.ts.Lexer.process,temp_argument,3152,1,1,DATA(t594) = CONV i( z_src_abap_1_l_9d1bf4ef0204bc=>z_member_ch_qu_6f45e6c052929c ). t592 = xsdbool( t593 = t594 ).
src/abap/1_lexer/lexer.ts.Lexer.process,temp_assign,3153,1,1,t592 = xsdbool( t593 = t594 ). t588 = t592.
src/abap/1_lexer/lexer.ts.Lexer.process,temp_assign,3156,1,1,t587 = xsdbool( t588 = abap_false ). t565 = t587.
src/abap/1_lexer/lexer.ts.Lexer.process,value_init_overwritten,3161,1,1,DATA(t595) = VALUE abap_bool( ). ... t595 = xsdbool( t596 <> t597 ).
src/abap/1_lexer/lexer.ts.Lexer.process,temp_argument,3163,1,1,DATA(t597) = CONV i( z_src_abap_1_l_9d1bf4ef0204bc=>z_member_ch_qu_6f45e6c052929c ). t595 = xsdbool( t596 <> t597 ).
src/abap/1_lexer/lexer.ts.Lexer.process,temp_assign,3164,1,1,t595 = xsdbool( t596 <> t597 ). t564 = t595.
src/abap/1_lexer/lexer.ts.Lexer.process,value_init_overwritten,3169,1,1,DATA(t598) = VALUE abap_bool( ). ... t598 = t599->z_member_count_aef1818d79c2bf( z_param_char_da5c30c615561e = t600 ).
src/abap/1_lexer/lexer.ts.Lexer.process,cast_temp,3170,1,1,DATA(t599) = CAST z_src_abap_1_l_cca5bd2c711d39( me->z_member_buffe_50d854778a22d2 ).
src/abap/1_lexer/lexer.ts.Lexer.process,value_init_overwritten,3171,1,1,DATA(t600) = VALUE int8( ). ... t600 = t601.
src/abap/1_lexer/lexer.ts.Lexer.process,temp_assign,3172,1,1,DATA(t601) = CONV i( z_src_abap_1_l_9d1bf4ef0204bc=>z_member_ch_qu_6f45e6c052929c ). t600 = t601.
src/abap/1_lexer/lexer.ts.Lexer.process,temp_assign,3174,1,1,t598 = t599->z_member_count_aef1818d79c2bf( z_param_char_da5c30c615561e = t600 ). t563 = t598.
src/abap/1_lexer/lexer.ts.Lexer.process,value_init_overwritten,3178,1,1,DATA(t602) = VALUE abap_bool( ). ... t602 = xsdbool( t603 = -1 OR t603 = 32 OR t603 = 9 OR t603 = 10 OR t603 = 46 OR t603 = 44 OR t603 = 58 OR t603 = 34 OR t603 = 40 OR t603 = 41 OR t603 = 91 OR t603 = 93 ).
src/abap/1_lexer/lexer.ts.Lexer.process,value_init_overwritten,3179,1,1,DATA(t603) = VALUE int8( ). ... t603 = t604.
src/abap/1_lexer/lexer.ts.Lexer.process,value_init_overwritten,3180,1,1,DATA(t604) = VALUE int8( ). ... t604 = t605.
src/abap/1_lexer/lexer.ts.Lexer.process,temp_assign,3181,1,1,DATA(t605) = CONV i( t84 ). t604 = t605.
src/abap/1_lexer/lexer.ts.Lexer.process,temp_assign,3182,1,1,t604 = t605. t603 = t604.
src/abap/1_lexer/lexer.ts.Lexer.process,bool_if,3184,1,1,t602 = xsdbool( t603 = -1 OR t603 = 32 OR t603 = 9 OR t603 = 10 OR t603 = 46 OR t603 = 44 OR t603 = 58 OR t603 = 34 OR t603 = 40 OR t603 = 41 OR t603 = 91 OR t603 = 93 ). IF t602 = abap_true.
src/abap/1_lexer/lexer.ts.Lexer.process,value_init_overwritten,3200,1,1,DATA(t606) = VALUE abap_bool( ). ... t606 = xsdbool( t607 = t608 ).
src/abap/1_lexer/lexer.ts.Lexer.process,temp_argument,3202,1,1,DATA(t608) = CONV i( z_src_abap_1_l_9d1bf4ef0204bc=>z_member_ch_dq_a33a8377c27a48 ). t606 = xsdbool( t607 = t608 ).
src/abap/1_lexer/lexer.ts.Lexer.process,bool_if,3203,1,1,t606 = xsdbool( t607 = t608 ). IF t606 = abap_true.
src/abap/1_lexer/lexer.ts.Lexer.process,value_init_overwritten,3205,1,1,DATA(t609) = VALUE int8( ). ... t609 = t610.
src/abap/1_lexer/lexer.ts.Lexer.process,temp_assign,3206,1,1,DATA(t610) = CONV i( z_src_abap_1_l_9d1bf4ef0204bc=>z_member_modec_3310fc8aa5a0a5 ). t609 = t610.
src/abap/1_lexer/lexer.ts.Lexer.process,value_init_overwritten,3210,1,1,DATA(t611) = VALUE int8( ). ... t611 = t612.
src/abap/1_lexer/lexer.ts.Lexer.process,temp_assign,3211,1,1,DATA(t612) = CONV i( z_src_abap_1_l_9d1bf4ef0204bc=>z_member_moden_b5a760222f857a ). t611 = t612.
src/abap/1_lexer/lexer.ts.Lexer.process,value_init_overwritten,3216,1,1,DATA(t613) = VALUE abap_bool( ). ... t613 = t614.
src/abap/1_lexer/lexer.ts.Lexer.process,value_init_overwritten,3217,1,1,DATA(t614) = VALUE abap_bool( ). ... t614 = xsdbool( t615 = t616 ).
src/abap/1_lexer/lexer.ts.Lexer.process,temp_argument,3219,1,1,DATA(t616) = CONV i( z_src_abap_1_l_9d1bf4ef0204bc=>z_member_ch_nl_0bb0a059e6c864 ). t614 = xsdbool( t615 = t616 ).
src/abap/1_lexer/lexer.ts.Lexer.process,value_init_overwritten,3223,1,1,DATA(t617) = VALUE abap_bool( ). ... t617 = xsdbool( t618 <> t619 ).
src/abap/1_lexer/lexer.ts.Lexer.process,value_init_overwritten,3225,1,1,DATA(t619) = VALUE int8( ). ... t619 = t620.
src/abap/1_lexer/lexer.ts.Lexer.process,temp_assign,3226,1,1,DATA(t620) = CONV i( z_src_abap_1_l_9d1bf4ef0204bc=>z_member_modet_91454e8d77ceb7 ). t619 = t620.
src/abap/1_lexer/lexer.ts.Lexer.process,temp_assign,3228,1,1,t617 = xsdbool( t618 <> t619 ). t613 = t617.
src/abap/1_lexer/lexer.ts.Lexer.process,value_init_overwritten,3233,1,1,DATA(t621) = VALUE int8( ). ... t621 = t622.
src/abap/1_lexer/lexer.ts.Lexer.process,temp_assign,3234,1,1,DATA(t622) = CONV i( z_src_abap_1_l_9d1bf4ef0204bc=>z_member_moden_b5a760222f857a ). t621 = t622.
src/abap/1_lexer/lexer.ts.Lexer.process,value_init_overwritten,3238,1,1,DATA(t623) = VALUE abap_bool( ). ... t623 = t624.
src/abap/1_lexer/lexer.ts.Lexer.process,value_init_overwritten,3239,1,1,DATA(t624) = VALUE abap_bool( ). ... t624 = xsdbool( t625 = t626 ).
src/abap/1_lexer/lexer.ts.Lexer.process,value_init_overwritten,3241,1,1,DATA(t626) = VALUE int8( ). ... t626 = t627.
src/abap/1_lexer/lexer.ts.Lexer.process,temp_assign,3242,1,1,DATA(t627) = CONV i( z_src_abap_1_l_9d1bf4ef0204bc=>z_member_modet_91454e8d77ceb7 ). t626 = t627.
src/abap/1_lexer/lexer.ts.Lexer.process,value_init_overwritten,3247,1,1,DATA(t628) = VALUE abap_bool( ). ... t628 = xsdbool( t629 = t630 ).
src/abap/1_lexer/lexer.ts.Lexer.process,temp_argument,3249,1,1,DATA(t630) = CONV i( z_src_abap_1_l_9d1bf4ef0204bc=>z_member_ch_nl_0bb0a059e6c864 ). t628 = xsdbool( t629 = t630 ).
src/abap/1_lexer/lexer.ts.Lexer.process,temp_assign,3250,1,1,t628 = xsdbool( t629 = t630 ). t623 = t628.
src/abap/1_lexer/lexer.ts.Lexer.process,clear_before_write,3266,1,1,CLEAR t633. ... t633 = t634.
src/abap/1_lexer/lexer.ts.Lexer.process,temp_assign,3267,1,1,DATA(t634) = CAST z_src_abap_1_l_4d08aedee14b5b( t2 ). t633 = t634.
src/abap/1_lexer/lexer.ts.Lexer.process,cast_temp,3267,1,1,DATA(t634) = CAST z_src_abap_1_l_4d08aedee14b5b( t2 ).
src/abap/1_lexer/lexer.ts.Lexer.process,value_init_overwritten,3273,1,1,DATA(t639) = VALUE abap_bool( ). ... t639 = xsdbool( t640 < t642 ).
src/abap/1_lexer/lexer.ts.Lexer.process,value_init_overwritten,3274,1,1,DATA(t640) = VALUE i( ). ... t640 = t641->z_member_offse_4eb7e0915312eb.
src/abap/1_lexer/lexer.ts.Lexer.process,cast_temp,3275,1,1,DATA(t641) = CAST z_src_abap_1_l_4d08aedee14b5b( t633 ).
src/abap/1_lexer/lexer.ts.Lexer.process,temp_argument,3277,1,1,DATA(t642) = CONV i( '0' ). t639 = xsdbool( t640 < t642 ).
src/abap/1_lexer/lexer.ts.Lexer.process,literal_scalar,3277,1,1,DATA(t642) = CONV i( '0' ).
src/abap/1_lexer/lexer.ts.Lexer.process,bool_if,3278,1,1,t639 = xsdbool( t640 < t642 ). IF t639 = abap_true.
src/abap/1_lexer/lexer.ts.Lexer.process,value_init_overwritten,3280,1,1,DATA(t643) = VALUE int8( ). ... t643 = t644.
src/abap/1_lexer/lexer.ts.Lexer.process,temp_assign,3281,1,1,DATA(t644) = CONV i( z_src_abap_1_l_947bbb88034ba0=>z_member_nl_9d24e602a85548 ). t643 = t644.
src/abap/1_lexer/lexer.ts.Lexer.process,temp_assign,3282,1,1,t643 = t644. t638 = t643.
src/abap/1_lexer/lexer.ts.Lexer.process,value_init_overwritten,3286,1,1,DATA(t646) = VALUE abap_bool( ). ... t646 = xsdbool( t647 >= t649 ).
src/abap/1_lexer/lexer.ts.Lexer.process,value_init_overwritten,3287,1,1,DATA(t647) = VALUE i( ). ... t647 = t648->z_member_offse_4eb7e0915312eb.
src/abap/1_lexer/lexer.ts.Lexer.process,cast_temp,3288,1,1,DATA(t648) = CAST z_src_abap_1_l_4d08aedee14b5b( t633 ).
src/abap/1_lexer/lexer.ts.Lexer.process,value_init_overwritten,3290,1,1,DATA(t649) = VALUE i( ). ... t649 = t652.
src/abap/1_lexer/lexer.ts.Lexer.process,value_init_overwritten,3291,1,1,DATA(t650) = VALUE string( ). ... t650 = t651->z_member_raw_eb82124cb04f25.
src/abap/1_lexer/lexer.ts.Lexer.process,cast_temp,3292,1,1,DATA(t651) = CAST z_src_abap_1_l_4d08aedee14b5b( t633 ).
src/abap/1_lexer/lexer.ts.Lexer.process,temp_assign,3294,1,1,DATA(t652) = CONV i( strlen( t650 ) ). t649 = t652.
src/abap/1_lexer/lexer.ts.Lexer.process,bool_if,3296,1,1,t646 = xsdbool( t647 >= t649 ). IF t646 = abap_true.
src/abap/1_lexer/lexer.ts.Lexer.process,value_init_overwritten,3298,1,1,DATA(t653) = VALUE int8( ). ... t653 = t654.
src/abap/1_lexer/lexer.ts.Lexer.process,temp_assign,3299,1,1,DATA(t654) = CONV i( z_src_abap_1_l_947bbb88034ba0=>z_member_eof_9d9c0193bdc4f4 ). t653 = t654.
src/abap/1_lexer/lexer.ts.Lexer.process,temp_assign,3300,1,1,t653 = t654. t645 = t653.
src/abap/1_lexer/lexer.ts.Lexer.process,value_init_overwritten,3305,1,1,DATA(t657) = VALUE string( ). ... t657 = t658->z_member_raw_eb82124cb04f25.
src/abap/1_lexer/lexer.ts.Lexer.process,cast_temp,3306,1,1,DATA(t658) = CAST z_src_abap_1_l_4d08aedee14b5b( t633 ).
src/abap/1_lexer/lexer.ts.Lexer.process,value_init_overwritten,3308,1,1,DATA(t659) = VALUE i( ). ... t659 = t660->z_member_offse_4eb7e0915312eb.
src/abap/1_lexer/lexer.ts.Lexer.process,cast_temp,3309,1,1,DATA(t660) = CAST z_src_abap_1_l_4d08aedee14b5b( t633 ).
src/abap/1_lexer/lexer.ts.Lexer.process,clear_before_write,3317,1,1,CLEAR t663. ... t663 = t662.
src/abap/1_lexer/lexer.ts.Lexer.process,temp_assign,3337,1,1,t655 = t656. t645 = t655.
src/abap/1_lexer/lexer.ts.Lexer.process,temp_argument,3343,1,1,DATA(t668) = CONV i( z_src_abap_1_l_947bbb88034ba0=>z_member_nl_9d24e602a85548 ). t636 = xsdbool( t637 = t668 ).
src/abap/1_lexer/lexer.ts.Lexer.process,bool_if,3344,1,1,t636 = xsdbool( t637 = t668 ). IF t636 = abap_true.
src/abap/1_lexer/lexer.ts.Lexer.process,cast_temp,3346,1,1,DATA(t669) = CAST z_src_abap_1_l_4d08aedee14b5b( t633 ).
src/abap/1_lexer/lexer.ts.Lexer.process,literal_scalar,3347,1,1,DATA(t670) = CONV int8( 1 ).
src/abap/1_lexer/lexer.ts.Lexer.process,cast_temp,3349,1,1,DATA(t671) = CAST z_src_abap_1_l_4d08aedee14b5b( t633 ).
src/abap/1_lexer/lexer.ts.Lexer.process,value_init_overwritten,3350,1,1,DATA(t672) = VALUE int8( ). ... t672 = t673 + t675.
src/abap/1_lexer/lexer.ts.Lexer.process,value_init_overwritten,3351,1,1,DATA(t673) = VALUE int8( ). ... t673 = t674->z_member_row_2dc5d934b27d6d.
src/abap/1_lexer/lexer.ts.Lexer.process,cast_temp,3352,1,1,DATA(t674) = CAST z_src_abap_1_l_4d08aedee14b5b( t633 ).
src/abap/1_lexer/lexer.ts.Lexer.process,literal_scalar,3354,1,1,DATA(t675) = CONV int8( 1 ).
src/abap/1_lexer/lexer.ts.Lexer.process,value_init_overwritten,3362,1,1,DATA(t677) = VALUE abap_bool( ). ... t677 = xsdbool( t678 = t680 ).
src/abap/1_lexer/lexer.ts.Lexer.process,value_init_overwritten,3363,1,1,DATA(t678) = VALUE i( ). ... t678 = t679->z_member_offse_4eb7e0915312eb.
src/abap/1_lexer/lexer.ts.Lexer.process,cast_temp,3364,1,1,DATA(t679) = CAST z_src_abap_1_l_4d08aedee14b5b( t633 ).
src/abap/1_lexer/lexer.ts.Lexer.process,value_init_overwritten,3366,1,1,DATA(t680) = VALUE i( ). ... t680 = t683.
src/abap/1_lexer/lexer.ts.Lexer.process,value_init_overwritten,3367,1,1,DATA(t681) = VALUE string( ). ... t681 = t682->z_member_raw_eb82124cb04f25.
src/abap/1_lexer/lexer.ts.Lexer.process,cast_temp,3368,1,1,DATA(t682) = CAST z_src_abap_1_l_4d08aedee14b5b( t633 ).
src/abap/1_lexer/lexer.ts.Lexer.process,temp_assign,3370,1,1,DATA(t683) = CONV i( strlen( t681 ) ). t680 = t683.
src/abap/1_lexer/lexer.ts.Lexer.process,bool_if,3372,1,1,t677 = xsdbool( t678 = t680 ). IF t677 = abap_true.
src/abap/1_lexer/lexer.ts.Lexer.process,cast_temp,3375,1,1,DATA(t685) = CAST z_src_abap_1_l_4d08aedee14b5b( t633 ).
src/abap/1_lexer/lexer.ts.Lexer.process,value_init_overwritten,3376,1,1,DATA(t686) = VALUE int8( ). ... t686 = t687 - t689.
src/abap/1_lexer/lexer.ts.Lexer.process,value_init_overwritten,3377,1,1,DATA(t687) = VALUE int8( ). ... t687 = t688->z_member_col_cdb3c3718bda2d.
src/abap/1_lexer/lexer.ts.Lexer.process,cast_temp,3378,1,1,DATA(t688) = CAST z_src_abap_1_l_4d08aedee14b5b( t633 ).
src/abap/1_lexer/lexer.ts.Lexer.process,literal_scalar,3380,1,1,DATA(t689) = CONV int8( 1 ).
src/abap/1_lexer/lexer.ts.Lexer.process,temp_assign,3386,1,1,DATA(t690) = CONV abap_bool( abap_false ). t684 = t690.
src/abap/1_lexer/lexer.ts.Lexer.process,literal_scalar,3386,1,1,DATA(t690) = CONV abap_bool( abap_false ).
src/abap/1_lexer/lexer.ts.Lexer.process,temp_assign,3387,1,1,t684 = t690. t676 = t684.
src/abap/1_lexer/lexer.ts.Lexer.process,cast_temp,3391,1,1,DATA(t692) = CAST z_src_abap_1_l_4d08aedee14b5b( t633 ).
src/abap/1_lexer/lexer.ts.Lexer.process,value_init_overwritten,3392,1,1,DATA(t693) = VALUE int8( ). ... t693 = t694 + t696.
src/abap/1_lexer/lexer.ts.Lexer.process,value_init_overwritten,3393,1,1,DATA(t694) = VALUE int8( ). ... t694 = t695->z_member_col_cdb3c3718bda2d.
src/abap/1_lexer/lexer.ts.Lexer.process,cast_temp,3394,1,1,DATA(t695) = CAST z_src_abap_1_l_4d08aedee14b5b( t633 ).
src/abap/1_lexer/lexer.ts.Lexer.process,literal_scalar,3396,1,1,DATA(t696) = CONV int8( 1 ).
src/abap/1_lexer/lexer.ts.Lexer.process,cast_temp,3402,1,1,DATA(t697) = CAST z_src_abap_1_l_4d08aedee14b5b( t633 ).
src/abap/1_lexer/lexer.ts.Lexer.process,value_init_overwritten,3403,1,1,DATA(t698) = VALUE i( ). ... t698 = t699 + t701.
src/abap/1_lexer/lexer.ts.Lexer.process,value_init_overwritten,3404,1,1,DATA(t699) = VALUE i( ). ... t699 = t700->z_member_offse_4eb7e0915312eb.
src/abap/1_lexer/lexer.ts.Lexer.process,cast_temp,3405,1,1,DATA(t700) = CAST z_src_abap_1_l_4d08aedee14b5b( t633 ).
src/abap/1_lexer/lexer.ts.Lexer.process,literal_scalar,3407,1,1,DATA(t701) = CONV i( '1' ).
src/abap/1_lexer/lexer.ts.Lexer.process,temp_assign,3410,1,1,DATA(t702) = CONV abap_bool( abap_true ). t691 = t702.
src/abap/1_lexer/lexer.ts.Lexer.process,literal_scalar,3410,1,1,DATA(t702) = CONV abap_bool( abap_true ).
src/abap/1_lexer/lexer.ts.Lexer.process,temp_assign,3411,1,1,t691 = t702. t676 = t691.
src/abap/1_lexer/lexer.ts.Lexer.process,temp_assign,3414,1,1,t635 = t676. t632 = t635.
src/abap/1_lexer/lexer.ts.Lexer.process,bool_if,3416,1,1,t631 = xsdbool( t632 = abap_false ). IF t631 = abap_true.
src/abap/1_lexer/lexer_stream.ts.LexerStream.advance,range_bound_assignment,40,0,1,range_int8_bound_min = -9007199.
src/abap/1_lexer/lexer_stream.ts.LexerStream.advance,range_bound_assignment,41,0,1,range_int8_bound_min = range_int8_bound_min * 1000000000.
src/abap/1_lexer/lexer_stream.ts.LexerStream.advance,range_bound_assignment,42,0,1,range_int8_bound_min = range_int8_bound_min - 254740991.
src/abap/1_lexer/lexer_stream.ts.LexerStream.advance,range_bound_assignment,43,0,1,range_int8_bound_max = 9007199.
src/abap/1_lexer/lexer_stream.ts.LexerStream.advance,range_bound_assignment,44,0,1,range_int8_bound_max = range_int8_bound_max * 1000000000.
src/abap/1_lexer/lexer_stream.ts.LexerStream.advance,range_bound_assignment,45,0,1,range_int8_bound_max = range_int8_bound_max + 254740991.
src/abap/1_lexer/lexer_stream.ts.LexerStream.advance,value_init_overwritten,49,0,1,DATA(t4) = VALUE abap_bool( ). ... t4 = xsdbool( t5 < t6 ).
src/abap/1_lexer/lexer_stream.ts.LexerStream.advance,temp_argument,51,0,1,DATA(t6) = CONV i( '0' ). t4 = xsdbool( t5 < t6 ).
src/abap/1_lexer/lexer_stream.ts.LexerStream.advance,literal_scalar,51,0,1,DATA(t6) = CONV i( '0' ).
src/abap/1_lexer/lexer_stream.ts.LexerStream.advance,bool_if,52,0,1,t4 = xsdbool( t5 < t6 ). IF t4 = abap_true.
src/abap/1_lexer/lexer_stream.ts.LexerStream.advance,value_init_overwritten,54,0,1,DATA(t7) = VALUE int8( ). ... t7 = t8.
src/abap/1_lexer/lexer_stream.ts.LexerStream.advance,temp_assign,55,0,1,DATA(t8) = CONV i( z_src_abap_1_l_947bbb88034ba0=>z_member_nl_9d24e602a85548 ). t7 = t8.
src/abap/1_lexer/lexer_stream.ts.LexerStream.advance,temp_assign,56,0,1,t7 = t8. t3 = t7.
src/abap/1_lexer/lexer_stream.ts.LexerStream.advance,value_init_overwritten,60,0,1,DATA(t10) = VALUE abap_bool( ). ... t10 = xsdbool( t11 >= t12 ).
src/abap/1_lexer/lexer_stream.ts.LexerStream.advance,value_init_overwritten,62,0,1,DATA(t12) = VALUE i( ). ... t12 = t14.
src/abap/1_lexer/lexer_stream.ts.LexerStream.advance,temp_argument,63,0,1,DATA(t13) = CONV string( me->z_member_raw_eb82124cb04f25 ). DATA(t14) = CONV i( strlen( t13 ) ).
src/abap/1_lexer/lexer_stream.ts.LexerStream.advance,temp_assign,64,0,1,DATA(t14) = CONV i( strlen( t13 ) ). t12 = t14.
src/abap/1_lexer/lexer_stream.ts.LexerStream.advance,bool_if,66,0,1,t10 = xsdbool( t11 >= t12 ). IF t10 = abap_true.
src/abap/1_lexer/lexer_stream.ts.LexerStream.advance,value_init_overwritten,68,0,1,DATA(t15) = VALUE int8( ). ... t15 = t16.
src/abap/1_lexer/lexer_stream.ts.LexerStream.advance,temp_assign,69,0,1,DATA(t16) = CONV i( z_src_abap_1_l_947bbb88034ba0=>z_member_eof_9d9c0193bdc4f4 ). t15 = t16.
src/abap/1_lexer/lexer_stream.ts.LexerStream.advance,temp_assign,70,0,1,t15 = t16. t9 = t15.
src/abap/1_lexer/lexer_stream.ts.LexerStream.advance,clear_before_write,83,0,1,CLEAR t23. ... t23 = t22.
src/abap/1_lexer/lexer_stream.ts.LexerStream.advance,temp_assign,103,0,1,t17 = t18. t9 = t17.
src/abap/1_lexer/lexer_stream.ts.LexerStream.advance,temp_argument,109,0,1,DATA(t28) = CONV i( z_src_abap_1_l_947bbb88034ba0=>z_member_nl_9d24e602a85548 ). t1 = xsdbool( t2 = t28 ).
src/abap/1_lexer/lexer_stream.ts.LexerStream.advance,bool_if,110,0,1,t1 = xsdbool( t2 = t28 ). IF t1 = abap_true.
src/abap/1_lexer/lexer_stream.ts.LexerStream.advance,literal_scalar,112,0,1,DATA(t29) = CONV int8( 1 ).
src/abap/1_lexer/lexer_stream.ts.LexerStream.advance,value_init_overwritten,114,0,1,DATA(t30) = VALUE int8( ). ... t30 = t31 + t32.
src/abap/1_lexer/lexer_stream.ts.LexerStream.advance,literal_scalar,116,0,1,DATA(t32) = CONV int8( 1 ).
src/abap/1_lexer/lexer_stream.ts.LexerStream.advance,value_init_overwritten,123,0,1,DATA(t33) = VALUE abap_bool( ). ... t33 = xsdbool( t34 = t35 ).
src/abap/1_lexer/lexer_stream.ts.LexerStream.advance,value_init_overwritten,125,0,1,DATA(t35) = VALUE i( ). ... t35 = t37.
src/abap/1_lexer/lexer_stream.ts.LexerStream.advance,temp_argument,126,0,1,DATA(t36) = CONV string( me->z_member_raw_eb82124cb04f25 ). DATA(t37) = CONV i( strlen( t36 ) ).
src/abap/1_lexer/lexer_stream.ts.LexerStream.advance,temp_assign,127,0,1,DATA(t37) = CONV i( strlen( t36 ) ). t35 = t37.
src/abap/1_lexer/lexer_stream.ts.LexerStream.advance,bool_if,129,0,1,t33 = xsdbool( t34 = t35 ). IF t33 = abap_true.
src/abap/1_lexer/lexer_stream.ts.LexerStream.advance,value_init_overwritten,131,0,1,DATA(t38) = VALUE int8( ). ... t38 = t39 - t40.
src/abap/1_lexer/lexer_stream.ts.LexerStream.advance,literal_scalar,133,0,1,DATA(t40) = CONV int8( 1 ).
src/abap/1_lexer/lexer_stream.ts.LexerStream.advance,temp_assign,139,0,1,DATA(t41) = CONV abap_bool( abap_false ). result = t41.
src/abap/1_lexer/lexer_stream.ts.LexerStream.advance,return_copy,139,0,1,DATA(t41) = CONV abap_bool( abap_false ). result = t41.
src/abap/1_lexer/lexer_stream.ts.LexerStream.advance,literal_scalar,139,0,1,DATA(t41) = CONV abap_bool( abap_false ).
src/abap/1_lexer/lexer_stream.ts.LexerStream.advance,value_init_overwritten,143,0,1,DATA(t42) = VALUE int8( ). ... t42 = t43 + t44.
src/abap/1_lexer/lexer_stream.ts.LexerStream.advance,literal_scalar,145,0,1,DATA(t44) = CONV int8( 1 ).
src/abap/1_lexer/lexer_stream.ts.LexerStream.advance,value_init_overwritten,151,0,1,DATA(t45) = VALUE i( ). ... t45 = t46 + t47.
src/abap/1_lexer/lexer_stream.ts.LexerStream.advance,literal_scalar,153,0,1,DATA(t47) = CONV i( '1' ).
src/abap/1_lexer/lexer_stream.ts.LexerStream.advance,temp_assign,156,0,1,DATA(t48) = CONV abap_bool( abap_true ). result = t48.
src/abap/1_lexer/lexer_stream.ts.LexerStream.advance,return_copy,156,0,1,DATA(t48) = CONV abap_bool( abap_true ). result = t48.
src/abap/1_lexer/lexer_stream.ts.LexerStream.advance,literal_scalar,156,0,1,DATA(t48) = CONV abap_bool( abap_true ).
src/abap/1_lexer/lexer_stream.ts.LexerStream.charCodeAt,range_bound_assignment,481,0,1,range_int_check_hi_zik0zj = 2147483647.
src/abap/1_lexer/lexer_stream.ts.LexerStream.charCodeAt,range_bound_assignment,483,0,1,range_int_check_lo_nzik0zk = -2147483648.
src/abap/1_lexer/lexer_stream.ts.LexerStream.charCodeAt,value_init_overwritten,485,0,1,DATA(t2) = VALUE abap_bool( ). ... t2 = t3.
src/abap/1_lexer/lexer_stream.ts.LexerStream.charCodeAt,value_init_overwritten,486,0,1,DATA(t3) = VALUE abap_bool( ). ... t3 = xsdbool( t4 < t5 ).
src/abap/1_lexer/lexer_stream.ts.LexerStream.charCodeAt,temp_argument,488,0,1,DATA(t5) = CONV int8( 0 ). t3 = xsdbool( t4 < t5 ).
src/abap/1_lexer/lexer_stream.ts.LexerStream.charCodeAt,literal_scalar,488,0,1,DATA(t5) = CONV int8( 0 ).
src/abap/1_lexer/lexer_stream.ts.LexerStream.charCodeAt,value_init_overwritten,492,0,1,DATA(t6) = VALUE abap_bool( ). ... t6 = xsdbool( t7 >= t8 ).
src/abap/1_lexer/lexer_stream.ts.LexerStream.charCodeAt,value_init_overwritten,494,0,1,DATA(t8) = VALUE int8( ). ... t8 = t9.
src/abap/1_lexer/lexer_stream.ts.LexerStream.charCodeAt,value_init_overwritten,495,0,1,DATA(t9) = VALUE i( ). ... t9 = t11.
src/abap/1_lexer/lexer_stream.ts.LexerStream.charCodeAt,temp_argument,496,0,1,DATA(t10) = CONV string( me->z_member_raw_eb82124cb04f25 ). DATA(t11) = CONV i( strlen( t10 ) ).
src/abap/1_lexer/lexer_stream.ts.LexerStream.charCodeAt,temp_assign,497,0,1,DATA(t11) = CONV i( strlen( t10 ) ). t9 = t11.
src/abap/1_lexer/lexer_stream.ts.LexerStream.charCodeAt,temp_assign,498,0,1,t9 = t11. t8 = t9.
src/abap/1_lexer/lexer_stream.ts.LexerStream.charCodeAt,temp_assign,500,0,1,t6 = xsdbool( t7 >= t8 ). t2 = t6.
src/abap/1_lexer/lexer_stream.ts.LexerStream.charCodeAt,value_init_overwritten,504,0,1,DATA(t12) = VALUE int8( ). ... t12 = t13.
src/abap/1_lexer/lexer_stream.ts.LexerStream.charCodeAt,temp_assign,505,0,1,DATA(t13) = CONV i( z_src_abap_1_l_947bbb88034ba0=>z_member_eof_9d9c0193bdc4f4 ). t12 = t13.
src/abap/1_lexer/lexer_stream.ts.LexerStream.charCodeAt,temp_assign,506,0,1,t12 = t13. result = t12.
src/abap/1_lexer/lexer_stream.ts.LexerStream.charCodeAt,return_copy,506,0,1,t12 = t13. result = t12.
src/abap/1_lexer/lexer_stream.ts.LexerStream.charCodeAt,clear_before_write,525,0,1,CLEAR t21. ... t21 = t20.
src/abap/1_lexer/lexer_stream.ts.LexerStream.charCodeAt,temp_assign,545,0,1,t14 = t15. result = t14.
src/abap/1_lexer/lexer_stream.ts.LexerStream.charCodeAt,return_copy,545,0,1,t14 = t15. result = t14.
src/abap/1_lexer/lexer_stream.ts.LexerStream.constructor,literal_scalar,28,0,1,DATA(t2) = CONV i( '-1' ).
src/abap/1_lexer/lexer_stream.ts.LexerStream.constructor,literal_scalar,32,0,1,DATA(t4) = CONV int8( 0 ).
src/abap/1_lexer/lexer_stream.ts.LexerStream.constructor,literal_scalar,34,0,1,DATA(t5) = CONV int8( 0 ).
src/abap/1_lexer/lexer_stream.ts.LexerStream.currentChar,value_init_overwritten,275,0,1,DATA(t1) = VALUE abap_bool( ). ... t1 = xsdbool( t2 < t3 ).
src/abap/1_lexer/lexer_stream.ts.LexerStream.currentChar,temp_argument,277,0,1,DATA(t3) = CONV i( '0' ). t1 = xsdbool( t2 < t3 ).
src/abap/1_lexer/lexer_stream.ts.LexerStream.currentChar,literal_scalar,277,0,1,DATA(t3) = CONV i( '0' ).
src/abap/1_lexer/lexer_stream.ts.LexerStream.currentChar,bool_if,278,0,1,t1 = xsdbool( t2 < t3 ). IF t1 = abap_true.
src/abap/1_lexer/lexer_stream.ts.LexerStream.currentChar,value_init_overwritten,280,0,1,DATA(t4) = VALUE int8( ). ... t4 = t5.
src/abap/1_lexer/lexer_stream.ts.LexerStream.currentChar,temp_assign,281,0,1,DATA(t5) = CONV i( z_src_abap_1_l_947bbb88034ba0=>z_member_nl_9d24e602a85548 ). t4 = t5.
src/abap/1_lexer/lexer_stream.ts.LexerStream.currentChar,temp_assign,282,0,1,t4 = t5. result = t4.
src/abap/1_lexer/lexer_stream.ts.LexerStream.currentChar,return_copy,282,0,1,t4 = t5. result = t4.
src/abap/1_lexer/lexer_stream.ts.LexerStream.currentChar,value_init_overwritten,286,0,1,DATA(t6) = VALUE abap_bool( ). ... t6 = xsdbool( t7 >= t8 ).
src/abap/1_lexer/lexer_stream.ts.LexerStream.currentChar,value_init_overwritten,288,0,1,DATA(t8) = VALUE i( ). ... t8 = t10.
src/abap/1_lexer/lexer_stream.ts.LexerStream.currentChar,temp_argument,289,0,1,DATA(t9) = CONV string( me->z_member_raw_eb82124cb04f25 ). DATA(t10) = CONV i( strlen( t9 ) ).
src/abap/1_lexer/lexer_stream.ts.LexerStream.currentChar,temp_assign,290,0,1,DATA(t10) = CONV i( strlen( t9 ) ). t8 = t10.
src/abap/1_lexer/lexer_stream.ts.LexerStream.currentChar,bool_if,292,0,1,t6 = xsdbool( t7 >= t8 ). IF t6 = abap_true.
src/abap/1_lexer/lexer_stream.ts.LexerStream.currentChar,value_init_overwritten,294,0,1,DATA(t11) = VALUE int8( ). ... t11 = t12.
src/abap/1_lexer/lexer_stream.ts.LexerStream.currentChar,temp_assign,295,0,1,DATA(t12) = CONV i( z_src_abap_1_l_947bbb88034ba0=>z_member_eof_9d9c0193bdc4f4 ). t11 = t12.
src/abap/1_lexer/lexer_stream.ts.LexerStream.currentChar,temp_assign,296,0,1,t11 = t12. result = t11.
src/abap/1_lexer/lexer_stream.ts.LexerStream.currentChar,return_copy,296,0,1,t11 = t12. result = t11.
src/abap/1_lexer/lexer_stream.ts.LexerStream.currentChar,clear_before_write,311,0,1,CLEAR t19. ... t19 = t18.
src/abap/1_lexer/lexer_stream.ts.LexerStream.currentChar,temp_assign,331,0,1,t13 = t14. result = t13.
src/abap/1_lexer/lexer_stream.ts.LexerStream.currentChar,return_copy,331,0,1,t13 = t14. result = t13.
src/abap/1_lexer/lexer_stream.ts.LexerStream.getCol,temp_assign,161,0,1,DATA(t1) = CONV int8( me->z_member_col_cdb3c3718bda2d ). result = t1.
src/abap/1_lexer/lexer_stream.ts.LexerStream.getCol,return_copy,161,0,1,DATA(t1) = CONV int8( me->z_member_col_cdb3c3718bda2d ). result = t1.
src/abap/1_lexer/lexer_stream.ts.LexerStream.getOffset,value_init_overwritten,555,0,1,DATA(t1) = VALUE int8( ). ... t1 = t2.
src/abap/1_lexer/lexer_stream.ts.LexerStream.getOffset,temp_assign,556,0,1,DATA(t2) = CONV i( me->z_member_offse_4eb7e0915312eb ). t1 = t2.
src/abap/1_lexer/lexer_stream.ts.LexerStream.getOffset,temp_assign,557,0,1,t1 = t2. result = t1.
src/abap/1_lexer/lexer_stream.ts.LexerStream.getOffset,return_copy,557,0,1,t1 = t2. result = t1.
src/abap/1_lexer/lexer_stream.ts.LexerStream.getRaw,temp_assign,550,0,1,DATA(t1) = CONV string( me->z_member_raw_eb82124cb04f25 ). result = t1.
src/abap/1_lexer/lexer_stream.ts.LexerStream.getRaw,return_copy,550,0,1,DATA(t1) = CONV string( me->z_member_raw_eb82124cb04f25 ). result = t1.
src/abap/1_lexer/lexer_stream.ts.LexerStream.getRow,temp_assign,166,0,1,DATA(t1) = CONV int8( me->z_member_row_2dc5d934b27d6d ). result = t1.
src/abap/1_lexer/lexer_stream.ts.LexerStream.getRow,return_copy,166,0,1,DATA(t1) = CONV int8( me->z_member_row_2dc5d934b27d6d ). result = t1.
src/abap/1_lexer/lexer_stream.ts.LexerStream.nextChar,range_bound_assignment,338,0,1,range_int8_bound_min = -9007199.
src/abap/1_lexer/lexer_stream.ts.LexerStream.nextChar,range_bound_assignment,339,0,1,range_int8_bound_min = range_int8_bound_min * 1000000000.
src/abap/1_lexer/lexer_stream.ts.LexerStream.nextChar,range_bound_assignment,340,0,1,range_int8_bound_min = range_int8_bound_min - 254740991.
src/abap/1_lexer/lexer_stream.ts.LexerStream.nextChar,range_bound_assignment,341,0,1,range_int8_bound_max = 9007199.
src/abap/1_lexer/lexer_stream.ts.LexerStream.nextChar,range_bound_assignment,342,0,1,range_int8_bound_max = range_int8_bound_max * 1000000000.
src/abap/1_lexer/lexer_stream.ts.LexerStream.nextChar,range_bound_assignment,343,0,1,range_int8_bound_max = range_int8_bound_max + 254740991.
src/abap/1_lexer/lexer_stream.ts.LexerStream.nextChar,value_init_overwritten,345,0,1,DATA(t2) = VALUE int8( ). ... t2 = t3 + t5.
src/abap/1_lexer/lexer_stream.ts.LexerStream.nextChar,value_init_overwritten,346,0,1,DATA(t3) = VALUE int8( ). ... t3 = t4.
src/abap/1_lexer/lexer_stream.ts.LexerStream.nextChar,temp_assign,347,0,1,DATA(t4) = CONV i( me->z_member_offse_4eb7e0915312eb ). t3 = t4.
src/abap/1_lexer/lexer_stream.ts.LexerStream.nextChar,literal_scalar,349,0,1,DATA(t5) = CONV int8( 1 ).
src/abap/1_lexer/lexer_stream.ts.LexerStream.nextChar,value_init_overwritten,355,0,1,DATA(t6) = VALUE abap_bool( ). ... t6 = xsdbool( t7 >= t8 ).
src/abap/1_lexer/lexer_stream.ts.LexerStream.nextChar,value_init_overwritten,357,0,1,DATA(t8) = VALUE int8( ). ... t8 = t9.
src/abap/1_lexer/lexer_stream.ts.LexerStream.nextChar,value_init_overwritten,358,0,1,DATA(t9) = VALUE i( ). ... t9 = t11.
src/abap/1_lexer/lexer_stream.ts.LexerStream.nextChar,temp_argument,359,0,1,DATA(t10) = CONV string( me->z_member_raw_eb82124cb04f25 ). DATA(t11) = CONV i( strlen( t10 ) ).
src/abap/1_lexer/lexer_stream.ts.LexerStream.nextChar,temp_assign,360,0,1,DATA(t11) = CONV i( strlen( t10 ) ). t9 = t11.
src/abap/1_lexer/lexer_stream.ts.LexerStream.nextChar,temp_assign,361,0,1,t9 = t11. t8 = t9.
src/abap/1_lexer/lexer_stream.ts.LexerStream.nextChar,bool_if,363,0,1,t6 = xsdbool( t7 >= t8 ). IF t6 = abap_true.
src/abap/1_lexer/lexer_stream.ts.LexerStream.nextChar,value_init_overwritten,365,0,1,DATA(t12) = VALUE int8( ). ... t12 = t13.
src/abap/1_lexer/lexer_stream.ts.LexerStream.nextChar,temp_assign,366,0,1,DATA(t13) = CONV i( z_src_abap_1_l_947bbb88034ba0=>z_member_eof_9d9c0193bdc4f4 ). t12 = t13.
src/abap/1_lexer/lexer_stream.ts.LexerStream.nextChar,temp_assign,367,0,1,t12 = t13. result = t12.
src/abap/1_lexer/lexer_stream.ts.LexerStream.nextChar,return_copy,367,0,1,t12 = t13. result = t12.
src/abap/1_lexer/lexer_stream.ts.LexerStream.nextChar,value_init_overwritten,374,0,1,DATA(t17) = VALUE i( ). ... t17 = t18.
src/abap/1_lexer/lexer_stream.ts.LexerStream.nextChar,temp_assign,375,0,1,DATA(t18) = CONV int8( t1 ). t17 = t18.
src/abap/1_lexer/lexer_stream.ts.LexerStream.nextChar,clear_before_write,383,0,1,CLEAR t21. ... t21 = t20.
src/abap/1_lexer/lexer_stream.ts.LexerStream.nextChar,temp_assign,403,0,1,t14 = t15. result = t14.
src/abap/1_lexer/lexer_stream.ts.LexerStream.nextChar,return_copy,403,0,1,t14 = t15. result = t14.
src/abap/1_lexer/lexer_stream.ts.LexerStream.nextNextChar,range_bound_assignment,410,0,1,range_int8_bound_min = -9007199.
src/abap/1_lexer/lexer_stream.ts.LexerStream.nextNextChar,range_bound_assignment,411,0,1,range_int8_bound_min = range_int8_bound_min * 1000000000.
src/abap/1_lexer/lexer_stream.ts.LexerStream.nextNextChar,range_bound_assignment,412,0,1,range_int8_bound_min = range_int8_bound_min - 254740991.
src/abap/1_lexer/lexer_stream.ts.LexerStream.nextNextChar,range_bound_assignment,413,0,1,range_int8_bound_max = 9007199.
src/abap/1_lexer/lexer_stream.ts.LexerStream.nextNextChar,range_bound_assignment,414,0,1,range_int8_bound_max = range_int8_bound_max * 1000000000.
src/abap/1_lexer/lexer_stream.ts.LexerStream.nextNextChar,range_bound_assignment,415,0,1,range_int8_bound_max = range_int8_bound_max + 254740991.
src/abap/1_lexer/lexer_stream.ts.LexerStream.nextNextChar,value_init_overwritten,417,0,1,DATA(t2) = VALUE int8( ). ... t2 = t3 + t5.
src/abap/1_lexer/lexer_stream.ts.LexerStream.nextNextChar,value_init_overwritten,418,0,1,DATA(t3) = VALUE int8( ). ... t3 = t4.
src/abap/1_lexer/lexer_stream.ts.LexerStream.nextNextChar,temp_assign,419,0,1,DATA(t4) = CONV i( me->z_member_offse_4eb7e0915312eb ). t3 = t4.
src/abap/1_lexer/lexer_stream.ts.LexerStream.nextNextChar,literal_scalar,421,0,1,DATA(t5) = CONV int8( 2 ).
src/abap/1_lexer/lexer_stream.ts.LexerStream.nextNextChar,value_init_overwritten,427,0,1,DATA(t6) = VALUE abap_bool( ). ... t6 = xsdbool( t7 >= t8 ).
src/abap/1_lexer/lexer_stream.ts.LexerStream.nextNextChar,value_init_overwritten,429,0,1,DATA(t8) = VALUE int8( ). ... t8 = t9.
src/abap/1_lexer/lexer_stream.ts.LexerStream.nextNextChar,value_init_overwritten,430,0,1,DATA(t9) = VALUE i( ). ... t9 = t11.
src/abap/1_lexer/lexer_stream.ts.LexerStream.nextNextChar,temp_argument,431,0,1,DATA(t10) = CONV string( me->z_member_raw_eb82124cb04f25 ). DATA(t11) = CONV i( strlen( t10 ) ).
src/abap/1_lexer/lexer_stream.ts.LexerStream.nextNextChar,temp_assign,432,0,1,DATA(t11) = CONV i( strlen( t10 ) ). t9 = t11.
src/abap/1_lexer/lexer_stream.ts.LexerStream.nextNextChar,temp_assign,433,0,1,t9 = t11. t8 = t9.
src/abap/1_lexer/lexer_stream.ts.LexerStream.nextNextChar,bool_if,435,0,1,t6 = xsdbool( t7 >= t8 ). IF t6 = abap_true.
src/abap/1_lexer/lexer_stream.ts.LexerStream.nextNextChar,value_init_overwritten,437,0,1,DATA(t12) = VALUE int8( ). ... t12 = t13.
src/abap/1_lexer/lexer_stream.ts.LexerStream.nextNextChar,temp_assign,438,0,1,DATA(t13) = CONV i( z_src_abap_1_l_947bbb88034ba0=>z_member_eof_9d9c0193bdc4f4 ). t12 = t13.
src/abap/1_lexer/lexer_stream.ts.LexerStream.nextNextChar,temp_assign,439,0,1,t12 = t13. result = t12.
src/abap/1_lexer/lexer_stream.ts.LexerStream.nextNextChar,return_copy,439,0,1,t12 = t13. result = t12.
src/abap/1_lexer/lexer_stream.ts.LexerStream.nextNextChar,value_init_overwritten,446,0,1,DATA(t17) = VALUE i( ). ... t17 = t18.
src/abap/1_lexer/lexer_stream.ts.LexerStream.nextNextChar,temp_assign,447,0,1,DATA(t18) = CONV int8( t1 ). t17 = t18.
src/abap/1_lexer/lexer_stream.ts.LexerStream.nextNextChar,clear_before_write,455,0,1,CLEAR t21. ... t21 = t20.
src/abap/1_lexer/lexer_stream.ts.LexerStream.nextNextChar,temp_assign,475,0,1,t14 = t15. result = t14.
src/abap/1_lexer/lexer_stream.ts.LexerStream.nextNextChar,return_copy,475,0,1,t14 = t15. result = t14.
src/abap/1_lexer/lexer_stream.ts.LexerStream.prevChar,value_init_overwritten,171,0,1,DATA(t1) = VALUE i( ). ... t1 = t2.
src/abap/1_lexer/lexer_stream.ts.LexerStream.prevChar,value_init_overwritten,172,0,1,DATA(t2) = VALUE i( ). ... t2 = t3 - t4.
src/abap/1_lexer/lexer_stream.ts.LexerStream.prevChar,literal_scalar,174,0,1,DATA(t4) = CONV i( '1' ).
src/abap/1_lexer/lexer_stream.ts.LexerStream.prevChar,temp_assign,175,0,1,t2 = t3 - t4. t1 = t2.
src/abap/1_lexer/lexer_stream.ts.LexerStream.prevChar,value_init_overwritten,177,0,1,DATA(t5) = VALUE abap_bool( ). ... t5 = xsdbool( t6 < t7 ).
src/abap/1_lexer/lexer_stream.ts.LexerStream.prevChar,temp_argument,179,0,1,DATA(t7) = CONV i( '0' ). t5 = xsdbool( t6 < t7 ).
src/abap/1_lexer/lexer_stream.ts.LexerStream.prevChar,literal_scalar,179,0,1,DATA(t7) = CONV i( '0' ).
src/abap/1_lexer/lexer_stream.ts.LexerStream.prevChar,bool_if,180,0,1,t5 = xsdbool( t6 < t7 ). IF t5 = abap_true.
src/abap/1_lexer/lexer_stream.ts.LexerStream.prevChar,value_init_overwritten,182,0,1,DATA(t8) = VALUE int8( ). ... t8 = t9.
src/abap/1_lexer/lexer_stream.ts.LexerStream.prevChar,temp_assign,183,0,1,DATA(t9) = CONV i( z_src_abap_1_l_947bbb88034ba0=>z_member_eof_9d9c0193bdc4f4 ). t8 = t9.
src/abap/1_lexer/lexer_stream.ts.LexerStream.prevChar,temp_assign,184,0,1,t8 = t9. result = t8.
src/abap/1_lexer/lexer_stream.ts.LexerStream.prevChar,return_copy,184,0,1,t8 = t9. result = t8.
src/abap/1_lexer/lexer_stream.ts.LexerStream.prevChar,clear_before_write,198,0,1,CLEAR t16. ... t16 = t15.
src/abap/1_lexer/lexer_stream.ts.LexerStream.prevChar,temp_assign,218,0,1,t10 = t11. result = t10.
src/abap/1_lexer/lexer_stream.ts.LexerStream.prevChar,return_copy,218,0,1,t10 = t11. result = t10.
src/abap/1_lexer/lexer_stream.ts.LexerStream.prevPrevChar,value_init_overwritten,223,0,1,DATA(t1) = VALUE i( ). ... t1 = t2.
src/abap/1_lexer/lexer_stream.ts.LexerStream.prevPrevChar,value_init_overwritten,224,0,1,DATA(t2) = VALUE i( ). ... t2 = t3 - t4.
src/abap/1_lexer/lexer_stream.ts.LexerStream.prevPrevChar,literal_scalar,226,0,1,DATA(t4) = CONV i( '2' ).
src/abap/1_lexer/lexer_stream.ts.LexerStream.prevPrevChar,temp_assign,227,0,1,t2 = t3 - t4. t1 = t2.
src/abap/1_lexer/lexer_stream.ts.LexerStream.prevPrevChar,value_init_overwritten,229,0,1,DATA(t5) = VALUE abap_bool( ). ... t5 = xsdbool( t6 < t7 ).
src/abap/1_lexer/lexer_stream.ts.LexerStream.prevPrevChar,temp_argument,231,0,1,DATA(t7) = CONV i( '0' ). t5 = xsdbool( t6 < t7 ).
src/abap/1_lexer/lexer_stream.ts.LexerStream.prevPrevChar,literal_scalar,231,0,1,DATA(t7) = CONV i( '0' ).
src/abap/1_lexer/lexer_stream.ts.LexerStream.prevPrevChar,bool_if,232,0,1,t5 = xsdbool( t6 < t7 ). IF t5 = abap_true.
src/abap/1_lexer/lexer_stream.ts.LexerStream.prevPrevChar,value_init_overwritten,234,0,1,DATA(t8) = VALUE int8( ). ... t8 = t9.
src/abap/1_lexer/lexer_stream.ts.LexerStream.prevPrevChar,temp_assign,235,0,1,DATA(t9) = CONV i( z_src_abap_1_l_947bbb88034ba0=>z_member_eof_9d9c0193bdc4f4 ). t8 = t9.
src/abap/1_lexer/lexer_stream.ts.LexerStream.prevPrevChar,temp_assign,236,0,1,t8 = t9. result = t8.
src/abap/1_lexer/lexer_stream.ts.LexerStream.prevPrevChar,return_copy,236,0,1,t8 = t9. result = t8.
src/abap/1_lexer/lexer_stream.ts.LexerStream.prevPrevChar,clear_before_write,250,0,1,CLEAR t16. ... t16 = t15.
src/abap/1_lexer/lexer_stream.ts.LexerStream.prevPrevChar,temp_assign,270,0,1,t10 = t11. result = t10.
src/abap/1_lexer/lexer_stream.ts.LexerStream.prevPrevChar,return_copy,270,0,1,t10 = t11. result = t10.
src/abap/2_statements/combi.ts.Alternative.run,cast_temp,69,0,1,DATA(t1) = CAST z_runtime_arra_c22708faf2e354( z_param_r_f634cd02b53efc ).
src/abap/2_statements/combi.ts.Alternative.run,clear_before_write,71,0,1,CLEAR t2. ... t2 = t3.
src/abap/2_statements/combi.ts.Alternative.run,clear_before_write,73,0,1,CLEAR t3. ... CREATE OBJECT t3.
src/abap/2_statements/combi.ts.Alternative.run,cast_temp,76,0,1,DATA(t4) = CAST z_runtime_arra_c22708faf2e354( me->z_member_list_484fd43dd9f8d0 ).
src/abap/2_statements/combi.ts.Alternative.run,cast_temp,82,1,1,t5 ?= t6. DATA t7 TYPE REF TO z_runtime_arra_c22708faf2e354.
src/abap/2_statements/combi.ts.Alternative.run,clear_before_write,84,1,1,CLEAR t7. ... t7 = t8.
src/abap/2_statements/combi.ts.Alternative.run,clear_before_write,86,1,1,CLEAR t8. ... t8 = t9->z_member_run_71be1bca84374a( z_param_r_f634cd02b53efc = t10 ).
src/abap/2_statements/combi.ts.Alternative.run,cast_temp,87,1,1,DATA(t9) = CAST z_src_abap_2_s_e1e980746d06e1( t5 ).
src/abap/2_statements/combi.ts.Alternative.run,temp_argument,88,1,1,DATA(t10) = CAST z_runtime_arra_c22708faf2e354( t1 ). t8 = t9->z_member_run_71be1bca84374a( z_param_r_f634cd02b53efc = t10 ).
src/abap/2_statements/combi.ts.Alternative.run,cast_temp,88,1,1,DATA(t10) = CAST z_runtime_arra_c22708faf2e354( t1 ).
src/abap/2_statements/combi.ts.Alternative.run,temp_assign,89,1,1,t8 = t9->z_member_run_71be1bca84374a( z_param_r_f634cd02b53efc = t10 ). t7 = t8.
src/abap/2_statements/combi.ts.Alternative.run,value_init_overwritten,91,1,1,DATA(t11) = VALUE abap_bool( ). ... t11 = xsdbool( t12 = t14 ).
src/abap/2_statements/combi.ts.Alternative.run,value_init_overwritten,92,1,1,DATA(t12) = VALUE i( ). ... t12 = lines( t13->items ).
src/abap/2_statements/combi.ts.Alternative.run,temp_argument,93,1,1,DATA(t13) = CAST z_runtime_arra_c22708faf2e354( t7 ). t12 = lines( t13->items ).
src/abap/2_statements/combi.ts.Alternative.run,receiver_copy,93,1,1,DATA(t13) = CAST z_runtime_arra_c22708faf2e354( t7 ). t12 = lines( t13->items ).
src/abap/2_statements/combi.ts.Alternative.run,cast_temp,93,1,1,DATA(t13) = CAST z_runtime_arra_c22708faf2e354( t7 ).
src/abap/2_statements/combi.ts.Alternative.run,temp_argument,95,1,1,DATA(t14) = CONV i( '1' ). t11 = xsdbool( t12 = t14 ).
src/abap/2_statements/combi.ts.Alternative.run,literal_scalar,95,1,1,DATA(t14) = CONV i( '1' ).
src/abap/2_statements/combi.ts.Alternative.run,bool_if,96,1,1,t11 = xsdbool( t12 = t14 ). IF t11 = abap_true.
src/abap/2_statements/combi.ts.Alternative.run,cast_temp,98,1,1,DATA(t15) = CAST z_runtime_arra_c22708faf2e354( t2 ).
src/abap/2_statements/combi.ts.Alternative.run,clear_before_write,100,1,1,CLEAR t16. ... t16 ?= t18.
src/abap/2_statements/combi.ts.Alternative.run,cast_temp,101,1,1,DATA(t17) = CAST z_runtime_arra_c22708faf2e354( t7 ).
src/abap/2_statements/combi.ts.Alternative.run,table_read_copy,104,1,1,READ TABLE t17->items INDEX 1 INTO t18. t16 ?= t18.
src/abap/2_statements/combi.ts.Alternative.run,cast_temp,105,1,1,t16 ?= t18. APPEND t16 TO t15->items.
src/abap/2_statements/combi.ts.Alternative.run,cast_temp,109,1,1,DATA(t20) = CAST z_runtime_arra_c22708faf2e354( t7 ).
src/abap/2_statements/combi.ts.Alternative.run,cast_temp,115,2,1,t21 ?= t22. DATA(t23) = CAST z_runtime_arra_c22708faf2e354( t2 ).
src/abap/2_statements/combi.ts.Alternative.run,cast_temp,116,2,1,DATA(t23) = CAST z_runtime_arra_c22708faf2e354( t2 ).
src/abap/2_statements/combi.ts.Alternative.run,cast_temp,117,2,1,DATA(t24) = CAST z_src_abap_2_s_b6c5f651b292e5( t21 ).
src/abap/2_statements/combi.ts.Alternative.run,value_init_overwritten,120,1,1,DATA(t25) = VALUE i( ). ... t25 = lines( t26->items ).
src/abap/2_statements/combi.ts.Alternative.run,temp_argument,121,1,1,DATA(t26) = CAST z_runtime_arra_c22708faf2e354( t2 ). t25 = lines( t26->items ).
src/abap/2_statements/combi.ts.Alternative.run,receiver_copy,121,1,1,DATA(t26) = CAST z_runtime_arra_c22708faf2e354( t2 ). t25 = lines( t26->items ).
src/abap/2_statements/combi.ts.Alternative.run,cast_temp,121,1,1,DATA(t26) = CAST z_runtime_arra_c22708faf2e354( t2 ).
src/abap/2_statements/combi.ts.Alternative.run,temp_assign,122,1,1,t25 = lines( t26->items ). t19 = t25.
src/abap/2_statements/combi.ts.Alternative.run,temp_assign,126,0,1,DATA(t27) = CAST z_runtime_arra_c22708faf2e354( t2 ). result = t27.
src/abap/2_statements/combi.ts.Alternative.run,return_copy,126,0,1,DATA(t27) = CAST z_runtime_arra_c22708faf2e354( t2 ). result = t27.
src/abap/2_statements/combi.ts.Alternative.run,cast_temp,126,0,1,DATA(t27) = CAST z_runtime_arra_c22708faf2e354( t2 ).
src/abap/2_statements/combi.ts.Alternative.run_one,cast_temp,288,0,1,DATA(t1) = CAST z_src_abap_2_s_b6c5f651b292e5( z_param_x_af55868a593612 ).
src/abap/2_statements/combi.ts.Alternative.run_one,clear_before_write,290,0,1,CLEAR t2. ... t2 = me->z_member_run_71be1bca84374a( z_param_r_f634cd02b53efc = t3 ).
src/abap/2_statements/combi.ts.Alternative.run_one,clear_before_write,292,0,1,CLEAR t3. ... t3 = t8.
src/abap/2_statements/combi.ts.Alternative.run_one,clear_before_write,294,0,1,CLEAR t4. ... t4 = t5.
src/abap/2_statements/combi.ts.Alternative.run_one,clear_before_write,296,0,1,CLEAR t5. ... CREATE OBJECT t5.
src/abap/2_statements/combi.ts.Alternative.run_one,cast_temp,299,0,1,DATA(t6) = CAST z_runtime_arra_c22708faf2e354( t4 ).
src/abap/2_statements/combi.ts.Alternative.run_one,cast_temp,300,0,1,DATA(t7) = CAST z_src_abap_2_s_b6c5f651b292e5( t1 ).
src/abap/2_statements/combi.ts.Alternative.run_one,temp_assign,302,0,1,DATA(t8) = CAST z_runtime_arra_c22708faf2e354( t4 ). t3 = t8.
src/abap/2_statements/combi.ts.Alternative.run_one,cast_temp,302,0,1,DATA(t8) = CAST z_runtime_arra_c22708faf2e354( t4 ).
src/abap/2_statements/combi.ts.Alternative.run_one,temp_assign,304,0,1,t2 = me->z_member_run_71be1bca84374a( z_param_r_f634cd02b53efc = t3 ). result = t2.
src/abap/2_statements/combi.ts.Alternative.run_one,return_copy,304,0,1,t2 = me->z_member_run_71be1bca84374a( z_param_r_f634cd02b53efc = t3 ). result = t2.
src/abap/2_statements/combi.ts.AlternativePriority.run,cast_temp,69,0,1,DATA(t1) = CAST z_runtime_arra_c22708faf2e354( z_param_r_f634cd02b53efc ).
src/abap/2_statements/combi.ts.AlternativePriority.run,clear_before_write,71,0,1,CLEAR t2. ... t2 = t3.
src/abap/2_statements/combi.ts.AlternativePriority.run,clear_before_write,73,0,1,CLEAR t3. ... CREATE OBJECT t3.
src/abap/2_statements/combi.ts.AlternativePriority.run,cast_temp,76,0,1,DATA(t4) = CAST z_runtime_arra_c22708faf2e354( me->z_member_list_484fd43dd9f8d0 ).
src/abap/2_statements/combi.ts.AlternativePriority.run,cast_temp,82,1,1,t5 ?= t6. DATA t7 TYPE REF TO z_runtime_arra_c22708faf2e354.
src/abap/2_statements/combi.ts.AlternativePriority.run,clear_before_write,84,1,1,CLEAR t7. ... t7 = t8.
src/abap/2_statements/combi.ts.AlternativePriority.run,clear_before_write,86,1,1,CLEAR t8. ... t8 = t9->z_member_run_71be1bca84374a( z_param_r_f634cd02b53efc = t10 ).
src/abap/2_statements/combi.ts.AlternativePriority.run,cast_temp,87,1,1,DATA(t9) = CAST z_src_abap_2_s_e1e980746d06e1( t5 ).
src/abap/2_statements/combi.ts.AlternativePriority.run,temp_argument,88,1,1,DATA(t10) = CAST z_runtime_arra_c22708faf2e354( t1 ). t8 = t9->z_member_run_71be1bca84374a( z_param_r_f634cd02b53efc = t10 ).
src/abap/2_statements/combi.ts.AlternativePriority.run,cast_temp,88,1,1,DATA(t10) = CAST z_runtime_arra_c22708faf2e354( t1 ).
src/abap/2_statements/combi.ts.AlternativePriority.run,temp_assign,89,1,1,t8 = t9->z_member_run_71be1bca84374a( z_param_r_f634cd02b53efc = t10 ). t7 = t8.
src/abap/2_statements/combi.ts.AlternativePriority.run,value_init_overwritten,91,1,1,DATA(t11) = VALUE abap_bool( ). ... t11 = xsdbool( t12 > t14 ).
src/abap/2_statements/combi.ts.AlternativePriority.run,value_init_overwritten,92,1,1,DATA(t12) = VALUE i( ). ... t12 = lines( t13->items ).
src/abap/2_statements/combi.ts.AlternativePriority.run,temp_argument,93,1,1,DATA(t13) = CAST z_runtime_arra_c22708faf2e354( t7 ). t12 = lines( t13->items ).
src/abap/2_statements/combi.ts.AlternativePriority.run,receiver_copy,93,1,1,DATA(t13) = CAST z_runtime_arra_c22708faf2e354( t7 ). t12 = lines( t13->items ).
src/abap/2_statements/combi.ts.AlternativePriority.run,cast_temp,93,1,1,DATA(t13) = CAST z_runtime_arra_c22708faf2e354( t7 ).
src/abap/2_statements/combi.ts.AlternativePriority.run,temp_argument,95,1,1,DATA(t14) = CONV i( '0' ). t11 = xsdbool( t12 > t14 ).
src/abap/2_statements/combi.ts.AlternativePriority.run,literal_scalar,95,1,1,DATA(t14) = CONV i( '0' ).
src/abap/2_statements/combi.ts.AlternativePriority.run,bool_if,96,1,1,t11 = xsdbool( t12 > t14 ). IF t11 = abap_true.
src/abap/2_statements/combi.ts.AlternativePriority.run,value_init_overwritten,98,1,1,DATA(t15) = VALUE abap_bool( ). ... t15 = xsdbool( t16 = t18 ).
src/abap/2_statements/combi.ts.AlternativePriority.run,value_init_overwritten,99,1,1,DATA(t16) = VALUE i( ). ... t16 = lines( t17->items ).
src/abap/2_statements/combi.ts.AlternativePriority.run,temp_argument,100,1,1,DATA(t17) = CAST z_runtime_arra_c22708faf2e354( t7 ). t16 = lines( t17->items ).
src/abap/2_statements/combi.ts.AlternativePriority.run,receiver_copy,100,1,1,DATA(t17) = CAST z_runtime_arra_c22708faf2e354( t7 ). t16 = lines( t17->items ).
src/abap/2_statements/combi.ts.AlternativePriority.run,cast_temp,100,1,1,DATA(t17) = CAST z_runtime_arra_c22708faf2e354( t7 ).
src/abap/2_statements/combi.ts.AlternativePriority.run,temp_argument,102,1,1,DATA(t18) = CONV i( '1' ). t15 = xsdbool( t16 = t18 ).
src/abap/2_statements/combi.ts.AlternativePriority.run,literal_scalar,102,1,1,DATA(t18) = CONV i( '1' ).
src/abap/2_statements/combi.ts.AlternativePriority.run,bool_if,103,1,1,t15 = xsdbool( t16 = t18 ). IF t15 = abap_true.
src/abap/2_statements/combi.ts.AlternativePriority.run,cast_temp,105,1,1,DATA(t19) = CAST z_runtime_arra_c22708faf2e354( t2 ).
src/abap/2_statements/combi.ts.AlternativePriority.run,clear_before_write,107,1,1,CLEAR t20. ... t20 ?= t22.
src/abap/2_statements/combi.ts.AlternativePriority.run,cast_temp,108,1,1,DATA(t21) = CAST z_runtime_arra_c22708faf2e354( t7 ).
src/abap/2_statements/combi.ts.AlternativePriority.run,table_read_copy,111,1,1,READ TABLE t21->items INDEX 1 INTO t22. t20 ?= t22.
src/abap/2_statements/combi.ts.AlternativePriority.run,cast_temp,112,1,1,t20 ?= t22. APPEND t20 TO t19->items.
src/abap/2_statements/combi.ts.AlternativePriority.run,cast_temp,116,1,1,DATA(t24) = CAST z_runtime_arra_c22708faf2e354( t7 ).
src/abap/2_statements/combi.ts.AlternativePriority.run,cast_temp,122,2,1,t25 ?= t26. DATA(t27) = CAST z_runtime_arra_c22708faf2e354( t2 ).
src/abap/2_statements/combi.ts.AlternativePriority.run,cast_temp,123,2,1,DATA(t27) = CAST z_runtime_arra_c22708faf2e354( t2 ).
src/abap/2_statements/combi.ts.AlternativePriority.run,cast_temp,124,2,1,DATA(t28) = CAST z_src_abap_2_s_b6c5f651b292e5( t25 ).
src/abap/2_statements/combi.ts.AlternativePriority.run,value_init_overwritten,127,1,1,DATA(t29) = VALUE i( ). ... t29 = lines( t30->items ).
src/abap/2_statements/combi.ts.AlternativePriority.run,temp_argument,128,1,1,DATA(t30) = CAST z_runtime_arra_c22708faf2e354( t2 ). t29 = lines( t30->items ).
src/abap/2_statements/combi.ts.AlternativePriority.run,receiver_copy,128,1,1,DATA(t30) = CAST z_runtime_arra_c22708faf2e354( t2 ). t29 = lines( t30->items ).
src/abap/2_statements/combi.ts.AlternativePriority.run,cast_temp,128,1,1,DATA(t30) = CAST z_runtime_arra_c22708faf2e354( t2 ).
src/abap/2_statements/combi.ts.AlternativePriority.run,temp_assign,129,1,1,t29 = lines( t30->items ). t23 = t29.
src/abap/2_statements/combi.ts.AlternativePriority.run,temp_assign,135,0,1,DATA(t31) = CAST z_runtime_arra_c22708faf2e354( t2 ). result = t31.
src/abap/2_statements/combi.ts.AlternativePriority.run,return_copy,135,0,1,DATA(t31) = CAST z_runtime_arra_c22708faf2e354( t2 ). result = t31.
src/abap/2_statements/combi.ts.AlternativePriority.run,cast_temp,135,0,1,DATA(t31) = CAST z_runtime_arra_c22708faf2e354( t2 ).
src/abap/2_statements/combi.ts.AlternativePriority.run_one,cast_temp,297,0,1,DATA(t1) = CAST z_src_abap_2_s_b6c5f651b292e5( z_param_x_af55868a593612 ).
src/abap/2_statements/combi.ts.AlternativePriority.run_one,clear_before_write,299,0,1,CLEAR t2. ... t2 = me->z_member_run_71be1bca84374a( z_param_r_f634cd02b53efc = t3 ).
src/abap/2_statements/combi.ts.AlternativePriority.run_one,clear_before_write,301,0,1,CLEAR t3. ... t3 = t8.
src/abap/2_statements/combi.ts.AlternativePriority.run_one,clear_before_write,303,0,1,CLEAR t4. ... t4 = t5.
src/abap/2_statements/combi.ts.AlternativePriority.run_one,clear_before_write,305,0,1,CLEAR t5. ... CREATE OBJECT t5.
src/abap/2_statements/combi.ts.AlternativePriority.run_one,cast_temp,308,0,1,DATA(t6) = CAST z_runtime_arra_c22708faf2e354( t4 ).
src/abap/2_statements/combi.ts.AlternativePriority.run_one,cast_temp,309,0,1,DATA(t7) = CAST z_src_abap_2_s_b6c5f651b292e5( t1 ).
src/abap/2_statements/combi.ts.AlternativePriority.run_one,temp_assign,311,0,1,DATA(t8) = CAST z_runtime_arra_c22708faf2e354( t4 ). t3 = t8.
src/abap/2_statements/combi.ts.AlternativePriority.run_one,cast_temp,311,0,1,DATA(t8) = CAST z_runtime_arra_c22708faf2e354( t4 ).
src/abap/2_statements/combi.ts.AlternativePriority.run_one,temp_assign,313,0,1,t2 = me->z_member_run_71be1bca84374a( z_param_r_f634cd02b53efc = t3 ). result = t2.
src/abap/2_statements/combi.ts.AlternativePriority.run_one,return_copy,313,0,1,t2 = me->z_member_run_71be1bca84374a( z_param_r_f634cd02b53efc = t3 ). result = t2.
src/abap/2_statements/combi.ts.Expression.run,range_bound_assignment,31,0,1,range_int8_bound_min = -9007199.
src/abap/2_statements/combi.ts.Expression.run,range_bound_assignment,32,0,1,range_int8_bound_min = range_int8_bound_min * 1000000000.
src/abap/2_statements/combi.ts.Expression.run,range_bound_assignment,33,0,1,range_int8_bound_min = range_int8_bound_min - 254740991.
src/abap/2_statements/combi.ts.Expression.run,range_bound_assignment,34,0,1,range_int8_bound_max = 9007199.
src/abap/2_statements/combi.ts.Expression.run,range_bound_assignment,35,0,1,range_int8_bound_max = range_int8_bound_max * 1000000000.
src/abap/2_statements/combi.ts.Expression.run,range_bound_assignment,36,0,1,range_int8_bound_max = range_int8_bound_max + 254740991.
src/abap/2_statements/combi.ts.Expression.run,cast_temp,37,0,1,DATA(t1) = CAST z_runtime_arra_c22708faf2e354( z_param_r_f634cd02b53efc ).
src/abap/2_statements/combi.ts.Expression.run,clear_before_write,39,0,1,CLEAR t2. ... t2 = t3.
src/abap/2_statements/combi.ts.Expression.run,clear_before_write,41,0,1,CLEAR t3. ... CREATE OBJECT t3.
src/abap/2_statements/combi.ts.Expression.run,clear_before_write,46,0,1,CLEAR t5. ... t5 = t6.
src/abap/2_statements/combi.ts.Expression.run,temp_assign,47,0,1,DATA(t6) = CAST z_src_abap_2_s_e1e980746d06e1( me->z_member_runna_7456acee370aba ). t5 = t6.
src/abap/2_statements/combi.ts.Expression.run,cast_temp,47,0,1,DATA(t6) = CAST z_src_abap_2_s_e1e980746d06e1( me->z_member_runna_7456acee370aba ).
src/abap/2_statements/combi.ts.Expression.run,clear_before_write,50,0,1,CLEAR t7. ... t7 = t8.
src/abap/2_statements/combi.ts.Expression.run,cast_temp,55,0,1,DATA(t10) = CAST z_src_abap_2_s_e1e980746d06e1( t5 ).
src/abap/2_statements/combi.ts.Expression.run,literal_scalar,63,0,1,DATA(t12) = CONV abap_bool( abap_true ).
src/abap/2_statements/combi.ts.Expression.run,temp_assign,65,0,1,DATA(t13) = CAST z_src_abap_2_s_e1e980746d06e1( me->z_member_getru_b627c08d5eeec8( ) ). t11 = t13.
src/abap/2_statements/combi.ts.Expression.run,cast_temp,65,0,1,DATA(t13) = CAST z_src_abap_2_s_e1e980746d06e1( me->z_member_getru_b627c08d5eeec8( ) ).
src/abap/2_statements/combi.ts.Expression.run,cast_temp,74,0,1,DATA(t15) = CAST z_runtime_arra_c22708faf2e354( t1 ).
src/abap/2_statements/combi.ts.Expression.run,clear_before_write,82,1,1,CLEAR t18. ... t18 = t19.
src/abap/2_statements/combi.ts.Expression.run,clear_before_write,84,1,1,CLEAR t19. ... t19 = t20->z_member_run_o_b86da49c574129( z_param_x_af55868a593612 = t22 ).
src/abap/2_statements/combi.ts.Expression.run,clear_before_write,86,1,1,CLEAR t20. ... t20 = t21.
src/abap/2_statements/combi.ts.Expression.run,temp_assign,87,1,1,DATA(t21) = CAST z_src_abap_2_s_e1e980746d06e1( me->z_member_runna_7456acee370aba ). t20 = t21.
src/abap/2_statements/combi.ts.Expression.run,cast_temp,87,1,1,DATA(t21) = CAST z_src_abap_2_s_e1e980746d06e1( me->z_member_runna_7456acee370aba ).
src/abap/2_statements/combi.ts.Expression.run,temp_argument,89,1,1,DATA(t22) = CAST z_src_abap_2_s_b6c5f651b292e5( t16 ). t19 = t20->z_member_run_o_b86da49c574129( z_param_x_af55868a593612 = t22 ).
src/abap/2_statements/combi.ts.Expression.run,cast_temp,89,1,1,DATA(t22) = CAST z_src_abap_2_s_b6c5f651b292e5( t16 ).
src/abap/2_statements/combi.ts.Expression.run,temp_assign,90,1,1,t19 = t20->z_member_run_o_b86da49c574129( z_param_x_af55868a593612 = t22 ). t18 = t19.
src/abap/2_statements/combi.ts.Expression.run,cast_temp,92,1,1,DATA(t23) = CAST z_runtime_arra_c22708faf2e354( t18 ).
src/abap/2_statements/combi.ts.Expression.run,clear_before_write,103,2,1,CLEAR t29. ... t29 = t30.
src/abap/2_statements/combi.ts.Expression.run,temp_assign,104,2,1,DATA(t30) = CAST z_src_abap_2_s_b6c5f651b292e5( t16 ). t29 = t30.
src/abap/2_statements/combi.ts.Expression.run,cast_temp,104,2,1,DATA(t30) = CAST z_src_abap_2_s_b6c5f651b292e5( t16 ).
src/abap/2_statements/combi.ts.Expression.run,value_init_overwritten,106,2,1,DATA(t31) = VALUE int8( ). ... t31 = t32 - t36.
src/abap/2_statements/combi.ts.Expression.run,value_init_overwritten,107,2,1,DATA(t32) = VALUE int8( ). ... t32 = t33.
src/abap/2_statements/combi.ts.Expression.run,value_init_overwritten,108,2,1,DATA(t33) = VALUE i( ). ... t33 = lines( t34->items ).
src/abap/2_statements/combi.ts.Expression.run,clear_before_write,110,2,1,CLEAR t34. ... t34 = t35->z_member_token_ed4bfabc8c4cec.
src/abap/2_statements/combi.ts.Expression.run,cast_temp,111,2,1,DATA(t35) = CAST z_src_abap_2_s_b6c5f651b292e5( t29 ).
src/abap/2_statements/combi.ts.Expression.run,temp_assign,113,2,1,t33 = lines( t34->items ). t32 = t33.
src/abap/2_statements/combi.ts.Expression.run,value_init_overwritten,115,2,1,DATA(t36) = VALUE int8( ). ... t36 = t37.
src/abap/2_statements/combi.ts.Expression.run,value_init_overwritten,116,2,1,DATA(t37) = VALUE i( ). ... t37 = t38->z_member_token_62f41b3bcb0bad.
src/abap/2_statements/combi.ts.Expression.run,cast_temp,117,2,1,DATA(t38) = CAST z_src_abap_2_s_b6c5f651b292e5( t29 ).
src/abap/2_statements/combi.ts.Expression.run,temp_assign,118,2,1,t37 = t38->z_member_token_62f41b3bcb0bad. t36 = t37.
src/abap/2_statements/combi.ts.Expression.run,clear_before_write,127,2,1,CLEAR t40. ... t40 = t41.
src/abap/2_statements/combi.ts.Expression.run,temp_assign,128,2,1,DATA(t41) = CAST z_src_abap_2_s_b6c5f651b292e5( t24 ). t40 = t41.
src/abap/2_statements/combi.ts.Expression.run,cast_temp,128,2,1,DATA(t41) = CAST z_src_abap_2_s_b6c5f651b292e5( t24 ).
src/abap/2_statements/combi.ts.Expression.run,value_init_overwritten,130,2,1,DATA(t42) = VALUE int8( ). ... t42 = t43 - t47.
src/abap/2_statements/combi.ts.Expression.run,value_init_overwritten,131,2,1,DATA(t43) = VALUE int8( ). ... t43 = t44.
src/abap/2_statements/combi.ts.Expression.run,value_init_overwritten,132,2,1,DATA(t44) = VALUE i( ). ... t44 = lines( t45->items ).
src/abap/2_statements/combi.ts.Expression.run,clear_before_write,134,2,1,CLEAR t45. ... t45 = t46->z_member_token_ed4bfabc8c4cec.
src/abap/2_statements/combi.ts.Expression.run,cast_temp,135,2,1,DATA(t46) = CAST z_src_abap_2_s_b6c5f651b292e5( t40 ).
src/abap/2_statements/combi.ts.Expression.run,temp_assign,137,2,1,t44 = lines( t45->items ). t43 = t44.
src/abap/2_statements/combi.ts.Expression.run,value_init_overwritten,139,2,1,DATA(t47) = VALUE int8( ). ... t47 = t48.
src/abap/2_statements/combi.ts.Expression.run,value_init_overwritten,140,2,1,DATA(t48) = VALUE i( ). ... t48 = t49->z_member_token_62f41b3bcb0bad.
src/abap/2_statements/combi.ts.Expression.run,cast_temp,141,2,1,DATA(t49) = CAST z_src_abap_2_s_b6c5f651b292e5( t40 ).
src/abap/2_statements/combi.ts.Expression.run,temp_assign,142,2,1,t48 = t49->z_member_token_62f41b3bcb0bad. t47 = t48.
src/abap/2_statements/combi.ts.Expression.run,value_init_overwritten,154,2,1,DATA(t50) = VALUE abap_bool( ). ... t50 = xsdbool( t51 > t52 ).
src/abap/2_statements/combi.ts.Expression.run,temp_argument,156,2,1,DATA(t52) = CONV int8( 0 ). t50 = xsdbool( t51 > t52 ).
src/abap/2_statements/combi.ts.Expression.run,literal_scalar,156,2,1,DATA(t52) = CONV int8( 0 ).
src/abap/2_statements/combi.ts.Expression.run,bool_if,157,2,1,t50 = xsdbool( t51 > t52 ). IF t50 = abap_true.
src/abap/2_statements/combi.ts.Expression.run,clear_before_write,160,2,1,CLEAR t53. ... t53 = t54.
src/abap/2_statements/combi.ts.Expression.run,clear_before_write,162,2,1,CLEAR t54. ... t54 = NEW z_src_abap_nod_582169980ca52f( z_param_expres_0c24dd0b5695e5 = t55 ).
src/abap/2_statements/combi.ts.Expression.run,temp_argument,163,2,1,DATA(t55) = CAST z_src_abap_2_s_4228f5ccb84481( me ). t54 = NEW z_src_abap_nod_582169980ca52f( z_param_expres_0c24dd0b5695e5 = t55 ).
src/abap/2_statements/combi.ts.Expression.run,cast_temp,163,2,1,DATA(t55) = CAST z_src_abap_2_s_4228f5ccb84481( me ).
src/abap/2_statements/combi.ts.Expression.run,temp_assign,164,2,1,t54 = NEW z_src_abap_nod_582169980ca52f( z_param_expres_0c24dd0b5695e5 = t55 ). t53 = t54.
src/abap/2_statements/combi.ts.Expression.run,cast_temp,166,2,1,DATA(t56) = CAST z_runtime_arra_c22708faf2e354( t2 ).
src/abap/2_statements/combi.ts.Expression.run,clear_before_write,168,2,1,CLEAR t57. ... t57 = t58->z_member_wrapc_402ce4e1f019a6( z_param_consum_74b8bf7d11c654 = t59 z_param_node_1324e81b8c7326 = t60 ).
src/abap/2_statements/combi.ts.Expression.run,cast_temp,169,2,1,DATA(t58) = CAST z_src_abap_2_s_b6c5f651b292e5( t24 ).
src/abap/2_statements/combi.ts.Expression.run,temp_argument,171,2,1,DATA(t60) = CAST z_src_abap_nod_582169980ca52f( t53 ). t57 = t58->z_member_wrapc_402ce4e1f019a6( z_param_consum_74b8bf7d11c654 = t59 z_param_node_1324e81b8c7326 = t60 ).
src/abap/2_statements/combi.ts.Expression.run,cast_temp,171,2,1,DATA(t60) = CAST z_src_abap_nod_582169980ca52f( t53 ).
src/abap/2_statements/combi.ts.Expression.run,cast_temp,175,2,1,DATA(t61) = CAST z_runtime_arra_c22708faf2e354( t2 ).
src/abap/2_statements/combi.ts.Expression.run,cast_temp,176,2,1,DATA(t62) = CAST z_src_abap_2_s_b6c5f651b292e5( t24 ).
src/abap/2_statements/combi.ts.Expression.run,temp_assign,181,0,1,DATA(t63) = CAST z_runtime_arra_c22708faf2e354( t2 ). result = t63.
src/abap/2_statements/combi.ts.Expression.run,return_copy,181,0,1,DATA(t63) = CAST z_runtime_arra_c22708faf2e354( t2 ). result = t63.
src/abap/2_statements/combi.ts.Expression.run,cast_temp,181,0,1,DATA(t63) = CAST z_runtime_arra_c22708faf2e354( t2 ).
src/abap/2_statements/combi.ts.Expression.run_one,range_bound_assignment,226,0,1,range_int8_bound_min = -9007199.
src/abap/2_statements/combi.ts.Expression.run_one,range_bound_assignment,227,0,1,range_int8_bound_min = range_int8_bound_min * 1000000000.
src/abap/2_statements/combi.ts.Expression.run_one,range_bound_assignment,228,0,1,range_int8_bound_min = range_int8_bound_min - 254740991.
src/abap/2_statements/combi.ts.Expression.run_one,range_bound_assignment,229,0,1,range_int8_bound_max = 9007199.
src/abap/2_statements/combi.ts.Expression.run_one,range_bound_assignment,230,0,1,range_int8_bound_max = range_int8_bound_max * 1000000000.
src/abap/2_statements/combi.ts.Expression.run_one,range_bound_assignment,231,0,1,range_int8_bound_max = range_int8_bound_max + 254740991.
src/abap/2_statements/combi.ts.Expression.run_one,cast_temp,232,0,1,DATA(t1) = CAST z_src_abap_2_s_b6c5f651b292e5( z_param_x_af55868a593612 ).
src/abap/2_statements/combi.ts.Expression.run_one,clear_before_write,234,0,1,CLEAR t2. ... t2 = t3.
src/abap/2_statements/combi.ts.Expression.run_one,clear_before_write,236,0,1,CLEAR t3. ... CREATE OBJECT t3.
src/abap/2_statements/combi.ts.Expression.run_one,clear_before_write,241,0,1,CLEAR t5. ... t5 = t6.
src/abap/2_statements/combi.ts.Expression.run_one,temp_assign,242,0,1,DATA(t6) = CAST z_src_abap_2_s_e1e980746d06e1( me->z_member_runna_7456acee370aba ). t5 = t6.
src/abap/2_statements/combi.ts.Expression.run_one,cast_temp,242,0,1,DATA(t6) = CAST z_src_abap_2_s_e1e980746d06e1( me->z_member_runna_7456acee370aba ).
src/abap/2_statements/combi.ts.Expression.run_one,clear_before_write,245,0,1,CLEAR t7. ... t7 = t8.
src/abap/2_statements/combi.ts.Expression.run_one,cast_temp,250,0,1,DATA(t10) = CAST z_src_abap_2_s_e1e980746d06e1( t5 ).
src/abap/2_statements/combi.ts.Expression.run_one,literal_scalar,258,0,1,DATA(t12) = CONV abap_bool( abap_true ).
src/abap/2_statements/combi.ts.Expression.run_one,temp_assign,260,0,1,DATA(t13) = CAST z_src_abap_2_s_e1e980746d06e1( me->z_member_getru_b627c08d5eeec8( ) ). t11 = t13.
src/abap/2_statements/combi.ts.Expression.run_one,cast_temp,260,0,1,DATA(t13) = CAST z_src_abap_2_s_e1e980746d06e1( me->z_member_getru_b627c08d5eeec8( ) ).
src/abap/2_statements/combi.ts.Expression.run_one,clear_before_write,270,0,1,CLEAR t15. ... t15 = t16.
src/abap/2_statements/combi.ts.Expression.run_one,temp_assign,271,0,1,DATA(t16) = CAST z_src_abap_2_s_b6c5f651b292e5( t1 ). t15 = t16.
src/abap/2_statements/combi.ts.Expression.run_one,cast_temp,271,0,1,DATA(t16) = CAST z_src_abap_2_s_b6c5f651b292e5( t1 ).
src/abap/2_statements/combi.ts.Expression.run_one,clear_before_write,274,0,1,CLEAR t17. ... t17 = t18.
src/abap/2_statements/combi.ts.Expression.run_one,clear_before_write,276,0,1,CLEAR t18. ... t18 = t19->z_member_run_o_b86da49c574129( z_param_x_af55868a593612 = t21 ).
src/abap/2_statements/combi.ts.Expression.run_one,clear_before_write,278,0,1,CLEAR t19. ... t19 = t20.
src/abap/2_statements/combi.ts.Expression.run_one,temp_assign,279,0,1,DATA(t20) = CAST z_src_abap_2_s_e1e980746d06e1( me->z_member_runna_7456acee370aba ). t19 = t20.
src/abap/2_statements/combi.ts.Expression.run_one,cast_temp,279,0,1,DATA(t20) = CAST z_src_abap_2_s_e1e980746d06e1( me->z_member_runna_7456acee370aba ).
src/abap/2_statements/combi.ts.Expression.run_one,temp_argument,281,0,1,DATA(t21) = CAST z_src_abap_2_s_b6c5f651b292e5( t15 ). t18 = t19->z_member_run_o_b86da49c574129( z_param_x_af55868a593612 = t21 ).
src/abap/2_statements/combi.ts.Expression.run_one,cast_temp,281,0,1,DATA(t21) = CAST z_src_abap_2_s_b6c5f651b292e5( t15 ).
src/abap/2_statements/combi.ts.Expression.run_one,temp_assign,282,0,1,t18 = t19->z_member_run_o_b86da49c574129( z_param_x_af55868a593612 = t21 ). t17 = t18.
src/abap/2_statements/combi.ts.Expression.run_one,cast_temp,284,0,1,DATA(t22) = CAST z_runtime_arra_c22708faf2e354( t17 ).
src/abap/2_statements/combi.ts.Expression.run_one,clear_before_write,295,1,1,CLEAR t28. ... t28 = t29.
src/abap/2_statements/combi.ts.Expression.run_one,temp_assign,296,1,1,DATA(t29) = CAST z_src_abap_2_s_b6c5f651b292e5( t15 ). t28 = t29.
src/abap/2_statements/combi.ts.Expression.run_one,cast_temp,296,1,1,DATA(t29) = CAST z_src_abap_2_s_b6c5f651b292e5( t15 ).
src/abap/2_statements/combi.ts.Expression.run_one,value_init_overwritten,298,1,1,DATA(t30) = VALUE int8( ). ... t30 = t31 - t35.
src/abap/2_statements/combi.ts.Expression.run_one,value_init_overwritten,299,1,1,DATA(t31) = VALUE int8( ). ... t31 = t32.
src/abap/2_statements/combi.ts.Expression.run_one,value_init_overwritten,300,1,1,DATA(t32) = VALUE i( ). ... t32 = lines( t33->items ).
src/abap/2_statements/combi.ts.Expression.run_one,clear_before_write,302,1,1,CLEAR t33. ... t33 = t34->z_member_token_ed4bfabc8c4cec.
src/abap/2_statements/combi.ts.Expression.run_one,cast_temp,303,1,1,DATA(t34) = CAST z_src_abap_2_s_b6c5f651b292e5( t28 ).
src/abap/2_statements/combi.ts.Expression.run_one,temp_assign,305,1,1,t32 = lines( t33->items ). t31 = t32.
src/abap/2_statements/combi.ts.Expression.run_one,value_init_overwritten,307,1,1,DATA(t35) = VALUE int8( ). ... t35 = t36.
src/abap/2_statements/combi.ts.Expression.run_one,value_init_overwritten,308,1,1,DATA(t36) = VALUE i( ). ... t36 = t37->z_member_token_62f41b3bcb0bad.
src/abap/2_statements/combi.ts.Expression.run_one,cast_temp,309,1,1,DATA(t37) = CAST z_src_abap_2_s_b6c5f651b292e5( t28 ).
src/abap/2_statements/combi.ts.Expression.run_one,temp_assign,310,1,1,t36 = t37->z_member_token_62f41b3bcb0bad. t35 = t36.
src/abap/2_statements/combi.ts.Expression.run_one,clear_before_write,319,1,1,CLEAR t39. ... t39 = t40.
src/abap/2_statements/combi.ts.Expression.run_one,temp_assign,320,1,1,DATA(t40) = CAST z_src_abap_2_s_b6c5f651b292e5( t23 ). t39 = t40.
src/abap/2_statements/combi.ts.Expression.run_one,cast_temp,320,1,1,DATA(t40) = CAST z_src_abap_2_s_b6c5f651b292e5( t23 ).
src/abap/2_statements/combi.ts.Expression.run_one,value_init_overwritten,322,1,1,DATA(t41) = VALUE int8( ). ... t41 = t42 - t46.
src/abap/2_statements/combi.ts.Expression.run_one,value_init_overwritten,323,1,1,DATA(t42) = VALUE int8( ). ... t42 = t43.
src/abap/2_statements/combi.ts.Expression.run_one,value_init_overwritten,324,1,1,DATA(t43) = VALUE i( ). ... t43 = lines( t44->items ).
src/abap/2_statements/combi.ts.Expression.run_one,clear_before_write,326,1,1,CLEAR t44. ... t44 = t45->z_member_token_ed4bfabc8c4cec.
src/abap/2_statements/combi.ts.Expression.run_one,cast_temp,327,1,1,DATA(t45) = CAST z_src_abap_2_s_b6c5f651b292e5( t39 ).
src/abap/2_statements/combi.ts.Expression.run_one,temp_assign,329,1,1,t43 = lines( t44->items ). t42 = t43.
src/abap/2_statements/combi.ts.Expression.run_one,value_init_overwritten,331,1,1,DATA(t46) = VALUE int8( ). ... t46 = t47.
src/abap/2_statements/combi.ts.Expression.run_one,value_init_overwritten,332,1,1,DATA(t47) = VALUE i( ). ... t47 = t48->z_member_token_62f41b3bcb0bad.
src/abap/2_statements/combi.ts.Expression.run_one,cast_temp,333,1,1,DATA(t48) = CAST z_src_abap_2_s_b6c5f651b292e5( t39 ).
src/abap/2_statements/combi.ts.Expression.run_one,temp_assign,334,1,1,t47 = t48->z_member_token_62f41b3bcb0bad. t46 = t47.
src/abap/2_statements/combi.ts.Expression.run_one,value_init_overwritten,346,1,1,DATA(t49) = VALUE abap_bool( ). ... t49 = xsdbool( t50 > t51 ).
src/abap/2_statements/combi.ts.Expression.run_one,temp_argument,348,1,1,DATA(t51) = CONV int8( 0 ). t49 = xsdbool( t50 > t51 ).
src/abap/2_statements/combi.ts.Expression.run_one,literal_scalar,348,1,1,DATA(t51) = CONV int8( 0 ).
src/abap/2_statements/combi.ts.Expression.run_one,bool_if,349,1,1,t49 = xsdbool( t50 > t51 ). IF t49 = abap_true.
src/abap/2_statements/combi.ts.Expression.run_one,clear_before_write,352,1,1,CLEAR t52. ... t52 = t53.
src/abap/2_statements/combi.ts.Expression.run_one,clear_before_write,354,1,1,CLEAR t53. ... t53 = NEW z_src_abap_nod_582169980ca52f( z_param_expres_0c24dd0b5695e5 = t54 ).
src/abap/2_statements/combi.ts.Expression.run_one,temp_argument,355,1,1,DATA(t54) = CAST z_src_abap_2_s_4228f5ccb84481( me ). t53 = NEW z_src_abap_nod_582169980ca52f( z_param_expres_0c24dd0b5695e5 = t54 ).
src/abap/2_statements/combi.ts.Expression.run_one,cast_temp,355,1,1,DATA(t54) = CAST z_src_abap_2_s_4228f5ccb84481( me ).
src/abap/2_statements/combi.ts.Expression.run_one,temp_assign,356,1,1,t53 = NEW z_src_abap_nod_582169980ca52f( z_param_expres_0c24dd0b5695e5 = t54 ). t52 = t53.
src/abap/2_statements/combi.ts.Expression.run_one,cast_temp,358,1,1,DATA(t55) = CAST z_runtime_arra_c22708faf2e354( t2 ).
src/abap/2_statements/combi.ts.Expression.run_one,clear_before_write,360,1,1,CLEAR t56. ... t56 = t57->z_member_wrapc_402ce4e1f019a6( z_param_consum_74b8bf7d11c654 = t58 z_param_node_1324e81b8c7326 = t59 ).
src/abap/2_statements/combi.ts.Expression.run_one,cast_temp,361,1,1,DATA(t57) = CAST z_src_abap_2_s_b6c5f651b292e5( t23 ).
src/abap/2_statements/combi.ts.Expression.run_one,temp_argument,363,1,1,DATA(t59) = CAST z_src_abap_nod_582169980ca52f( t52 ). t56 = t57->z_member_wrapc_402ce4e1f019a6( z_param_consum_74b8bf7d11c654 = t58 z_param_node_1324e81b8c7326 = t59 ).
src/abap/2_statements/combi.ts.Expression.run_one,cast_temp,363,1,1,DATA(t59) = CAST z_src_abap_nod_582169980ca52f( t52 ).
src/abap/2_statements/combi.ts.Expression.run_one,cast_temp,367,1,1,DATA(t60) = CAST z_runtime_arra_c22708faf2e354( t2 ).
src/abap/2_statements/combi.ts.Expression.run_one,cast_temp,368,1,1,DATA(t61) = CAST z_src_abap_2_s_b6c5f651b292e5( t23 ).
src/abap/2_statements/combi.ts.Expression.run_one,temp_assign,372,0,1,DATA(t62) = CAST z_runtime_arra_c22708faf2e354( t2 ). result = t62.
src/abap/2_statements/combi.ts.Expression.run_one,return_copy,372,0,1,DATA(t62) = CAST z_runtime_arra_c22708faf2e354( t2 ). result = t62.
src/abap/2_statements/combi.ts.Expression.run_one,cast_temp,372,0,1,DATA(t62) = CAST z_runtime_arra_c22708faf2e354( t2 ).
src/abap/2_statements/combi.ts.Optional.run,cast_temp,39,0,1,DATA(t1) = CAST z_runtime_arra_c22708faf2e354( z_param_r_f634cd02b53efc ).
src/abap/2_statements/combi.ts.Optional.run,clear_before_write,41,0,1,CLEAR t2. ... t2 = t3.
src/abap/2_statements/combi.ts.Optional.run,clear_before_write,43,0,1,CLEAR t3. ... CREATE OBJECT t3.
src/abap/2_statements/combi.ts.Optional.run,cast_temp,46,0,1,DATA(t4) = CAST z_runtime_arra_c22708faf2e354( t1 ).
src/abap/2_statements/combi.ts.Optional.run,cast_temp,53,1,1,DATA(t7) = CAST z_runtime_arra_c22708faf2e354( t2 ).
src/abap/2_statements/combi.ts.Optional.run,cast_temp,54,1,1,DATA(t8) = CAST z_src_abap_2_s_b6c5f651b292e5( t5 ).
src/abap/2_statements/combi.ts.Optional.run,clear_before_write,57,1,1,CLEAR t9. ... t9 = t10.
src/abap/2_statements/combi.ts.Optional.run,clear_before_write,59,1,1,CLEAR t10. ... t10 = t11->z_member_run_o_b86da49c574129( z_param_x_af55868a593612 = t12 ).
src/abap/2_statements/combi.ts.Optional.run,cast_temp,60,1,1,DATA(t11) = CAST z_src_abap_2_s_e1e980746d06e1( me->z_member_optio_e4fda80c47ff19 ).
src/abap/2_statements/combi.ts.Optional.run,temp_argument,61,1,1,DATA(t12) = CAST z_src_abap_2_s_b6c5f651b292e5( t5 ). t10 = t11->z_member_run_o_b86da49c574129( z_param_x_af55868a593612 = t12 ).
src/abap/2_statements/combi.ts.Optional.run,cast_temp,61,1,1,DATA(t12) = CAST z_src_abap_2_s_b6c5f651b292e5( t5 ).
src/abap/2_statements/combi.ts.Optional.run,temp_assign,62,1,1,t10 = t11->z_member_run_o_b86da49c574129( z_param_x_af55868a593612 = t12 ). t9 = t10.
src/abap/2_statements/combi.ts.Optional.run,value_init_overwritten,64,1,1,DATA(t13) = VALUE abap_bool( ). ... t13 = xsdbool( t14 = t16 ).
src/abap/2_statements/combi.ts.Optional.run,value_init_overwritten,65,1,1,DATA(t14) = VALUE i( ). ... t14 = lines( t15->items ).
src/abap/2_statements/combi.ts.Optional.run,temp_argument,66,1,1,DATA(t15) = CAST z_runtime_arra_c22708faf2e354( t9 ). t14 = lines( t15->items ).
src/abap/2_statements/combi.ts.Optional.run,receiver_copy,66,1,1,DATA(t15) = CAST z_runtime_arra_c22708faf2e354( t9 ). t14 = lines( t15->items ).
src/abap/2_statements/combi.ts.Optional.run,cast_temp,66,1,1,DATA(t15) = CAST z_runtime_arra_c22708faf2e354( t9 ).
src/abap/2_statements/combi.ts.Optional.run,temp_argument,68,1,1,DATA(t16) = CONV i( '1' ). t13 = xsdbool( t14 = t16 ).
src/abap/2_statements/combi.ts.Optional.run,literal_scalar,68,1,1,DATA(t16) = CONV i( '1' ).
src/abap/2_statements/combi.ts.Optional.run,bool_if,69,1,1,t13 = xsdbool( t14 = t16 ). IF t13 = abap_true.
src/abap/2_statements/combi.ts.Optional.run,cast_temp,71,1,1,DATA(t17) = CAST z_runtime_arra_c22708faf2e354( t2 ).
src/abap/2_statements/combi.ts.Optional.run,clear_before_write,73,1,1,CLEAR t18. ... t18 ?= t20.
src/abap/2_statements/combi.ts.Optional.run,cast_temp,74,1,1,DATA(t19) = CAST z_runtime_arra_c22708faf2e354( t9 ).
src/abap/2_statements/combi.ts.Optional.run,table_read_copy,77,1,1,READ TABLE t19->items INDEX 1 INTO t20. t18 ?= t20.
src/abap/2_statements/combi.ts.Optional.run,cast_temp,78,1,1,t18 ?= t20. APPEND t18 TO t17->items.
src/abap/2_statements/combi.ts.Optional.run,cast_temp,82,1,1,DATA(t22) = CAST z_runtime_arra_c22708faf2e354( t9 ).
src/abap/2_statements/combi.ts.Optional.run,cast_temp,88,2,1,t23 ?= t24. DATA(t25) = CAST z_runtime_arra_c22708faf2e354( t2 ).
src/abap/2_statements/combi.ts.Optional.run,cast_temp,89,2,1,DATA(t25) = CAST z_runtime_arra_c22708faf2e354( t2 ).
src/abap/2_statements/combi.ts.Optional.run,cast_temp,90,2,1,DATA(t26) = CAST z_src_abap_2_s_b6c5f651b292e5( t23 ).
src/abap/2_statements/combi.ts.Optional.run,value_init_overwritten,93,1,1,DATA(t27) = VALUE i( ). ... t27 = lines( t28->items ).
src/abap/2_statements/combi.ts.Optional.run,temp_argument,94,1,1,DATA(t28) = CAST z_runtime_arra_c22708faf2e354( t2 ). t27 = lines( t28->items ).
src/abap/2_statements/combi.ts.Optional.run,receiver_copy,94,1,1,DATA(t28) = CAST z_runtime_arra_c22708faf2e354( t2 ). t27 = lines( t28->items ).
src/abap/2_statements/combi.ts.Optional.run,cast_temp,94,1,1,DATA(t28) = CAST z_runtime_arra_c22708faf2e354( t2 ).
src/abap/2_statements/combi.ts.Optional.run,temp_assign,95,1,1,t27 = lines( t28->items ). t21 = t27.
src/abap/2_statements/combi.ts.Optional.run,temp_assign,99,0,1,DATA(t29) = CAST z_runtime_arra_c22708faf2e354( t2 ). result = t29.
src/abap/2_statements/combi.ts.Optional.run,return_copy,99,0,1,DATA(t29) = CAST z_runtime_arra_c22708faf2e354( t2 ). result = t29.
src/abap/2_statements/combi.ts.Optional.run,cast_temp,99,0,1,DATA(t29) = CAST z_runtime_arra_c22708faf2e354( t2 ).
src/abap/2_statements/combi.ts.Optional.run_one,cast_temp,122,0,1,DATA(t1) = CAST z_src_abap_2_s_b6c5f651b292e5( z_param_x_af55868a593612 ).
src/abap/2_statements/combi.ts.Optional.run_one,clear_before_write,124,0,1,CLEAR t2. ... t2 = t3.
src/abap/2_statements/combi.ts.Optional.run_one,clear_before_write,126,0,1,CLEAR t3. ... CREATE OBJECT t3.
src/abap/2_statements/combi.ts.Optional.run_one,clear_before_write,130,0,1,CLEAR t4. ... t4 = t5.
src/abap/2_statements/combi.ts.Optional.run_one,temp_assign,131,0,1,DATA(t5) = CAST z_src_abap_2_s_b6c5f651b292e5( t1 ). t4 = t5.
src/abap/2_statements/combi.ts.Optional.run_one,cast_temp,131,0,1,DATA(t5) = CAST z_src_abap_2_s_b6c5f651b292e5( t1 ).
src/abap/2_statements/combi.ts.Optional.run_one,cast_temp,133,0,1,DATA(t6) = CAST z_runtime_arra_c22708faf2e354( t2 ).
src/abap/2_statements/combi.ts.Optional.run_one,cast_temp,134,0,1,DATA(t7) = CAST z_src_abap_2_s_b6c5f651b292e5( t4 ).
src/abap/2_statements/combi.ts.Optional.run_one,clear_before_write,137,0,1,CLEAR t8. ... t8 = t9.
src/abap/2_statements/combi.ts.Optional.run_one,clear_before_write,139,0,1,CLEAR t9. ... t9 = t10->z_member_run_o_b86da49c574129( z_param_x_af55868a593612 = t11 ).
src/abap/2_statements/combi.ts.Optional.run_one,cast_temp,140,0,1,DATA(t10) = CAST z_src_abap_2_s_e1e980746d06e1( me->z_member_optio_e4fda80c47ff19 ).
src/abap/2_statements/combi.ts.Optional.run_one,temp_argument,141,0,1,DATA(t11) = CAST z_src_abap_2_s_b6c5f651b292e5( t4 ). t9 = t10->z_member_run_o_b86da49c574129( z_param_x_af55868a593612 = t11 ).
src/abap/2_statements/combi.ts.Optional.run_one,cast_temp,141,0,1,DATA(t11) = CAST z_src_abap_2_s_b6c5f651b292e5( t4 ).
src/abap/2_statements/combi.ts.Optional.run_one,temp_assign,142,0,1,t9 = t10->z_member_run_o_b86da49c574129( z_param_x_af55868a593612 = t11 ). t8 = t9.
src/abap/2_statements/combi.ts.Optional.run_one,value_init_overwritten,144,0,1,DATA(t12) = VALUE abap_bool( ). ... t12 = xsdbool( t13 = t15 ).
src/abap/2_statements/combi.ts.Optional.run_one,value_init_overwritten,145,0,1,DATA(t13) = VALUE i( ). ... t13 = lines( t14->items ).
src/abap/2_statements/combi.ts.Optional.run_one,temp_argument,146,0,1,DATA(t14) = CAST z_runtime_arra_c22708faf2e354( t8 ). t13 = lines( t14->items ).
src/abap/2_statements/combi.ts.Optional.run_one,receiver_copy,146,0,1,DATA(t14) = CAST z_runtime_arra_c22708faf2e354( t8 ). t13 = lines( t14->items ).
src/abap/2_statements/combi.ts.Optional.run_one,cast_temp,146,0,1,DATA(t14) = CAST z_runtime_arra_c22708faf2e354( t8 ).
src/abap/2_statements/combi.ts.Optional.run_one,temp_argument,148,0,1,DATA(t15) = CONV i( '1' ). t12 = xsdbool( t13 = t15 ).
src/abap/2_statements/combi.ts.Optional.run_one,literal_scalar,148,0,1,DATA(t15) = CONV i( '1' ).
src/abap/2_statements/combi.ts.Optional.run_one,bool_if,149,0,1,t12 = xsdbool( t13 = t15 ). IF t12 = abap_true.
src/abap/2_statements/combi.ts.Optional.run_one,cast_temp,151,0,1,DATA(t16) = CAST z_runtime_arra_c22708faf2e354( t2 ).
src/abap/2_statements/combi.ts.Optional.run_one,clear_before_write,153,0,1,CLEAR t17. ... t17 ?= t19.
src/abap/2_statements/combi.ts.Optional.run_one,cast_temp,154,0,1,DATA(t18) = CAST z_runtime_arra_c22708faf2e354( t8 ).
src/abap/2_statements/combi.ts.Optional.run_one,table_read_copy,157,0,1,READ TABLE t18->items INDEX 1 INTO t19. t17 ?= t19.
src/abap/2_statements/combi.ts.Optional.run_one,cast_temp,158,0,1,t17 ?= t19. APPEND t17 TO t16->items.
src/abap/2_statements/combi.ts.Optional.run_one,cast_temp,162,0,1,DATA(t21) = CAST z_runtime_arra_c22708faf2e354( t8 ).
src/abap/2_statements/combi.ts.Optional.run_one,cast_temp,168,1,1,t22 ?= t23. DATA(t24) = CAST z_runtime_arra_c22708faf2e354( t2 ).
src/abap/2_statements/combi.ts.Optional.run_one,cast_temp,169,1,1,DATA(t24) = CAST z_runtime_arra_c22708faf2e354( t2 ).
src/abap/2_statements/combi.ts.Optional.run_one,cast_temp,170,1,1,DATA(t25) = CAST z_src_abap_2_s_b6c5f651b292e5( t22 ).
src/abap/2_statements/combi.ts.Optional.run_one,value_init_overwritten,173,0,1,DATA(t26) = VALUE i( ). ... t26 = lines( t27->items ).
src/abap/2_statements/combi.ts.Optional.run_one,temp_argument,174,0,1,DATA(t27) = CAST z_runtime_arra_c22708faf2e354( t2 ). t26 = lines( t27->items ).
src/abap/2_statements/combi.ts.Optional.run_one,receiver_copy,174,0,1,DATA(t27) = CAST z_runtime_arra_c22708faf2e354( t2 ). t26 = lines( t27->items ).
src/abap/2_statements/combi.ts.Optional.run_one,cast_temp,174,0,1,DATA(t27) = CAST z_runtime_arra_c22708faf2e354( t2 ).
src/abap/2_statements/combi.ts.Optional.run_one,temp_assign,175,0,1,t26 = lines( t27->items ). t20 = t26.
src/abap/2_statements/combi.ts.Optional.run_one,temp_assign,178,0,1,DATA(t28) = CAST z_runtime_arra_c22708faf2e354( t2 ). result = t28.
src/abap/2_statements/combi.ts.Optional.run_one,return_copy,178,0,1,DATA(t28) = CAST z_runtime_arra_c22708faf2e354( t2 ). result = t28.
src/abap/2_statements/combi.ts.Optional.run_one,cast_temp,178,0,1,DATA(t28) = CAST z_runtime_arra_c22708faf2e354( t2 ).
src/abap/2_statements/combi.ts.Permutation.run,cast_temp,77,0,1,DATA(t1) = CAST z_runtime_arra_c22708faf2e354( z_param_r_f634cd02b53efc ).
src/abap/2_statements/combi.ts.Permutation.run,clear_before_write,79,0,1,CLEAR t2. ... t2 = t3.
src/abap/2_statements/combi.ts.Permutation.run,clear_before_write,81,0,1,CLEAR t3. ... CREATE OBJECT t3.
src/abap/2_statements/combi.ts.Permutation.run,clear_before_write,85,0,1,CLEAR t4. ... t4 = t5.
src/abap/2_statements/combi.ts.Permutation.run,clear_before_write,87,0,1,CLEAR t5. ... t5 = t6->slice0( ).
src/abap/2_statements/combi.ts.Permutation.run,temp_argument,88,0,1,DATA(t6) = CAST z_runtime_arra_c22708faf2e354( me->z_member_list_484fd43dd9f8d0 ). t5 = t6->slice0( ).
src/abap/2_statements/combi.ts.Permutation.run,receiver_copy,88,0,1,DATA(t6) = CAST z_runtime_arra_c22708faf2e354( me->z_member_list_484fd43dd9f8d0 ). t5 = t6->slice0( ).
src/abap/2_statements/combi.ts.Permutation.run,cast_temp,88,0,1,DATA(t6) = CAST z_runtime_arra_c22708faf2e354( me->z_member_list_484fd43dd9f8d0 ).
src/abap/2_statements/combi.ts.Permutation.run,temp_assign,89,0,1,t5 = t6->slice0( ). t4 = t5.
src/abap/2_statements/combi.ts.Permutation.run,value_init_overwritten,91,0,1,DATA(t7) = VALUE i( ). ... t7 = t8.
src/abap/2_statements/combi.ts.Permutation.run,temp_assign,92,0,1,DATA(t8) = CONV i( '0' ). t7 = t8.
src/abap/2_statements/combi.ts.Permutation.run,literal_scalar,92,0,1,DATA(t8) = CONV i( '0' ).
src/abap/2_statements/combi.ts.Permutation.run,value_init_overwritten,95,1,1,DATA(t9) = VALUE abap_bool( ). ... t9 = xsdbool( t10 < t11 ).
src/abap/2_statements/combi.ts.Permutation.run,value_init_overwritten,97,1,1,DATA(t11) = VALUE i( ). ... t11 = lines( t12->items ).
src/abap/2_statements/combi.ts.Permutation.run,temp_argument,98,1,1,DATA(t12) = CAST z_runtime_arra_c22708faf2e354( me->z_member_list_484fd43dd9f8d0 ). t11 = lines( t12->items ).
src/abap/2_statements/combi.ts.Permutation.run,receiver_copy,98,1,1,DATA(t12) = CAST z_runtime_arra_c22708faf2e354( me->z_member_list_484fd43dd9f8d0 ). t11 = lines( t12->items ).
src/abap/2_statements/combi.ts.Permutation.run,cast_temp,98,1,1,DATA(t12) = CAST z_runtime_arra_c22708faf2e354( me->z_member_list_484fd43dd9f8d0 ).
src/abap/2_statements/combi.ts.Permutation.run,clear_before_write,105,1,1,CLEAR t13. ... t13 = t14.
src/abap/2_statements/combi.ts.Permutation.run,clear_before_write,107,1,1,CLEAR t14. ... t14 = t15->z_member_run_71be1bca84374a( z_param_r_f634cd02b53efc = t19 ).
src/abap/2_statements/combi.ts.Permutation.run,clear_before_write,109,1,1,CLEAR t15. ... t15 ?= t18.
src/abap/2_statements/combi.ts.Permutation.run,cast_temp,110,1,1,DATA(t16) = CAST z_runtime_arra_c22708faf2e354( me->z_member_list_484fd43dd9f8d0 ).
src/abap/2_statements/combi.ts.Permutation.run,table_read_copy,115,1,1,READ TABLE t16->items INDEX t17 INTO t18. t15 ?= t18.
src/abap/2_statements/combi.ts.Permutation.run,cast_temp,116,1,1,t15 ?= t18. DATA(t19) = CAST z_runtime_arra_c22708faf2e354( t1 ).
src/abap/2_statements/combi.ts.Permutation.run,temp_argument,117,1,1,DATA(t19) = CAST z_runtime_arra_c22708faf2e354( t1 ). t14 = t15->z_member_run_71be1bca84374a( z_param_r_f634cd02b53efc = t19 ).
src/abap/2_statements/combi.ts.Permutation.run,cast_temp,117,1,1,DATA(t19) = CAST z_runtime_arra_c22708faf2e354( t1 ).
src/abap/2_statements/combi.ts.Permutation.run,temp_assign,118,1,1,t14 = t15->z_member_run_71be1bca84374a( z_param_r_f634cd02b53efc = t19 ). t13 = t14.
src/abap/2_statements/combi.ts.Permutation.run,value_init_overwritten,120,1,1,DATA(t20) = VALUE abap_bool( ). ... t20 = xsdbool( t21 <> t23 ).
src/abap/2_statements/combi.ts.Permutation.run,value_init_overwritten,121,1,1,DATA(t21) = VALUE i( ). ... t21 = lines( t22->items ).
src/abap/2_statements/combi.ts.Permutation.run,temp_argument,122,1,1,DATA(t22) = CAST z_runtime_arra_c22708faf2e354( t13 ). t21 = lines( t22->items ).
src/abap/2_statements/combi.ts.Permutation.run,receiver_copy,122,1,1,DATA(t22) = CAST z_runtime_arra_c22708faf2e354( t13 ). t21 = lines( t22->items ).
src/abap/2_statements/combi.ts.Permutation.run,cast_temp,122,1,1,DATA(t22) = CAST z_runtime_arra_c22708faf2e354( t13 ).
src/abap/2_statements/combi.ts.Permutation.run,temp_argument,124,1,1,DATA(t23) = CONV i( '0' ). t20 = xsdbool( t21 <> t23 ).
src/abap/2_statements/combi.ts.Permutation.run,literal_scalar,124,1,1,DATA(t23) = CONV i( '0' ).
src/abap/2_statements/combi.ts.Permutation.run,bool_if,125,1,1,t20 = xsdbool( t21 <> t23 ). IF t20 = abap_true.
src/abap/2_statements/combi.ts.Permutation.run,cast_temp,128,1,1,DATA(t25) = CAST z_runtime_arra_c22708faf2e354( t13 ).
src/abap/2_statements/combi.ts.Permutation.run,cast_temp,134,2,1,t26 ?= t27. DATA(t28) = CAST z_runtime_arra_c22708faf2e354( t2 ).
src/abap/2_statements/combi.ts.Permutation.run,cast_temp,135,2,1,DATA(t28) = CAST z_runtime_arra_c22708faf2e354( t2 ).
src/abap/2_statements/combi.ts.Permutation.run,cast_temp,136,2,1,DATA(t29) = CAST z_src_abap_2_s_b6c5f651b292e5( t26 ).
src/abap/2_statements/combi.ts.Permutation.run,value_init_overwritten,139,1,1,DATA(t30) = VALUE i( ). ... t30 = lines( t31->items ).
src/abap/2_statements/combi.ts.Permutation.run,temp_argument,140,1,1,DATA(t31) = CAST z_runtime_arra_c22708faf2e354( t2 ). t30 = lines( t31->items ).
src/abap/2_statements/combi.ts.Permutation.run,receiver_copy,140,1,1,DATA(t31) = CAST z_runtime_arra_c22708faf2e354( t2 ). t30 = lines( t31->items ).
src/abap/2_statements/combi.ts.Permutation.run,cast_temp,140,1,1,DATA(t31) = CAST z_runtime_arra_c22708faf2e354( t2 ).
src/abap/2_statements/combi.ts.Permutation.run,temp_assign,141,1,1,t30 = lines( t31->items ). t24 = t30.
src/abap/2_statements/combi.ts.Permutation.run,clear_before_write,144,1,1,CLEAR t32. ... t32 = t33.
src/abap/2_statements/combi.ts.Permutation.run,temp_assign,145,1,1,DATA(t33) = CAST z_runtime_arra_c22708faf2e354( t4 ). t32 = t33.
src/abap/2_statements/combi.ts.Permutation.run,cast_temp,145,1,1,DATA(t33) = CAST z_runtime_arra_c22708faf2e354( t4 ).
src/abap/2_statements/combi.ts.Permutation.run,clear_before_write,148,1,1,CLEAR t34. ... t34 = t35->splice2( p0 = t36 p1 = t37 ).
src/abap/2_statements/combi.ts.Permutation.run,cast_temp,149,1,1,DATA(t35) = CAST z_runtime_arra_c22708faf2e354( t32 ).
src/abap/2_statements/combi.ts.Permutation.run,temp_argument,151,1,1,DATA(t37) = CONV i( '1' ). t34 = t35->splice2( p0 = t36 p1 = t37 ).
src/abap/2_statements/combi.ts.Permutation.run,literal_scalar,151,1,1,DATA(t37) = CONV i( '1' ).
src/abap/2_statements/combi.ts.Permutation.run,value_init_overwritten,153,1,1,DATA(t38) = VALUE abap_bool( ). ... t38 = xsdbool( t39 = t41 ).
src/abap/2_statements/combi.ts.Permutation.run,value_init_overwritten,154,1,1,DATA(t39) = VALUE i( ). ... t39 = lines( t40->items ).
src/abap/2_statements/combi.ts.Permutation.run,temp_argument,155,1,1,DATA(t40) = CAST z_runtime_arra_c22708faf2e354( t32 ). t39 = lines( t40->items ).
src/abap/2_statements/combi.ts.Permutation.run,receiver_copy,155,1,1,DATA(t40) = CAST z_runtime_arra_c22708faf2e354( t32 ). t39 = lines( t40->items ).
src/abap/2_statements/combi.ts.Permutation.run,cast_temp,155,1,1,DATA(t40) = CAST z_runtime_arra_c22708faf2e354( t32 ).
src/abap/2_statements/combi.ts.Permutation.run,temp_argument,157,1,1,DATA(t41) = CONV i( '1' ). t38 = xsdbool( t39 = t41 ).
src/abap/2_statements/combi.ts.Permutation.run,literal_scalar,157,1,1,DATA(t41) = CONV i( '1' ).
src/abap/2_statements/combi.ts.Permutation.run,bool_if,158,1,1,t38 = xsdbool( t39 = t41 ). IF t38 = abap_true.
src/abap/2_statements/combi.ts.Permutation.run,clear_before_write,162,1,1,CLEAR t43. ... t43 = t44->z_member_run_71be1bca84374a( z_param_r_f634cd02b53efc = t47 ).
src/abap/2_statements/combi.ts.Permutation.run,clear_before_write,164,1,1,CLEAR t44. ... t44 ?= t46.
src/abap/2_statements/combi.ts.Permutation.run,cast_temp,165,1,1,DATA(t45) = CAST z_runtime_arra_c22708faf2e354( t32 ).
src/abap/2_statements/combi.ts.Permutation.run,table_read_copy,168,1,1,READ TABLE t45->items INDEX 1 INTO t46. t44 ?= t46.
src/abap/2_statements/combi.ts.Permutation.run,cast_temp,169,1,1,t44 ?= t46. DATA(t47) = CAST z_runtime_arra_c22708faf2e354( t13 ).
src/abap/2_statements/combi.ts.Permutation.run,temp_argument,170,1,1,DATA(t47) = CAST z_runtime_arra_c22708faf2e354( t13 ). t43 = t44->z_member_run_71be1bca84374a( z_param_r_f634cd02b53efc = t47 ).
src/abap/2_statements/combi.ts.Permutation.run,cast_temp,170,1,1,DATA(t47) = CAST z_runtime_arra_c22708faf2e354( t13 ).
src/abap/2_statements/combi.ts.Permutation.run,cast_temp,177,2,1,t48 ?= t49. DATA(t50) = CAST z_runtime_arra_c22708faf2e354( t2 ).
src/abap/2_statements/combi.ts.Permutation.run,cast_temp,178,2,1,DATA(t50) = CAST z_runtime_arra_c22708faf2e354( t2 ).
src/abap/2_statements/combi.ts.Permutation.run,cast_temp,179,2,1,DATA(t51) = CAST z_src_abap_2_s_b6c5f651b292e5( t48 ).
src/abap/2_statements/combi.ts.Permutation.run,value_init_overwritten,182,1,1,DATA(t52) = VALUE i( ). ... t52 = lines( t53->items ).
src/abap/2_statements/combi.ts.Permutation.run,temp_argument,183,1,1,DATA(t53) = CAST z_runtime_arra_c22708faf2e354( t2 ). t52 = lines( t53->items ).
src/abap/2_statements/combi.ts.Permutation.run,receiver_copy,183,1,1,DATA(t53) = CAST z_runtime_arra_c22708faf2e354( t2 ). t52 = lines( t53->items ).
src/abap/2_statements/combi.ts.Permutation.run,cast_temp,183,1,1,DATA(t53) = CAST z_runtime_arra_c22708faf2e354( t2 ).
src/abap/2_statements/combi.ts.Permutation.run,temp_assign,184,1,1,t52 = lines( t53->items ). t42 = t52.
src/abap/2_statements/combi.ts.Permutation.run,clear_before_write,189,1,1,CLEAR t55. ... t55 = t56->z_member_run_71be1bca84374a( z_param_r_f634cd02b53efc = t58 ).
src/abap/2_statements/combi.ts.Permutation.run,clear_before_write,191,1,1,CLEAR t56. ... t56 = NEW z_src_abap_2_s_67388fb83df4cc( z_param_list_750b7e98c594f7 = t57 ).
src/abap/2_statements/combi.ts.Permutation.run,temp_argument,192,1,1,DATA(t57) = CAST z_runtime_arra_c22708faf2e354( t32 ). t56 = NEW z_src_abap_2_s_67388fb83df4cc( z_param_list_750b7e98c594f7 = t57 ).
src/abap/2_statements/combi.ts.Permutation.run,cast_temp,192,1,1,DATA(t57) = CAST z_runtime_arra_c22708faf2e354( t32 ).
src/abap/2_statements/combi.ts.Permutation.run,temp_argument,194,1,1,DATA(t58) = CAST z_runtime_arra_c22708faf2e354( t13 ). t55 = t56->z_member_run_71be1bca84374a( z_param_r_f634cd02b53efc = t58 ).
src/abap/2_statements/combi.ts.Permutation.run,cast_temp,194,1,1,DATA(t58) = CAST z_runtime_arra_c22708faf2e354( t13 ).
src/abap/2_statements/combi.ts.Permutation.run,cast_temp,201,2,1,t59 ?= t60. DATA(t61) = CAST z_runtime_arra_c22708faf2e354( t2 ).
src/abap/2_statements/combi.ts.Permutation.run,cast_temp,202,2,1,DATA(t61) = CAST z_runtime_arra_c22708faf2e354( t2 ).
src/abap/2_statements/combi.ts.Permutation.run,cast_temp,203,2,1,DATA(t62) = CAST z_src_abap_2_s_b6c5f651b292e5( t59 ).
src/abap/2_statements/combi.ts.Permutation.run,value_init_overwritten,206,1,1,DATA(t63) = VALUE i( ). ... t63 = lines( t64->items ).
src/abap/2_statements/combi.ts.Permutation.run,temp_argument,207,1,1,DATA(t64) = CAST z_runtime_arra_c22708faf2e354( t2 ). t63 = lines( t64->items ).
src/abap/2_statements/combi.ts.Permutation.run,receiver_copy,207,1,1,DATA(t64) = CAST z_runtime_arra_c22708faf2e354( t2 ). t63 = lines( t64->items ).
src/abap/2_statements/combi.ts.Permutation.run,cast_temp,207,1,1,DATA(t64) = CAST z_runtime_arra_c22708faf2e354( t2 ).
src/abap/2_statements/combi.ts.Permutation.run,temp_assign,208,1,1,t63 = lines( t64->items ). t54 = t63.
src/abap/2_statements/combi.ts.Permutation.run,value_init_overwritten,212,1,1,DATA(t65) = VALUE i( ). ... t65 = t66 + t67.
src/abap/2_statements/combi.ts.Permutation.run,literal_scalar,214,1,1,DATA(t67) = CONV i( '1' ).
src/abap/2_statements/combi.ts.Permutation.run,temp_assign,215,1,1,t65 = t66 + t67. t7 = t65.
src/abap/2_statements/combi.ts.Permutation.run,temp_assign,218,0,1,DATA(t68) = CAST z_runtime_arra_c22708faf2e354( t2 ). result = t68.
src/abap/2_statements/combi.ts.Permutation.run,return_copy,218,0,1,DATA(t68) = CAST z_runtime_arra_c22708faf2e354( t2 ). result = t68.
src/abap/2_statements/combi.ts.Permutation.run,cast_temp,218,0,1,DATA(t68) = CAST z_runtime_arra_c22708faf2e354( t2 ).
src/abap/2_statements/combi.ts.Permutation.run_one,cast_temp,241,0,1,DATA(t1) = CAST z_src_abap_2_s_b6c5f651b292e5( z_param_x_af55868a593612 ).
src/abap/2_statements/combi.ts.Permutation.run_one,clear_before_write,243,0,1,CLEAR t2. ... t2 = me->z_member_run_71be1bca84374a( z_param_r_f634cd02b53efc = t3 ).
src/abap/2_statements/combi.ts.Permutation.run_one,clear_before_write,245,0,1,CLEAR t3. ... t3 = t8.
src/abap/2_statements/combi.ts.Permutation.run_one,clear_before_write,247,0,1,CLEAR t4. ... t4 = t5.
src/abap/2_statements/combi.ts.Permutation.run_one,clear_before_write,249,0,1,CLEAR t5. ... CREATE OBJECT t5.
src/abap/2_statements/combi.ts.Permutation.run_one,cast_temp,252,0,1,DATA(t6) = CAST z_runtime_arra_c22708faf2e354( t4 ).
src/abap/2_statements/combi.ts.Permutation.run_one,cast_temp,253,0,1,DATA(t7) = CAST z_src_abap_2_s_b6c5f651b292e5( t1 ).
src/abap/2_statements/combi.ts.Permutation.run_one,temp_assign,255,0,1,DATA(t8) = CAST z_runtime_arra_c22708faf2e354( t4 ). t3 = t8.
src/abap/2_statements/combi.ts.Permutation.run_one,cast_temp,255,0,1,DATA(t8) = CAST z_runtime_arra_c22708faf2e354( t4 ).
src/abap/2_statements/combi.ts.Permutation.run_one,temp_assign,257,0,1,t2 = me->z_member_run_71be1bca84374a( z_param_r_f634cd02b53efc = t3 ). result = t2.
src/abap/2_statements/combi.ts.Permutation.run_one,return_copy,257,0,1,t2 = me->z_member_run_71be1bca84374a( z_param_r_f634cd02b53efc = t3 ). result = t2.
src/abap/2_statements/combi.ts.Plus.run,cast_temp,63,0,1,DATA(t1) = CAST z_runtime_arra_c22708faf2e354( z_param_r_f634cd02b53efc ).
src/abap/2_statements/combi.ts.Plus.run,clear_before_write,65,0,1,CLEAR t2. ... t2 = t3->z_member_run_71be1bca84374a( z_param_r_f634cd02b53efc = t4 ).
src/abap/2_statements/combi.ts.Plus.run,cast_temp,66,0,1,DATA(t3) = CAST z_src_abap_2_s_b56eae38aa1841( me->z_member_sub_ad13e63a93850e ).
src/abap/2_statements/combi.ts.Plus.run,temp_argument,67,0,1,DATA(t4) = CAST z_runtime_arra_c22708faf2e354( t1 ). t2 = t3->z_member_run_71be1bca84374a( z_param_r_f634cd02b53efc = t4 ).
src/abap/2_statements/combi.ts.Plus.run,cast_temp,67,0,1,DATA(t4) = CAST z_runtime_arra_c22708faf2e354( t1 ).
src/abap/2_statements/combi.ts.Plus.run,temp_assign,68,0,1,t2 = t3->z_member_run_71be1bca84374a( z_param_r_f634cd02b53efc = t4 ). result = t2.
src/abap/2_statements/combi.ts.Plus.run,return_copy,68,0,1,t2 = t3->z_member_run_71be1bca84374a( z_param_r_f634cd02b53efc = t4 ). result = t2.
src/abap/2_statements/combi.ts.Plus.run_one,cast_temp,91,0,1,DATA(t1) = CAST z_src_abap_2_s_b6c5f651b292e5( z_param_x_af55868a593612 ).
src/abap/2_statements/combi.ts.Plus.run_one,clear_before_write,93,0,1,CLEAR t2. ... t2 = t10.
src/abap/2_statements/combi.ts.Plus.run_one,clear_before_write,95,0,1,CLEAR t3. ... t3 = t4.
src/abap/2_statements/combi.ts.Plus.run_one,clear_before_write,97,0,1,CLEAR t4. ... t4 = t9.
src/abap/2_statements/combi.ts.Plus.run_one,clear_before_write,99,0,1,CLEAR t5. ... t5 = t6.
src/abap/2_statements/combi.ts.Plus.run_one,clear_before_write,101,0,1,CLEAR t6. ... CREATE OBJECT t6.
src/abap/2_statements/combi.ts.Plus.run_one,cast_temp,104,0,1,DATA(t7) = CAST z_runtime_arra_c22708faf2e354( t5 ).
src/abap/2_statements/combi.ts.Plus.run_one,cast_temp,105,0,1,DATA(t8) = CAST z_src_abap_2_s_b6c5f651b292e5( t1 ).
src/abap/2_statements/combi.ts.Plus.run_one,temp_assign,107,0,1,DATA(t9) = CAST z_runtime_arra_c22708faf2e354( t5 ). t4 = t9.
src/abap/2_statements/combi.ts.Plus.run_one,cast_temp,107,0,1,DATA(t9) = CAST z_runtime_arra_c22708faf2e354( t5 ).
src/abap/2_statements/combi.ts.Plus.run_one,temp_assign,108,0,1,t4 = t9. t3 = t4.
src/abap/2_statements/combi.ts.Plus.run_one,clear_before_write,111,0,1,CLEAR t10. ... t10 = t11->z_member_run_71be1bca84374a( z_param_r_f634cd02b53efc = t12 ).
src/abap/2_statements/combi.ts.Plus.run_one,cast_temp,112,0,1,DATA(t11) = CAST z_src_abap_2_s_b56eae38aa1841( me->z_member_sub_ad13e63a93850e ).
src/abap/2_statements/combi.ts.Plus.run_one,temp_argument,113,0,1,DATA(t12) = CAST z_runtime_arra_c22708faf2e354( t3 ). t10 = t11->z_member_run_71be1bca84374a( z_param_r_f634cd02b53efc = t12 ).
src/abap/2_statements/combi.ts.Plus.run_one,cast_temp,113,0,1,DATA(t12) = CAST z_runtime_arra_c22708faf2e354( t3 ).
src/abap/2_statements/combi.ts.Plus.run_one,temp_assign,114,0,1,t10 = t11->z_member_run_71be1bca84374a( z_param_r_f634cd02b53efc = t12 ). t2 = t10.
src/abap/2_statements/combi.ts.Plus.run_one,temp_assign,115,0,1,t2 = t10. result = t2.
src/abap/2_statements/combi.ts.Plus.run_one,return_copy,115,0,1,t2 = t10. result = t2.
src/abap/2_statements/combi.ts.Regex.run,range_bound_assignment,41,0,1,range_int8_bound_min = -9007199.
src/abap/2_statements/combi.ts.Regex.run,range_bound_assignment,42,0,1,range_int8_bound_min = range_int8_bound_min * 1000000000.
src/abap/2_statements/combi.ts.Regex.run,range_bound_assignment,43,0,1,range_int8_bound_min = range_int8_bound_min - 254740991.
src/abap/2_statements/combi.ts.Regex.run,range_bound_assignment,44,0,1,range_int8_bound_max = 9007199.
src/abap/2_statements/combi.ts.Regex.run,range_bound_assignment,45,0,1,range_int8_bound_max = range_int8_bound_max * 1000000000.
src/abap/2_statements/combi.ts.Regex.run,range_bound_assignment,46,0,1,range_int8_bound_max = range_int8_bound_max + 254740991.
src/abap/2_statements/combi.ts.Regex.run,cast_temp,47,0,1,DATA(t1) = CAST z_runtime_arra_c22708faf2e354( z_param_r_f634cd02b53efc ).
src/abap/2_statements/combi.ts.Regex.run,clear_before_write,49,0,1,CLEAR t2. ... t2 = t3.
src/abap/2_statements/combi.ts.Regex.run,clear_before_write,51,0,1,CLEAR t3. ... CREATE OBJECT t3.
src/abap/2_statements/combi.ts.Regex.run,cast_temp,54,0,1,DATA(t4) = CAST z_runtime_arra_c22708faf2e354( t1 ).
src/abap/2_statements/combi.ts.Regex.run,clear_before_write,64,1,1,CLEAR t9. ... t9 = t10.
src/abap/2_statements/combi.ts.Regex.run,temp_assign,65,1,1,DATA(t10) = CAST z_src_abap_2_s_b6c5f651b292e5( t5 ). t9 = t10.
src/abap/2_statements/combi.ts.Regex.run,cast_temp,65,1,1,DATA(t10) = CAST z_src_abap_2_s_b6c5f651b292e5( t5 ).
src/abap/2_statements/combi.ts.Regex.run,value_init_overwritten,67,1,1,DATA(t11) = VALUE int8( ). ... t11 = t12 - t16.
src/abap/2_statements/combi.ts.Regex.run,value_init_overwritten,68,1,1,DATA(t12) = VALUE int8( ). ... t12 = t13.
src/abap/2_statements/combi.ts.Regex.run,value_init_overwritten,69,1,1,DATA(t13) = VALUE i( ). ... t13 = lines( t14->items ).
src/abap/2_statements/combi.ts.Regex.run,clear_before_write,71,1,1,CLEAR t14. ... t14 = t15->z_member_token_ed4bfabc8c4cec.
src/abap/2_statements/combi.ts.Regex.run,cast_temp,72,1,1,DATA(t15) = CAST z_src_abap_2_s_b6c5f651b292e5( t9 ).
src/abap/2_statements/combi.ts.Regex.run,temp_assign,74,1,1,t13 = lines( t14->items ). t12 = t13.
src/abap/2_statements/combi.ts.Regex.run,value_init_overwritten,76,1,1,DATA(t16) = VALUE int8( ). ... t16 = t17.
src/abap/2_statements/combi.ts.Regex.run,value_init_overwritten,77,1,1,DATA(t17) = VALUE i( ). ... t17 = t18->z_member_token_62f41b3bcb0bad.
src/abap/2_statements/combi.ts.Regex.run,cast_temp,78,1,1,DATA(t18) = CAST z_src_abap_2_s_b6c5f651b292e5( t9 ).
src/abap/2_statements/combi.ts.Regex.run,temp_assign,79,1,1,t17 = t18->z_member_token_62f41b3bcb0bad. t16 = t17.
src/abap/2_statements/combi.ts.Regex.run,temp_argument,86,1,1,DATA(t19) = CONV int8( 0 ). t7 = xsdbool( t8 = t19 ).
src/abap/2_statements/combi.ts.Regex.run,literal_scalar,86,1,1,DATA(t19) = CONV int8( 0 ).
src/abap/2_statements/combi.ts.Regex.run,bool_if,87,1,1,t7 = xsdbool( t8 = t19 ). IF t7 = abap_true.
src/abap/2_statements/combi.ts.Regex.run,clear_before_write,92,1,1,CLEAR t20. ... t20 = t21.
src/abap/2_statements/combi.ts.Regex.run,clear_before_write,94,1,1,CLEAR t21. ... t21 = t24.
src/abap/2_statements/combi.ts.Regex.run,clear_before_write,96,1,1,CLEAR t22. ... t22 = t23.
src/abap/2_statements/combi.ts.Regex.run,temp_assign,97,1,1,DATA(t23) = CAST z_src_abap_2_s_b6c5f651b292e5( t5 ). t22 = t23.
src/abap/2_statements/combi.ts.Regex.run,cast_temp,97,1,1,DATA(t23) = CAST z_src_abap_2_s_b6c5f651b292e5( t5 ).
src/abap/2_statements/combi.ts.Regex.run,clear_before_write,100,1,1,CLEAR t24. ... t24 ?= t29.
src/abap/2_statements/combi.ts.Regex.run,clear_before_write,102,1,1,CLEAR t25. ... t25 = t26->z_member_token_ed4bfabc8c4cec.
src/abap/2_statements/combi.ts.Regex.run,cast_temp,103,1,1,DATA(t26) = CAST z_src_abap_2_s_b6c5f651b292e5( t22 ).
src/abap/2_statements/combi.ts.Regex.run,value_init_overwritten,105,1,1,DATA(t27) = VALUE i( ). ... t27 = t28->z_member_token_62f41b3bcb0bad.
src/abap/2_statements/combi.ts.Regex.run,cast_temp,106,1,1,DATA(t28) = CAST z_src_abap_2_s_b6c5f651b292e5( t22 ).
src/abap/2_statements/combi.ts.Regex.run,table_read_copy,111,1,1,READ TABLE t25->items INDEX t27 INTO t29. t24 ?= t29.
src/abap/2_statements/combi.ts.Regex.run,cast_temp,112,1,1,t24 ?= t29. t21 = t24.
src/abap/2_statements/combi.ts.Regex.run,temp_assign,113,1,1,t21 = t24. t20 = t21.
src/abap/2_statements/combi.ts.Regex.run,value_init_overwritten,115,1,1,DATA(t30) = VALUE abap_bool( ). ... t30 = xsdbool( t31 = t38 ).
src/abap/2_statements/combi.ts.Regex.run,value_init_overwritten,116,1,1,DATA(t31) = VALUE abap_bool( ). ... t31 = t32->test( p0 = t33 ).
src/abap/2_statements/combi.ts.Regex.run,cast_temp,117,1,1,DATA(t32) = CAST z_runtime_rege_5a210f82384ebf( me->z_member_regex_5ebdfeea2030b9 ).
src/abap/2_statements/combi.ts.Regex.run,value_init_overwritten,118,1,1,DATA(t33) = VALUE string( ). ... t33 = t36.
src/abap/2_statements/combi.ts.Regex.run,clear_before_write,120,1,1,CLEAR t34. ... t34 = t35.
src/abap/2_statements/combi.ts.Regex.run,temp_assign,121,1,1,DATA(t35) = CAST z_src_abap_1_l_506101b34e5cc0( t20 ). t34 = t35.
src/abap/2_statements/combi.ts.Regex.run,cast_temp,121,1,1,DATA(t35) = CAST z_src_abap_1_l_506101b34e5cc0( t20 ).
src/abap/2_statements/combi.ts.Regex.run,value_init_overwritten,123,1,1,DATA(t36) = VALUE string( ). ... t36 = t37->z_member_str_36e44b82e4af28.
src/abap/2_statements/combi.ts.Regex.run,cast_temp,124,1,1,DATA(t37) = CAST z_src_abap_1_l_506101b34e5cc0( t34 ).
src/abap/2_statements/combi.ts.Regex.run,temp_assign,125,1,1,t36 = t37->z_member_str_36e44b82e4af28. t33 = t36.
src/abap/2_statements/combi.ts.Regex.run,temp_argument,128,1,1,DATA(t38) = CONV abap_bool( abap_true ). t30 = xsdbool( t31 = t38 ).
src/abap/2_statements/combi.ts.Regex.run,literal_scalar,128,1,1,DATA(t38) = CONV abap_bool( abap_true ).
src/abap/2_statements/combi.ts.Regex.run,bool_if,129,1,1,t30 = xsdbool( t31 = t38 ). IF t30 = abap_true.
src/abap/2_statements/combi.ts.Regex.run,cast_temp,131,1,1,DATA(t39) = CAST z_runtime_arra_c22708faf2e354( t2 ).
src/abap/2_statements/combi.ts.Regex.run,clear_before_write,135,1,1,CLEAR t41. ... t41 = t42.
src/abap/2_statements/combi.ts.Regex.run,temp_assign,136,1,1,DATA(t42) = CAST z_src_abap_2_s_b6c5f651b292e5( t5 ). t41 = t42.
src/abap/2_statements/combi.ts.Regex.run,cast_temp,136,1,1,DATA(t42) = CAST z_src_abap_2_s_b6c5f651b292e5( t5 ).
src/abap/2_statements/combi.ts.Regex.run,clear_before_write,139,1,1,CLEAR t43. ... t43 = t44.
src/abap/2_statements/combi.ts.Regex.run,clear_before_write,141,1,1,CLEAR t44. ... t44 = NEW z_src_abap_nod_bf2dba3016e34c( z_param_token_06f9e7a29ec34c = t45 ).
src/abap/2_statements/combi.ts.Regex.run,temp_argument,142,1,1,DATA(t45) = CAST z_src_abap_1_l_506101b34e5cc0( t20 ). t44 = NEW z_src_abap_nod_bf2dba3016e34c( z_param_token_06f9e7a29ec34c = t45 ).
src/abap/2_statements/combi.ts.Regex.run,cast_temp,142,1,1,DATA(t45) = CAST z_src_abap_1_l_506101b34e5cc0( t20 ).
src/abap/2_statements/combi.ts.Regex.run,temp_assign,143,1,1,t44 = NEW z_src_abap_nod_bf2dba3016e34c( z_param_token_06f9e7a29ec34c = t45 ). t43 = t44.
src/abap/2_statements/combi.ts.Regex.run,clear_before_write,148,1,1,CLEAR t47. ... t47 = t48->z_member_token_ed4bfabc8c4cec.
src/abap/2_statements/combi.ts.Regex.run,cast_temp,149,1,1,DATA(t48) = CAST z_src_abap_2_s_b6c5f651b292e5( t41 ).
src/abap/2_statements/combi.ts.Regex.run,value_init_overwritten,151,1,1,DATA(t49) = VALUE int8( ). ... t49 = t50 + t53.
src/abap/2_statements/combi.ts.Regex.run,value_init_overwritten,152,1,1,DATA(t50) = VALUE int8( ). ... t50 = t51.
src/abap/2_statements/combi.ts.Regex.run,value_init_overwritten,153,1,1,DATA(t51) = VALUE i( ). ... t51 = t52->z_member_token_62f41b3bcb0bad.
src/abap/2_statements/combi.ts.Regex.run,cast_temp,154,1,1,DATA(t52) = CAST z_src_abap_2_s_b6c5f651b292e5( t41 ).
src/abap/2_statements/combi.ts.Regex.run,temp_assign,155,1,1,t51 = t52->z_member_token_62f41b3bcb0bad. t50 = t51.
src/abap/2_statements/combi.ts.Regex.run,literal_scalar,157,1,1,DATA(t53) = CONV int8( 1 ).
src/abap/2_statements/combi.ts.Regex.run,literal_scalar,164,1,1,DATA(t55) = CONV abap_bool( abap_true ).
src/abap/2_statements/combi.ts.Regex.run,clear_before_write,167,1,1,CLEAR t56. ... t56 = NEW z_src_abap_2_s_c435ad477cf33f( z_param_node_1324e81b8c7326 = t57 z_param_previo_4981fbd290610f = t58 ).
src/abap/2_statements/combi.ts.Regex.run,cast_temp,168,1,1,DATA(t57) = CAST z_union_667199_4cf1d0543504ab( t43 ).
src/abap/2_statements/combi.ts.Regex.run,clear_before_write,170,1,1,CLEAR t58. ... t58 = t59->z_member_nodes_022617c0b510ec.
src/abap/2_statements/combi.ts.Regex.run,cast_temp,171,1,1,DATA(t59) = CAST z_src_abap_2_s_b6c5f651b292e5( t41 ).
src/abap/2_statements/combi.ts.Regex.run,temp_assign,173,1,1,t56 = NEW z_src_abap_2_s_c435ad477cf33f( z_param_node_1324e81b8c7326 = t57 z_param_previo_4981fbd290610f = t58 ). t54 = t56.
src/abap/2_statements/combi.ts.Regex.run,value_init_overwritten,180,1,1,DATA(t61) = VALUE int8( ). ... t61 = t62 + t64.
src/abap/2_statements/combi.ts.Regex.run,value_init_overwritten,181,1,1,DATA(t62) = VALUE int8( ). ... t62 = t63->z_member_nodec_32889faa6e522a.
src/abap/2_statements/combi.ts.Regex.run,cast_temp,182,1,1,DATA(t63) = CAST z_src_abap_2_s_b6c5f651b292e5( t41 ).
src/abap/2_statements/combi.ts.Regex.run,literal_scalar,184,1,1,DATA(t64) = CONV int8( 1 ).
src/abap/2_statements/combi.ts.Regex.run,temp_assign,189,1,1,t46 = z_src_abap_2_s_b6c5f651b292e5=>z_member_fromc_9d7b43515b1343( z_param_tokens_3a66ced5b5b26a = t47 z_param_tokeni_36bd2fa45d0f58 = t49 z_param_nodes_51988edc19892d = t54 z_param_nodeco_6f0a19763cdb2a = t61 ). t40 = t46.
src/abap/2_statements/combi.ts.Regex.run,temp_assign,194,0,1,DATA(t65) = CAST z_runtime_arra_c22708faf2e354( t2 ). result = t65.
src/abap/2_statements/combi.ts.Regex.run,return_copy,194,0,1,DATA(t65) = CAST z_runtime_arra_c22708faf2e354( t2 ). result = t65.
src/abap/2_statements/combi.ts.Regex.run,cast_temp,194,0,1,DATA(t65) = CAST z_runtime_arra_c22708faf2e354( t2 ).
src/abap/2_statements/combi.ts.Regex.run_one,cast_temp,217,0,1,DATA(t1) = CAST z_src_abap_2_s_b6c5f651b292e5( z_param_x_af55868a593612 ).
src/abap/2_statements/combi.ts.Regex.run_one,clear_before_write,219,0,1,CLEAR t2. ... t2 = me->z_member_run_71be1bca84374a( z_param_r_f634cd02b53efc = t3 ).
src/abap/2_statements/combi.ts.Regex.run_one,clear_before_write,221,0,1,CLEAR t3. ... t3 = t8.
src/abap/2_statements/combi.ts.Regex.run_one,clear_before_write,223,0,1,CLEAR t4. ... t4 = t5.
src/abap/2_statements/combi.ts.Regex.run_one,clear_before_write,225,0,1,CLEAR t5. ... CREATE OBJECT t5.
src/abap/2_statements/combi.ts.Regex.run_one,cast_temp,228,0,1,DATA(t6) = CAST z_runtime_arra_c22708faf2e354( t4 ).
src/abap/2_statements/combi.ts.Regex.run_one,cast_temp,229,0,1,DATA(t7) = CAST z_src_abap_2_s_b6c5f651b292e5( t1 ).
src/abap/2_statements/combi.ts.Regex.run_one,temp_assign,231,0,1,DATA(t8) = CAST z_runtime_arra_c22708faf2e354( t4 ). t3 = t8.
src/abap/2_statements/combi.ts.Regex.run_one,cast_temp,231,0,1,DATA(t8) = CAST z_runtime_arra_c22708faf2e354( t4 ).
src/abap/2_statements/combi.ts.Regex.run_one,temp_assign,233,0,1,t2 = me->z_member_run_71be1bca84374a( z_param_r_f634cd02b53efc = t3 ). result = t2.
src/abap/2_statements/combi.ts.Regex.run_one,return_copy,233,0,1,t2 = me->z_member_run_71be1bca84374a( z_param_r_f634cd02b53efc = t3 ). result = t2.
src/abap/2_statements/combi.ts.Sequence.run,cast_temp,69,0,1,DATA(t1) = CAST z_runtime_arra_c22708faf2e354( z_param_r_f634cd02b53efc ).
src/abap/2_statements/combi.ts.Sequence.run,clear_before_write,71,0,1,CLEAR t2. ... t2 = t3.
src/abap/2_statements/combi.ts.Sequence.run,clear_before_write,73,0,1,CLEAR t3. ... CREATE OBJECT t3.
src/abap/2_statements/combi.ts.Sequence.run,cast_temp,76,0,1,DATA(t4) = CAST z_runtime_arra_c22708faf2e354( t1 ).
src/abap/2_statements/combi.ts.Sequence.run,cast_temp,82,1,1,t5 ?= t6. DATA t7 TYPE REF TO z_runtime_arra_c22708faf2e354.
src/abap/2_statements/combi.ts.Sequence.run,clear_before_write,84,1,1,CLEAR t7. ... t7 = t8.
src/abap/2_statements/combi.ts.Sequence.run,clear_before_write,86,1,1,CLEAR t8. ... t8 = t13.
src/abap/2_statements/combi.ts.Sequence.run,clear_before_write,88,1,1,CLEAR t9. ... t9 = t10.
src/abap/2_statements/combi.ts.Sequence.run,clear_before_write,90,1,1,CLEAR t10. ... CREATE OBJECT t10.
src/abap/2_statements/combi.ts.Sequence.run,cast_temp,93,1,1,DATA(t11) = CAST z_runtime_arra_c22708faf2e354( t9 ).
src/abap/2_statements/combi.ts.Sequence.run,cast_temp,94,1,1,DATA(t12) = CAST z_src_abap_2_s_b6c5f651b292e5( t5 ).
src/abap/2_statements/combi.ts.Sequence.run,temp_assign,96,1,1,DATA(t13) = CAST z_runtime_arra_c22708faf2e354( t9 ). t8 = t13.
src/abap/2_statements/combi.ts.Sequence.run,cast_temp,96,1,1,DATA(t13) = CAST z_runtime_arra_c22708faf2e354( t9 ).
src/abap/2_statements/combi.ts.Sequence.run,temp_assign,97,1,1,t8 = t13. t7 = t8.
src/abap/2_statements/combi.ts.Sequence.run,value_init_overwritten,99,1,1,DATA(t14) = VALUE abap_bool( ). ... t14 = t15.
src/abap/2_statements/combi.ts.Sequence.run,temp_assign,100,1,1,DATA(t15) = CONV abap_bool( abap_true ). t14 = t15.
src/abap/2_statements/combi.ts.Sequence.run,literal_scalar,100,1,1,DATA(t15) = CONV abap_bool( abap_true ).
src/abap/2_statements/combi.ts.Sequence.run,cast_temp,102,1,1,DATA(t16) = CAST z_runtime_arra_c22708faf2e354( me->z_member_list_484fd43dd9f8d0 ).
src/abap/2_statements/combi.ts.Sequence.run,cast_temp,108,2,1,t17 ?= t18. DATA t19 TYPE REF TO z_runtime_arra_c22708faf2e354.
src/abap/2_statements/combi.ts.Sequence.run,clear_before_write,110,2,1,CLEAR t19. ... t19 = t20->z_member_run_71be1bca84374a( z_param_r_f634cd02b53efc = t21 ).
src/abap/2_statements/combi.ts.Sequence.run,cast_temp,111,2,1,DATA(t20) = CAST z_src_abap_2_s_e1e980746d06e1( t17 ).
src/abap/2_statements/combi.ts.Sequence.run,temp_argument,112,2,1,DATA(t21) = CAST z_runtime_arra_c22708faf2e354( t7 ). t19 = t20->z_member_run_71be1bca84374a( z_param_r_f634cd02b53efc = t21 ).
src/abap/2_statements/combi.ts.Sequence.run,cast_temp,112,2,1,DATA(t21) = CAST z_runtime_arra_c22708faf2e354( t7 ).
src/abap/2_statements/combi.ts.Sequence.run,temp_assign,113,2,1,t19 = t20->z_member_run_71be1bca84374a( z_param_r_f634cd02b53efc = t21 ). t7 = t19.
src/abap/2_statements/combi.ts.Sequence.run,value_init_overwritten,115,2,1,DATA(t22) = VALUE abap_bool( ). ... t22 = xsdbool( t23 = t25 ).
src/abap/2_statements/combi.ts.Sequence.run,value_init_overwritten,116,2,1,DATA(t23) = VALUE i( ). ... t23 = lines( t24->items ).
src/abap/2_statements/combi.ts.Sequence.run,temp_argument,117,2,1,DATA(t24) = CAST z_runtime_arra_c22708faf2e354( t7 ). t23 = lines( t24->items ).
src/abap/2_statements/combi.ts.Sequence.run,receiver_copy,117,2,1,DATA(t24) = CAST z_runtime_arra_c22708faf2e354( t7 ). t23 = lines( t24->items ).
src/abap/2_statements/combi.ts.Sequence.run,cast_temp,117,2,1,DATA(t24) = CAST z_runtime_arra_c22708faf2e354( t7 ).
src/abap/2_statements/combi.ts.Sequence.run,temp_argument,119,2,1,DATA(t25) = CONV i( '0' ). t22 = xsdbool( t23 = t25 ).
src/abap/2_statements/combi.ts.Sequence.run,literal_scalar,119,2,1,DATA(t25) = CONV i( '0' ).
src/abap/2_statements/combi.ts.Sequence.run,bool_if,120,2,1,t22 = xsdbool( t23 = t25 ). IF t22 = abap_true.
src/abap/2_statements/combi.ts.Sequence.run,temp_assign,122,2,1,DATA(t26) = CONV abap_bool( abap_false ). t14 = t26.
src/abap/2_statements/combi.ts.Sequence.run,literal_scalar,122,2,1,DATA(t26) = CONV abap_bool( abap_false ).
src/abap/2_statements/combi.ts.Sequence.run,value_init_overwritten,127,1,1,DATA(t27) = VALUE abap_bool( ). ... t27 = xsdbool( t28 = t29 ).
src/abap/2_statements/combi.ts.Sequence.run,temp_argument,129,1,1,DATA(t29) = CONV abap_bool( abap_true ). t27 = xsdbool( t28 = t29 ).
src/abap/2_statements/combi.ts.Sequence.run,literal_scalar,129,1,1,DATA(t29) = CONV abap_bool( abap_true ).
src/abap/2_statements/combi.ts.Sequence.run,bool_if,130,1,1,t27 = xsdbool( t28 = t29 ). IF t27 = abap_true.
src/abap/2_statements/combi.ts.Sequence.run,value_init_overwritten,132,1,1,DATA(t30) = VALUE abap_bool( ). ... t30 = xsdbool( t31 > t33 ).
src/abap/2_statements/combi.ts.Sequence.run,value_init_overwritten,133,1,1,DATA(t31) = VALUE i( ). ... t31 = lines( t32->items ).
src/abap/2_statements/combi.ts.Sequence.run,temp_argument,134,1,1,DATA(t32) = CAST z_runtime_arra_c22708faf2e354( t7 ). t31 = lines( t32->items ).
src/abap/2_statements/combi.ts.Sequence.run,receiver_copy,134,1,1,DATA(t32) = CAST z_runtime_arra_c22708faf2e354( t7 ). t31 = lines( t32->items ).
src/abap/2_statements/combi.ts.Sequence.run,cast_temp,134,1,1,DATA(t32) = CAST z_runtime_arra_c22708faf2e354( t7 ).
src/abap/2_statements/combi.ts.Sequence.run,temp_argument,136,1,1,DATA(t33) = CONV i( '1000' ). t30 = xsdbool( t31 > t33 ).
src/abap/2_statements/combi.ts.Sequence.run,literal_scalar,136,1,1,DATA(t33) = CONV i( '1000' ).
src/abap/2_statements/combi.ts.Sequence.run,bool_if,137,1,1,t30 = xsdbool( t31 > t33 ). IF t30 = abap_true.
src/abap/2_statements/combi.ts.Sequence.run,clear_before_write,140,1,1,CLEAR t34. ... t34 = t35->concat( p0 = t36 ).
src/abap/2_statements/combi.ts.Sequence.run,cast_temp,141,1,1,DATA(t35) = CAST z_runtime_arra_c22708faf2e354( t2 ).
src/abap/2_statements/combi.ts.Sequence.run,temp_argument,142,1,1,DATA(t36) = CAST z_runtime_arra_c22708faf2e354( t7 ). t34 = t35->concat( p0 = t36 ).
src/abap/2_statements/combi.ts.Sequence.run,cast_temp,142,1,1,DATA(t36) = CAST z_runtime_arra_c22708faf2e354( t7 ).
src/abap/2_statements/combi.ts.Sequence.run,temp_assign,143,1,1,t34 = t35->concat( p0 = t36 ). t2 = t34.
src/abap/2_statements/combi.ts.Sequence.run,value_init_overwritten,146,1,1,DATA(t37) = VALUE abap_bool( ). ... t37 = xsdbool( t38 = t40 ).
src/abap/2_statements/combi.ts.Sequence.run,value_init_overwritten,147,1,1,DATA(t38) = VALUE i( ). ... t38 = lines( t39->items ).
src/abap/2_statements/combi.ts.Sequence.run,temp_argument,148,1,1,DATA(t39) = CAST z_runtime_arra_c22708faf2e354( t7 ). t38 = lines( t39->items ).
src/abap/2_statements/combi.ts.Sequence.run,receiver_copy,148,1,1,DATA(t39) = CAST z_runtime_arra_c22708faf2e354( t7 ). t38 = lines( t39->items ).
src/abap/2_statements/combi.ts.Sequence.run,cast_temp,148,1,1,DATA(t39) = CAST z_runtime_arra_c22708faf2e354( t7 ).
src/abap/2_statements/combi.ts.Sequence.run,temp_argument,150,1,1,DATA(t40) = CONV i( '1' ). t37 = xsdbool( t38 = t40 ).
src/abap/2_statements/combi.ts.Sequence.run,literal_scalar,150,1,1,DATA(t40) = CONV i( '1' ).
src/abap/2_statements/combi.ts.Sequence.run,bool_if,151,1,1,t37 = xsdbool( t38 = t40 ). IF t37 = abap_true.
src/abap/2_statements/combi.ts.Sequence.run,cast_temp,153,1,1,DATA(t41) = CAST z_runtime_arra_c22708faf2e354( t2 ).
src/abap/2_statements/combi.ts.Sequence.run,clear_before_write,155,1,1,CLEAR t42. ... t42 ?= t44.
src/abap/2_statements/combi.ts.Sequence.run,cast_temp,156,1,1,DATA(t43) = CAST z_runtime_arra_c22708faf2e354( t7 ).
src/abap/2_statements/combi.ts.Sequence.run,table_read_copy,159,1,1,READ TABLE t43->items INDEX 1 INTO t44. t42 ?= t44.
src/abap/2_statements/combi.ts.Sequence.run,cast_temp,160,1,1,t42 ?= t44. APPEND t42 TO t41->items.
src/abap/2_statements/combi.ts.Sequence.run,cast_temp,164,1,1,DATA(t46) = CAST z_runtime_arra_c22708faf2e354( t7 ).
src/abap/2_statements/combi.ts.Sequence.run,cast_temp,170,2,1,t47 ?= t48. DATA(t49) = CAST z_runtime_arra_c22708faf2e354( t2 ).
src/abap/2_statements/combi.ts.Sequence.run,cast_temp,171,2,1,DATA(t49) = CAST z_runtime_arra_c22708faf2e354( t2 ).
src/abap/2_statements/combi.ts.Sequence.run,cast_temp,172,2,1,DATA(t50) = CAST z_src_abap_2_s_b6c5f651b292e5( t47 ).
src/abap/2_statements/combi.ts.Sequence.run,value_init_overwritten,175,1,1,DATA(t51) = VALUE i( ). ... t51 = lines( t52->items ).
src/abap/2_statements/combi.ts.Sequence.run,temp_argument,176,1,1,DATA(t52) = CAST z_runtime_arra_c22708faf2e354( t2 ). t51 = lines( t52->items ).
src/abap/2_statements/combi.ts.Sequence.run,receiver_copy,176,1,1,DATA(t52) = CAST z_runtime_arra_c22708faf2e354( t2 ). t51 = lines( t52->items ).
src/abap/2_statements/combi.ts.Sequence.run,cast_temp,176,1,1,DATA(t52) = CAST z_runtime_arra_c22708faf2e354( t2 ).
src/abap/2_statements/combi.ts.Sequence.run,temp_assign,177,1,1,t51 = lines( t52->items ). t45 = t51.
src/abap/2_statements/combi.ts.Sequence.run,temp_assign,183,0,1,DATA(t53) = CAST z_runtime_arra_c22708faf2e354( t2 ). result = t53.
src/abap/2_statements/combi.ts.Sequence.run,return_copy,183,0,1,DATA(t53) = CAST z_runtime_arra_c22708faf2e354( t2 ). result = t53.
src/abap/2_statements/combi.ts.Sequence.run,cast_temp,183,0,1,DATA(t53) = CAST z_runtime_arra_c22708faf2e354( t2 ).
src/abap/2_statements/combi.ts.Sequence.run_one,cast_temp,214,0,1,DATA(t1) = CAST z_src_abap_2_s_b6c5f651b292e5( z_param_x_af55868a593612 ).
src/abap/2_statements/combi.ts.Sequence.run_one,clear_before_write,216,0,1,CLEAR t2. ... t2 = t3.
src/abap/2_statements/combi.ts.Sequence.run_one,clear_before_write,218,0,1,CLEAR t3. ... CREATE OBJECT t3.
src/abap/2_statements/combi.ts.Sequence.run_one,clear_before_write,222,0,1,CLEAR t4. ... t4 = t5.
src/abap/2_statements/combi.ts.Sequence.run_one,temp_assign,223,0,1,DATA(t5) = CAST z_src_abap_2_s_b6c5f651b292e5( t1 ). t4 = t5.
src/abap/2_statements/combi.ts.Sequence.run_one,cast_temp,223,0,1,DATA(t5) = CAST z_src_abap_2_s_b6c5f651b292e5( t1 ).
src/abap/2_statements/combi.ts.Sequence.run_one,clear_before_write,226,0,1,CLEAR t6. ... t6 = t7.
src/abap/2_statements/combi.ts.Sequence.run_one,clear_before_write,228,0,1,CLEAR t7. ... t7 = t12.
src/abap/2_statements/combi.ts.Sequence.run_one,clear_before_write,230,0,1,CLEAR t8. ... t8 = t9.
src/abap/2_statements/combi.ts.Sequence.run_one,clear_before_write,232,0,1,CLEAR t9. ... CREATE OBJECT t9.
src/abap/2_statements/combi.ts.Sequence.run_one,cast_temp,235,0,1,DATA(t10) = CAST z_runtime_arra_c22708faf2e354( t8 ).
src/abap/2_statements/combi.ts.Sequence.run_one,cast_temp,236,0,1,DATA(t11) = CAST z_src_abap_2_s_b6c5f651b292e5( t4 ).
src/abap/2_statements/combi.ts.Sequence.run_one,temp_assign,238,0,1,DATA(t12) = CAST z_runtime_arra_c22708faf2e354( t8 ). t7 = t12.
src/abap/2_statements/combi.ts.Sequence.run_one,cast_temp,238,0,1,DATA(t12) = CAST z_runtime_arra_c22708faf2e354( t8 ).
src/abap/2_statements/combi.ts.Sequence.run_one,temp_assign,239,0,1,t7 = t12. t6 = t7.
src/abap/2_statements/combi.ts.Sequence.run_one,value_init_overwritten,241,0,1,DATA(t13) = VALUE abap_bool( ). ... t13 = t14.
src/abap/2_statements/combi.ts.Sequence.run_one,temp_assign,242,0,1,DATA(t14) = CONV abap_bool( abap_true ). t13 = t14.
src/abap/2_statements/combi.ts.Sequence.run_one,literal_scalar,242,0,1,DATA(t14) = CONV abap_bool( abap_true ).
src/abap/2_statements/combi.ts.Sequence.run_one,cast_temp,244,0,1,DATA(t15) = CAST z_runtime_arra_c22708faf2e354( me->z_member_list_484fd43dd9f8d0 ).
src/abap/2_statements/combi.ts.Sequence.run_one,cast_temp,250,1,1,t16 ?= t17. DATA t18 TYPE REF TO z_runtime_arra_c22708faf2e354.
src/abap/2_statements/combi.ts.Sequence.run_one,clear_before_write,252,1,1,CLEAR t18. ... t18 = t19->z_member_run_71be1bca84374a( z_param_r_f634cd02b53efc = t20 ).
src/abap/2_statements/combi.ts.Sequence.run_one,cast_temp,253,1,1,DATA(t19) = CAST z_src_abap_2_s_e1e980746d06e1( t16 ).
src/abap/2_statements/combi.ts.Sequence.run_one,temp_argument,254,1,1,DATA(t20) = CAST z_runtime_arra_c22708faf2e354( t6 ). t18 = t19->z_member_run_71be1bca84374a( z_param_r_f634cd02b53efc = t20 ).
src/abap/2_statements/combi.ts.Sequence.run_one,cast_temp,254,1,1,DATA(t20) = CAST z_runtime_arra_c22708faf2e354( t6 ).
src/abap/2_statements/combi.ts.Sequence.run_one,temp_assign,255,1,1,t18 = t19->z_member_run_71be1bca84374a( z_param_r_f634cd02b53efc = t20 ). t6 = t18.
src/abap/2_statements/combi.ts.Sequence.run_one,value_init_overwritten,257,1,1,DATA(t21) = VALUE abap_bool( ). ... t21 = xsdbool( t22 = t24 ).
src/abap/2_statements/combi.ts.Sequence.run_one,value_init_overwritten,258,1,1,DATA(t22) = VALUE i( ). ... t22 = lines( t23->items ).
src/abap/2_statements/combi.ts.Sequence.run_one,temp_argument,259,1,1,DATA(t23) = CAST z_runtime_arra_c22708faf2e354( t6 ). t22 = lines( t23->items ).
src/abap/2_statements/combi.ts.Sequence.run_one,receiver_copy,259,1,1,DATA(t23) = CAST z_runtime_arra_c22708faf2e354( t6 ). t22 = lines( t23->items ).
src/abap/2_statements/combi.ts.Sequence.run_one,cast_temp,259,1,1,DATA(t23) = CAST z_runtime_arra_c22708faf2e354( t6 ).
src/abap/2_statements/combi.ts.Sequence.run_one,temp_argument,261,1,1,DATA(t24) = CONV i( '0' ). t21 = xsdbool( t22 = t24 ).
src/abap/2_statements/combi.ts.Sequence.run_one,literal_scalar,261,1,1,DATA(t24) = CONV i( '0' ).
src/abap/2_statements/combi.ts.Sequence.run_one,bool_if,262,1,1,t21 = xsdbool( t22 = t24 ). IF t21 = abap_true.
src/abap/2_statements/combi.ts.Sequence.run_one,temp_assign,264,1,1,DATA(t25) = CONV abap_bool( abap_false ). t13 = t25.
src/abap/2_statements/combi.ts.Sequence.run_one,literal_scalar,264,1,1,DATA(t25) = CONV abap_bool( abap_false ).
src/abap/2_statements/combi.ts.Sequence.run_one,value_init_overwritten,269,0,1,DATA(t26) = VALUE abap_bool( ). ... t26 = xsdbool( t27 = t28 ).
src/abap/2_statements/combi.ts.Sequence.run_one,temp_argument,271,0,1,DATA(t28) = CONV abap_bool( abap_true ). t26 = xsdbool( t27 = t28 ).
src/abap/2_statements/combi.ts.Sequence.run_one,literal_scalar,271,0,1,DATA(t28) = CONV abap_bool( abap_true ).
src/abap/2_statements/combi.ts.Sequence.run_one,bool_if,272,0,1,t26 = xsdbool( t27 = t28 ). IF t26 = abap_true.
src/abap/2_statements/combi.ts.Sequence.run_one,value_init_overwritten,274,0,1,DATA(t29) = VALUE abap_bool( ). ... t29 = xsdbool( t30 > t32 ).
src/abap/2_statements/combi.ts.Sequence.run_one,value_init_overwritten,275,0,1,DATA(t30) = VALUE i( ). ... t30 = lines( t31->items ).
src/abap/2_statements/combi.ts.Sequence.run_one,temp_argument,276,0,1,DATA(t31) = CAST z_runtime_arra_c22708faf2e354( t6 ). t30 = lines( t31->items ).
src/abap/2_statements/combi.ts.Sequence.run_one,receiver_copy,276,0,1,DATA(t31) = CAST z_runtime_arra_c22708faf2e354( t6 ). t30 = lines( t31->items ).
src/abap/2_statements/combi.ts.Sequence.run_one,cast_temp,276,0,1,DATA(t31) = CAST z_runtime_arra_c22708faf2e354( t6 ).
src/abap/2_statements/combi.ts.Sequence.run_one,temp_argument,278,0,1,DATA(t32) = CONV i( '1000' ). t29 = xsdbool( t30 > t32 ).
src/abap/2_statements/combi.ts.Sequence.run_one,literal_scalar,278,0,1,DATA(t32) = CONV i( '1000' ).
src/abap/2_statements/combi.ts.Sequence.run_one,bool_if,279,0,1,t29 = xsdbool( t30 > t32 ). IF t29 = abap_true.
src/abap/2_statements/combi.ts.Sequence.run_one,clear_before_write,282,0,1,CLEAR t33. ... t33 = t34->concat( p0 = t35 ).
src/abap/2_statements/combi.ts.Sequence.run_one,cast_temp,283,0,1,DATA(t34) = CAST z_runtime_arra_c22708faf2e354( t2 ).
src/abap/2_statements/combi.ts.Sequence.run_one,temp_argument,284,0,1,DATA(t35) = CAST z_runtime_arra_c22708faf2e354( t6 ). t33 = t34->concat( p0 = t35 ).
src/abap/2_statements/combi.ts.Sequence.run_one,cast_temp,284,0,1,DATA(t35) = CAST z_runtime_arra_c22708faf2e354( t6 ).
src/abap/2_statements/combi.ts.Sequence.run_one,temp_assign,285,0,1,t33 = t34->concat( p0 = t35 ). t2 = t33.
src/abap/2_statements/combi.ts.Sequence.run_one,value_init_overwritten,288,0,1,DATA(t36) = VALUE abap_bool( ). ... t36 = xsdbool( t37 = t39 ).
src/abap/2_statements/combi.ts.Sequence.run_one,value_init_overwritten,289,0,1,DATA(t37) = VALUE i( ). ... t37 = lines( t38->items ).
src/abap/2_statements/combi.ts.Sequence.run_one,temp_argument,290,0,1,DATA(t38) = CAST z_runtime_arra_c22708faf2e354( t6 ). t37 = lines( t38->items ).
src/abap/2_statements/combi.ts.Sequence.run_one,receiver_copy,290,0,1,DATA(t38) = CAST z_runtime_arra_c22708faf2e354( t6 ). t37 = lines( t38->items ).
src/abap/2_statements/combi.ts.Sequence.run_one,cast_temp,290,0,1,DATA(t38) = CAST z_runtime_arra_c22708faf2e354( t6 ).
src/abap/2_statements/combi.ts.Sequence.run_one,temp_argument,292,0,1,DATA(t39) = CONV i( '1' ). t36 = xsdbool( t37 = t39 ).
src/abap/2_statements/combi.ts.Sequence.run_one,literal_scalar,292,0,1,DATA(t39) = CONV i( '1' ).
src/abap/2_statements/combi.ts.Sequence.run_one,bool_if,293,0,1,t36 = xsdbool( t37 = t39 ). IF t36 = abap_true.
src/abap/2_statements/combi.ts.Sequence.run_one,cast_temp,295,0,1,DATA(t40) = CAST z_runtime_arra_c22708faf2e354( t2 ).
src/abap/2_statements/combi.ts.Sequence.run_one,clear_before_write,297,0,1,CLEAR t41. ... t41 ?= t43.
src/abap/2_statements/combi.ts.Sequence.run_one,cast_temp,298,0,1,DATA(t42) = CAST z_runtime_arra_c22708faf2e354( t6 ).
src/abap/2_statements/combi.ts.Sequence.run_one,table_read_copy,301,0,1,READ TABLE t42->items INDEX 1 INTO t43. t41 ?= t43.
src/abap/2_statements/combi.ts.Sequence.run_one,cast_temp,302,0,1,t41 ?= t43. APPEND t41 TO t40->items.
src/abap/2_statements/combi.ts.Sequence.run_one,cast_temp,306,0,1,DATA(t45) = CAST z_runtime_arra_c22708faf2e354( t6 ).
src/abap/2_statements/combi.ts.Sequence.run_one,cast_temp,312,1,1,t46 ?= t47. DATA(t48) = CAST z_runtime_arra_c22708faf2e354( t2 ).
src/abap/2_statements/combi.ts.Sequence.run_one,cast_temp,313,1,1,DATA(t48) = CAST z_runtime_arra_c22708faf2e354( t2 ).
src/abap/2_statements/combi.ts.Sequence.run_one,cast_temp,314,1,1,DATA(t49) = CAST z_src_abap_2_s_b6c5f651b292e5( t46 ).
src/abap/2_statements/combi.ts.Sequence.run_one,value_init_overwritten,317,0,1,DATA(t50) = VALUE i( ). ... t50 = lines( t51->items ).
src/abap/2_statements/combi.ts.Sequence.run_one,temp_argument,318,0,1,DATA(t51) = CAST z_runtime_arra_c22708faf2e354( t2 ). t50 = lines( t51->items ).
src/abap/2_statements/combi.ts.Sequence.run_one,receiver_copy,318,0,1,DATA(t51) = CAST z_runtime_arra_c22708faf2e354( t2 ). t50 = lines( t51->items ).
src/abap/2_statements/combi.ts.Sequence.run_one,cast_temp,318,0,1,DATA(t51) = CAST z_runtime_arra_c22708faf2e354( t2 ).
src/abap/2_statements/combi.ts.Sequence.run_one,temp_assign,319,0,1,t50 = lines( t51->items ). t44 = t50.
src/abap/2_statements/combi.ts.Sequence.run_one,temp_assign,324,0,1,DATA(t52) = CAST z_runtime_arra_c22708faf2e354( t2 ). result = t52.
src/abap/2_statements/combi.ts.Sequence.run_one,return_copy,324,0,1,DATA(t52) = CAST z_runtime_arra_c22708faf2e354( t2 ). result = t52.
src/abap/2_statements/combi.ts.Sequence.run_one,cast_temp,324,0,1,DATA(t52) = CAST z_runtime_arra_c22708faf2e354( t2 ).
src/abap/2_statements/combi.ts.Star.run,clear_before_write,41,0,1,CLEAR t2. ... t2 = t3.
src/abap/2_statements/combi.ts.Star.run,temp_assign,42,0,1,DATA(t3) = CAST z_runtime_arra_c22708faf2e354( t1 ). t2 = t3.
src/abap/2_statements/combi.ts.Star.run,cast_temp,42,0,1,DATA(t3) = CAST z_runtime_arra_c22708faf2e354( t1 ).
src/abap/2_statements/combi.ts.Star.run,clear_before_write,48,0,1,CLEAR t5. ... t5 = t6.
src/abap/2_statements/combi.ts.Star.run,temp_assign,49,0,1,DATA(t6) = CAST z_runtime_arra_c22708faf2e354( t1 ). t5 = t6.
src/abap/2_statements/combi.ts.Star.run,cast_temp,49,0,1,DATA(t6) = CAST z_runtime_arra_c22708faf2e354( t1 ).
src/abap/2_statements/combi.ts.Star.run,clear_before_write,52,0,1,CLEAR t7. ... t7 = t8.
src/abap/2_statements/combi.ts.Star.run,clear_before_write,54,0,1,CLEAR t8. ... CREATE OBJECT t8.
src/abap/2_statements/combi.ts.Star.run,literal_scalar,58,1,1,DATA(t9) = CONV abap_bool( abap_true ).
src/abap/2_statements/combi.ts.Star.run,temp_assign,62,1,1,DATA(t10) = CAST z_runtime_arra_c22708faf2e354( t5 ). t7 = t10.
src/abap/2_statements/combi.ts.Star.run,cast_temp,62,1,1,DATA(t10) = CAST z_runtime_arra_c22708faf2e354( t5 ).
src/abap/2_statements/combi.ts.Star.run,clear_before_write,65,1,1,CLEAR t11. ... t11 = t12->z_member_run_71be1bca84374a( z_param_r_f634cd02b53efc = t13 ).
src/abap/2_statements/combi.ts.Star.run,cast_temp,66,1,1,DATA(t12) = CAST z_src_abap_2_s_e1e980746d06e1( me->z_member_sta_0337f3d50eb89c ).
src/abap/2_statements/combi.ts.Star.run,temp_argument,67,1,1,DATA(t13) = CAST z_runtime_arra_c22708faf2e354( t7 ). t11 = t12->z_member_run_71be1bca84374a( z_param_r_f634cd02b53efc = t13 ).
src/abap/2_statements/combi.ts.Star.run,cast_temp,67,1,1,DATA(t13) = CAST z_runtime_arra_c22708faf2e354( t7 ).
src/abap/2_statements/combi.ts.Star.run,temp_assign,68,1,1,t11 = t12->z_member_run_71be1bca84374a( z_param_r_f634cd02b53efc = t13 ). t5 = t11.
src/abap/2_statements/combi.ts.Star.run,value_init_overwritten,70,1,1,DATA(t14) = VALUE abap_bool( ). ... t14 = xsdbool( t15 = t17 ).
src/abap/2_statements/combi.ts.Star.run,value_init_overwritten,71,1,1,DATA(t15) = VALUE i( ). ... t15 = lines( t16->items ).
src/abap/2_statements/combi.ts.Star.run,temp_argument,72,1,1,DATA(t16) = CAST z_runtime_arra_c22708faf2e354( t5 ). t15 = lines( t16->items ).
src/abap/2_statements/combi.ts.Star.run,receiver_copy,72,1,1,DATA(t16) = CAST z_runtime_arra_c22708faf2e354( t5 ). t15 = lines( t16->items ).
src/abap/2_statements/combi.ts.Star.run,cast_temp,72,1,1,DATA(t16) = CAST z_runtime_arra_c22708faf2e354( t5 ).
src/abap/2_statements/combi.ts.Star.run,temp_argument,74,1,1,DATA(t17) = CONV i( '0' ). t14 = xsdbool( t15 = t17 ).
src/abap/2_statements/combi.ts.Star.run,literal_scalar,74,1,1,DATA(t17) = CONV i( '0' ).
src/abap/2_statements/combi.ts.Star.run,bool_if,75,1,1,t14 = xsdbool( t15 = t17 ). IF t14 = abap_true.
src/abap/2_statements/combi.ts.Star.run,value_init_overwritten,79,1,1,DATA(t18) = VALUE abap_bool( ). ... t18 = xsdbool( t19 > t21 ).
src/abap/2_statements/combi.ts.Star.run,value_init_overwritten,80,1,1,DATA(t19) = VALUE i( ). ... t19 = lines( t20->items ).
src/abap/2_statements/combi.ts.Star.run,temp_argument,81,1,1,DATA(t20) = CAST z_runtime_arra_c22708faf2e354( t5 ). t19 = lines( t20->items ).
src/abap/2_statements/combi.ts.Star.run,receiver_copy,81,1,1,DATA(t20) = CAST z_runtime_arra_c22708faf2e354( t5 ). t19 = lines( t20->items ).
src/abap/2_statements/combi.ts.Star.run,cast_temp,81,1,1,DATA(t20) = CAST z_runtime_arra_c22708faf2e354( t5 ).
src/abap/2_statements/combi.ts.Star.run,temp_argument,83,1,1,DATA(t21) = CONV i( '1000' ). t18 = xsdbool( t19 > t21 ).
src/abap/2_statements/combi.ts.Star.run,literal_scalar,83,1,1,DATA(t21) = CONV i( '1000' ).
src/abap/2_statements/combi.ts.Star.run,bool_if,84,1,1,t18 = xsdbool( t19 > t21 ). IF t18 = abap_true.
src/abap/2_statements/combi.ts.Star.run,clear_before_write,87,1,1,CLEAR t22. ... t22 = t23->concat( p0 = t24 ).
src/abap/2_statements/combi.ts.Star.run,cast_temp,88,1,1,DATA(t23) = CAST z_runtime_arra_c22708faf2e354( t2 ).
src/abap/2_statements/combi.ts.Star.run,temp_argument,89,1,1,DATA(t24) = CAST z_runtime_arra_c22708faf2e354( t5 ). t22 = t23->concat( p0 = t24 ).
src/abap/2_statements/combi.ts.Star.run,cast_temp,89,1,1,DATA(t24) = CAST z_runtime_arra_c22708faf2e354( t5 ).
src/abap/2_statements/combi.ts.Star.run,temp_assign,90,1,1,t22 = t23->concat( p0 = t24 ). t2 = t22.
src/abap/2_statements/combi.ts.Star.run,value_init_overwritten,93,1,1,DATA(t25) = VALUE abap_bool( ). ... t25 = xsdbool( t26 = t28 ).
src/abap/2_statements/combi.ts.Star.run,value_init_overwritten,94,1,1,DATA(t26) = VALUE i( ). ... t26 = lines( t27->items ).
src/abap/2_statements/combi.ts.Star.run,temp_argument,95,1,1,DATA(t27) = CAST z_runtime_arra_c22708faf2e354( t5 ). t26 = lines( t27->items ).
src/abap/2_statements/combi.ts.Star.run,receiver_copy,95,1,1,DATA(t27) = CAST z_runtime_arra_c22708faf2e354( t5 ). t26 = lines( t27->items ).
src/abap/2_statements/combi.ts.Star.run,cast_temp,95,1,1,DATA(t27) = CAST z_runtime_arra_c22708faf2e354( t5 ).
src/abap/2_statements/combi.ts.Star.run,temp_argument,97,1,1,DATA(t28) = CONV i( '1' ). t25 = xsdbool( t26 = t28 ).
src/abap/2_statements/combi.ts.Star.run,literal_scalar,97,1,1,DATA(t28) = CONV i( '1' ).
src/abap/2_statements/combi.ts.Star.run,bool_if,98,1,1,t25 = xsdbool( t26 = t28 ). IF t25 = abap_true.
src/abap/2_statements/combi.ts.Star.run,cast_temp,100,1,1,DATA(t29) = CAST z_runtime_arra_c22708faf2e354( t2 ).
src/abap/2_statements/combi.ts.Star.run,clear_before_write,102,1,1,CLEAR t30. ... t30 ?= t32.
src/abap/2_statements/combi.ts.Star.run,cast_temp,103,1,1,DATA(t31) = CAST z_runtime_arra_c22708faf2e354( t5 ).
src/abap/2_statements/combi.ts.Star.run,table_read_copy,106,1,1,READ TABLE t31->items INDEX 1 INTO t32. t30 ?= t32.
src/abap/2_statements/combi.ts.Star.run,cast_temp,107,1,1,t30 ?= t32. APPEND t30 TO t29->items.
src/abap/2_statements/combi.ts.Star.run,cast_temp,111,1,1,DATA(t34) = CAST z_runtime_arra_c22708faf2e354( t5 ).
src/abap/2_statements/combi.ts.Star.run,cast_temp,117,2,1,t35 ?= t36. DATA(t37) = CAST z_runtime_arra_c22708faf2e354( t2 ).
src/abap/2_statements/combi.ts.Star.run,cast_temp,118,2,1,DATA(t37) = CAST z_runtime_arra_c22708faf2e354( t2 ).
src/abap/2_statements/combi.ts.Star.run,cast_temp,119,2,1,DATA(t38) = CAST z_src_abap_2_s_b6c5f651b292e5( t35 ).
src/abap/2_statements/combi.ts.Star.run,value_init_overwritten,122,1,1,DATA(t39) = VALUE i( ). ... t39 = lines( t40->items ).
src/abap/2_statements/combi.ts.Star.run,temp_argument,123,1,1,DATA(t40) = CAST z_runtime_arra_c22708faf2e354( t2 ). t39 = lines( t40->items ).
src/abap/2_statements/combi.ts.Star.run,receiver_copy,123,1,1,DATA(t40) = CAST z_runtime_arra_c22708faf2e354( t2 ). t39 = lines( t40->items ).
src/abap/2_statements/combi.ts.Star.run,cast_temp,123,1,1,DATA(t40) = CAST z_runtime_arra_c22708faf2e354( t2 ).
src/abap/2_statements/combi.ts.Star.run,temp_assign,124,1,1,t39 = lines( t40->items ). t33 = t39.
src/abap/2_statements/combi.ts.Star.run,value_init_overwritten,131,0,1,DATA(t42) = VALUE abap_bool( ). ... t42 = xsdbool( t43 IS BOUND AND t43 IS INSTANCE OF z_src_abap_2_s_d3562c97fc1358 ).
src/abap/2_statements/combi.ts.Star.run,bool_if,133,0,1,t42 = xsdbool( t43 IS BOUND AND t43 IS INSTANCE OF z_src_abap_2_s_d3562c97fc1358 ). IF t42 = abap_true.
src/abap/2_statements/combi.ts.Star.run,temp_assign,135,0,1,DATA(t44) = CAST z_runtime_arra_c22708faf2e354( t2 ). result = t44.
src/abap/2_statements/combi.ts.Star.run,return_copy,135,0,1,DATA(t44) = CAST z_runtime_arra_c22708faf2e354( t2 ). result = t44.
src/abap/2_statements/combi.ts.Star.run,cast_temp,135,0,1,DATA(t44) = CAST z_runtime_arra_c22708faf2e354( t2 ).
src/abap/2_statements/combi.ts.Star.run,clear_before_write,140,0,1,CLEAR t45. ... t45 = NEW #( ).
src/abap/2_statements/combi.ts.Star.run,cast_temp,141,0,1,DATA(t46) = CAST z_builtin_erro_e8b3bd7e8a547c( t41 ).
src/abap/2_statements/combi.ts.Star.run,temp_assign,146,0,1,DATA(t47) = CAST z_runtime_arra_c22708faf2e354( t2 ). result = t47.
src/abap/2_statements/combi.ts.Star.run,return_copy,146,0,1,DATA(t47) = CAST z_runtime_arra_c22708faf2e354( t2 ). result = t47.
src/abap/2_statements/combi.ts.Star.run,cast_temp,146,0,1,DATA(t47) = CAST z_runtime_arra_c22708faf2e354( t2 ).
src/abap/2_statements/combi.ts.Star.run_one,cast_temp,169,0,1,DATA(t1) = CAST z_src_abap_2_s_b6c5f651b292e5( z_param_x_af55868a593612 ).
src/abap/2_statements/combi.ts.Star.run_one,clear_before_write,171,0,1,CLEAR t2. ... t2 = me->z_member_run_71be1bca84374a( z_param_r_f634cd02b53efc = t3 ).
src/abap/2_statements/combi.ts.Star.run_one,clear_before_write,173,0,1,CLEAR t3. ... t3 = t8.
src/abap/2_statements/combi.ts.Star.run_one,clear_before_write,175,0,1,CLEAR t4. ... t4 = t5.
src/abap/2_statements/combi.ts.Star.run_one,clear_before_write,177,0,1,CLEAR t5. ... CREATE OBJECT t5.
src/abap/2_statements/combi.ts.Star.run_one,cast_temp,180,0,1,DATA(t6) = CAST z_runtime_arra_c22708faf2e354( t4 ).
src/abap/2_statements/combi.ts.Star.run_one,cast_temp,181,0,1,DATA(t7) = CAST z_src_abap_2_s_b6c5f651b292e5( t1 ).
src/abap/2_statements/combi.ts.Star.run_one,temp_assign,183,0,1,DATA(t8) = CAST z_runtime_arra_c22708faf2e354( t4 ). t3 = t8.
src/abap/2_statements/combi.ts.Star.run_one,cast_temp,183,0,1,DATA(t8) = CAST z_runtime_arra_c22708faf2e354( t4 ).
src/abap/2_statements/combi.ts.Star.run_one,temp_assign,185,0,1,t2 = me->z_member_run_71be1bca84374a( z_param_r_f634cd02b53efc = t3 ). result = t2.
src/abap/2_statements/combi.ts.Star.run_one,return_copy,185,0,1,t2 = me->z_member_run_71be1bca84374a( z_param_r_f634cd02b53efc = t3 ). result = t2.
src/abap/2_statements/combi.ts.Token.run,range_bound_assignment,46,0,1,range_int8_bound_min = -9007199.
src/abap/2_statements/combi.ts.Token.run,range_bound_assignment,47,0,1,range_int8_bound_min = range_int8_bound_min * 1000000000.
src/abap/2_statements/combi.ts.Token.run,range_bound_assignment,48,0,1,range_int8_bound_min = range_int8_bound_min - 254740991.
src/abap/2_statements/combi.ts.Token.run,range_bound_assignment,49,0,1,range_int8_bound_max = 9007199.
src/abap/2_statements/combi.ts.Token.run,range_bound_assignment,50,0,1,range_int8_bound_max = range_int8_bound_max * 1000000000.
src/abap/2_statements/combi.ts.Token.run,range_bound_assignment,51,0,1,range_int8_bound_max = range_int8_bound_max + 254740991.
src/abap/2_statements/combi.ts.Token.run,cast_temp,52,0,1,DATA(t1) = CAST z_runtime_arra_c22708faf2e354( z_param_r_f634cd02b53efc ).
src/abap/2_statements/combi.ts.Token.run,clear_before_write,54,0,1,CLEAR t2. ... t2 = t3.
src/abap/2_statements/combi.ts.Token.run,clear_before_write,56,0,1,CLEAR t3. ... CREATE OBJECT t3.
src/abap/2_statements/combi.ts.Token.run,cast_temp,59,0,1,DATA(t4) = CAST z_runtime_arra_c22708faf2e354( t1 ).
src/abap/2_statements/combi.ts.Token.run,clear_before_write,70,1,1,CLEAR t10. ... t10 = t11.
src/abap/2_statements/combi.ts.Token.run,temp_assign,71,1,1,DATA(t11) = CAST z_src_abap_2_s_b6c5f651b292e5( t5 ). t10 = t11.
src/abap/2_statements/combi.ts.Token.run,cast_temp,71,1,1,DATA(t11) = CAST z_src_abap_2_s_b6c5f651b292e5( t5 ).
src/abap/2_statements/combi.ts.Token.run,value_init_overwritten,73,1,1,DATA(t12) = VALUE int8( ). ... t12 = t13 - t17.
src/abap/2_statements/combi.ts.Token.run,value_init_overwritten,74,1,1,DATA(t13) = VALUE int8( ). ... t13 = t14.
src/abap/2_statements/combi.ts.Token.run,value_init_overwritten,75,1,1,DATA(t14) = VALUE i( ). ... t14 = lines( t15->items ).
src/abap/2_statements/combi.ts.Token.run,clear_before_write,77,1,1,CLEAR t15. ... t15 = t16->z_member_token_ed4bfabc8c4cec.
src/abap/2_statements/combi.ts.Token.run,cast_temp,78,1,1,DATA(t16) = CAST z_src_abap_2_s_b6c5f651b292e5( t10 ).
src/abap/2_statements/combi.ts.Token.run,temp_assign,80,1,1,t14 = lines( t15->items ). t13 = t14.
src/abap/2_statements/combi.ts.Token.run,value_init_overwritten,82,1,1,DATA(t17) = VALUE int8( ). ... t17 = t18.
src/abap/2_statements/combi.ts.Token.run,value_init_overwritten,83,1,1,DATA(t18) = VALUE i( ). ... t18 = t19->z_member_token_62f41b3bcb0bad.
src/abap/2_statements/combi.ts.Token.run,cast_temp,84,1,1,DATA(t19) = CAST z_src_abap_2_s_b6c5f651b292e5( t10 ).
src/abap/2_statements/combi.ts.Token.run,temp_assign,85,1,1,t18 = t19->z_member_token_62f41b3bcb0bad. t17 = t18.
src/abap/2_statements/combi.ts.Token.run,temp_argument,92,1,1,DATA(t20) = CONV int8( 0 ). t8 = xsdbool( t9 <> t20 ).
src/abap/2_statements/combi.ts.Token.run,literal_scalar,92,1,1,DATA(t20) = CONV int8( 0 ).
src/abap/2_statements/combi.ts.Token.run,value_init_overwritten,96,1,1,DATA(t21) = VALUE abap_bool( ). ... t21 = xsdbool( t22 = t32 ).
src/abap/2_statements/combi.ts.Token.run,clear_before_write,98,1,1,CLEAR t22. ... t22 = t23->z_builtin_clas_3f891b097658ff( ).
src/abap/2_statements/combi.ts.Token.run,clear_before_write,100,1,1,CLEAR t23. ... t23 = t26.
src/abap/2_statements/combi.ts.Token.run,clear_before_write,102,1,1,CLEAR t24. ... t24 = t25.
src/abap/2_statements/combi.ts.Token.run,temp_assign,103,1,1,DATA(t25) = CAST z_src_abap_2_s_b6c5f651b292e5( t5 ). t24 = t25.
src/abap/2_statements/combi.ts.Token.run,cast_temp,103,1,1,DATA(t25) = CAST z_src_abap_2_s_b6c5f651b292e5( t5 ).
src/abap/2_statements/combi.ts.Token.run,clear_before_write,106,1,1,CLEAR t26. ... t26 ?= t31.
src/abap/2_statements/combi.ts.Token.run,clear_before_write,108,1,1,CLEAR t27. ... t27 = t28->z_member_token_ed4bfabc8c4cec.
src/abap/2_statements/combi.ts.Token.run,cast_temp,109,1,1,DATA(t28) = CAST z_src_abap_2_s_b6c5f651b292e5( t24 ).
src/abap/2_statements/combi.ts.Token.run,value_init_overwritten,111,1,1,DATA(t29) = VALUE i( ). ... t29 = t30->z_member_token_62f41b3bcb0bad.
src/abap/2_statements/combi.ts.Token.run,cast_temp,112,1,1,DATA(t30) = CAST z_src_abap_2_s_b6c5f651b292e5( t24 ).
src/abap/2_statements/combi.ts.Token.run,table_read_copy,117,1,1,READ TABLE t27->items INDEX t29 INTO t31. t26 ?= t31.
src/abap/2_statements/combi.ts.Token.run,cast_temp,118,1,1,t26 ?= t31. t23 = t26.
src/abap/2_statements/combi.ts.Token.run,temp_argument,121,1,1,DATA(t32) = CAST z_runtime_clas_a39833db329515( me->z_member_token_9f21cad060fb60 ). t21 = xsdbool( t22 = t32 ).
src/abap/2_statements/combi.ts.Token.run,cast_temp,121,1,1,DATA(t32) = CAST z_runtime_clas_a39833db329515( me->z_member_token_9f21cad060fb60 ).
src/abap/2_statements/combi.ts.Token.run,temp_assign,122,1,1,t21 = xsdbool( t22 = t32 ). t7 = t21.
src/abap/2_statements/combi.ts.Token.run,cast_temp,126,1,1,DATA(t33) = CAST z_runtime_arra_c22708faf2e354( t2 ).
src/abap/2_statements/combi.ts.Token.run,clear_before_write,130,1,1,CLEAR t35. ... t35 = t36.
src/abap/2_statements/combi.ts.Token.run,temp_assign,131,1,1,DATA(t36) = CAST z_src_abap_2_s_b6c5f651b292e5( t5 ). t35 = t36.
src/abap/2_statements/combi.ts.Token.run,cast_temp,131,1,1,DATA(t36) = CAST z_src_abap_2_s_b6c5f651b292e5( t5 ).
src/abap/2_statements/combi.ts.Token.run,clear_before_write,134,1,1,CLEAR t37. ... t37 = t38.
src/abap/2_statements/combi.ts.Token.run,clear_before_write,136,1,1,CLEAR t38. ... t38 = NEW z_src_abap_nod_935d26003cb490( z_param_token_06f9e7a29ec34c = t39 ).
src/abap/2_statements/combi.ts.Token.run,clear_before_write,138,1,1,CLEAR t39. ... t39 = t42.
src/abap/2_statements/combi.ts.Token.run,clear_before_write,140,1,1,CLEAR t40. ... t40 = t41.
src/abap/2_statements/combi.ts.Token.run,temp_assign,141,1,1,DATA(t41) = CAST z_src_abap_2_s_b6c5f651b292e5( t5 ). t40 = t41.
src/abap/2_statements/combi.ts.Token.run,cast_temp,141,1,1,DATA(t41) = CAST z_src_abap_2_s_b6c5f651b292e5( t5 ).
src/abap/2_statements/combi.ts.Token.run,clear_before_write,144,1,1,CLEAR t42. ... t42 ?= t47.
src/abap/2_statements/combi.ts.Token.run,clear_before_write,146,1,1,CLEAR t43. ... t43 = t44->z_member_token_ed4bfabc8c4cec.
src/abap/2_statements/combi.ts.Token.run,cast_temp,147,1,1,DATA(t44) = CAST z_src_abap_2_s_b6c5f651b292e5( t40 ).
src/abap/2_statements/combi.ts.Token.run,value_init_overwritten,149,1,1,DATA(t45) = VALUE i( ). ... t45 = t46->z_member_token_62f41b3bcb0bad.
src/abap/2_statements/combi.ts.Token.run,cast_temp,150,1,1,DATA(t46) = CAST z_src_abap_2_s_b6c5f651b292e5( t40 ).
src/abap/2_statements/combi.ts.Token.run,table_read_copy,155,1,1,READ TABLE t43->items INDEX t45 INTO t47. t42 ?= t47.
src/abap/2_statements/combi.ts.Token.run,cast_temp,156,1,1,t42 ?= t47. t39 = t42.
src/abap/2_statements/combi.ts.Token.run,temp_assign,158,1,1,t38 = NEW z_src_abap_nod_935d26003cb490( z_param_token_06f9e7a29ec34c = t39 ). t37 = t38.
src/abap/2_statements/combi.ts.Token.run,clear_before_write,163,1,1,CLEAR t49. ... t49 = t50->z_member_token_ed4bfabc8c4cec.
src/abap/2_statements/combi.ts.Token.run,cast_temp,164,1,1,DATA(t50) = CAST z_src_abap_2_s_b6c5f651b292e5( t35 ).
src/abap/2_statements/combi.ts.Token.run,value_init_overwritten,166,1,1,DATA(t51) = VALUE int8( ). ... t51 = t52 + t55.
src/abap/2_statements/combi.ts.Token.run,value_init_overwritten,167,1,1,DATA(t52) = VALUE int8( ). ... t52 = t53.
src/abap/2_statements/combi.ts.Token.run,value_init_overwritten,168,1,1,DATA(t53) = VALUE i( ). ... t53 = t54->z_member_token_62f41b3bcb0bad.
src/abap/2_statements/combi.ts.Token.run,cast_temp,169,1,1,DATA(t54) = CAST z_src_abap_2_s_b6c5f651b292e5( t35 ).
src/abap/2_statements/combi.ts.Token.run,temp_assign,170,1,1,t53 = t54->z_member_token_62f41b3bcb0bad. t52 = t53.
src/abap/2_statements/combi.ts.Token.run,literal_scalar,172,1,1,DATA(t55) = CONV int8( 1 ).
src/abap/2_statements/combi.ts.Token.run,literal_scalar,179,1,1,DATA(t57) = CONV abap_bool( abap_true ).
src/abap/2_statements/combi.ts.Token.run,clear_before_write,182,1,1,CLEAR t58. ... t58 = NEW z_src_abap_2_s_c435ad477cf33f( z_param_node_1324e81b8c7326 = t59 z_param_previo_4981fbd290610f = t60 ).
src/abap/2_statements/combi.ts.Token.run,cast_temp,183,1,1,DATA(t59) = CAST z_union_667199_4cf1d0543504ab( t37 ).
src/abap/2_statements/combi.ts.Token.run,clear_before_write,185,1,1,CLEAR t60. ... t60 = t61->z_member_nodes_022617c0b510ec.
src/abap/2_statements/combi.ts.Token.run,cast_temp,186,1,1,DATA(t61) = CAST z_src_abap_2_s_b6c5f651b292e5( t35 ).
src/abap/2_statements/combi.ts.Token.run,temp_assign,188,1,1,t58 = NEW z_src_abap_2_s_c435ad477cf33f( z_param_node_1324e81b8c7326 = t59 z_param_previo_4981fbd290610f = t60 ). t56 = t58.
src/abap/2_statements/combi.ts.Token.run,value_init_overwritten,195,1,1,DATA(t63) = VALUE int8( ). ... t63 = t64 + t66.
src/abap/2_statements/combi.ts.Token.run,value_init_overwritten,196,1,1,DATA(t64) = VALUE int8( ). ... t64 = t65->z_member_nodec_32889faa6e522a.
src/abap/2_statements/combi.ts.Token.run,cast_temp,197,1,1,DATA(t65) = CAST z_src_abap_2_s_b6c5f651b292e5( t35 ).
src/abap/2_statements/combi.ts.Token.run,literal_scalar,199,1,1,DATA(t66) = CONV int8( 1 ).
src/abap/2_statements/combi.ts.Token.run,temp_assign,204,1,1,t48 = z_src_abap_2_s_b6c5f651b292e5=>z_member_fromc_9d7b43515b1343( z_param_tokens_3a66ced5b5b26a = t49 z_param_tokeni_36bd2fa45d0f58 = t51 z_param_nodes_51988edc19892d = t56 z_param_nodeco_6f0a19763cdb2a = t63 ). t34 = t48.
src/abap/2_statements/combi.ts.Token.run,temp_assign,209,0,1,DATA(t67) = CAST z_runtime_arra_c22708faf2e354( t2 ). result = t67.
src/abap/2_statements/combi.ts.Token.run,return_copy,209,0,1,DATA(t67) = CAST z_runtime_arra_c22708faf2e354( t2 ). result = t67.
src/abap/2_statements/combi.ts.Token.run,cast_temp,209,0,1,DATA(t67) = CAST z_runtime_arra_c22708faf2e354( t2 ).
src/abap/2_statements/combi.ts.Token.run_one,range_bound_assignment,234,0,1,range_int8_bound_min = -9007199.
src/abap/2_statements/combi.ts.Token.run_one,range_bound_assignment,235,0,1,range_int8_bound_min = range_int8_bound_min * 1000000000.
src/abap/2_statements/combi.ts.Token.run_one,range_bound_assignment,236,0,1,range_int8_bound_min = range_int8_bound_min - 254740991.
src/abap/2_statements/combi.ts.Token.run_one,range_bound_assignment,237,0,1,range_int8_bound_max = 9007199.
src/abap/2_statements/combi.ts.Token.run_one,range_bound_assignment,238,0,1,range_int8_bound_max = range_int8_bound_max * 1000000000.
src/abap/2_statements/combi.ts.Token.run_one,range_bound_assignment,239,0,1,range_int8_bound_max = range_int8_bound_max + 254740991.
src/abap/2_statements/combi.ts.Token.run_one,cast_temp,240,0,1,DATA(t1) = CAST z_src_abap_2_s_b6c5f651b292e5( z_param_x_af55868a593612 ).
src/abap/2_statements/combi.ts.Token.run_one,clear_before_write,242,0,1,CLEAR t2. ... t2 = t3.
src/abap/2_statements/combi.ts.Token.run_one,clear_before_write,244,0,1,CLEAR t3. ... CREATE OBJECT t3.
src/abap/2_statements/combi.ts.Token.run_one,clear_before_write,248,0,1,CLEAR t4. ... t4 = t5.
src/abap/2_statements/combi.ts.Token.run_one,temp_assign,249,0,1,DATA(t5) = CAST z_src_abap_2_s_b6c5f651b292e5( t1 ). t4 = t5.
src/abap/2_statements/combi.ts.Token.run_one,cast_temp,249,0,1,DATA(t5) = CAST z_src_abap_2_s_b6c5f651b292e5( t1 ).
src/abap/2_statements/combi.ts.Token.run_one,clear_before_write,255,0,1,CLEAR t9. ... t9 = t10.
src/abap/2_statements/combi.ts.Token.run_one,temp_assign,256,0,1,DATA(t10) = CAST z_src_abap_2_s_b6c5f651b292e5( t4 ). t9 = t10.
src/abap/2_statements/combi.ts.Token.run_one,cast_temp,256,0,1,DATA(t10) = CAST z_src_abap_2_s_b6c5f651b292e5( t4 ).
src/abap/2_statements/combi.ts.Token.run_one,value_init_overwritten,258,0,1,DATA(t11) = VALUE int8( ). ... t11 = t12 - t16.
src/abap/2_statements/combi.ts.Token.run_one,value_init_overwritten,259,0,1,DATA(t12) = VALUE int8( ). ... t12 = t13.
src/abap/2_statements/combi.ts.Token.run_one,value_init_overwritten,260,0,1,DATA(t13) = VALUE i( ). ... t13 = lines( t14->items ).
src/abap/2_statements/combi.ts.Token.run_one,clear_before_write,262,0,1,CLEAR t14. ... t14 = t15->z_member_token_ed4bfabc8c4cec.
src/abap/2_statements/combi.ts.Token.run_one,cast_temp,263,0,1,DATA(t15) = CAST z_src_abap_2_s_b6c5f651b292e5( t9 ).
src/abap/2_statements/combi.ts.Token.run_one,temp_assign,265,0,1,t13 = lines( t14->items ). t12 = t13.
src/abap/2_statements/combi.ts.Token.run_one,value_init_overwritten,267,0,1,DATA(t16) = VALUE int8( ). ... t16 = t17.
src/abap/2_statements/combi.ts.Token.run_one,value_init_overwritten,268,0,1,DATA(t17) = VALUE i( ). ... t17 = t18->z_member_token_62f41b3bcb0bad.
src/abap/2_statements/combi.ts.Token.run_one,cast_temp,269,0,1,DATA(t18) = CAST z_src_abap_2_s_b6c5f651b292e5( t9 ).
src/abap/2_statements/combi.ts.Token.run_one,temp_assign,270,0,1,t17 = t18->z_member_token_62f41b3bcb0bad. t16 = t17.
src/abap/2_statements/combi.ts.Token.run_one,temp_argument,277,0,1,DATA(t19) = CONV int8( 0 ). t7 = xsdbool( t8 <> t19 ).
src/abap/2_statements/combi.ts.Token.run_one,literal_scalar,277,0,1,DATA(t19) = CONV int8( 0 ).
src/abap/2_statements/combi.ts.Token.run_one,value_init_overwritten,281,0,1,DATA(t20) = VALUE abap_bool( ). ... t20 = xsdbool( t21 = t31 ).
src/abap/2_statements/combi.ts.Token.run_one,clear_before_write,283,0,1,CLEAR t21. ... t21 = t22->z_builtin_clas_3f891b097658ff( ).
src/abap/2_statements/combi.ts.Token.run_one,clear_before_write,285,0,1,CLEAR t22. ... t22 = t25.
src/abap/2_statements/combi.ts.Token.run_one,clear_before_write,287,0,1,CLEAR t23. ... t23 = t24.
src/abap/2_statements/combi.ts.Token.run_one,temp_assign,288,0,1,DATA(t24) = CAST z_src_abap_2_s_b6c5f651b292e5( t4 ). t23 = t24.
src/abap/2_statements/combi.ts.Token.run_one,cast_temp,288,0,1,DATA(t24) = CAST z_src_abap_2_s_b6c5f651b292e5( t4 ).
src/abap/2_statements/combi.ts.Token.run_one,clear_before_write,291,0,1,CLEAR t25. ... t25 ?= t30.
src/abap/2_statements/combi.ts.Token.run_one,clear_before_write,293,0,1,CLEAR t26. ... t26 = t27->z_member_token_ed4bfabc8c4cec.
src/abap/2_statements/combi.ts.Token.run_one,cast_temp,294,0,1,DATA(t27) = CAST z_src_abap_2_s_b6c5f651b292e5( t23 ).
src/abap/2_statements/combi.ts.Token.run_one,value_init_overwritten,296,0,1,DATA(t28) = VALUE i( ). ... t28 = t29->z_member_token_62f41b3bcb0bad.
src/abap/2_statements/combi.ts.Token.run_one,cast_temp,297,0,1,DATA(t29) = CAST z_src_abap_2_s_b6c5f651b292e5( t23 ).
src/abap/2_statements/combi.ts.Token.run_one,table_read_copy,302,0,1,READ TABLE t26->items INDEX t28 INTO t30. t25 ?= t30.
src/abap/2_statements/combi.ts.Token.run_one,cast_temp,303,0,1,t25 ?= t30. t22 = t25.
src/abap/2_statements/combi.ts.Token.run_one,temp_argument,306,0,1,DATA(t31) = CAST z_runtime_clas_a39833db329515( me->z_member_token_9f21cad060fb60 ). t20 = xsdbool( t21 = t31 ).
src/abap/2_statements/combi.ts.Token.run_one,cast_temp,306,0,1,DATA(t31) = CAST z_runtime_clas_a39833db329515( me->z_member_token_9f21cad060fb60 ).
src/abap/2_statements/combi.ts.Token.run_one,temp_assign,307,0,1,t20 = xsdbool( t21 = t31 ). t6 = t20.
src/abap/2_statements/combi.ts.Token.run_one,cast_temp,311,0,1,DATA(t32) = CAST z_runtime_arra_c22708faf2e354( t2 ).
src/abap/2_statements/combi.ts.Token.run_one,clear_before_write,315,0,1,CLEAR t34. ... t34 = t35.
src/abap/2_statements/combi.ts.Token.run_one,temp_assign,316,0,1,DATA(t35) = CAST z_src_abap_2_s_b6c5f651b292e5( t4 ). t34 = t35.
src/abap/2_statements/combi.ts.Token.run_one,cast_temp,316,0,1,DATA(t35) = CAST z_src_abap_2_s_b6c5f651b292e5( t4 ).
src/abap/2_statements/combi.ts.Token.run_one,clear_before_write,319,0,1,CLEAR t36. ... t36 = t37.
src/abap/2_statements/combi.ts.Token.run_one,clear_before_write,321,0,1,CLEAR t37. ... t37 = NEW z_src_abap_nod_935d26003cb490( z_param_token_06f9e7a29ec34c = t38 ).
src/abap/2_statements/combi.ts.Token.run_one,clear_before_write,323,0,1,CLEAR t38. ... t38 = t41.
src/abap/2_statements/combi.ts.Token.run_one,clear_before_write,325,0,1,CLEAR t39. ... t39 = t40.
src/abap/2_statements/combi.ts.Token.run_one,temp_assign,326,0,1,DATA(t40) = CAST z_src_abap_2_s_b6c5f651b292e5( t4 ). t39 = t40.
src/abap/2_statements/combi.ts.Token.run_one,cast_temp,326,0,1,DATA(t40) = CAST z_src_abap_2_s_b6c5f651b292e5( t4 ).
src/abap/2_statements/combi.ts.Token.run_one,clear_before_write,329,0,1,CLEAR t41. ... t41 ?= t46.
src/abap/2_statements/combi.ts.Token.run_one,clear_before_write,331,0,1,CLEAR t42. ... t42 = t43->z_member_token_ed4bfabc8c4cec.
src/abap/2_statements/combi.ts.Token.run_one,cast_temp,332,0,1,DATA(t43) = CAST z_src_abap_2_s_b6c5f651b292e5( t39 ).
src/abap/2_statements/combi.ts.Token.run_one,value_init_overwritten,334,0,1,DATA(t44) = VALUE i( ). ... t44 = t45->z_member_token_62f41b3bcb0bad.
src/abap/2_statements/combi.ts.Token.run_one,cast_temp,335,0,1,DATA(t45) = CAST z_src_abap_2_s_b6c5f651b292e5( t39 ).
src/abap/2_statements/combi.ts.Token.run_one,table_read_copy,340,0,1,READ TABLE t42->items INDEX t44 INTO t46. t41 ?= t46.
src/abap/2_statements/combi.ts.Token.run_one,cast_temp,341,0,1,t41 ?= t46. t38 = t41.
src/abap/2_statements/combi.ts.Token.run_one,temp_assign,343,0,1,t37 = NEW z_src_abap_nod_935d26003cb490( z_param_token_06f9e7a29ec34c = t38 ). t36 = t37.
src/abap/2_statements/combi.ts.Token.run_one,clear_before_write,348,0,1,CLEAR t48. ... t48 = t49->z_member_token_ed4bfabc8c4cec.
src/abap/2_statements/combi.ts.Token.run_one,cast_temp,349,0,1,DATA(t49) = CAST z_src_abap_2_s_b6c5f651b292e5( t34 ).
src/abap/2_statements/combi.ts.Token.run_one,value_init_overwritten,351,0,1,DATA(t50) = VALUE int8( ). ... t50 = t51 + t54.
src/abap/2_statements/combi.ts.Token.run_one,value_init_overwritten,352,0,1,DATA(t51) = VALUE int8( ). ... t51 = t52.
src/abap/2_statements/combi.ts.Token.run_one,value_init_overwritten,353,0,1,DATA(t52) = VALUE i( ). ... t52 = t53->z_member_token_62f41b3bcb0bad.
src/abap/2_statements/combi.ts.Token.run_one,cast_temp,354,0,1,DATA(t53) = CAST z_src_abap_2_s_b6c5f651b292e5( t34 ).
src/abap/2_statements/combi.ts.Token.run_one,temp_assign,355,0,1,t52 = t53->z_member_token_62f41b3bcb0bad. t51 = t52.
src/abap/2_statements/combi.ts.Token.run_one,literal_scalar,357,0,1,DATA(t54) = CONV int8( 1 ).
src/abap/2_statements/combi.ts.Token.run_one,literal_scalar,364,0,1,DATA(t56) = CONV abap_bool( abap_true ).
src/abap/2_statements/combi.ts.Token.run_one,clear_before_write,367,0,1,CLEAR t57. ... t57 = NEW z_src_abap_2_s_c435ad477cf33f( z_param_node_1324e81b8c7326 = t58 z_param_previo_4981fbd290610f = t59 ).
src/abap/2_statements/combi.ts.Token.run_one,cast_temp,368,0,1,DATA(t58) = CAST z_union_667199_4cf1d0543504ab( t36 ).
src/abap/2_statements/combi.ts.Token.run_one,clear_before_write,370,0,1,CLEAR t59. ... t59 = t60->z_member_nodes_022617c0b510ec.
src/abap/2_statements/combi.ts.Token.run_one,cast_temp,371,0,1,DATA(t60) = CAST z_src_abap_2_s_b6c5f651b292e5( t34 ).
src/abap/2_statements/combi.ts.Token.run_one,temp_assign,373,0,1,t57 = NEW z_src_abap_2_s_c435ad477cf33f( z_param_node_1324e81b8c7326 = t58 z_param_previo_4981fbd290610f = t59 ). t55 = t57.
src/abap/2_statements/combi.ts.Token.run_one,value_init_overwritten,380,0,1,DATA(t62) = VALUE int8( ). ... t62 = t63 + t65.
src/abap/2_statements/combi.ts.Token.run_one,value_init_overwritten,381,0,1,DATA(t63) = VALUE int8( ). ... t63 = t64->z_member_nodec_32889faa6e522a.
src/abap/2_statements/combi.ts.Token.run_one,cast_temp,382,0,1,DATA(t64) = CAST z_src_abap_2_s_b6c5f651b292e5( t34 ).
src/abap/2_statements/combi.ts.Token.run_one,literal_scalar,384,0,1,DATA(t65) = CONV int8( 1 ).
src/abap/2_statements/combi.ts.Token.run_one,temp_assign,389,0,1,t47 = z_src_abap_2_s_b6c5f651b292e5=>z_member_fromc_9d7b43515b1343( z_param_tokens_3a66ced5b5b26a = t48 z_param_tokeni_36bd2fa45d0f58 = t50 z_param_nodes_51988edc19892d = t55 z_param_nodeco_6f0a19763cdb2a = t62 ). t33 = t47.
src/abap/2_statements/combi.ts.Token.run_one,temp_assign,393,0,1,DATA(t66) = CAST z_runtime_arra_c22708faf2e354( t2 ). result = t66.
src/abap/2_statements/combi.ts.Token.run_one,return_copy,393,0,1,DATA(t66) = CAST z_runtime_arra_c22708faf2e354( t2 ). result = t66.
src/abap/2_statements/combi.ts.Token.run_one,cast_temp,393,0,1,DATA(t66) = CAST z_runtime_arra_c22708faf2e354( t2 ).
src/abap/2_statements/combi.ts.Word.run,range_bound_assignment,147,0,1,range_int8_bound_min = -9007199.
src/abap/2_statements/combi.ts.Word.run,range_bound_assignment,148,0,1,range_int8_bound_min = range_int8_bound_min * 1000000000.
src/abap/2_statements/combi.ts.Word.run,range_bound_assignment,149,0,1,range_int8_bound_min = range_int8_bound_min - 254740991.
src/abap/2_statements/combi.ts.Word.run,range_bound_assignment,150,0,1,range_int8_bound_max = 9007199.
src/abap/2_statements/combi.ts.Word.run,range_bound_assignment,151,0,1,range_int8_bound_max = range_int8_bound_max * 1000000000.
src/abap/2_statements/combi.ts.Word.run,range_bound_assignment,152,0,1,range_int8_bound_max = range_int8_bound_max + 254740991.
src/abap/2_statements/combi.ts.Word.run,cast_temp,153,0,1,DATA(t1) = CAST z_runtime_arra_c22708faf2e354( z_param_r_f634cd02b53efc ).
src/abap/2_statements/combi.ts.Word.run,clear_before_write,155,0,1,CLEAR t2. ... t2 = t3.
src/abap/2_statements/combi.ts.Word.run,clear_before_write,157,0,1,CLEAR t3. ... CREATE OBJECT t3.
src/abap/2_statements/combi.ts.Word.run,cast_temp,160,0,1,DATA(t4) = CAST z_runtime_arra_c22708faf2e354( t1 ).
src/abap/2_statements/combi.ts.Word.run,clear_before_write,171,1,1,CLEAR t10. ... t10 = t11.
src/abap/2_statements/combi.ts.Word.run,temp_assign,172,1,1,DATA(t11) = CAST z_src_abap_2_s_b6c5f651b292e5( t5 ). t10 = t11.
src/abap/2_statements/combi.ts.Word.run,cast_temp,172,1,1,DATA(t11) = CAST z_src_abap_2_s_b6c5f651b292e5( t5 ).
src/abap/2_statements/combi.ts.Word.run,value_init_overwritten,174,1,1,DATA(t12) = VALUE int8( ). ... t12 = t13 - t17.
src/abap/2_statements/combi.ts.Word.run,value_init_overwritten,175,1,1,DATA(t13) = VALUE int8( ). ... t13 = t14.
src/abap/2_statements/combi.ts.Word.run,value_init_overwritten,176,1,1,DATA(t14) = VALUE i( ). ... t14 = lines( t15->items ).
src/abap/2_statements/combi.ts.Word.run,clear_before_write,178,1,1,CLEAR t15. ... t15 = t16->z_member_token_ed4bfabc8c4cec.
src/abap/2_statements/combi.ts.Word.run,cast_temp,179,1,1,DATA(t16) = CAST z_src_abap_2_s_b6c5f651b292e5( t10 ).
src/abap/2_statements/combi.ts.Word.run,temp_assign,181,1,1,t14 = lines( t15->items ). t13 = t14.
src/abap/2_statements/combi.ts.Word.run,value_init_overwritten,183,1,1,DATA(t17) = VALUE int8( ). ... t17 = t18.
src/abap/2_statements/combi.ts.Word.run,value_init_overwritten,184,1,1,DATA(t18) = VALUE i( ). ... t18 = t19->z_member_token_62f41b3bcb0bad.
src/abap/2_statements/combi.ts.Word.run,cast_temp,185,1,1,DATA(t19) = CAST z_src_abap_2_s_b6c5f651b292e5( t10 ).
src/abap/2_statements/combi.ts.Word.run,temp_assign,186,1,1,t18 = t19->z_member_token_62f41b3bcb0bad. t17 = t18.
src/abap/2_statements/combi.ts.Word.run,temp_argument,193,1,1,DATA(t20) = CONV int8( 0 ). t8 = xsdbool( t9 <> t20 ).
src/abap/2_statements/combi.ts.Word.run,literal_scalar,193,1,1,DATA(t20) = CONV int8( 0 ).
src/abap/2_statements/combi.ts.Word.run,value_init_overwritten,197,1,1,DATA(t21) = VALUE abap_bool( ). ... t21 = xsdbool( t22 = t35 ).
src/abap/2_statements/combi.ts.Word.run,value_init_overwritten,198,1,1,DATA(t22) = VALUE string( ). ... t22 = t33.
src/abap/2_statements/combi.ts.Word.run,clear_before_write,200,1,1,CLEAR t23. ... t23 = t24.
src/abap/2_statements/combi.ts.Word.run,clear_before_write,202,1,1,CLEAR t24. ... t24 = t27.
src/abap/2_statements/combi.ts.Word.run,clear_before_write,204,1,1,CLEAR t25. ... t25 = t26.
src/abap/2_statements/combi.ts.Word.run,temp_assign,205,1,1,DATA(t26) = CAST z_src_abap_2_s_b6c5f651b292e5( t5 ). t25 = t26.
src/abap/2_statements/combi.ts.Word.run,cast_temp,205,1,1,DATA(t26) = CAST z_src_abap_2_s_b6c5f651b292e5( t5 ).
src/abap/2_statements/combi.ts.Word.run,clear_before_write,208,1,1,CLEAR t27. ... t27 ?= t32.
src/abap/2_statements/combi.ts.Word.run,clear_before_write,210,1,1,CLEAR t28. ... t28 = t29->z_member_token_ed4bfabc8c4cec.
src/abap/2_statements/combi.ts.Word.run,cast_temp,211,1,1,DATA(t29) = CAST z_src_abap_2_s_b6c5f651b292e5( t25 ).
src/abap/2_statements/combi.ts.Word.run,value_init_overwritten,213,1,1,DATA(t30) = VALUE i( ). ... t30 = t31->z_member_token_62f41b3bcb0bad.
src/abap/2_statements/combi.ts.Word.run,cast_temp,214,1,1,DATA(t31) = CAST z_src_abap_2_s_b6c5f651b292e5( t25 ).
src/abap/2_statements/combi.ts.Word.run,table_read_copy,219,1,1,READ TABLE t28->items INDEX t30 INTO t32. t27 ?= t32.
src/abap/2_statements/combi.ts.Word.run,cast_temp,220,1,1,t27 ?= t32. t24 = t27.
src/abap/2_statements/combi.ts.Word.run,temp_assign,221,1,1,t24 = t27. t23 = t24.
src/abap/2_statements/combi.ts.Word.run,value_init_overwritten,223,1,1,DATA(t33) = VALUE string( ). ... t33 = t34->z_member_strup_d4c097dcba87bc.
src/abap/2_statements/combi.ts.Word.run,cast_temp,224,1,1,DATA(t34) = CAST z_src_abap_1_l_506101b34e5cc0( t23 ).
src/abap/2_statements/combi.ts.Word.run,temp_assign,225,1,1,t33 = t34->z_member_strup_d4c097dcba87bc. t22 = t33.
src/abap/2_statements/combi.ts.Word.run,temp_argument,227,1,1,DATA(t35) = CONV string( me->z_member_s_f3835518d3428a ). t21 = xsdbool( t22 = t35 ).
src/abap/2_statements/combi.ts.Word.run,temp_assign,228,1,1,t21 = xsdbool( t22 = t35 ). t7 = t21.
src/abap/2_statements/combi.ts.Word.run,cast_temp,232,1,1,DATA(t36) = CAST z_runtime_arra_c22708faf2e354( t2 ).
src/abap/2_statements/combi.ts.Word.run,clear_before_write,236,1,1,CLEAR t38. ... t38 = t39.
src/abap/2_statements/combi.ts.Word.run,temp_assign,237,1,1,DATA(t39) = CAST z_src_abap_2_s_b6c5f651b292e5( t5 ). t38 = t39.
src/abap/2_statements/combi.ts.Word.run,cast_temp,237,1,1,DATA(t39) = CAST z_src_abap_2_s_b6c5f651b292e5( t5 ).
src/abap/2_statements/combi.ts.Word.run,clear_before_write,240,1,1,CLEAR t40. ... t40 = t41.
src/abap/2_statements/combi.ts.Word.run,clear_before_write,242,1,1,CLEAR t41. ... t41 = NEW z_src_abap_nod_935d26003cb490( z_param_token_06f9e7a29ec34c = t42 ).
src/abap/2_statements/combi.ts.Word.run,clear_before_write,244,1,1,CLEAR t42. ... t42 = t45.
src/abap/2_statements/combi.ts.Word.run,clear_before_write,246,1,1,CLEAR t43. ... t43 = t44.
src/abap/2_statements/combi.ts.Word.run,temp_assign,247,1,1,DATA(t44) = CAST z_src_abap_2_s_b6c5f651b292e5( t5 ). t43 = t44.
src/abap/2_statements/combi.ts.Word.run,cast_temp,247,1,1,DATA(t44) = CAST z_src_abap_2_s_b6c5f651b292e5( t5 ).
src/abap/2_statements/combi.ts.Word.run,clear_before_write,250,1,1,CLEAR t45. ... t45 ?= t50.
src/abap/2_statements/combi.ts.Word.run,clear_before_write,252,1,1,CLEAR t46. ... t46 = t47->z_member_token_ed4bfabc8c4cec.
src/abap/2_statements/combi.ts.Word.run,cast_temp,253,1,1,DATA(t47) = CAST z_src_abap_2_s_b6c5f651b292e5( t43 ).
src/abap/2_statements/combi.ts.Word.run,value_init_overwritten,255,1,1,DATA(t48) = VALUE i( ). ... t48 = t49->z_member_token_62f41b3bcb0bad.
src/abap/2_statements/combi.ts.Word.run,cast_temp,256,1,1,DATA(t49) = CAST z_src_abap_2_s_b6c5f651b292e5( t43 ).
src/abap/2_statements/combi.ts.Word.run,table_read_copy,261,1,1,READ TABLE t46->items INDEX t48 INTO t50. t45 ?= t50.
src/abap/2_statements/combi.ts.Word.run,cast_temp,262,1,1,t45 ?= t50. t42 = t45.
src/abap/2_statements/combi.ts.Word.run,temp_assign,264,1,1,t41 = NEW z_src_abap_nod_935d26003cb490( z_param_token_06f9e7a29ec34c = t42 ). t40 = t41.
src/abap/2_statements/combi.ts.Word.run,clear_before_write,269,1,1,CLEAR t52. ... t52 = t53->z_member_token_ed4bfabc8c4cec.
src/abap/2_statements/combi.ts.Word.run,cast_temp,270,1,1,DATA(t53) = CAST z_src_abap_2_s_b6c5f651b292e5( t38 ).
src/abap/2_statements/combi.ts.Word.run,value_init_overwritten,272,1,1,DATA(t54) = VALUE int8( ). ... t54 = t55 + t58.
src/abap/2_statements/combi.ts.Word.run,value_init_overwritten,273,1,1,DATA(t55) = VALUE int8( ). ... t55 = t56.
src/abap/2_statements/combi.ts.Word.run,value_init_overwritten,274,1,1,DATA(t56) = VALUE i( ). ... t56 = t57->z_member_token_62f41b3bcb0bad.
src/abap/2_statements/combi.ts.Word.run,cast_temp,275,1,1,DATA(t57) = CAST z_src_abap_2_s_b6c5f651b292e5( t38 ).
src/abap/2_statements/combi.ts.Word.run,temp_assign,276,1,1,t56 = t57->z_member_token_62f41b3bcb0bad. t55 = t56.
src/abap/2_statements/combi.ts.Word.run,literal_scalar,278,1,1,DATA(t58) = CONV int8( 1 ).
src/abap/2_statements/combi.ts.Word.run,literal_scalar,285,1,1,DATA(t60) = CONV abap_bool( abap_true ).
src/abap/2_statements/combi.ts.Word.run,clear_before_write,288,1,1,CLEAR t61. ... t61 = NEW z_src_abap_2_s_c435ad477cf33f( z_param_node_1324e81b8c7326 = t62 z_param_previo_4981fbd290610f = t63 ).
src/abap/2_statements/combi.ts.Word.run,cast_temp,289,1,1,DATA(t62) = CAST z_union_667199_4cf1d0543504ab( t40 ).
src/abap/2_statements/combi.ts.Word.run,clear_before_write,291,1,1,CLEAR t63. ... t63 = t64->z_member_nodes_022617c0b510ec.
src/abap/2_statements/combi.ts.Word.run,cast_temp,292,1,1,DATA(t64) = CAST z_src_abap_2_s_b6c5f651b292e5( t38 ).
src/abap/2_statements/combi.ts.Word.run,temp_assign,294,1,1,t61 = NEW z_src_abap_2_s_c435ad477cf33f( z_param_node_1324e81b8c7326 = t62 z_param_previo_4981fbd290610f = t63 ). t59 = t61.
src/abap/2_statements/combi.ts.Word.run,value_init_overwritten,301,1,1,DATA(t66) = VALUE int8( ). ... t66 = t67 + t69.
src/abap/2_statements/combi.ts.Word.run,value_init_overwritten,302,1,1,DATA(t67) = VALUE int8( ). ... t67 = t68->z_member_nodec_32889faa6e522a.
src/abap/2_statements/combi.ts.Word.run,cast_temp,303,1,1,DATA(t68) = CAST z_src_abap_2_s_b6c5f651b292e5( t38 ).
src/abap/2_statements/combi.ts.Word.run,literal_scalar,305,1,1,DATA(t69) = CONV int8( 1 ).
src/abap/2_statements/combi.ts.Word.run,temp_assign,310,1,1,t51 = z_src_abap_2_s_b6c5f651b292e5=>z_member_fromc_9d7b43515b1343( z_param_tokens_3a66ced5b5b26a = t52 z_param_tokeni_36bd2fa45d0f58 = t54 z_param_nodes_51988edc19892d = t59 z_param_nodeco_6f0a19763cdb2a = t66 ). t37 = t51.
src/abap/2_statements/combi.ts.Word.run,temp_assign,315,0,1,DATA(t70) = CAST z_runtime_arra_c22708faf2e354( t2 ). result = t70.
src/abap/2_statements/combi.ts.Word.run,return_copy,315,0,1,DATA(t70) = CAST z_runtime_arra_c22708faf2e354( t2 ). result = t70.
src/abap/2_statements/combi.ts.Word.run,cast_temp,315,0,1,DATA(t70) = CAST z_runtime_arra_c22708faf2e354( t2 ).
src/abap/2_statements/combi.ts.Word.run_one,range_bound_assignment,351,0,1,range_int8_bound_min = -9007199.
src/abap/2_statements/combi.ts.Word.run_one,range_bound_assignment,352,0,1,range_int8_bound_min = range_int8_bound_min * 1000000000.
src/abap/2_statements/combi.ts.Word.run_one,range_bound_assignment,353,0,1,range_int8_bound_min = range_int8_bound_min - 254740991.
src/abap/2_statements/combi.ts.Word.run_one,range_bound_assignment,354,0,1,range_int8_bound_max = 9007199.
src/abap/2_statements/combi.ts.Word.run_one,range_bound_assignment,355,0,1,range_int8_bound_max = range_int8_bound_max * 1000000000.
src/abap/2_statements/combi.ts.Word.run_one,range_bound_assignment,356,0,1,range_int8_bound_max = range_int8_bound_max + 254740991.
src/abap/2_statements/combi.ts.Word.run_one,cast_temp,357,0,1,DATA(t1) = CAST z_src_abap_2_s_b6c5f651b292e5( z_param_x_af55868a593612 ).
src/abap/2_statements/combi.ts.Word.run_one,clear_before_write,359,0,1,CLEAR t2. ... t2 = t3.
src/abap/2_statements/combi.ts.Word.run_one,clear_before_write,361,0,1,CLEAR t3. ... CREATE OBJECT t3.
src/abap/2_statements/combi.ts.Word.run_one,clear_before_write,365,0,1,CLEAR t4. ... t4 = t5.
src/abap/2_statements/combi.ts.Word.run_one,temp_assign,366,0,1,DATA(t5) = CAST z_src_abap_2_s_b6c5f651b292e5( t1 ). t4 = t5.
src/abap/2_statements/combi.ts.Word.run_one,cast_temp,366,0,1,DATA(t5) = CAST z_src_abap_2_s_b6c5f651b292e5( t1 ).
src/abap/2_statements/combi.ts.Word.run_one,clear_before_write,372,0,1,CLEAR t9. ... t9 = t10.
src/abap/2_statements/combi.ts.Word.run_one,temp_assign,373,0,1,DATA(t10) = CAST z_src_abap_2_s_b6c5f651b292e5( t4 ). t9 = t10.
src/abap/2_statements/combi.ts.Word.run_one,cast_temp,373,0,1,DATA(t10) = CAST z_src_abap_2_s_b6c5f651b292e5( t4 ).
src/abap/2_statements/combi.ts.Word.run_one,value_init_overwritten,375,0,1,DATA(t11) = VALUE int8( ). ... t11 = t12 - t16.
src/abap/2_statements/combi.ts.Word.run_one,value_init_overwritten,376,0,1,DATA(t12) = VALUE int8( ). ... t12 = t13.
src/abap/2_statements/combi.ts.Word.run_one,value_init_overwritten,377,0,1,DATA(t13) = VALUE i( ). ... t13 = lines( t14->items ).
src/abap/2_statements/combi.ts.Word.run_one,clear_before_write,379,0,1,CLEAR t14. ... t14 = t15->z_member_token_ed4bfabc8c4cec.
src/abap/2_statements/combi.ts.Word.run_one,cast_temp,380,0,1,DATA(t15) = CAST z_src_abap_2_s_b6c5f651b292e5( t9 ).
src/abap/2_statements/combi.ts.Word.run_one,temp_assign,382,0,1,t13 = lines( t14->items ). t12 = t13.
src/abap/2_statements/combi.ts.Word.run_one,value_init_overwritten,384,0,1,DATA(t16) = VALUE int8( ). ... t16 = t17.
src/abap/2_statements/combi.ts.Word.run_one,value_init_overwritten,385,0,1,DATA(t17) = VALUE i( ). ... t17 = t18->z_member_token_62f41b3bcb0bad.
src/abap/2_statements/combi.ts.Word.run_one,cast_temp,386,0,1,DATA(t18) = CAST z_src_abap_2_s_b6c5f651b292e5( t9 ).
src/abap/2_statements/combi.ts.Word.run_one,temp_assign,387,0,1,t17 = t18->z_member_token_62f41b3bcb0bad. t16 = t17.
src/abap/2_statements/combi.ts.Word.run_one,temp_argument,394,0,1,DATA(t19) = CONV int8( 0 ). t7 = xsdbool( t8 <> t19 ).
src/abap/2_statements/combi.ts.Word.run_one,literal_scalar,394,0,1,DATA(t19) = CONV int8( 0 ).
src/abap/2_statements/combi.ts.Word.run_one,value_init_overwritten,398,0,1,DATA(t20) = VALUE abap_bool( ). ... t20 = xsdbool( t21 = t34 ).
src/abap/2_statements/combi.ts.Word.run_one,value_init_overwritten,399,0,1,DATA(t21) = VALUE string( ). ... t21 = t32.
src/abap/2_statements/combi.ts.Word.run_one,clear_before_write,401,0,1,CLEAR t22. ... t22 = t23.
src/abap/2_statements/combi.ts.Word.run_one,clear_before_write,403,0,1,CLEAR t23. ... t23 = t26.
src/abap/2_statements/combi.ts.Word.run_one,clear_before_write,405,0,1,CLEAR t24. ... t24 = t25.
src/abap/2_statements/combi.ts.Word.run_one,temp_assign,406,0,1,DATA(t25) = CAST z_src_abap_2_s_b6c5f651b292e5( t4 ). t24 = t25.
src/abap/2_statements/combi.ts.Word.run_one,cast_temp,406,0,1,DATA(t25) = CAST z_src_abap_2_s_b6c5f651b292e5( t4 ).
src/abap/2_statements/combi.ts.Word.run_one,clear_before_write,409,0,1,CLEAR t26. ... t26 ?= t31.
src/abap/2_statements/combi.ts.Word.run_one,clear_before_write,411,0,1,CLEAR t27. ... t27 = t28->z_member_token_ed4bfabc8c4cec.
src/abap/2_statements/combi.ts.Word.run_one,cast_temp,412,0,1,DATA(t28) = CAST z_src_abap_2_s_b6c5f651b292e5( t24 ).
src/abap/2_statements/combi.ts.Word.run_one,value_init_overwritten,414,0,1,DATA(t29) = VALUE i( ). ... t29 = t30->z_member_token_62f41b3bcb0bad.
src/abap/2_statements/combi.ts.Word.run_one,cast_temp,415,0,1,DATA(t30) = CAST z_src_abap_2_s_b6c5f651b292e5( t24 ).
src/abap/2_statements/combi.ts.Word.run_one,table_read_copy,420,0,1,READ TABLE t27->items INDEX t29 INTO t31. t26 ?= t31.
src/abap/2_statements/combi.ts.Word.run_one,cast_temp,421,0,1,t26 ?= t31. t23 = t26.
src/abap/2_statements/combi.ts.Word.run_one,temp_assign,422,0,1,t23 = t26. t22 = t23.
src/abap/2_statements/combi.ts.Word.run_one,value_init_overwritten,424,0,1,DATA(t32) = VALUE string( ). ... t32 = t33->z_member_strup_d4c097dcba87bc.
src/abap/2_statements/combi.ts.Word.run_one,cast_temp,425,0,1,DATA(t33) = CAST z_src_abap_1_l_506101b34e5cc0( t22 ).
src/abap/2_statements/combi.ts.Word.run_one,temp_assign,426,0,1,t32 = t33->z_member_strup_d4c097dcba87bc. t21 = t32.
src/abap/2_statements/combi.ts.Word.run_one,temp_argument,428,0,1,DATA(t34) = CONV string( me->z_member_s_f3835518d3428a ). t20 = xsdbool( t21 = t34 ).
src/abap/2_statements/combi.ts.Word.run_one,temp_assign,429,0,1,t20 = xsdbool( t21 = t34 ). t6 = t20.
src/abap/2_statements/combi.ts.Word.run_one,cast_temp,433,0,1,DATA(t35) = CAST z_runtime_arra_c22708faf2e354( t2 ).
src/abap/2_statements/combi.ts.Word.run_one,clear_before_write,437,0,1,CLEAR t37. ... t37 = t38.
src/abap/2_statements/combi.ts.Word.run_one,temp_assign,438,0,1,DATA(t38) = CAST z_src_abap_2_s_b6c5f651b292e5( t4 ). t37 = t38.
src/abap/2_statements/combi.ts.Word.run_one,cast_temp,438,0,1,DATA(t38) = CAST z_src_abap_2_s_b6c5f651b292e5( t4 ).
src/abap/2_statements/combi.ts.Word.run_one,clear_before_write,441,0,1,CLEAR t39. ... t39 = t40.
src/abap/2_statements/combi.ts.Word.run_one,clear_before_write,443,0,1,CLEAR t40. ... t40 = NEW z_src_abap_nod_935d26003cb490( z_param_token_06f9e7a29ec34c = t41 ).
src/abap/2_statements/combi.ts.Word.run_one,clear_before_write,445,0,1,CLEAR t41. ... t41 = t44.
src/abap/2_statements/combi.ts.Word.run_one,clear_before_write,447,0,1,CLEAR t42. ... t42 = t43.
src/abap/2_statements/combi.ts.Word.run_one,temp_assign,448,0,1,DATA(t43) = CAST z_src_abap_2_s_b6c5f651b292e5( t4 ). t42 = t43.
src/abap/2_statements/combi.ts.Word.run_one,cast_temp,448,0,1,DATA(t43) = CAST z_src_abap_2_s_b6c5f651b292e5( t4 ).
src/abap/2_statements/combi.ts.Word.run_one,clear_before_write,451,0,1,CLEAR t44. ... t44 ?= t49.
src/abap/2_statements/combi.ts.Word.run_one,clear_before_write,453,0,1,CLEAR t45. ... t45 = t46->z_member_token_ed4bfabc8c4cec.
src/abap/2_statements/combi.ts.Word.run_one,cast_temp,454,0,1,DATA(t46) = CAST z_src_abap_2_s_b6c5f651b292e5( t42 ).
src/abap/2_statements/combi.ts.Word.run_one,value_init_overwritten,456,0,1,DATA(t47) = VALUE i( ). ... t47 = t48->z_member_token_62f41b3bcb0bad.
src/abap/2_statements/combi.ts.Word.run_one,cast_temp,457,0,1,DATA(t48) = CAST z_src_abap_2_s_b6c5f651b292e5( t42 ).
src/abap/2_statements/combi.ts.Word.run_one,table_read_copy,462,0,1,READ TABLE t45->items INDEX t47 INTO t49. t44 ?= t49.
src/abap/2_statements/combi.ts.Word.run_one,cast_temp,463,0,1,t44 ?= t49. t41 = t44.
src/abap/2_statements/combi.ts.Word.run_one,temp_assign,465,0,1,t40 = NEW z_src_abap_nod_935d26003cb490( z_param_token_06f9e7a29ec34c = t41 ). t39 = t40.
src/abap/2_statements/combi.ts.Word.run_one,clear_before_write,470,0,1,CLEAR t51. ... t51 = t52->z_member_token_ed4bfabc8c4cec.
src/abap/2_statements/combi.ts.Word.run_one,cast_temp,471,0,1,DATA(t52) = CAST z_src_abap_2_s_b6c5f651b292e5( t37 ).
src/abap/2_statements/combi.ts.Word.run_one,value_init_overwritten,473,0,1,DATA(t53) = VALUE int8( ). ... t53 = t54 + t57.
src/abap/2_statements/combi.ts.Word.run_one,value_init_overwritten,474,0,1,DATA(t54) = VALUE int8( ). ... t54 = t55.
src/abap/2_statements/combi.ts.Word.run_one,value_init_overwritten,475,0,1,DATA(t55) = VALUE i( ). ... t55 = t56->z_member_token_62f41b3bcb0bad.
src/abap/2_statements/combi.ts.Word.run_one,cast_temp,476,0,1,DATA(t56) = CAST z_src_abap_2_s_b6c5f651b292e5( t37 ).
src/abap/2_statements/combi.ts.Word.run_one,temp_assign,477,0,1,t55 = t56->z_member_token_62f41b3bcb0bad. t54 = t55.
src/abap/2_statements/combi.ts.Word.run_one,literal_scalar,479,0,1,DATA(t57) = CONV int8( 1 ).
src/abap/2_statements/combi.ts.Word.run_one,literal_scalar,486,0,1,DATA(t59) = CONV abap_bool( abap_true ).
src/abap/2_statements/combi.ts.Word.run_one,clear_before_write,489,0,1,CLEAR t60. ... t60 = NEW z_src_abap_2_s_c435ad477cf33f( z_param_node_1324e81b8c7326 = t61 z_param_previo_4981fbd290610f = t62 ).
src/abap/2_statements/combi.ts.Word.run_one,cast_temp,490,0,1,DATA(t61) = CAST z_union_667199_4cf1d0543504ab( t39 ).
src/abap/2_statements/combi.ts.Word.run_one,clear_before_write,492,0,1,CLEAR t62. ... t62 = t63->z_member_nodes_022617c0b510ec.
src/abap/2_statements/combi.ts.Word.run_one,cast_temp,493,0,1,DATA(t63) = CAST z_src_abap_2_s_b6c5f651b292e5( t37 ).
src/abap/2_statements/combi.ts.Word.run_one,temp_assign,495,0,1,t60 = NEW z_src_abap_2_s_c435ad477cf33f( z_param_node_1324e81b8c7326 = t61 z_param_previo_4981fbd290610f = t62 ). t58 = t60.
src/abap/2_statements/combi.ts.Word.run_one,value_init_overwritten,502,0,1,DATA(t65) = VALUE int8( ). ... t65 = t66 + t68.
src/abap/2_statements/combi.ts.Word.run_one,value_init_overwritten,503,0,1,DATA(t66) = VALUE int8( ). ... t66 = t67->z_member_nodec_32889faa6e522a.
src/abap/2_statements/combi.ts.Word.run_one,cast_temp,504,0,1,DATA(t67) = CAST z_src_abap_2_s_b6c5f651b292e5( t37 ).
src/abap/2_statements/combi.ts.Word.run_one,literal_scalar,506,0,1,DATA(t68) = CONV int8( 1 ).
src/abap/2_statements/combi.ts.Word.run_one,temp_assign,511,0,1,t50 = z_src_abap_2_s_b6c5f651b292e5=>z_member_fromc_9d7b43515b1343( z_param_tokens_3a66ced5b5b26a = t51 z_param_tokeni_36bd2fa45d0f58 = t53 z_param_nodes_51988edc19892d = t58 z_param_nodeco_6f0a19763cdb2a = t65 ). t36 = t50.
src/abap/2_statements/combi.ts.Word.run_one,temp_assign,515,0,1,DATA(t69) = CAST z_runtime_arra_c22708faf2e354( t2 ). result = t69.
src/abap/2_statements/combi.ts.Word.run_one,return_copy,515,0,1,DATA(t69) = CAST z_runtime_arra_c22708faf2e354( t2 ). result = t69.
src/abap/2_statements/combi.ts.Word.run_one,cast_temp,515,0,1,DATA(t69) = CAST z_runtime_arra_c22708faf2e354( t2 ).
src/abap/2_statements/result.ts.Result.constructor,range_bound_assignment,28,0,1,range_int_check_hi_zik0zj = 2147483647.
src/abap/2_statements/result.ts.Result.constructor,range_bound_assignment,30,0,1,range_int_check_lo_nzik0zk = -2147483648.
src/abap/2_statements/result.ts.Result.constructor,cast_temp,31,0,1,DATA(t1) = CAST z_runtime_arra_c22708faf2e354( z_param_tokens_3a66ced5b5b26a ).
src/abap/2_statements/result.ts.Result.constructor,temp_assign,40,0,1,t5 = t6. t4 = t5.
src/abap/2_statements/result.ts.Result.constructor,cast_temp,42,0,1,DATA(t7) = CAST z_runtime_arra_c22708faf2e354( t1 ).
src/abap/2_statements/result.ts.Result.constructor,literal_scalar,46,0,1,DATA(t9) = CONV int8( 0 ).
src/abap/2_statements/result.ts.Result.constructor,clear_before_write,50,0,1,CLEAR t11. ... t11 = t12.
src/abap/2_statements/result.ts.Result.constructor,temp_assign,51,0,1,DATA(t12) = CAST z_runtime_arra_c22708faf2e354( t3 ). t11 = t12.
src/abap/2_statements/result.ts.Result.constructor,cast_temp,51,0,1,DATA(t12) = CAST z_runtime_arra_c22708faf2e354( t3 ).
src/abap/2_statements/result.ts.Result.constructor,clear_before_write,54,0,1,CLEAR t13. ... t13 = t14.
src/abap/2_statements/result.ts.Result.constructor,cast_temp,60,0,1,DATA(t17) = CAST z_runtime_arra_c22708faf2e354( t11 ).
src/abap/2_statements/result.ts.Result.constructor,temp_assign,64,0,1,t15 = xsdbool( t16 = abap_false ). t10 = t15.
src/abap/2_statements/result.ts.Result.constructor,clear_before_write,68,0,1,CLEAR t18. ... t18 = t19.
src/abap/2_statements/result.ts.Result.constructor,temp_assign,69,0,1,DATA(t19) = CAST z_runtime_arra_c22708faf2e354( t3 ). t18 = t19.
src/abap/2_statements/result.ts.Result.constructor,cast_temp,69,0,1,DATA(t19) = CAST z_runtime_arra_c22708faf2e354( t3 ).
src/abap/2_statements/result.ts.Result.fromChain,cast_temp,75,0,1,DATA(t1) = CAST z_runtime_arra_c22708faf2e354( z_param_tokens_3a66ced5b5b26a ).
src/abap/2_statements/result.ts.Result.fromChain,cast_temp,77,0,1,DATA(t3) = CAST z_src_abap_2_s_c435ad477cf33f( z_param_nodes_51988edc19892d ).
src/abap/2_statements/result.ts.Result.fromChain,clear_before_write,80,0,1,CLEAR t5. ... t5 = t6.
src/abap/2_statements/result.ts.Result.fromChain,clear_before_write,82,0,1,CLEAR t6. ... t6 = NEW z_src_abap_2_s_b6c5f651b292e5( z_param_tokens_3a66ced5b5b26a = t7 z_param_tokeni_36bd2fa45d0f58 = t8 z_param_nodes_51988edc19892d = t9 ).
src/abap/2_statements/result.ts.Result.fromChain,cast_temp,83,0,1,DATA(t7) = CAST z_runtime_arra_c22708faf2e354( t1 ).
src/abap/2_statements/result.ts.Result.fromChain,temp_assign,87,0,1,t6 = NEW z_src_abap_2_s_b6c5f651b292e5( z_param_tokens_3a66ced5b5b26a = t7 z_param_tokeni_36bd2fa45d0f58 = t8 z_param_nodes_51988edc19892d = t9 ). t5 = t6.
src/abap/2_statements/result.ts.Result.fromChain,cast_temp,89,0,1,DATA(t10) = CAST z_src_abap_2_s_b6c5f651b292e5( t5 ).
src/abap/2_statements/result.ts.Result.fromChain,cast_temp,90,0,1,DATA(t11) = CAST z_src_abap_2_s_c435ad477cf33f( t3 ).
src/abap/2_statements/result.ts.Result.fromChain,cast_temp,92,0,1,DATA(t12) = CAST z_src_abap_2_s_b6c5f651b292e5( t5 ).
src/abap/2_statements/result.ts.Result.fromChain,temp_assign,95,0,1,DATA(t14) = CAST z_src_abap_2_s_b6c5f651b292e5( t5 ). result = t14.
src/abap/2_statements/result.ts.Result.fromChain,return_copy,95,0,1,DATA(t14) = CAST z_src_abap_2_s_b6c5f651b292e5( t5 ). result = t14.
src/abap/2_statements/result.ts.Result.fromChain,cast_temp,95,0,1,DATA(t14) = CAST z_src_abap_2_s_b6c5f651b292e5( t5 ).
src/abap/2_statements/result.ts.Result.getNodes,range_bound_assignment,347,0,1,range_int8_bound_min = -9007199.
src/abap/2_statements/result.ts.Result.getNodes,range_bound_assignment,348,0,1,range_int8_bound_min = range_int8_bound_min * 1000000000.
src/abap/2_statements/result.ts.Result.getNodes,range_bound_assignment,349,0,1,range_int8_bound_min = range_int8_bound_min - 254740991.
src/abap/2_statements/result.ts.Result.getNodes,range_bound_assignment,350,0,1,range_int8_bound_max = 9007199.
src/abap/2_statements/result.ts.Result.getNodes,range_bound_assignment,351,0,1,range_int8_bound_max = range_int8_bound_max * 1000000000.
src/abap/2_statements/result.ts.Result.getNodes,range_bound_assignment,352,0,1,range_int8_bound_max = range_int8_bound_max + 254740991.
src/abap/2_statements/result.ts.Result.getNodes,range_bound_assignment,354,0,1,range_int_check_hi_zik0zj = 2147483647.
src/abap/2_statements/result.ts.Result.getNodes,range_bound_assignment,356,0,1,range_int_check_lo_nzik0zk = -2147483648.
src/abap/2_statements/result.ts.Result.getNodes,clear_before_write,360,0,1,CLEAR t2. ... CREATE OBJECT t2.
src/abap/2_statements/result.ts.Result.getNodes,clear_before_write,377,0,1,CLEAR t6. ... t6 = t7.
src/abap/2_statements/result.ts.Result.getNodes,temp_assign,378,0,1,DATA(t7) = CAST z_src_abap_2_s_c435ad477cf33f( me->z_member_nodes_022617c0b510ec ). t6 = t7.
src/abap/2_statements/result.ts.Result.getNodes,cast_temp,378,0,1,DATA(t7) = CAST z_src_abap_2_s_c435ad477cf33f( me->z_member_nodes_022617c0b510ec ).
src/abap/2_statements/result.ts.Result.getNodes,value_init_overwritten,381,0,1,DATA(t9) = VALUE int8( ). ... t9 = t10 - t11.
src/abap/2_statements/result.ts.Result.getNodes,literal_scalar,383,0,1,DATA(t11) = CONV int8( 1 ).
src/abap/2_statements/result.ts.Result.getNodes,value_init_overwritten,390,1,1,DATA(t12) = VALUE abap_bool( ). ... t12 = xsdbool( t13 >= t14 ).
src/abap/2_statements/result.ts.Result.getNodes,temp_argument,392,1,1,DATA(t14) = CONV int8( 0 ). t12 = xsdbool( t13 >= t14 ).
src/abap/2_statements/result.ts.Result.getNodes,literal_scalar,392,1,1,DATA(t14) = CONV int8( 0 ).
src/abap/2_statements/result.ts.Result.getNodes,clear_before_write,399,1,1,CLEAR t16. ... t16 = t17.
src/abap/2_statements/result.ts.Result.getNodes,temp_assign,400,1,1,DATA(t17) = CAST z_src_abap_2_s_c435ad477cf33f( t6 ). t16 = t17.
src/abap/2_statements/result.ts.Result.getNodes,cast_temp,400,1,1,DATA(t17) = CAST z_src_abap_2_s_c435ad477cf33f( t6 ).
src/abap/2_statements/result.ts.Result.getNodes,clear_before_write,403,1,1,CLEAR t18. ... t18 = t19.
src/abap/2_statements/result.ts.Result.getNodes,cast_temp,408,1,1,DATA(t21) = CAST z_src_abap_2_s_c435ad477cf33f( t16 ).
src/abap/2_statements/result.ts.Result.getNodes,clear_before_write,424,1,1,CLEAR t25. ... t25 = t26->z_member_node_2140c8b32a9ed5.
src/abap/2_statements/result.ts.Result.getNodes,clear_before_write,426,1,1,CLEAR t26. ... t26 = t27.
src/abap/2_statements/result.ts.Result.getNodes,temp_assign,427,1,1,DATA(t27) = CAST z_src_abap_2_s_c435ad477cf33f( t6 ). t26 = t27.
src/abap/2_statements/result.ts.Result.getNodes,cast_temp,427,1,1,DATA(t27) = CAST z_src_abap_2_s_c435ad477cf33f( t6 ).
src/abap/2_statements/result.ts.Result.getNodes,clear_before_write,439,1,1,CLEAR t29. ... t29 = t30->z_member_previ_9b5a3993612e75.
src/abap/2_statements/result.ts.Result.getNodes,clear_before_write,441,1,1,CLEAR t30. ... t30 = t31.
src/abap/2_statements/result.ts.Result.getNodes,temp_assign,442,1,1,DATA(t31) = CAST z_src_abap_2_s_c435ad477cf33f( t6 ). t30 = t31.
src/abap/2_statements/result.ts.Result.getNodes,cast_temp,442,1,1,DATA(t31) = CAST z_src_abap_2_s_c435ad477cf33f( t6 ).
src/abap/2_statements/result.ts.Result.getNodes,temp_assign,444,1,1,t29 = t30->z_member_previ_9b5a3993612e75. t6 = t29.
src/abap/2_statements/result.ts.Result.getNodes,value_init_overwritten,446,1,1,DATA(t32) = VALUE int8( ). ... t32 = t33 - t34.
src/abap/2_statements/result.ts.Result.getNodes,literal_scalar,448,1,1,DATA(t34) = CONV int8( 1 ).
src/abap/2_statements/result.ts.Result.getNodes,temp_assign,455,0,1,DATA(t35) = CAST z_runtime_arra_c22708faf2e354( t1 ). result = t35.
src/abap/2_statements/result.ts.Result.getNodes,return_copy,455,0,1,DATA(t35) = CAST z_runtime_arra_c22708faf2e354( t1 ). result = t35.
src/abap/2_statements/result.ts.Result.getNodes,cast_temp,455,0,1,DATA(t35) = CAST z_runtime_arra_c22708faf2e354( t1 ).
src/abap/2_statements/result.ts.Result.getTokenIndex,literal_scalar,474,0,1,DATA(t2) = CONV string( |src/abap/2_statements/result.ts:105| ).
src/abap/2_statements/result.ts.Result.getTokens,literal_scalar,468,0,1,DATA(t2) = CONV string( |src/abap/2_statements/result.ts:101| ).
src/abap/2_statements/result.ts.Result.peek,clear_before_write,101,0,1,CLEAR t1. ... t1 ?= t4.
src/abap/2_statements/result.ts.Result.peek,cast_temp,102,0,1,DATA(t2) = CAST z_runtime_arra_c22708faf2e354( me->z_member_token_ed4bfabc8c4cec ).
src/abap/2_statements/result.ts.Result.peek,table_read_copy,107,0,1,READ TABLE t2->items INDEX t3 INTO t4. t1 ?= t4.
src/abap/2_statements/result.ts.Result.peek,cast_temp,108,0,1,t1 ?= t4. result = t1.
src/abap/2_statements/result.ts.Result.peekAt,range_bound_assignment,115,0,1,range_int8_bound_min = -9007199.
src/abap/2_statements/result.ts.Result.peekAt,range_bound_assignment,116,0,1,range_int8_bound_min = range_int8_bound_min * 1000000000.
src/abap/2_statements/result.ts.Result.peekAt,range_bound_assignment,117,0,1,range_int8_bound_min = range_int8_bound_min - 254740991.
src/abap/2_statements/result.ts.Result.peekAt,range_bound_assignment,118,0,1,range_int8_bound_max = 9007199.
src/abap/2_statements/result.ts.Result.peekAt,range_bound_assignment,119,0,1,range_int8_bound_max = range_int8_bound_max * 1000000000.
src/abap/2_statements/result.ts.Result.peekAt,range_bound_assignment,120,0,1,range_int8_bound_max = range_int8_bound_max + 254740991.
src/abap/2_statements/result.ts.Result.peekAt,range_bound_assignment,122,0,1,range_int_check_hi_zik0zj = 2147483647.
src/abap/2_statements/result.ts.Result.peekAt,range_bound_assignment,124,0,1,range_int_check_lo_nzik0zk = -2147483648.
src/abap/2_statements/result.ts.Result.peekAt,literal_scalar,128,0,1,DATA(t3) = CONV abap_bool( abap_true ).
src/abap/2_statements/result.ts.Result.peekAt,cast_temp,132,0,1,DATA(t5) = CAST z_runtime_arra_c22708faf2e354( me->z_member_token_ed4bfabc8c4cec ).
src/abap/2_statements/result.ts.Result.peekAt,value_init_overwritten,134,0,1,DATA(t7) = VALUE int8( ). ... t7 = t8 + t10.
src/abap/2_statements/result.ts.Result.peekAt,value_init_overwritten,135,0,1,DATA(t8) = VALUE int8( ). ... t8 = t9.
src/abap/2_statements/result.ts.Result.peekAt,temp_assign,136,0,1,DATA(t9) = CONV i( me->z_member_token_62f41b3bcb0bad ). t8 = t9.
src/abap/2_statements/result.ts.Result.peekAt,table_read_copy,150,0,1,READ TABLE t5->items INDEX t6 INTO t11. t4 ?= t11.
src/abap/2_statements/result.ts.Result.peekAt,cast_temp,151,0,1,t4 ?= t11. t2 = t4.
src/abap/2_statements/result.ts.Result.popNode,literal_scalar,340,0,1,DATA(t2) = CONV string( |src/abap/2_statements/result.ts:67| ).
src/abap/2_statements/result.ts.Result.remainingLength,range_bound_assignment,481,0,1,range_int8_bound_min = -9007199.
src/abap/2_statements/result.ts.Result.remainingLength,range_bound_assignment,482,0,1,range_int8_bound_min = range_int8_bound_min * 1000000000.
src/abap/2_statements/result.ts.Result.remainingLength,range_bound_assignment,483,0,1,range_int8_bound_min = range_int8_bound_min - 254740991.
src/abap/2_statements/result.ts.Result.remainingLength,range_bound_assignment,484,0,1,range_int8_bound_max = 9007199.
src/abap/2_statements/result.ts.Result.remainingLength,range_bound_assignment,485,0,1,range_int8_bound_max = range_int8_bound_max * 1000000000.
src/abap/2_statements/result.ts.Result.remainingLength,range_bound_assignment,486,0,1,range_int8_bound_max = range_int8_bound_max + 254740991.
src/abap/2_statements/result.ts.Result.remainingLength,value_init_overwritten,487,0,1,DATA(t1) = VALUE int8( ). ... t1 = t2 - t5.
src/abap/2_statements/result.ts.Result.remainingLength,value_init_overwritten,488,0,1,DATA(t2) = VALUE int8( ). ... t2 = t3.
src/abap/2_statements/result.ts.Result.remainingLength,value_init_overwritten,489,0,1,DATA(t3) = VALUE i( ). ... t3 = lines( t4->items ).
src/abap/2_statements/result.ts.Result.remainingLength,temp_argument,490,0,1,DATA(t4) = CAST z_runtime_arra_c22708faf2e354( me->z_member_token_ed4bfabc8c4cec ). t3 = lines( t4->items ).
src/abap/2_statements/result.ts.Result.remainingLength,receiver_copy,490,0,1,DATA(t4) = CAST z_runtime_arra_c22708faf2e354( me->z_member_token_ed4bfabc8c4cec ). t3 = lines( t4->items ).
src/abap/2_statements/result.ts.Result.remainingLength,cast_temp,490,0,1,DATA(t4) = CAST z_runtime_arra_c22708faf2e354( me->z_member_token_ed4bfabc8c4cec ).
src/abap/2_statements/result.ts.Result.remainingLength,temp_assign,491,0,1,t3 = lines( t4->items ). t2 = t3.
src/abap/2_statements/result.ts.Result.remainingLength,value_init_overwritten,493,0,1,DATA(t5) = VALUE int8( ). ... t5 = t6.
src/abap/2_statements/result.ts.Result.remainingLength,temp_assign,494,0,1,DATA(t6) = CONV i( me->z_member_token_62f41b3bcb0bad ). t5 = t6.
src/abap/2_statements/result.ts.Result.setNodes,literal_scalar,462,0,1,DATA(t3) = CONV string( |src/abap/2_statements/result.ts:92| ).
src/abap/2_statements/result.ts.Result.shift,range_bound_assignment,164,0,1,range_int8_bound_min = -9007199.
src/abap/2_statements/result.ts.Result.shift,range_bound_assignment,165,0,1,range_int8_bound_min = range_int8_bound_min * 1000000000.
src/abap/2_statements/result.ts.Result.shift,range_bound_assignment,166,0,1,range_int8_bound_min = range_int8_bound_min - 254740991.
src/abap/2_statements/result.ts.Result.shift,range_bound_assignment,167,0,1,range_int8_bound_max = 9007199.
src/abap/2_statements/result.ts.Result.shift,range_bound_assignment,168,0,1,range_int8_bound_max = range_int8_bound_max * 1000000000.
src/abap/2_statements/result.ts.Result.shift,range_bound_assignment,169,0,1,range_int8_bound_max = range_int8_bound_max + 254740991.
src/abap/2_statements/result.ts.Result.shift,cast_temp,170,0,1,DATA(t1) = CAST z_union_667199_4cf1d0543504ab( z_param_node_1324e81b8c7326 ).
src/abap/2_statements/result.ts.Result.shift,cast_temp,173,0,1,DATA(t3) = CAST z_runtime_arra_c22708faf2e354( me->z_member_token_ed4bfabc8c4cec ).
src/abap/2_statements/result.ts.Result.shift,value_init_overwritten,174,0,1,DATA(t4) = VALUE int8( ). ... t4 = t5 + t7.
src/abap/2_statements/result.ts.Result.shift,value_init_overwritten,175,0,1,DATA(t5) = VALUE int8( ). ... t5 = t6.
src/abap/2_statements/result.ts.Result.shift,temp_assign,176,0,1,DATA(t6) = CONV i( me->z_member_token_62f41b3bcb0bad ). t5 = t6.
src/abap/2_statements/result.ts.Result.shift,literal_scalar,178,0,1,DATA(t7) = CONV int8( 1 ).
src/abap/2_statements/result.ts.Result.shift,literal_scalar,185,0,1,DATA(t9) = CONV abap_bool( abap_true ).
src/abap/2_statements/result.ts.Result.shift,clear_before_write,188,0,1,CLEAR t10. ... t10 = NEW z_src_abap_2_s_c435ad477cf33f( z_param_node_1324e81b8c7326 = t11 z_param_previo_4981fbd290610f = t12 ).
src/abap/2_statements/result.ts.Result.shift,cast_temp,189,0,1,DATA(t11) = CAST z_union_667199_4cf1d0543504ab( t1 ).
src/abap/2_statements/result.ts.Result.shift,temp_argument,190,0,1,DATA(t12) = CAST z_src_abap_2_s_c435ad477cf33f( me->z_member_nodes_022617c0b510ec ). t10 = NEW z_src_abap_2_s_c435ad477cf33f( z_param_node_1324e81b8c7326 = t11 z_param_previo_4981fbd290610f = t12 ).
src/abap/2_statements/result.ts.Result.shift,cast_temp,190,0,1,DATA(t12) = CAST z_src_abap_2_s_c435ad477cf33f( me->z_member_nodes_022617c0b510ec ).
src/abap/2_statements/result.ts.Result.shift,temp_assign,191,0,1,t10 = NEW z_src_abap_2_s_c435ad477cf33f( z_param_node_1324e81b8c7326 = t11 z_param_previo_4981fbd290610f = t12 ). t8 = t10.
src/abap/2_statements/result.ts.Result.shift,value_init_overwritten,198,0,1,DATA(t14) = VALUE int8( ). ... t14 = t15 + t16.
src/abap/2_statements/result.ts.Result.shift,literal_scalar,200,0,1,DATA(t16) = CONV int8( 1 ).
src/abap/2_statements/result.ts.Result.shift,temp_assign,205,0,1,t2 = z_src_abap_2_s_b6c5f651b292e5=>z_member_fromc_9d7b43515b1343( z_param_tokens_3a66ced5b5b26a = t3 z_param_tokeni_36bd2fa45d0f58 = t4 z_param_nodes_51988edc19892d = t8 z_param_nodeco_6f0a19763cdb2a = t14 ). result = t2.
src/abap/2_statements/result.ts.Result.shift,return_copy,205,0,1,t2 = z_src_abap_2_s_b6c5f651b292e5=>z_member_fromc_9d7b43515b1343( z_param_tokens_3a66ced5b5b26a = t3 z_param_tokeni_36bd2fa45d0f58 = t4 z_param_nodes_51988edc19892d = t8 z_param_nodeco_6f0a19763cdb2a = t14 ). result = t2.
src/abap/2_statements/result.ts.Result.wrapConsumed,range_bound_assignment,212,0,1,range_int8_bound_min = -9007199.
src/abap/2_statements/result.ts.Result.wrapConsumed,range_bound_assignment,213,0,1,range_int8_bound_min = range_int8_bound_min * 1000000000.
src/abap/2_statements/result.ts.Result.wrapConsumed,range_bound_assignment,214,0,1,range_int8_bound_min = range_int8_bound_min - 254740991.
src/abap/2_statements/result.ts.Result.wrapConsumed,range_bound_assignment,215,0,1,range_int8_bound_max = 9007199.
src/abap/2_statements/result.ts.Result.wrapConsumed,range_bound_assignment,216,0,1,range_int8_bound_max = range_int8_bound_max * 1000000000.
src/abap/2_statements/result.ts.Result.wrapConsumed,range_bound_assignment,217,0,1,range_int8_bound_max = range_int8_bound_max + 254740991.
src/abap/2_statements/result.ts.Result.wrapConsumed,clear_before_write,221,0,1,CLEAR t3. ... t3 = t4.
src/abap/2_statements/result.ts.Result.wrapConsumed,temp_assign,222,0,1,DATA(t4) = CAST z_src_abap_2_s_c435ad477cf33f( me->z_member_nodes_022617c0b510ec ). t3 = t4.
src/abap/2_statements/result.ts.Result.wrapConsumed,cast_temp,222,0,1,DATA(t4) = CAST z_src_abap_2_s_c435ad477cf33f( me->z_member_nodes_022617c0b510ec ).
src/abap/2_statements/result.ts.Result.wrapConsumed,value_init_overwritten,224,0,1,DATA(t5) = VALUE int8( ). ... t5 = t6.
src/abap/2_statements/result.ts.Result.wrapConsumed,temp_assign,225,0,1,DATA(t6) = CONV int8( me->z_member_nodec_32889faa6e522a ). t5 = t6.
src/abap/2_statements/result.ts.Result.wrapConsumed,clear_before_write,228,0,1,CLEAR t7. ... t7 = t8.
src/abap/2_statements/result.ts.Result.wrapConsumed,clear_before_write,230,0,1,CLEAR t8. ... CREATE OBJECT t8.
src/abap/2_statements/result.ts.Result.wrapConsumed,value_init_overwritten,234,1,1,DATA(t9) = VALUE abap_bool( ). ... t9 = xsdbool( t10 > t11 ).
src/abap/2_statements/result.ts.Result.wrapConsumed,temp_argument,236,1,1,DATA(t11) = CONV int8( 0 ). t9 = xsdbool( t10 > t11 ).
src/abap/2_statements/result.ts.Result.wrapConsumed,literal_scalar,236,1,1,DATA(t11) = CONV int8( 0 ).
src/abap/2_statements/result.ts.Result.wrapConsumed,clear_before_write,243,1,1,CLEAR t13. ... t13 = t14.
src/abap/2_statements/result.ts.Result.wrapConsumed,temp_assign,244,1,1,DATA(t14) = CAST z_src_abap_2_s_c435ad477cf33f( t3 ). t13 = t14.
src/abap/2_statements/result.ts.Result.wrapConsumed,cast_temp,244,1,1,DATA(t14) = CAST z_src_abap_2_s_c435ad477cf33f( t3 ).
src/abap/2_statements/result.ts.Result.wrapConsumed,clear_before_write,247,1,1,CLEAR t15. ... t15 = t16.
src/abap/2_statements/result.ts.Result.wrapConsumed,cast_temp,252,1,1,DATA(t18) = CAST z_src_abap_2_s_c435ad477cf33f( t13 ).
src/abap/2_statements/result.ts.Result.wrapConsumed,cast_temp,260,1,1,DATA(t19) = CAST z_runtime_arra_c22708faf2e354( t7 ).
src/abap/2_statements/result.ts.Result.wrapConsumed,clear_before_write,262,1,1,CLEAR t20. ... t20 = t21->z_member_node_2140c8b32a9ed5.
src/abap/2_statements/result.ts.Result.wrapConsumed,clear_before_write,264,1,1,CLEAR t21. ... t21 = t22.
src/abap/2_statements/result.ts.Result.wrapConsumed,temp_assign,265,1,1,DATA(t22) = CAST z_src_abap_2_s_c435ad477cf33f( t3 ). t21 = t22.
src/abap/2_statements/result.ts.Result.wrapConsumed,cast_temp,265,1,1,DATA(t22) = CAST z_src_abap_2_s_c435ad477cf33f( t3 ).
src/abap/2_statements/result.ts.Result.wrapConsumed,value_init_overwritten,269,1,1,DATA(t23) = VALUE int8( ). ... t23 = t24 - t25.
src/abap/2_statements/result.ts.Result.wrapConsumed,value_init_overwritten,271,1,1,DATA(t25) = VALUE int8( ). ... t25 = t26->z_member_count_141758e0d2d375( ).
src/abap/2_statements/result.ts.Result.wrapConsumed,clear_before_write,273,1,1,CLEAR t26. ... t26 = t27->z_member_node_2140c8b32a9ed5.
src/abap/2_statements/result.ts.Result.wrapConsumed,clear_before_write,275,1,1,CLEAR t27. ... t27 = t28.
src/abap/2_statements/result.ts.Result.wrapConsumed,temp_assign,276,1,1,DATA(t28) = CAST z_src_abap_2_s_c435ad477cf33f( t3 ). t27 = t28.
src/abap/2_statements/result.ts.Result.wrapConsumed,cast_temp,276,1,1,DATA(t28) = CAST z_src_abap_2_s_c435ad477cf33f( t3 ).
src/abap/2_statements/result.ts.Result.wrapConsumed,clear_before_write,286,1,1,CLEAR t29. ... t29 = t30->z_member_previ_9b5a3993612e75.
src/abap/2_statements/result.ts.Result.wrapConsumed,clear_before_write,288,1,1,CLEAR t30. ... t30 = t31.
src/abap/2_statements/result.ts.Result.wrapConsumed,temp_assign,289,1,1,DATA(t31) = CAST z_src_abap_2_s_c435ad477cf33f( t3 ). t30 = t31.
src/abap/2_statements/result.ts.Result.wrapConsumed,cast_temp,289,1,1,DATA(t31) = CAST z_src_abap_2_s_c435ad477cf33f( t3 ).
src/abap/2_statements/result.ts.Result.wrapConsumed,temp_assign,291,1,1,t29 = t30->z_member_previ_9b5a3993612e75. t3 = t29.
src/abap/2_statements/result.ts.Result.wrapConsumed,value_init_overwritten,293,1,1,DATA(t32) = VALUE int8( ). ... t32 = t33 - t34.
src/abap/2_statements/result.ts.Result.wrapConsumed,literal_scalar,295,1,1,DATA(t34) = CONV int8( 1 ).
src/abap/2_statements/result.ts.Result.wrapConsumed,clear_before_write,303,0,1,CLEAR t35. ... t35 = t36->z_member_setch_8b290f46a4b28c( z_param_childr_9020c44e5b6ffa = t37 ).
src/abap/2_statements/result.ts.Result.wrapConsumed,cast_temp,304,0,1,DATA(t36) = CAST z_src_abap_nod_582169980ca52f( t2 ).
src/abap/2_statements/result.ts.Result.wrapConsumed,clear_before_write,306,0,1,CLEAR t37. ... t37 = t38->reverse( ).
src/abap/2_statements/result.ts.Result.wrapConsumed,temp_argument,307,0,1,DATA(t38) = CAST z_runtime_arra_c22708faf2e354( t7 ). t37 = t38->reverse( ).
src/abap/2_statements/result.ts.Result.wrapConsumed,receiver_copy,307,0,1,DATA(t38) = CAST z_runtime_arra_c22708faf2e354( t7 ). t37 = t38->reverse( ).
src/abap/2_statements/result.ts.Result.wrapConsumed,cast_temp,307,0,1,DATA(t38) = CAST z_runtime_arra_c22708faf2e354( t7 ).
src/abap/2_statements/result.ts.Result.wrapConsumed,literal_scalar,312,0,1,DATA(t40) = CONV abap_bool( abap_true ).
src/abap/2_statements/result.ts.Result.wrapConsumed,clear_before_write,315,0,1,CLEAR t41. ... t41 = NEW z_src_abap_2_s_c435ad477cf33f( z_param_node_1324e81b8c7326 = t42 z_param_previo_4981fbd290610f = t43 ).
src/abap/2_statements/result.ts.Result.wrapConsumed,cast_temp,316,0,1,DATA(t42) = CAST z_src_abap_nod_582169980ca52f( t2 ).
src/abap/2_statements/result.ts.Result.wrapConsumed,temp_argument,317,0,1,DATA(t43) = CAST z_src_abap_2_s_c435ad477cf33f( t3 ). t41 = NEW z_src_abap_2_s_c435ad477cf33f( z_param_node_1324e81b8c7326 = t42 z_param_previo_4981fbd290610f = t43 ).
src/abap/2_statements/result.ts.Result.wrapConsumed,cast_temp,317,0,1,DATA(t43) = CAST z_src_abap_2_s_c435ad477cf33f( t3 ).
src/abap/2_statements/result.ts.Result.wrapConsumed,temp_assign,318,0,1,t41 = NEW z_src_abap_2_s_c435ad477cf33f( z_param_node_1324e81b8c7326 = t42 z_param_previo_4981fbd290610f = t43 ). t39 = t41.
src/abap/2_statements/result.ts.Result.wrapConsumed,value_init_overwritten,326,0,1,DATA(t45) = VALUE int8( ). ... t45 = t46 + t47.
src/abap/2_statements/result.ts.Result.wrapConsumed,literal_scalar,328,0,1,DATA(t47) = CONV int8( 1 ).
src/abap/2_statements/result.ts.Result.wrapConsumed,temp_assign,334,0,1,DATA(t48) = CAST z_src_abap_2_s_b6c5f651b292e5( me ). result = t48.
src/abap/2_statements/result.ts.Result.wrapConsumed,return_copy,334,0,1,DATA(t48) = CAST z_src_abap_2_s_b6c5f651b292e5( me ). result = t48.
src/abap/2_statements/result.ts.Result.wrapConsumed,cast_temp,334,0,1,DATA(t48) = CAST z_src_abap_2_s_b6c5f651b292e5( me ).
src/abap/2_statements/statement_parser.ts.StatementParser.buildSplits,clear_before_write,658,0,1,CLEAR t2. ... t2 = t3.
src/abap/2_statements/statement_parser.ts.StatementParser.buildSplits,clear_before_write,660,0,1,CLEAR t3. ... CREATE OBJECT t3.
src/abap/2_statements/statement_parser.ts.StatementParser.buildSplits,clear_before_write,664,0,1,CLEAR t4. ... t4 = t5.
src/abap/2_statements/statement_parser.ts.StatementParser.buildSplits,clear_before_write,666,0,1,CLEAR t5. ... CREATE OBJECT t5.
src/abap/2_statements/statement_parser.ts.StatementParser.buildSplits,value_init_overwritten,669,0,1,DATA(t6) = VALUE int8( ). ... t6 = t7.
src/abap/2_statements/statement_parser.ts.StatementParser.buildSplits,value_init_overwritten,670,0,1,DATA(t7) = VALUE int8( ). ... t7 = t12.
src/abap/2_statements/statement_parser.ts.StatementParser.buildSplits,clear_before_write,672,0,1,CLEAR t8. ... t8 = t9.
src/abap/2_statements/statement_parser.ts.StatementParser.buildSplits,clear_before_write,674,0,1,CLEAR t9. ... t9 ?= t11.
src/abap/2_statements/statement_parser.ts.StatementParser.buildSplits,cast_temp,675,0,1,DATA(t10) = CAST z_runtime_arra_c22708faf2e354( t1 ).
src/abap/2_statements/statement_parser.ts.StatementParser.buildSplits,table_read_copy,678,0,1,READ TABLE t10->items INDEX 1 INTO t11. t9 ?= t11.
src/abap/2_statements/statement_parser.ts.StatementParser.buildSplits,cast_temp,679,0,1,t9 ?= t11. t8 = t9.
src/abap/2_statements/statement_parser.ts.StatementParser.buildSplits,value_init_overwritten,681,0,1,DATA(t12) = VALUE int8( ). ... t12 = t16.
src/abap/2_statements/statement_parser.ts.StatementParser.buildSplits,clear_before_write,683,0,1,CLEAR t13. ... t13 = t14.
src/abap/2_statements/statement_parser.ts.StatementParser.buildSplits,clear_before_write,685,0,1,CLEAR t14. ... t14 = t15->z_member_start_4dd113ee116862.
src/abap/2_statements/statement_parser.ts.StatementParser.buildSplits,cast_temp,686,0,1,DATA(t15) = CAST z_src_abap_1_l_506101b34e5cc0( t8 ).
src/abap/2_statements/statement_parser.ts.StatementParser.buildSplits,temp_assign,687,0,1,t14 = t15->z_member_start_4dd113ee116862. t13 = t14.
src/abap/2_statements/statement_parser.ts.StatementParser.buildSplits,value_init_overwritten,689,0,1,DATA(t16) = VALUE int8( ). ... t16 = t17->z_member_row_2dc5d934b27d6d.
src/abap/2_statements/statement_parser.ts.StatementParser.buildSplits,cast_temp,690,0,1,DATA(t17) = CAST z_src_position_90002a97f25e1e( t13 ).
src/abap/2_statements/statement_parser.ts.StatementParser.buildSplits,temp_assign,691,0,1,t16 = t17->z_member_row_2dc5d934b27d6d. t12 = t16.
src/abap/2_statements/statement_parser.ts.StatementParser.buildSplits,temp_assign,692,0,1,t12 = t16. t7 = t12.
src/abap/2_statements/statement_parser.ts.StatementParser.buildSplits,temp_assign,693,0,1,t7 = t12. t6 = t7.
src/abap/2_statements/statement_parser.ts.StatementParser.buildSplits,value_init_overwritten,695,0,1,DATA(t18) = VALUE i( ). ... t18 = t19.
src/abap/2_statements/statement_parser.ts.StatementParser.buildSplits,temp_assign,696,0,1,DATA(t19) = CONV i( '0' ). t18 = t19.
src/abap/2_statements/statement_parser.ts.StatementParser.buildSplits,literal_scalar,696,0,1,DATA(t19) = CONV i( '0' ).
src/abap/2_statements/statement_parser.ts.StatementParser.buildSplits,value_init_overwritten,699,1,1,DATA(t20) = VALUE abap_bool( ). ... t20 = xsdbool( t21 < t22 ).
src/abap/2_statements/statement_parser.ts.StatementParser.buildSplits,value_init_overwritten,701,1,1,DATA(t22) = VALUE i( ). ... t22 = lines( t23->items ).
src/abap/2_statements/statement_parser.ts.StatementParser.buildSplits,temp_argument,702,1,1,DATA(t23) = CAST z_runtime_arra_c22708faf2e354( t1 ). t22 = lines( t23->items ).
src/abap/2_statements/statement_parser.ts.StatementParser.buildSplits,receiver_copy,702,1,1,DATA(t23) = CAST z_runtime_arra_c22708faf2e354( t1 ). t22 = lines( t23->items ).
src/abap/2_statements/statement_parser.ts.StatementParser.buildSplits,cast_temp,702,1,1,DATA(t23) = CAST z_runtime_arra_c22708faf2e354( t1 ).
src/abap/2_statements/statement_parser.ts.StatementParser.buildSplits,value_init_overwritten,708,1,1,DATA(t24) = VALUE abap_bool( ). ... t24 = xsdbool( t25 <> t37 ).
src/abap/2_statements/statement_parser.ts.StatementParser.buildSplits,value_init_overwritten,709,1,1,DATA(t25) = VALUE int8( ). ... t25 = t31.
src/abap/2_statements/statement_parser.ts.StatementParser.buildSplits,clear_before_write,711,1,1,CLEAR t26. ... t26 = t27.
src/abap/2_statements/statement_parser.ts.StatementParser.buildSplits,clear_before_write,713,1,1,CLEAR t27. ... t27 ?= t30.
src/abap/2_statements/statement_parser.ts.StatementParser.buildSplits,cast_temp,714,1,1,DATA(t28) = CAST z_runtime_arra_c22708faf2e354( t1 ).
src/abap/2_statements/statement_parser.ts.StatementParser.buildSplits,table_read_copy,719,1,1,READ TABLE t28->items INDEX t29 INTO t30. t27 ?= t30.
src/abap/2_statements/statement_parser.ts.StatementParser.buildSplits,cast_temp,720,1,1,t27 ?= t30. t26 = t27.
src/abap/2_statements/statement_parser.ts.StatementParser.buildSplits,value_init_overwritten,722,1,1,DATA(t31) = VALUE int8( ). ... t31 = t35.
src/abap/2_statements/statement_parser.ts.StatementParser.buildSplits,clear_before_write,724,1,1,CLEAR t32. ... t32 = t33.
src/abap/2_statements/statement_parser.ts.StatementParser.buildSplits,clear_before_write,726,1,1,CLEAR t33. ... t33 = t34->z_member_start_4dd113ee116862.
src/abap/2_statements/statement_parser.ts.StatementParser.buildSplits,cast_temp,727,1,1,DATA(t34) = CAST z_src_abap_1_l_506101b34e5cc0( t26 ).
src/abap/2_statements/statement_parser.ts.StatementParser.buildSplits,temp_assign,728,1,1,t33 = t34->z_member_start_4dd113ee116862. t32 = t33.
src/abap/2_statements/statement_parser.ts.StatementParser.buildSplits,value_init_overwritten,730,1,1,DATA(t35) = VALUE int8( ). ... t35 = t36->z_member_row_2dc5d934b27d6d.
src/abap/2_statements/statement_parser.ts.StatementParser.buildSplits,cast_temp,731,1,1,DATA(t36) = CAST z_src_position_90002a97f25e1e( t32 ).
src/abap/2_statements/statement_parser.ts.StatementParser.buildSplits,temp_assign,732,1,1,t35 = t36->z_member_row_2dc5d934b27d6d. t31 = t35.
src/abap/2_statements/statement_parser.ts.StatementParser.buildSplits,temp_assign,733,1,1,t31 = t35. t25 = t31.
src/abap/2_statements/statement_parser.ts.StatementParser.buildSplits,temp_argument,735,1,1,DATA(t37) = CONV int8( t6 ). t24 = xsdbool( t25 <> t37 ).
src/abap/2_statements/statement_parser.ts.StatementParser.buildSplits,bool_if,736,1,1,t24 = xsdbool( t25 <> t37 ). IF t24 = abap_true.
src/abap/2_statements/statement_parser.ts.StatementParser.buildSplits,cast_temp,738,1,1,DATA(t38) = CAST z_runtime_arra_c22708faf2e354( t2 ).
src/abap/2_statements/statement_parser.ts.StatementParser.buildSplits,literal_scalar,743,1,1,DATA(t41) = CONV abap_bool( abap_true ).
src/abap/2_statements/statement_parser.ts.StatementParser.buildSplits,clear_before_write,746,1,1,CLEAR t42. ... t42 = t49.
src/abap/2_statements/statement_parser.ts.StatementParser.buildSplits,clear_before_write,748,1,1,CLEAR t43. ... t43 = t44.
src/abap/2_statements/statement_parser.ts.StatementParser.buildSplits,clear_before_write,750,1,1,CLEAR t44. ... CREATE OBJECT t44.
src/abap/2_statements/statement_parser.ts.StatementParser.buildSplits,clear_before_write,754,1,1,CLEAR t45. ... t45 = t46.
src/abap/2_statements/statement_parser.ts.StatementParser.buildSplits,clear_before_write,756,1,1,CLEAR t46. ... t46 = t47->concat( p0 = t48 ).
src/abap/2_statements/statement_parser.ts.StatementParser.buildSplits,cast_temp,757,1,1,DATA(t47) = CAST z_runtime_arra_c22708faf2e354( t43 ).
src/abap/2_statements/statement_parser.ts.StatementParser.buildSplits,temp_argument,758,1,1,DATA(t48) = CAST z_runtime_arra_c22708faf2e354( t4 ). t46 = t47->concat( p0 = t48 ).
src/abap/2_statements/statement_parser.ts.StatementParser.buildSplits,cast_temp,758,1,1,DATA(t48) = CAST z_runtime_arra_c22708faf2e354( t4 ).
src/abap/2_statements/statement_parser.ts.StatementParser.buildSplits,temp_assign,759,1,1,t46 = t47->concat( p0 = t48 ). t45 = t46.
src/abap/2_statements/statement_parser.ts.StatementParser.buildSplits,temp_assign,761,1,1,DATA(t49) = CAST z_runtime_arra_c22708faf2e354( t45 ). t42 = t49.
src/abap/2_statements/statement_parser.ts.StatementParser.buildSplits,cast_temp,761,1,1,DATA(t49) = CAST z_runtime_arra_c22708faf2e354( t45 ).
src/abap/2_statements/statement_parser.ts.StatementParser.buildSplits,temp_assign,762,1,1,t42 = t49. t40 = t42.
src/abap/2_statements/statement_parser.ts.StatementParser.buildSplits,literal_scalar,771,1,1,DATA(t52) = CONV abap_bool( abap_true ).
src/abap/2_statements/statement_parser.ts.StatementParser.buildSplits,clear_before_write,774,1,1,CLEAR t53. ... t53 = t54->splice1( p0 = t62 ).
src/abap/2_statements/statement_parser.ts.StatementParser.buildSplits,clear_before_write,776,1,1,CLEAR t54. ... t54 = t61.
src/abap/2_statements/statement_parser.ts.StatementParser.buildSplits,clear_before_write,778,1,1,CLEAR t55. ... t55 = t56.
src/abap/2_statements/statement_parser.ts.StatementParser.buildSplits,clear_before_write,780,1,1,CLEAR t56. ... CREATE OBJECT t56.
src/abap/2_statements/statement_parser.ts.StatementParser.buildSplits,clear_before_write,784,1,1,CLEAR t57. ... t57 = t58.
src/abap/2_statements/statement_parser.ts.StatementParser.buildSplits,clear_before_write,786,1,1,CLEAR t58. ... t58 = t59->concat( p0 = t60 ).
src/abap/2_statements/statement_parser.ts.StatementParser.buildSplits,cast_temp,787,1,1,DATA(t59) = CAST z_runtime_arra_c22708faf2e354( t55 ).
src/abap/2_statements/statement_parser.ts.StatementParser.buildSplits,temp_argument,788,1,1,DATA(t60) = CAST z_runtime_arra_c22708faf2e354( t1 ). t58 = t59->concat( p0 = t60 ).
src/abap/2_statements/statement_parser.ts.StatementParser.buildSplits,cast_temp,788,1,1,DATA(t60) = CAST z_runtime_arra_c22708faf2e354( t1 ).
src/abap/2_statements/statement_parser.ts.StatementParser.buildSplits,temp_assign,789,1,1,t58 = t59->concat( p0 = t60 ). t57 = t58.
src/abap/2_statements/statement_parser.ts.StatementParser.buildSplits,temp_assign,791,1,1,DATA(t61) = CAST z_runtime_arra_c22708faf2e354( t57 ). t54 = t61.
src/abap/2_statements/statement_parser.ts.StatementParser.buildSplits,cast_temp,791,1,1,DATA(t61) = CAST z_runtime_arra_c22708faf2e354( t57 ).
src/abap/2_statements/statement_parser.ts.StatementParser.buildSplits,temp_argument,793,1,1,DATA(t62) = CONV i( t18 ). t53 = t54->splice1( p0 = t62 ).
src/abap/2_statements/statement_parser.ts.StatementParser.buildSplits,temp_assign,794,1,1,t53 = t54->splice1( p0 = t62 ). t51 = t53.
src/abap/2_statements/statement_parser.ts.StatementParser.buildSplits,value_init_overwritten,804,1,1,DATA(t64) = VALUE int8( ). ... t64 = t70.
src/abap/2_statements/statement_parser.ts.StatementParser.buildSplits,clear_before_write,806,1,1,CLEAR t65. ... t65 = t66.
src/abap/2_statements/statement_parser.ts.StatementParser.buildSplits,clear_before_write,808,1,1,CLEAR t66. ... t66 ?= t69.
src/abap/2_statements/statement_parser.ts.StatementParser.buildSplits,cast_temp,809,1,1,DATA(t67) = CAST z_runtime_arra_c22708faf2e354( t1 ).
src/abap/2_statements/statement_parser.ts.StatementParser.buildSplits,table_read_copy,814,1,1,READ TABLE t67->items INDEX t68 INTO t69. t66 ?= t69.
src/abap/2_statements/statement_parser.ts.StatementParser.buildSplits,cast_temp,815,1,1,t66 ?= t69. t65 = t66.
src/abap/2_statements/statement_parser.ts.StatementParser.buildSplits,value_init_overwritten,817,1,1,DATA(t70) = VALUE int8( ). ... t70 = t74.
src/abap/2_statements/statement_parser.ts.StatementParser.buildSplits,clear_before_write,819,1,1,CLEAR t71. ... t71 = t72.
src/abap/2_statements/statement_parser.ts.StatementParser.buildSplits,clear_before_write,821,1,1,CLEAR t72. ... t72 = t73->z_member_start_4dd113ee116862.
src/abap/2_statements/statement_parser.ts.StatementParser.buildSplits,cast_temp,822,1,1,DATA(t73) = CAST z_src_abap_1_l_506101b34e5cc0( t65 ).
src/abap/2_statements/statement_parser.ts.StatementParser.buildSplits,temp_assign,823,1,1,t72 = t73->z_member_start_4dd113ee116862. t71 = t72.
src/abap/2_statements/statement_parser.ts.StatementParser.buildSplits,value_init_overwritten,825,1,1,DATA(t74) = VALUE int8( ). ... t74 = t75->z_member_row_2dc5d934b27d6d.
src/abap/2_statements/statement_parser.ts.StatementParser.buildSplits,cast_temp,826,1,1,DATA(t75) = CAST z_src_position_90002a97f25e1e( t71 ).
src/abap/2_statements/statement_parser.ts.StatementParser.buildSplits,temp_assign,827,1,1,t74 = t75->z_member_row_2dc5d934b27d6d. t70 = t74.
src/abap/2_statements/statement_parser.ts.StatementParser.buildSplits,temp_assign,828,1,1,t70 = t74. t64 = t70.
src/abap/2_statements/statement_parser.ts.StatementParser.buildSplits,temp_assign,829,1,1,t64 = t70. t6 = t64.
src/abap/2_statements/statement_parser.ts.StatementParser.buildSplits,cast_temp,831,1,1,DATA(t76) = CAST z_runtime_arra_c22708faf2e354( t4 ).
src/abap/2_statements/statement_parser.ts.StatementParser.buildSplits,clear_before_write,833,1,1,CLEAR t77. ... t77 ?= t80.
src/abap/2_statements/statement_parser.ts.StatementParser.buildSplits,cast_temp,834,1,1,DATA(t78) = CAST z_runtime_arra_c22708faf2e354( t1 ).
src/abap/2_statements/statement_parser.ts.StatementParser.buildSplits,table_read_copy,839,1,1,READ TABLE t78->items INDEX t79 INTO t80. t77 ?= t80.
src/abap/2_statements/statement_parser.ts.StatementParser.buildSplits,cast_temp,840,1,1,t77 ?= t80. APPEND t77 TO t76->items.
src/abap/2_statements/statement_parser.ts.StatementParser.buildSplits,value_init_overwritten,842,1,1,DATA(t81) = VALUE i( ). ... t81 = t82 + t83.
src/abap/2_statements/statement_parser.ts.StatementParser.buildSplits,literal_scalar,844,1,1,DATA(t83) = CONV i( '1' ).
src/abap/2_statements/statement_parser.ts.StatementParser.buildSplits,temp_assign,845,1,1,t81 = t82 + t83. t18 = t81.
src/abap/2_statements/statement_parser.ts.StatementParser.buildSplits,temp_assign,848,0,1,DATA(t84) = CAST z_runtime_arra_c22708faf2e354( t2 ). result = t84.
src/abap/2_statements/statement_parser.ts.StatementParser.buildSplits,return_copy,848,0,1,DATA(t84) = CAST z_runtime_arra_c22708faf2e354( t2 ). result = t84.
src/abap/2_statements/statement_parser.ts.StatementParser.buildSplits,cast_temp,848,0,1,DATA(t84) = CAST z_runtime_arra_c22708faf2e354( t2 ).
src/abap/2_statements/statement_parser.ts.StatementParser.categorize,clear_before_write,1212,0,1,CLEAR t2. ... t2 = t3.
src/abap/2_statements/statement_parser.ts.StatementParser.categorize,clear_before_write,1214,0,1,CLEAR t3. ... CREATE OBJECT t3.
src/abap/2_statements/statement_parser.ts.StatementParser.categorize,clear_before_write,1218,0,1,CLEAR t4. ... t4 = t5->z_member_state_9163ed41d98ddd.
src/abap/2_statements/statement_parser.ts.StatementParser.categorize,cast_temp,1219,0,1,DATA(t5) = CAST z_src_abap_2_s_4c81ce49a22dce( t1 ).
src/abap/2_statements/statement_parser.ts.StatementParser.categorize,cast_temp,1226,1,1,t6 ?= t7. DATA(t8) = CAST z_runtime_arra_c22708faf2e354( t2 ).
src/abap/2_statements/statement_parser.ts.StatementParser.categorize,cast_temp,1227,1,1,DATA(t8) = CAST z_runtime_arra_c22708faf2e354( t2 ).
src/abap/2_statements/statement_parser.ts.StatementParser.categorize,clear_before_write,1229,1,1,CLEAR t9. ... t9 = me->z_member_categ_aea4bdefbbe09b( z_param_input_967e31f857995e = t10 ).
src/abap/2_statements/statement_parser.ts.StatementParser.categorize,temp_argument,1230,1,1,DATA(t10) = CAST z_src_abap_nod_e445d254902ced( t6 ). t9 = me->z_member_categ_aea4bdefbbe09b( z_param_input_967e31f857995e = t10 ).
src/abap/2_statements/statement_parser.ts.StatementParser.categorize,cast_temp,1230,1,1,DATA(t10) = CAST z_src_abap_nod_e445d254902ced( t6 ).
src/abap/2_statements/statement_parser.ts.StatementParser.categorize,cast_temp,1234,0,1,DATA(t11) = CAST z_src_abap_2_s_4c81ce49a22dce( t1 ).
src/abap/2_statements/statement_parser.ts.StatementParser.categorize,cast_temp,1235,0,1,DATA(t12) = CAST z_runtime_arra_c22708faf2e354( t2 ).
src/abap/2_statements/statement_parser.ts.StatementParser.categorizeStatement,clear_before_write,1241,0,1,CLEAR t2. ... t2 = t3.
src/abap/2_statements/statement_parser.ts.StatementParser.categorizeStatement,temp_assign,1242,0,1,DATA(t3) = CAST z_src_abap_nod_e445d254902ced( t1 ). t2 = t3.
src/abap/2_statements/statement_parser.ts.StatementParser.categorizeStatement,cast_temp,1242,0,1,DATA(t3) = CAST z_src_abap_nod_e445d254902ced( t1 ).
src/abap/2_statements/statement_parser.ts.StatementParser.categorizeStatement,value_init_overwritten,1244,0,1,DATA(t4) = VALUE i( ). ... t4 = t5.
src/abap/2_statements/statement_parser.ts.StatementParser.categorizeStatement,value_init_overwritten,1245,0,1,DATA(t5) = VALUE i( ). ... t5 = lines( t6->items ).
src/abap/2_statements/statement_parser.ts.StatementParser.categorizeStatement,clear_before_write,1247,0,1,CLEAR t6. ... t6 ?= t7.
src/abap/2_statements/statement_parser.ts.StatementParser.categorizeStatement,clear_before_write,1249,0,1,CLEAR t7. ... t7 = t10.
src/abap/2_statements/statement_parser.ts.StatementParser.categorizeStatement,clear_before_write,1251,0,1,CLEAR t8. ... t8 = t9.
src/abap/2_statements/statement_parser.ts.StatementParser.categorizeStatement,temp_assign,1252,0,1,DATA(t9) = CAST z_src_abap_nod_e445d254902ced( t1 ). t8 = t9.
src/abap/2_statements/statement_parser.ts.StatementParser.categorizeStatement,cast_temp,1252,0,1,DATA(t9) = CAST z_src_abap_nod_e445d254902ced( t1 ).
src/abap/2_statements/statement_parser.ts.StatementParser.categorizeStatement,clear_before_write,1255,0,1,CLEAR t10. ... t10 = t11->z_member_child_a1f49843a49bd1.
src/abap/2_statements/statement_parser.ts.StatementParser.categorizeStatement,cast_temp,1256,0,1,DATA(t11) = CAST z_src_abap_nod_3c1e5605f7be31( t8 ).
src/abap/2_statements/statement_parser.ts.StatementParser.categorizeStatement,temp_assign,1257,0,1,t10 = t11->z_member_child_a1f49843a49bd1. t7 = t10.
src/abap/2_statements/statement_parser.ts.StatementParser.categorizeStatement,cast_temp,1259,0,1,t6 ?= t7. t5 = lines( t6->items ).
src/abap/2_statements/statement_parser.ts.StatementParser.categorizeStatement,temp_assign,1260,0,1,t5 = lines( t6->items ). t4 = t5.
src/abap/2_statements/statement_parser.ts.StatementParser.categorizeStatement,clear_before_write,1263,0,1,CLEAR t12. ... t12 = t13.
src/abap/2_statements/statement_parser.ts.StatementParser.categorizeStatement,clear_before_write,1265,0,1,CLEAR t13. ... t13 = t14->z_member_getla_9ba4a247c38ea9( ).
src/abap/2_statements/statement_parser.ts.StatementParser.categorizeStatement,temp_argument,1266,0,1,DATA(t14) = CAST z_src_abap_nod_e445d254902ced( t1 ). t13 = t14->z_member_getla_9ba4a247c38ea9( ).
src/abap/2_statements/statement_parser.ts.StatementParser.categorizeStatement,receiver_copy,1266,0,1,DATA(t14) = CAST z_src_abap_nod_e445d254902ced( t1 ). t13 = t14->z_member_getla_9ba4a247c38ea9( ).
src/abap/2_statements/statement_parser.ts.StatementParser.categorizeStatement,cast_temp,1266,0,1,DATA(t14) = CAST z_src_abap_nod_e445d254902ced( t1 ).
src/abap/2_statements/statement_parser.ts.StatementParser.categorizeStatement,temp_assign,1267,0,1,t13 = t14->z_member_getla_9ba4a247c38ea9( ). t12 = t13.
src/abap/2_statements/statement_parser.ts.StatementParser.categorizeStatement,value_init_overwritten,1269,0,1,DATA(t15) = VALUE abap_bool( ). ... t15 = t16.
src/abap/2_statements/statement_parser.ts.StatementParser.categorizeStatement,value_init_overwritten,1270,0,1,DATA(t16) = VALUE abap_bool( ). ... t16 = xsdbool( t17 IS BOUND AND t17 IS INSTANCE OF z_src_abap_1_l_eb674d40d7be44 ).
src/abap/2_statements/statement_parser.ts.StatementParser.categorizeStatement,temp_assign,1272,0,1,t16 = xsdbool( t17 IS BOUND AND t17 IS INSTANCE OF z_src_abap_1_l_eb674d40d7be44 ). t15 = t16.
src/abap/2_statements/statement_parser.ts.StatementParser.categorizeStatement,value_init_overwritten,1274,0,1,DATA(t18) = VALUE abap_bool( ). ... t18 = t19.
src/abap/2_statements/statement_parser.ts.StatementParser.categorizeStatement,value_init_overwritten,1275,0,1,DATA(t19) = VALUE abap_bool( ). ... t19 = xsdbool( t20 = t21 ).
src/abap/2_statements/statement_parser.ts.StatementParser.categorizeStatement,temp_argument,1277,0,1,DATA(t21) = CONV i( '1' ). t19 = xsdbool( t20 = t21 ).
src/abap/2_statements/statement_parser.ts.StatementParser.categorizeStatement,literal_scalar,1277,0,1,DATA(t21) = CONV i( '1' ).
src/abap/2_statements/statement_parser.ts.StatementParser.categorizeStatement,temp_assign,1281,0,1,DATA(t22) = CONV abap_bool( t15 ). t18 = t22.
src/abap/2_statements/statement_parser.ts.StatementParser.categorizeStatement,clear_before_write,1286,0,1,CLEAR t23. ... t23 = t24.
src/abap/2_statements/statement_parser.ts.StatementParser.categorizeStatement,clear_before_write,1288,0,1,CLEAR t24. ... t24 = t25->z_member_getto_78be2ed397daf0( ).
src/abap/2_statements/statement_parser.ts.StatementParser.categorizeStatement,temp_argument,1289,0,1,DATA(t25) = CAST z_src_abap_nod_e445d254902ced( t2 ). t24 = t25->z_member_getto_78be2ed397daf0( ).
src/abap/2_statements/statement_parser.ts.StatementParser.categorizeStatement,receiver_copy,1289,0,1,DATA(t25) = CAST z_src_abap_nod_e445d254902ced( t2 ). t24 = t25->z_member_getto_78be2ed397daf0( ).
src/abap/2_statements/statement_parser.ts.StatementParser.categorizeStatement,cast_temp,1289,0,1,DATA(t25) = CAST z_src_abap_nod_e445d254902ced( t2 ).
src/abap/2_statements/statement_parser.ts.StatementParser.categorizeStatement,temp_assign,1290,0,1,t24 = t25->z_member_getto_78be2ed397daf0( ). t23 = t24.
src/abap/2_statements/statement_parser.ts.StatementParser.categorizeStatement,clear_before_write,1293,0,1,CLEAR t26. ... t26 = t27->z_member_setch_22a4e757af9749( z_param_childr_9020c44e5b6ffa = t31 ).
src/abap/2_statements/statement_parser.ts.StatementParser.categorizeStatement,clear_before_write,1295,0,1,CLEAR t27. ... t27 = NEW z_src_abap_nod_e445d254902ced( z_param_statem_a93a3a61ab48a1 = t28 z_param_colon_efc6e029c59417 = t29 z_param_pragma_9ae3ad041053f6 = t30 ).
src/abap/2_statements/statement_parser.ts.StatementParser.categorizeStatement,clear_before_write,1303,0,1,CLEAR t31. ... t31 = me->z_member_token_ee139da5443484( z_param_tokens_3a66ced5b5b26a = t32 ).
src/abap/2_statements/statement_parser.ts.StatementParser.categorizeStatement,temp_argument,1304,0,1,DATA(t32) = CAST z_runtime_arra_c22708faf2e354( t23 ). t31 = me->z_member_token_ee139da5443484( z_param_tokens_3a66ced5b5b26a = t32 ).
src/abap/2_statements/statement_parser.ts.StatementParser.categorizeStatement,cast_temp,1304,0,1,DATA(t32) = CAST z_runtime_arra_c22708faf2e354( t23 ).
src/abap/2_statements/statement_parser.ts.StatementParser.categorizeStatement,temp_assign,1306,0,1,t26 = t27->z_member_setch_22a4e757af9749( z_param_childr_9020c44e5b6ffa = t31 ). t2 = t26.
src/abap/2_statements/statement_parser.ts.StatementParser.categorizeStatement,value_init_overwritten,1309,0,1,DATA(t33) = VALUE abap_bool( ). ... t33 = xsdbool( t34 IS BOUND AND t34 IS INSTANCE OF z_src_abap_2_s_c990227e6b7609 ).
src/abap/2_statements/statement_parser.ts.StatementParser.categorizeStatement,clear_before_write,1311,0,1,CLEAR t34. ... t34 = t35->z_member_get_i_d31d9d82ef6654( ).
src/abap/2_statements/statement_parser.ts.StatementParser.categorizeStatement,temp_argument,1312,0,1,DATA(t35) = CAST z_src_abap_nod_e445d254902ced( t2 ). t34 = t35->z_member_get_i_d31d9d82ef6654( ).
src/abap/2_statements/statement_parser.ts.StatementParser.categorizeStatement,receiver_copy,1312,0,1,DATA(t35) = CAST z_src_abap_nod_e445d254902ced( t2 ). t34 = t35->z_member_get_i_d31d9d82ef6654( ).
src/abap/2_statements/statement_parser.ts.StatementParser.categorizeStatement,cast_temp,1312,0,1,DATA(t35) = CAST z_src_abap_nod_e445d254902ced( t2 ).
src/abap/2_statements/statement_parser.ts.StatementParser.categorizeStatement,bool_if,1314,0,1,t33 = xsdbool( t34 IS BOUND AND t34 IS INSTANCE OF z_src_abap_2_s_c990227e6b7609 ). IF t33 = abap_true.
src/abap/2_statements/statement_parser.ts.StatementParser.categorizeStatement,clear_before_write,1319,0,1,CLEAR t37. ... t37 = me->z_member_match_497af1c2c3e97f( z_param_statem_a93a3a61ab48a1 = t38 ).
src/abap/2_statements/statement_parser.ts.StatementParser.categorizeStatement,temp_argument,1320,0,1,DATA(t38) = CAST z_src_abap_nod_e445d254902ced( t2 ). t37 = me->z_member_match_497af1c2c3e97f( z_param_statem_a93a3a61ab48a1 = t38 ).
src/abap/2_statements/statement_parser.ts.StatementParser.categorizeStatement,cast_temp,1320,0,1,DATA(t38) = CAST z_src_abap_nod_e445d254902ced( t2 ).
src/abap/2_statements/statement_parser.ts.StatementParser.categorizeStatement,temp_assign,1321,0,1,t37 = me->z_member_match_497af1c2c3e97f( z_param_statem_a93a3a61ab48a1 = t38 ). t2 = t37.
src/abap/2_statements/statement_parser.ts.StatementParser.categorizeStatement,value_init_overwritten,1324,0,1,DATA(t39) = VALUE abap_bool( ). ... t39 = xsdbool( t40 > t41 ).
src/abap/2_statements/statement_parser.ts.StatementParser.categorizeStatement,temp_argument,1326,0,1,DATA(t41) = CONV i( z_src_abap_2_s_73dc2c5ca921c9=>z_member_state_20eddd4f60b344 ). t39 = xsdbool( t40 > t41 ).
src/abap/2_statements/statement_parser.ts.StatementParser.categorizeStatement,bool_if,1327,0,1,t39 = xsdbool( t40 > t41 ). IF t39 = abap_true.
src/abap/2_statements/statement_parser.ts.StatementParser.categorizeStatement,temp_assign,1329,0,1,DATA(t42) = CAST z_src_abap_nod_e445d254902ced( t1 ). t2 = t42.
src/abap/2_statements/statement_parser.ts.StatementParser.categorizeStatement,cast_temp,1329,0,1,DATA(t42) = CAST z_src_abap_nod_e445d254902ced( t1 ).
src/abap/2_statements/statement_parser.ts.StatementParser.categorizeStatement,value_init_overwritten,1332,0,1,DATA(t43) = VALUE abap_bool( ). ... t43 = t44.
src/abap/2_statements/statement_parser.ts.StatementParser.categorizeStatement,value_init_overwritten,1333,0,1,DATA(t44) = VALUE abap_bool( ). ... t44 = xsdbool( t45 = t46 ).
src/abap/2_statements/statement_parser.ts.StatementParser.categorizeStatement,temp_argument,1335,0,1,DATA(t46) = CONV i( '1' ). t44 = xsdbool( t45 = t46 ).
src/abap/2_statements/statement_parser.ts.StatementParser.categorizeStatement,literal_scalar,1335,0,1,DATA(t46) = CONV i( '1' ).
src/abap/2_statements/statement_parser.ts.StatementParser.categorizeStatement,value_init_overwritten,1339,0,1,DATA(t47) = VALUE abap_bool( ). ... t47 = xsdbool( t48 IS BOUND AND t48 IS INSTANCE OF z_src_abap_1_l_7a3d03a814f6ff ).
src/abap/2_statements/statement_parser.ts.StatementParser.categorizeStatement,temp_assign,1341,0,1,t47 = xsdbool( t48 IS BOUND AND t48 IS INSTANCE OF z_src_abap_1_l_7a3d03a814f6ff ). t43 = t47.
src/abap/2_statements/statement_parser.ts.StatementParser.categorizeStatement,literal_scalar,1354,0,1,DATA(t54) = CONV abap_bool( abap_true ).
src/abap/2_statements/statement_parser.ts.StatementParser.categorizeStatement,clear_before_write,1357,0,1,CLEAR t55. ... t55 = t61.
src/abap/2_statements/statement_parser.ts.StatementParser.categorizeStatement,clear_before_write,1359,0,1,CLEAR t56. ... t56 = t57.
src/abap/2_statements/statement_parser.ts.StatementParser.categorizeStatement,clear_before_write,1361,0,1,CLEAR t57. ... CREATE OBJECT t57.
src/abap/2_statements/statement_parser.ts.StatementParser.categorizeStatement,cast_temp,1364,0,1,DATA(t58) = CAST z_runtime_arra_c22708faf2e354( t56 ).
src/abap/2_statements/statement_parser.ts.StatementParser.categorizeStatement,clear_before_write,1366,0,1,CLEAR t59. ... t59 ?= t60.
src/abap/2_statements/statement_parser.ts.StatementParser.categorizeStatement,cast_temp,1367,0,1,DATA(t60) = CAST z_src_abap_1_l_506101b34e5cc0( t12 ).
src/abap/2_statements/statement_parser.ts.StatementParser.categorizeStatement,cast_temp,1368,0,1,t59 ?= t60. APPEND t59 TO t58->items.
src/abap/2_statements/statement_parser.ts.StatementParser.categorizeStatement,temp_assign,1370,0,1,DATA(t61) = CAST z_runtime_arra_c22708faf2e354( t56 ). t55 = t61.
src/abap/2_statements/statement_parser.ts.StatementParser.categorizeStatement,cast_temp,1370,0,1,DATA(t61) = CAST z_runtime_arra_c22708faf2e354( t56 ).
src/abap/2_statements/statement_parser.ts.StatementParser.categorizeStatement,temp_assign,1371,0,1,t55 = t61. t53 = t55.
src/abap/2_statements/statement_parser.ts.StatementParser.categorizeStatement,clear_before_write,1380,0,1,CLEAR t63. ... t63 = t67.
src/abap/2_statements/statement_parser.ts.StatementParser.categorizeStatement,clear_before_write,1382,0,1,CLEAR t64. ... t64 = t65.
src/abap/2_statements/statement_parser.ts.StatementParser.categorizeStatement,clear_before_write,1384,0,1,CLEAR t65. ... t65 ?= t66.
src/abap/2_statements/statement_parser.ts.StatementParser.categorizeStatement,cast_temp,1385,0,1,DATA(t66) = CAST z_src_abap_1_l_506101b34e5cc0( t12 ).
src/abap/2_statements/statement_parser.ts.StatementParser.categorizeStatement,cast_temp,1386,0,1,t65 ?= t66. t64 = t65.
src/abap/2_statements/statement_parser.ts.StatementParser.categorizeStatement,clear_before_write,1389,0,1,CLEAR t67. ... t67 = t70.
src/abap/2_statements/statement_parser.ts.StatementParser.categorizeStatement,clear_before_write,1391,0,1,CLEAR t68. ... t68 = t69.
src/abap/2_statements/statement_parser.ts.StatementParser.categorizeStatement,clear_before_write,1393,0,1,CLEAR t69. ... CREATE OBJECT t69.
src/abap/2_statements/statement_parser.ts.StatementParser.categorizeStatement,clear_before_write,1397,0,1,CLEAR t70. ... t70 = t76.
src/abap/2_statements/statement_parser.ts.StatementParser.categorizeStatement,clear_before_write,1399,0,1,CLEAR t71. ... t71 = t72.
src/abap/2_statements/statement_parser.ts.StatementParser.categorizeStatement,temp_assign,1400,0,1,DATA(t72) = CAST z_src_abap_1_l_506101b34e5cc0( t64 ). t71 = t72.
src/abap/2_statements/statement_parser.ts.StatementParser.categorizeStatement,cast_temp,1400,0,1,DATA(t72) = CAST z_src_abap_1_l_506101b34e5cc0( t64 ).
src/abap/2_statements/statement_parser.ts.StatementParser.categorizeStatement,cast_temp,1402,0,1,DATA(t73) = CAST z_runtime_arra_c22708faf2e354( t68 ).
src/abap/2_statements/statement_parser.ts.StatementParser.categorizeStatement,clear_before_write,1404,0,1,CLEAR t74. ... t74 = NEW z_src_abap_nod_935d26003cb490( z_param_token_06f9e7a29ec34c = t75 ).
src/abap/2_statements/statement_parser.ts.StatementParser.categorizeStatement,temp_argument,1405,0,1,DATA(t75) = CAST z_src_abap_1_l_506101b34e5cc0( t71 ). t74 = NEW z_src_abap_nod_935d26003cb490( z_param_token_06f9e7a29ec34c = t75 ).
src/abap/2_statements/statement_parser.ts.StatementParser.categorizeStatement,cast_temp,1405,0,1,DATA(t75) = CAST z_src_abap_1_l_506101b34e5cc0( t71 ).
src/abap/2_statements/statement_parser.ts.StatementParser.categorizeStatement,temp_assign,1408,0,1,DATA(t76) = CAST z_runtime_arra_c22708faf2e354( t68 ). t70 = t76.
src/abap/2_statements/statement_parser.ts.StatementParser.categorizeStatement,cast_temp,1408,0,1,DATA(t76) = CAST z_runtime_arra_c22708faf2e354( t68 ).
src/abap/2_statements/statement_parser.ts.StatementParser.categorizeStatement,temp_assign,1409,0,1,t70 = t76. t67 = t70.
src/abap/2_statements/statement_parser.ts.StatementParser.categorizeStatement,temp_assign,1410,0,1,t67 = t70. t63 = t67.
src/abap/2_statements/statement_parser.ts.StatementParser.categorizeStatement,temp_assign,1412,0,1,t49 = t50->z_member_setch_22a4e757af9749( z_param_childr_9020c44e5b6ffa = t63 ). t2 = t49.
src/abap/2_statements/statement_parser.ts.StatementParser.categorizeStatement,temp_assign,1419,0,1,DATA(t77) = CAST z_src_abap_nod_e445d254902ced( t2 ). result = t77.
src/abap/2_statements/statement_parser.ts.StatementParser.categorizeStatement,return_copy,1419,0,1,DATA(t77) = CAST z_src_abap_nod_e445d254902ced( t2 ). result = t77.
src/abap/2_statements/statement_parser.ts.StatementParser.categorizeStatement,cast_temp,1419,0,1,DATA(t77) = CAST z_src_abap_nod_e445d254902ced( t2 ).
src/abap/2_statements/statement_parser.ts.StatementParser.constructor,cast_temp,29,0,1,DATA(t1) = CAST z_src_version__711983d3861a36( z_param_releas_79281afaf90da0 ).
src/abap/2_statements/statement_parser.ts.StatementParser.constructor,cast_temp,30,0,1,DATA(t2) = CAST z_src__iregist_f2763f2ccbcc49( z_param_reg_f149b44218b3bb ).
src/abap/2_statements/statement_parser.ts.StatementParser.constructor,literal_scalar,40,0,1,DATA(t6) = CONV string( |Normal| ).
src/abap/2_statements/statement_parser.ts.StatementParser.constructor,value_init_overwritten,46,0,1,DATA(t8) = VALUE abap_bool( ). ... t8 = xsdbool( t9 = abap_false ).
src/abap/2_statements/statement_parser.ts.StatementParser.constructor,value_init_overwritten,47,0,1,DATA(t9) = VALUE abap_bool( ). ... t9 = xsdbool( t10 IS BOUND ).
src/abap/2_statements/statement_parser.ts.StatementParser.constructor,temp_argument,48,0,1,DATA(t10) = CAST z_src_abap_2_s_ae66e7a3c47085( z_src_abap_2_s_133beb1c8ec314=>z_member_map_dd23ae04a8f1b1 ). t9 = xsdbool( t10 IS BOUND ).
src/abap/2_statements/statement_parser.ts.StatementParser.constructor,cast_temp,48,0,1,DATA(t10) = CAST z_src_abap_2_s_ae66e7a3c47085( z_src_abap_2_s_133beb1c8ec314=>z_member_map_dd23ae04a8f1b1 ).
src/abap/2_statements/statement_parser.ts.StatementParser.constructor,bool_if,50,0,1,t8 = xsdbool( t9 = abap_false ). IF t8 = abap_true.
src/abap/2_statements/statement_parser.ts.StatementParser.constructor,cast_temp,55,0,1,DATA(t12) = CAST z_src_version__711983d3861a36( t1 ).
src/abap/2_statements/statement_parser.ts.StatementParser.constructor,value_init_overwritten,57,0,1,DATA(t13) = VALUE string( ). ... t13 = t14->value.
src/abap/2_statements/statement_parser.ts.StatementParser.constructor,cast_temp,58,0,1,DATA(t14) = CAST z_runtime_opti_4ba3bdccd169bb( t3 ).
src/abap/2_statements/statement_parser.ts.StatementParser.constructor,cast_temp,61,0,1,DATA(t15) = CAST z_src__iregist_f2763f2ccbcc49( t2 ).
src/abap/2_statements/statement_parser.ts.StatementParser.lazyUnknown,clear_before_write,265,0,1,CLEAR t2. ... t2 = t3.
src/abap/2_statements/statement_parser.ts.StatementParser.lazyUnknown,clear_before_write,267,0,1,CLEAR t3. ... CREATE OBJECT t3.
src/abap/2_statements/statement_parser.ts.StatementParser.lazyUnknown,clear_before_write,271,0,1,CLEAR t4. ... t4 = t5->z_member_state_9163ed41d98ddd.
src/abap/2_statements/statement_parser.ts.StatementParser.lazyUnknown,cast_temp,272,0,1,DATA(t5) = CAST z_src_abap_2_s_4c81ce49a22dce( t1 ).
src/abap/2_statements/statement_parser.ts.StatementParser.lazyUnknown,value_init_overwritten,280,1,1,DATA(t8) = VALUE abap_bool( ). ... t8 = xsdbool( t9 IS BOUND AND t9 IS INSTANCE OF z_src_abap_2_s_c990227e6b7609 ).
src/abap/2_statements/statement_parser.ts.StatementParser.lazyUnknown,clear_before_write,282,1,1,CLEAR t9. ... t9 = t10->z_member_get_i_d31d9d82ef6654( ).
src/abap/2_statements/statement_parser.ts.StatementParser.lazyUnknown,temp_argument,283,1,1,DATA(t10) = CAST z_src_abap_nod_e445d254902ced( t6 ). t9 = t10->z_member_get_i_d31d9d82ef6654( ).
src/abap/2_statements/statement_parser.ts.StatementParser.lazyUnknown,receiver_copy,283,1,1,DATA(t10) = CAST z_src_abap_nod_e445d254902ced( t6 ). t9 = t10->z_member_get_i_d31d9d82ef6654( ).
src/abap/2_statements/statement_parser.ts.StatementParser.lazyUnknown,cast_temp,283,1,1,DATA(t10) = CAST z_src_abap_nod_e445d254902ced( t6 ).
src/abap/2_statements/statement_parser.ts.StatementParser.lazyUnknown,bool_if,285,1,1,t8 = xsdbool( t9 IS BOUND AND t9 IS INSTANCE OF z_src_abap_2_s_c990227e6b7609 ). IF t8 = abap_true.
src/abap/2_statements/statement_parser.ts.StatementParser.lazyUnknown,value_init_overwritten,287,1,1,DATA(t11) = VALUE string( ). ... t11 = t12.
src/abap/2_statements/statement_parser.ts.StatementParser.lazyUnknown,value_init_overwritten,288,1,1,DATA(t12) = VALUE string( ). ... t12 = t13.
src/abap/2_statements/statement_parser.ts.StatementParser.lazyUnknown,value_init_overwritten,289,1,1,DATA(t13) = VALUE string( ). ... t13 = t14->z_member_conca_3dcb2677b6781c( ).
src/abap/2_statements/statement_parser.ts.StatementParser.lazyUnknown,temp_argument,290,1,1,DATA(t14) = CAST z_src_abap_nod_e445d254902ced( t6 ). t13 = t14->z_member_conca_3dcb2677b6781c( ).
src/abap/2_statements/statement_parser.ts.StatementParser.lazyUnknown,receiver_copy,290,1,1,DATA(t14) = CAST z_src_abap_nod_e445d254902ced( t6 ). t13 = t14->z_member_conca_3dcb2677b6781c( ).
src/abap/2_statements/statement_parser.ts.StatementParser.lazyUnknown,cast_temp,290,1,1,DATA(t14) = CAST z_src_abap_nod_e445d254902ced( t6 ).
src/abap/2_statements/statement_parser.ts.StatementParser.lazyUnknown,literal_scalar,406,1,1,DATA(t24) = CONV string( |CALL METHOD | ).
src/abap/2_statements/statement_parser.ts.StatementParser.lazyUnknown,value_init_overwritten,408,1,1,DATA(t26) = VALUE i( ). ... t26 = strlen( t24 ).
src/abap/2_statements/statement_parser.ts.StatementParser.lazyUnknown,temp_argument,421,1,1,DATA(t29) = CONV abap_bool( abap_false ). t21 = xsdbool( t22 = t29 ).
src/abap/2_statements/statement_parser.ts.StatementParser.lazyUnknown,literal_scalar,421,1,1,DATA(t29) = CONV abap_bool( abap_false ).
src/abap/2_statements/statement_parser.ts.StatementParser.lazyUnknown,literal_scalar,428,1,1,DATA(t33) = CONV string( |RAISE EXCEPTION TYPE | ).
src/abap/2_statements/statement_parser.ts.StatementParser.lazyUnknown,value_init_overwritten,430,1,1,DATA(t35) = VALUE i( ). ... t35 = strlen( t33 ).
src/abap/2_statements/statement_parser.ts.StatementParser.lazyUnknown,temp_argument,443,1,1,DATA(t38) = CONV abap_bool( abap_false ). t30 = xsdbool( t31 = t38 ).
src/abap/2_statements/statement_parser.ts.StatementParser.lazyUnknown,literal_scalar,443,1,1,DATA(t38) = CONV abap_bool( abap_false ).
src/abap/2_statements/statement_parser.ts.StatementParser.lazyUnknown,temp_assign,444,1,1,t30 = xsdbool( t31 = t38 ). t20 = t30.
src/abap/2_statements/statement_parser.ts.StatementParser.lazyUnknown,literal_scalar,452,1,1,DATA(t42) = CONV string( |READ TABLE | ).
src/abap/2_statements/statement_parser.ts.StatementParser.lazyUnknown,value_init_overwritten,454,1,1,DATA(t44) = VALUE i( ). ... t44 = strlen( t42 ).
src/abap/2_statements/statement_parser.ts.StatementParser.lazyUnknown,temp_argument,467,1,1,DATA(t47) = CONV abap_bool( abap_false ). t39 = xsdbool( t40 = t47 ).
src/abap/2_statements/statement_parser.ts.StatementParser.lazyUnknown,literal_scalar,467,1,1,DATA(t47) = CONV abap_bool( abap_false ).
src/abap/2_statements/statement_parser.ts.StatementParser.lazyUnknown,temp_assign,468,1,1,t39 = xsdbool( t40 = t47 ). t19 = t39.
src/abap/2_statements/statement_parser.ts.StatementParser.lazyUnknown,literal_scalar,476,1,1,DATA(t51) = CONV string( |LOOP AT | ).
src/abap/2_statements/statement_parser.ts.StatementParser.lazyUnknown,value_init_overwritten,478,1,1,DATA(t53) = VALUE i( ). ... t53 = strlen( t51 ).
src/abap/2_statements/statement_parser.ts.StatementParser.lazyUnknown,temp_argument,491,1,1,DATA(t56) = CONV abap_bool( abap_false ). t48 = xsdbool( t49 = t56 ).
src/abap/2_statements/statement_parser.ts.StatementParser.lazyUnknown,literal_scalar,491,1,1,DATA(t56) = CONV abap_bool( abap_false ).
src/abap/2_statements/statement_parser.ts.StatementParser.lazyUnknown,temp_assign,492,1,1,t48 = xsdbool( t49 = t56 ). t18 = t48.
src/abap/2_statements/statement_parser.ts.StatementParser.lazyUnknown,literal_scalar,500,1,1,DATA(t60) = CONV string( |SELECT SINGLE | ).
src/abap/2_statements/statement_parser.ts.StatementParser.lazyUnknown,value_init_overwritten,502,1,1,DATA(t62) = VALUE i( ). ... t62 = strlen( t60 ).
src/abap/2_statements/statement_parser.ts.StatementParser.lazyUnknown,temp_argument,515,1,1,DATA(t65) = CONV abap_bool( abap_false ). t57 = xsdbool( t58 = t65 ).
src/abap/2_statements/statement_parser.ts.StatementParser.lazyUnknown,literal_scalar,515,1,1,DATA(t65) = CONV abap_bool( abap_false ).
src/abap/2_statements/statement_parser.ts.StatementParser.lazyUnknown,temp_assign,516,1,1,t57 = xsdbool( t58 = t65 ). t17 = t57.
src/abap/2_statements/statement_parser.ts.StatementParser.lazyUnknown,literal_scalar,524,1,1,DATA(t69) = CONV string( |CALL FUNCTION | ).
src/abap/2_statements/statement_parser.ts.StatementParser.lazyUnknown,value_init_overwritten,526,1,1,DATA(t71) = VALUE i( ). ... t71 = strlen( t69 ).
src/abap/2_statements/statement_parser.ts.StatementParser.lazyUnknown,temp_argument,539,1,1,DATA(t74) = CONV abap_bool( abap_false ). t66 = xsdbool( t67 = t74 ).
src/abap/2_statements/statement_parser.ts.StatementParser.lazyUnknown,literal_scalar,539,1,1,DATA(t74) = CONV abap_bool( abap_false ).
src/abap/2_statements/statement_parser.ts.StatementParser.lazyUnknown,temp_assign,540,1,1,t66 = xsdbool( t67 = t74 ). t16 = t66.
src/abap/2_statements/statement_parser.ts.StatementParser.lazyUnknown,clear_before_write,545,1,1,CLEAR t75. ... t75 = me->z_member_build_6105188c97623d( z_param_tokens_3a66ced5b5b26a = t76 ).
src/abap/2_statements/statement_parser.ts.StatementParser.lazyUnknown,clear_before_write,547,1,1,CLEAR t76. ... t76 = t77->z_member_getto_78be2ed397daf0( ).
src/abap/2_statements/statement_parser.ts.StatementParser.lazyUnknown,temp_argument,548,1,1,DATA(t77) = CAST z_src_abap_nod_e445d254902ced( t6 ). t76 = t77->z_member_getto_78be2ed397daf0( ).
src/abap/2_statements/statement_parser.ts.StatementParser.lazyUnknown,receiver_copy,548,1,1,DATA(t77) = CAST z_src_abap_nod_e445d254902ced( t6 ). t76 = t77->z_member_getto_78be2ed397daf0( ).
src/abap/2_statements/statement_parser.ts.StatementParser.lazyUnknown,cast_temp,548,1,1,DATA(t77) = CAST z_src_abap_nod_e445d254902ced( t6 ).
src/abap/2_statements/statement_parser.ts.StatementParser.lazyUnknown,clear_before_write,558,2,1,CLEAR t80. ... t80 = t81.
src/abap/2_statements/statement_parser.ts.StatementParser.lazyUnknown,clear_before_write,560,2,1,CLEAR t81. ... t81 = t82->z_member_first_8d87896c21eb17.
src/abap/2_statements/statement_parser.ts.StatementParser.lazyUnknown,cast_temp,561,2,1,DATA(t82) = CAST z_shape_473586_63d6a1817ae64e( t78 ).
src/abap/2_statements/statement_parser.ts.StatementParser.lazyUnknown,temp_assign,562,2,1,t81 = t82->z_member_first_8d87896c21eb17. t80 = t81.
src/abap/2_statements/statement_parser.ts.StatementParser.lazyUnknown,clear_before_write,565,2,1,CLEAR t83. ... t83 = t84.
src/abap/2_statements/statement_parser.ts.StatementParser.lazyUnknown,clear_before_write,567,2,1,CLEAR t84. ... t84 = t85->z_member_secon_2f41ca3986312a.
src/abap/2_statements/statement_parser.ts.StatementParser.lazyUnknown,cast_temp,568,2,1,DATA(t85) = CAST z_shape_473586_63d6a1817ae64e( t78 ).
src/abap/2_statements/statement_parser.ts.StatementParser.lazyUnknown,temp_assign,569,2,1,t84 = t85->z_member_secon_2f41ca3986312a. t83 = t84.
src/abap/2_statements/statement_parser.ts.StatementParser.lazyUnknown,value_init_overwritten,571,2,1,DATA(t86) = VALUE abap_bool( ). ... t86 = xsdbool( t87 = t89 ).
src/abap/2_statements/statement_parser.ts.StatementParser.lazyUnknown,value_init_overwritten,572,2,1,DATA(t87) = VALUE i( ). ... t87 = lines( t88->items ).
src/abap/2_statements/statement_parser.ts.StatementParser.lazyUnknown,temp_argument,573,2,1,DATA(t88) = CAST z_runtime_arra_c22708faf2e354( t83 ). t87 = lines( t88->items ).
src/abap/2_statements/statement_parser.ts.StatementParser.lazyUnknown,receiver_copy,573,2,1,DATA(t88) = CAST z_runtime_arra_c22708faf2e354( t83 ). t87 = lines( t88->items ).
src/abap/2_statements/statement_parser.ts.StatementParser.lazyUnknown,cast_temp,573,2,1,DATA(t88) = CAST z_runtime_arra_c22708faf2e354( t83 ).
src/abap/2_statements/statement_parser.ts.StatementParser.lazyUnknown,temp_argument,575,2,1,DATA(t89) = CONV i( '1' ). t86 = xsdbool( t87 = t89 ).
src/abap/2_statements/statement_parser.ts.StatementParser.lazyUnknown,literal_scalar,575,2,1,DATA(t89) = CONV i( '1' ).
src/abap/2_statements/statement_parser.ts.StatementParser.lazyUnknown,bool_if,576,2,1,t86 = xsdbool( t87 = t89 ). IF t86 = abap_true.
src/abap/2_statements/statement_parser.ts.StatementParser.lazyUnknown,clear_before_write,581,2,1,CLEAR t90. ... t90 = t91.
src/abap/2_statements/statement_parser.ts.StatementParser.lazyUnknown,clear_before_write,583,2,1,CLEAR t91. ... t91 = me->z_member_categ_aea4bdefbbe09b( z_param_input_967e31f857995e = t92 ).
src/abap/2_statements/statement_parser.ts.StatementParser.lazyUnknown,clear_before_write,585,2,1,CLEAR t92. ... t92 = t93->z_member_setch_22a4e757af9749( z_param_childr_9020c44e5b6ffa = t97 ).
src/abap/2_statements/statement_parser.ts.StatementParser.lazyUnknown,clear_before_write,587,2,1,CLEAR t93. ... t93 = NEW z_src_abap_nod_e445d254902ced( z_param_statem_a93a3a61ab48a1 = t94 z_param_colon_efc6e029c59417 = t95 z_param_pragma_9ae3ad041053f6 = t96 ).
src/abap/2_statements/statement_parser.ts.StatementParser.lazyUnknown,clear_before_write,595,2,1,CLEAR t97. ... t97 = me->z_member_token_ee139da5443484( z_param_tokens_3a66ced5b5b26a = t98 ).
src/abap/2_statements/statement_parser.ts.StatementParser.lazyUnknown,temp_argument,596,2,1,DATA(t98) = CAST z_runtime_arra_c22708faf2e354( t83 ). t97 = me->z_member_token_ee139da5443484( z_param_tokens_3a66ced5b5b26a = t98 ).
src/abap/2_statements/statement_parser.ts.StatementParser.lazyUnknown,cast_temp,596,2,1,DATA(t98) = CAST z_runtime_arra_c22708faf2e354( t83 ).
src/abap/2_statements/statement_parser.ts.StatementParser.lazyUnknown,temp_assign,599,2,1,t91 = me->z_member_categ_aea4bdefbbe09b( z_param_input_967e31f857995e = t92 ). t90 = t91.
src/abap/2_statements/statement_parser.ts.StatementParser.lazyUnknown,value_init_overwritten,601,2,1,DATA(t99) = VALUE abap_bool( ). ... t99 = t100.
src/abap/2_statements/statement_parser.ts.StatementParser.lazyUnknown,value_init_overwritten,602,2,1,DATA(t100) = VALUE abap_bool( ). ... t100 = xsdbool( t101 = abap_false ).
src/abap/2_statements/statement_parser.ts.StatementParser.lazyUnknown,value_init_overwritten,603,2,1,DATA(t101) = VALUE abap_bool( ). ... t101 = xsdbool( t102 IS BOUND AND t102 IS INSTANCE OF z_src_abap_2_s_c990227e6b7609 ).
src/abap/2_statements/statement_parser.ts.StatementParser.lazyUnknown,clear_before_write,605,2,1,CLEAR t102. ... t102 = t103->z_member_get_i_d31d9d82ef6654( ).
src/abap/2_statements/statement_parser.ts.StatementParser.lazyUnknown,temp_argument,606,2,1,DATA(t103) = CAST z_src_abap_nod_e445d254902ced( t90 ). t102 = t103->z_member_get_i_d31d9d82ef6654( ).
src/abap/2_statements/statement_parser.ts.StatementParser.lazyUnknown,receiver_copy,606,2,1,DATA(t103) = CAST z_src_abap_nod_e445d254902ced( t90 ). t102 = t103->z_member_get_i_d31d9d82ef6654( ).
src/abap/2_statements/statement_parser.ts.StatementParser.lazyUnknown,cast_temp,606,2,1,DATA(t103) = CAST z_src_abap_nod_e445d254902ced( t90 ).
src/abap/2_statements/statement_parser.ts.StatementParser.lazyUnknown,value_init_overwritten,612,2,1,DATA(t104) = VALUE abap_bool( ). ... t104 = xsdbool( t105 = abap_false ).
src/abap/2_statements/statement_parser.ts.StatementParser.lazyUnknown,value_init_overwritten,613,2,1,DATA(t105) = VALUE abap_bool( ). ... t105 = xsdbool( t106 IS BOUND AND t106 IS INSTANCE OF z_src_abap_2_s_22c45e442b8391 ).
src/abap/2_statements/statement_parser.ts.StatementParser.lazyUnknown,clear_before_write,615,2,1,CLEAR t106. ... t106 = t107->z_member_get_i_d31d9d82ef6654( ).
src/abap/2_statements/statement_parser.ts.StatementParser.lazyUnknown,temp_argument,616,2,1,DATA(t107) = CAST z_src_abap_nod_e445d254902ced( t90 ). t106 = t107->z_member_get_i_d31d9d82ef6654( ).
src/abap/2_statements/statement_parser.ts.StatementParser.lazyUnknown,receiver_copy,616,2,1,DATA(t107) = CAST z_src_abap_nod_e445d254902ced( t90 ). t106 = t107->z_member_get_i_d31d9d82ef6654( ).
src/abap/2_statements/statement_parser.ts.StatementParser.lazyUnknown,cast_temp,616,2,1,DATA(t107) = CAST z_src_abap_nod_e445d254902ced( t90 ).
src/abap/2_statements/statement_parser.ts.StatementParser.lazyUnknown,temp_assign,619,2,1,t104 = xsdbool( t105 = abap_false ). t99 = t104.
src/abap/2_statements/statement_parser.ts.StatementParser.lazyUnknown,cast_temp,623,2,1,DATA(t108) = CAST z_runtime_arra_c22708faf2e354( t2 ).
src/abap/2_statements/statement_parser.ts.StatementParser.lazyUnknown,clear_before_write,625,2,1,CLEAR t109. ... t109 = t110->z_member_setch_22a4e757af9749( z_param_childr_9020c44e5b6ffa = t114 ).
src/abap/2_statements/statement_parser.ts.StatementParser.lazyUnknown,clear_before_write,627,2,1,CLEAR t110. ... t110 = NEW z_src_abap_nod_e445d254902ced( z_param_statem_a93a3a61ab48a1 = t111 z_param_colon_efc6e029c59417 = t112 z_param_pragma_9ae3ad041053f6 = t113 ).
src/abap/2_statements/statement_parser.ts.StatementParser.lazyUnknown,clear_before_write,635,2,1,CLEAR t114. ... t114 = me->z_member_token_ee139da5443484( z_param_tokens_3a66ced5b5b26a = t115 ).
src/abap/2_statements/statement_parser.ts.StatementParser.lazyUnknown,temp_argument,636,2,1,DATA(t115) = CAST z_runtime_arra_c22708faf2e354( t80 ). t114 = me->z_member_token_ee139da5443484( z_param_tokens_3a66ced5b5b26a = t115 ).
src/abap/2_statements/statement_parser.ts.StatementParser.lazyUnknown,cast_temp,636,2,1,DATA(t115) = CAST z_runtime_arra_c22708faf2e354( t80 ).
src/abap/2_statements/statement_parser.ts.StatementParser.lazyUnknown,temp_assign,640,2,1,DATA(t116) = CAST z_src_abap_nod_e445d254902ced( t90 ). t6 = t116.
src/abap/2_statements/statement_parser.ts.StatementParser.lazyUnknown,cast_temp,640,2,1,DATA(t116) = CAST z_src_abap_nod_e445d254902ced( t90 ).
src/abap/2_statements/statement_parser.ts.StatementParser.lazyUnknown,cast_temp,647,1,1,DATA(t117) = CAST z_runtime_arra_c22708faf2e354( t2 ).
src/abap/2_statements/statement_parser.ts.StatementParser.lazyUnknown,cast_temp,648,1,1,DATA(t118) = CAST z_src_abap_nod_e445d254902ced( t6 ).
src/abap/2_statements/statement_parser.ts.StatementParser.lazyUnknown,cast_temp,651,0,1,DATA(t119) = CAST z_src_abap_2_s_4c81ce49a22dce( t1 ).
src/abap/2_statements/statement_parser.ts.StatementParser.lazyUnknown,cast_temp,652,0,1,DATA(t120) = CAST z_runtime_arra_c22708faf2e354( t2 ).
src/abap/2_statements/statement_parser.ts.StatementParser.match,clear_before_write,1606,0,1,CLEAR t2. ... t2 = t3.
src/abap/2_statements/statement_parser.ts.StatementParser.match,clear_before_write,1608,0,1,CLEAR t3. ... t3 = t4->z_member_getto_78be2ed397daf0( ).
src/abap/2_statements/statement_parser.ts.StatementParser.match,temp_argument,1609,0,1,DATA(t4) = CAST z_src_abap_nod_e445d254902ced( t1 ). t3 = t4->z_member_getto_78be2ed397daf0( ).
src/abap/2_statements/statement_parser.ts.StatementParser.match,receiver_copy,1609,0,1,DATA(t4) = CAST z_src_abap_nod_e445d254902ced( t1 ). t3 = t4->z_member_getto_78be2ed397daf0( ).
src/abap/2_statements/statement_parser.ts.StatementParser.match,cast_temp,1609,0,1,DATA(t4) = CAST z_src_abap_nod_e445d254902ced( t1 ).
src/abap/2_statements/statement_parser.ts.StatementParser.match,temp_assign,1610,0,1,t3 = t4->z_member_getto_78be2ed397daf0( ). t2 = t3.
src/abap/2_statements/statement_parser.ts.StatementParser.match,clear_before_write,1613,0,1,CLEAR t5. ... t5 = t6.
src/abap/2_statements/statement_parser.ts.StatementParser.match,clear_before_write,1615,0,1,CLEAR t6. ... t6 = me->z_member_remov_4306230a820280( z_param_tokens_3a66ced5b5b26a = t7 ).
src/abap/2_statements/statement_parser.ts.StatementParser.match,temp_argument,1616,0,1,DATA(t7) = CAST z_runtime_arra_c22708faf2e354( t2 ). t6 = me->z_member_remov_4306230a820280( z_param_tokens_3a66ced5b5b26a = t7 ).
src/abap/2_statements/statement_parser.ts.StatementParser.match,cast_temp,1616,0,1,DATA(t7) = CAST z_runtime_arra_c22708faf2e354( t2 ).
src/abap/2_statements/statement_parser.ts.StatementParser.match,temp_assign,1617,0,1,t6 = me->z_member_remov_4306230a820280( z_param_tokens_3a66ced5b5b26a = t7 ). t5 = t6.
src/abap/2_statements/statement_parser.ts.StatementParser.match,clear_before_write,1620,0,1,CLEAR t8. ... t8 = t9.
src/abap/2_statements/statement_parser.ts.StatementParser.match,clear_before_write,1622,0,1,CLEAR t9. ... t9 = t10->z_member_token_ed4bfabc8c4cec.
src/abap/2_statements/statement_parser.ts.StatementParser.match,cast_temp,1623,0,1,DATA(t10) = CAST z_shape_1349f3_c7bfd3d6c3d88d( t5 ).
src/abap/2_statements/statement_parser.ts.StatementParser.match,temp_assign,1624,0,1,t9 = t10->z_member_token_ed4bfabc8c4cec. t8 = t9.
src/abap/2_statements/statement_parser.ts.StatementParser.match,clear_before_write,1627,0,1,CLEAR t11. ... t11 = t12.
src/abap/2_statements/statement_parser.ts.StatementParser.match,clear_before_write,1629,0,1,CLEAR t12. ... t12 = t13->z_member_pragm_8c5f53070cdbd1.
src/abap/2_statements/statement_parser.ts.StatementParser.match,cast_temp,1630,0,1,DATA(t13) = CAST z_shape_1349f3_c7bfd3d6c3d88d( t5 ).
src/abap/2_statements/statement_parser.ts.StatementParser.match,temp_assign,1631,0,1,t12 = t13->z_member_pragm_8c5f53070cdbd1. t11 = t12.
src/abap/2_statements/statement_parser.ts.StatementParser.match,value_init_overwritten,1633,0,1,DATA(t14) = VALUE abap_bool( ). ... t14 = xsdbool( t15 = t17 ).
src/abap/2_statements/statement_parser.ts.StatementParser.match,value_init_overwritten,1634,0,1,DATA(t15) = VALUE i( ). ... t15 = lines( t16->items ).
src/abap/2_statements/statement_parser.ts.StatementParser.match,temp_argument,1635,0,1,DATA(t16) = CAST z_runtime_arra_c22708faf2e354( t8 ). t15 = lines( t16->items ).
src/abap/2_statements/statement_parser.ts.StatementParser.match,receiver_copy,1635,0,1,DATA(t16) = CAST z_runtime_arra_c22708faf2e354( t8 ). t15 = lines( t16->items ).
src/abap/2_statements/statement_parser.ts.StatementParser.match,cast_temp,1635,0,1,DATA(t16) = CAST z_runtime_arra_c22708faf2e354( t8 ).
src/abap/2_statements/statement_parser.ts.StatementParser.match,temp_argument,1637,0,1,DATA(t17) = CONV i( '0' ). t14 = xsdbool( t15 = t17 ).
src/abap/2_statements/statement_parser.ts.StatementParser.match,literal_scalar,1637,0,1,DATA(t17) = CONV i( '0' ).
src/abap/2_statements/statement_parser.ts.StatementParser.match,bool_if,1638,0,1,t14 = xsdbool( t15 = t17 ). IF t14 = abap_true.
src/abap/2_statements/statement_parser.ts.StatementParser.match,clear_before_write,1641,0,1,CLEAR t18. ... t18 = t19->z_member_setch_22a4e757af9749( z_param_childr_9020c44e5b6ffa = t23 ).
src/abap/2_statements/statement_parser.ts.StatementParser.match,clear_before_write,1643,0,1,CLEAR t19. ... t19 = NEW z_src_abap_nod_e445d254902ced( z_param_statem_a93a3a61ab48a1 = t20 z_param_colon_efc6e029c59417 = t21 z_param_pragma_9ae3ad041053f6 = t22 ).
src/abap/2_statements/statement_parser.ts.StatementParser.match,clear_before_write,1651,0,1,CLEAR t23. ... t23 = me->z_member_token_ee139da5443484( z_param_tokens_3a66ced5b5b26a = t24 ).
src/abap/2_statements/statement_parser.ts.StatementParser.match,temp_argument,1652,0,1,DATA(t24) = CAST z_runtime_arra_c22708faf2e354( t2 ). t23 = me->z_member_token_ee139da5443484( z_param_tokens_3a66ced5b5b26a = t24 ).
src/abap/2_statements/statement_parser.ts.StatementParser.match,cast_temp,1652,0,1,DATA(t24) = CAST z_runtime_arra_c22708faf2e354( t2 ).
src/abap/2_statements/statement_parser.ts.StatementParser.match,temp_assign,1654,0,1,t18 = t19->z_member_setch_22a4e757af9749( z_param_childr_9020c44e5b6ffa = t23 ). result = t18.
src/abap/2_statements/statement_parser.ts.StatementParser.match,return_copy,1654,0,1,t18 = t19->z_member_setch_22a4e757af9749( z_param_childr_9020c44e5b6ffa = t23 ). result = t18.
src/abap/2_statements/statement_parser.ts.StatementParser.match,clear_before_write,1659,0,1,CLEAR t25. ... t25 = t26->z_member_looku_352043b2d34900( z_param_str_b4492f271a40dd = t27 ).
src/abap/2_statements/statement_parser.ts.StatementParser.match,cast_temp,1660,0,1,DATA(t26) = CAST z_src_abap_2_s_ae66e7a3c47085( z_src_abap_2_s_133beb1c8ec314=>z_member_map_dd23ae04a8f1b1 ).
src/abap/2_statements/statement_parser.ts.StatementParser.match,value_init_overwritten,1661,0,1,DATA(t27) = VALUE string( ). ... t27 = t32.
src/abap/2_statements/statement_parser.ts.StatementParser.match,clear_before_write,1663,0,1,CLEAR t28. ... t28 = t29.
src/abap/2_statements/statement_parser.ts.StatementParser.match,clear_before_write,1665,0,1,CLEAR t29. ... t29 ?= t31.
src/abap/2_statements/statement_parser.ts.StatementParser.match,cast_temp,1666,0,1,DATA(t30) = CAST z_runtime_arra_c22708faf2e354( t8 ).
src/abap/2_statements/statement_parser.ts.StatementParser.match,table_read_copy,1669,0,1,READ TABLE t30->items INDEX 1 INTO t31. t29 ?= t31.
src/abap/2_statements/statement_parser.ts.StatementParser.match,cast_temp,1670,0,1,t29 ?= t31. t28 = t29.
src/abap/2_statements/statement_parser.ts.StatementParser.match,value_init_overwritten,1672,0,1,DATA(t32) = VALUE string( ). ... t32 = t33->z_member_str_36e44b82e4af28.
src/abap/2_statements/statement_parser.ts.StatementParser.match,cast_temp,1673,0,1,DATA(t33) = CAST z_src_abap_1_l_506101b34e5cc0( t28 ).
src/abap/2_statements/statement_parser.ts.StatementParser.match,temp_assign,1674,0,1,t32 = t33->z_member_str_36e44b82e4af28. t27 = t32.
src/abap/2_statements/statement_parser.ts.StatementParser.match,clear_before_write,1688,1,1,CLEAR t38. ... t38 = t39.
src/abap/2_statements/statement_parser.ts.StatementParser.match,clear_before_write,1690,1,1,CLEAR t39. ... t39 = t40->z_member_match_73a95351950243.
src/abap/2_statements/statement_parser.ts.StatementParser.match,cast_temp,1691,1,1,DATA(t40) = CAST z_shape_7e8c42_1adc9d0c1b47db( t34 ).
src/abap/2_statements/statement_parser.ts.StatementParser.match,temp_assign,1692,1,1,t39 = t40->z_member_match_73a95351950243. t38 = t39.
src/abap/2_statements/statement_parser.ts.StatementParser.match,cast_temp,1694,1,1,DATA(t41) = CAST z_runtime_arra_c22708faf2e354( t8 ).
src/abap/2_statements/statement_parser.ts.StatementParser.match,clear_before_write,1702,1,1,CLEAR t44. ... t44 = t43.
src/abap/2_statements/statement_parser.ts.StatementParser.match,literal_scalar,1708,1,1,DATA(t46) = CONV abap_bool( abap_true ).
src/abap/2_statements/statement_parser.ts.StatementParser.match,temp_assign,1720,1,1,t37 = z_src_abap_2_s_2c7826798d9e5a=>z_member_run_71be1bca84374a( z_param_runnab_587d840d3b55a3 = t38 z_param_tokens_3a66ced5b5b26a = t41 z_param_versio_03c630f56c8ab5 = t42 z_param_langua_0e1d0b4c220039 = t45 ). t36 = t37.
src/abap/2_statements/statement_parser.ts.StatementParser.match,value_init_overwritten,1722,1,1,DATA(t50) = VALUE abap_bool( ). ... t50 = xsdbool( t51 IS BOUND ).
src/abap/2_statements/statement_parser.ts.StatementParser.match,temp_argument,1723,1,1,DATA(t51) = CAST z_runtime_arra_c22708faf2e354( t36 ). t50 = xsdbool( t51 IS BOUND ).
src/abap/2_statements/statement_parser.ts.StatementParser.match,cast_temp,1723,1,1,DATA(t51) = CAST z_runtime_arra_c22708faf2e354( t36 ).
src/abap/2_statements/statement_parser.ts.StatementParser.match,bool_if,1724,1,1,t50 = xsdbool( t51 IS BOUND ). IF t50 = abap_true.
src/abap/2_statements/statement_parser.ts.StatementParser.match,clear_before_write,1727,1,1,CLEAR t52. ... t52 = t53.
src/abap/2_statements/statement_parser.ts.StatementParser.match,clear_before_write,1729,1,1,CLEAR t53. ... t53 ?= t59.
src/abap/2_statements/statement_parser.ts.StatementParser.match,cast_temp,1730,1,1,DATA(t54) = CAST z_runtime_arra_c22708faf2e354( t2 ).
src/abap/2_statements/statement_parser.ts.StatementParser.match,value_init_overwritten,1731,1,1,DATA(t55) = VALUE i( ). ... t55 = t56 - t58.
src/abap/2_statements/statement_parser.ts.StatementParser.match,value_init_overwritten,1732,1,1,DATA(t56) = VALUE i( ). ... t56 = lines( t57->items ).
src/abap/2_statements/statement_parser.ts.StatementParser.match,temp_argument,1733,1,1,DATA(t57) = CAST z_runtime_arra_c22708faf2e354( t2 ). t56 = lines( t57->items ).
src/abap/2_statements/statement_parser.ts.StatementParser.match,receiver_copy,1733,1,1,DATA(t57) = CAST z_runtime_arra_c22708faf2e354( t2 ). t56 = lines( t57->items ).
src/abap/2_statements/statement_parser.ts.StatementParser.match,cast_temp,1733,1,1,DATA(t57) = CAST z_runtime_arra_c22708faf2e354( t2 ).
src/abap/2_statements/statement_parser.ts.StatementParser.match,literal_scalar,1735,1,1,DATA(t58) = CONV i( '1' ).
src/abap/2_statements/statement_parser.ts.StatementParser.match,table_read_copy,1740,1,1,READ TABLE t54->items INDEX t55 INTO t59. t53 ?= t59.
src/abap/2_statements/statement_parser.ts.StatementParser.match,cast_temp,1741,1,1,t53 ?= t59. t52 = t53.
src/abap/2_statements/statement_parser.ts.StatementParser.match,clear_before_write,1744,1,1,CLEAR t60. ... t60 = t61.
src/abap/2_statements/statement_parser.ts.StatementParser.match,temp_assign,1745,1,1,DATA(t61) = CAST z_runtime_arra_c22708faf2e354( t36 ). t60 = t61.
src/abap/2_statements/statement_parser.ts.StatementParser.match,cast_temp,1745,1,1,DATA(t61) = CAST z_runtime_arra_c22708faf2e354( t36 ).
src/abap/2_statements/statement_parser.ts.StatementParser.match,clear_before_write,1748,1,1,CLEAR t62. ... t62 = NEW z_src_abap_nod_935d26003cb490( z_param_token_06f9e7a29ec34c = t63 ).
src/abap/2_statements/statement_parser.ts.StatementParser.match,temp_argument,1749,1,1,DATA(t63) = CAST z_src_abap_1_l_506101b34e5cc0( t52 ). t62 = NEW z_src_abap_nod_935d26003cb490( z_param_token_06f9e7a29ec34c = t63 ).
src/abap/2_statements/statement_parser.ts.StatementParser.match,cast_temp,1749,1,1,DATA(t63) = CAST z_src_abap_1_l_506101b34e5cc0( t52 ).
src/abap/2_statements/statement_parser.ts.StatementParser.match,clear_before_write,1759,1,1,CLEAR t67. ... t67 = t68->z_member_state_fbc12784ac67a3.
src/abap/2_statements/statement_parser.ts.StatementParser.match,cast_temp,1760,1,1,DATA(t68) = CAST z_shape_7e8c42_1adc9d0c1b47db( t34 ).
src/abap/2_statements/statement_parser.ts.StatementParser.match,clear_before_write,1763,1,1,CLEAR t69. ... t69 = t72.
src/abap/2_statements/statement_parser.ts.StatementParser.match,clear_before_write,1765,1,1,CLEAR t70. ... t70 = t71.
src/abap/2_statements/statement_parser.ts.StatementParser.match,temp_assign,1766,1,1,DATA(t71) = CAST z_src_abap_nod_e445d254902ced( t1 ). t70 = t71.
src/abap/2_statements/statement_parser.ts.StatementParser.match,cast_temp,1766,1,1,DATA(t71) = CAST z_src_abap_nod_e445d254902ced( t1 ).
src/abap/2_statements/statement_parser.ts.StatementParser.match,clear_before_write,1769,1,1,CLEAR t72. ... t72 = t73->z_member_colon_57b935bae17c0a.
src/abap/2_statements/statement_parser.ts.StatementParser.match,cast_temp,1770,1,1,DATA(t73) = CAST z_src_abap_nod_e445d254902ced( t70 ).
src/abap/2_statements/statement_parser.ts.StatementParser.match,temp_assign,1771,1,1,t72 = t73->z_member_colon_57b935bae17c0a. t69 = t72.
src/abap/2_statements/statement_parser.ts.StatementParser.match,literal_scalar,1775,1,1,DATA(t75) = CONV abap_bool( abap_true ).
src/abap/2_statements/statement_parser.ts.StatementParser.match,temp_assign,1777,1,1,DATA(t76) = CAST z_runtime_arra_c22708faf2e354( t11 ). t74 = t76.
src/abap/2_statements/statement_parser.ts.StatementParser.match,cast_temp,1777,1,1,DATA(t76) = CAST z_runtime_arra_c22708faf2e354( t11 ).
src/abap/2_statements/statement_parser.ts.StatementParser.match,clear_before_write,1786,1,1,CLEAR t78. ... t78 = t79.
src/abap/2_statements/statement_parser.ts.StatementParser.match,temp_assign,1787,1,1,DATA(t79) = CAST z_runtime_arra_c22708faf2e354( t36 ). t78 = t79.
src/abap/2_statements/statement_parser.ts.StatementParser.match,cast_temp,1787,1,1,DATA(t79) = CAST z_runtime_arra_c22708faf2e354( t36 ).
src/abap/2_statements/statement_parser.ts.StatementParser.match,temp_assign,1789,1,1,t65 = t66->z_member_setch_22a4e757af9749( z_param_childr_9020c44e5b6ffa = t78 ). t64 = t65.
src/abap/2_statements/statement_parser.ts.StatementParser.match,clear_before_write,1792,1,1,CLEAR t80. ... t80 = z_src_abap_2_s_ccda787b966b54=>z_member_recla_9cd6c9cb349aad( z_param_node_1324e81b8c7326 = t81 z_param_stmt_e3d6aed010b3f1 = t82 z_param_pragma_9ae3ad041053f6 = t84 ).
src/abap/2_statements/statement_parser.ts.StatementParser.match,cast_temp,1793,1,1,DATA(t81) = CAST z_src_abap_nod_e445d254902ced( t64 ).
src/abap/2_statements/statement_parser.ts.StatementParser.match,clear_before_write,1795,1,1,CLEAR t82. ... t82 = t83->z_member_state_fbc12784ac67a3.
src/abap/2_statements/statement_parser.ts.StatementParser.match,cast_temp,1796,1,1,DATA(t83) = CAST z_shape_7e8c42_1adc9d0c1b47db( t34 ).
src/abap/2_statements/statement_parser.ts.StatementParser.match,temp_argument,1798,1,1,DATA(t84) = CAST z_runtime_arra_c22708faf2e354( t11 ). t80 = z_src_abap_2_s_ccda787b966b54=>z_member_recla_9cd6c9cb349aad( z_param_node_1324e81b8c7326 = t81 z_param_stmt_e3d6aed010b3f1 = t82 z_param_pragma_9ae3ad041053f6 = t84 ).
src/abap/2_statements/statement_parser.ts.StatementParser.match,cast_temp,1798,1,1,DATA(t84) = CAST z_runtime_arra_c22708faf2e354( t11 ).
src/abap/2_statements/statement_parser.ts.StatementParser.match,temp_assign,1799,1,1,t80 = z_src_abap_2_s_ccda787b966b54=>z_member_recla_9cd6c9cb349aad( z_param_node_1324e81b8c7326 = t81 z_param_stmt_e3d6aed010b3f1 = t82 z_param_pragma_9ae3ad041053f6 = t84 ). result = t80.
src/abap/2_statements/statement_parser.ts.StatementParser.match,return_copy,1799,1,1,t80 = z_src_abap_2_s_ccda787b966b54=>z_member_recla_9cd6c9cb349aad( z_param_node_1324e81b8c7326 = t81 z_param_stmt_e3d6aed010b3f1 = t82 z_param_pragma_9ae3ad041053f6 = t84 ). result = t80.
src/abap/2_statements/statement_parser.ts.StatementParser.match,clear_before_write,1805,0,1,CLEAR t85. ... t85 = t86->z_member_looku_352043b2d34900( z_param_str_b4492f271a40dd = t87 ).
src/abap/2_statements/statement_parser.ts.StatementParser.match,cast_temp,1806,0,1,DATA(t86) = CAST z_src_abap_2_s_ae66e7a3c47085( z_src_abap_2_s_133beb1c8ec314=>z_member_map_dd23ae04a8f1b1 ).
src/abap/2_statements/statement_parser.ts.StatementParser.match,temp_argument,1807,0,1,DATA(t87) = CONV string( || ). t85 = t86->z_member_looku_352043b2d34900( z_param_str_b4492f271a40dd = t87 ).
src/abap/2_statements/statement_parser.ts.StatementParser.match,literal_scalar,1807,0,1,DATA(t87) = CONV string( || ).
src/abap/2_statements/statement_parser.ts.StatementParser.match,clear_before_write,1820,1,1,CLEAR t92. ... t92 = t93.
src/abap/2_statements/statement_parser.ts.StatementParser.match,clear_before_write,1822,1,1,CLEAR t93. ... t93 = t94->z_member_match_73a95351950243.
src/abap/2_statements/statement_parser.ts.StatementParser.match,cast_temp,1823,1,1,DATA(t94) = CAST z_shape_7e8c42_1adc9d0c1b47db( t88 ).
src/abap/2_statements/statement_parser.ts.StatementParser.match,temp_assign,1824,1,1,t93 = t94->z_member_match_73a95351950243. t92 = t93.
src/abap/2_statements/statement_parser.ts.StatementParser.match,cast_temp,1826,1,1,DATA(t95) = CAST z_runtime_arra_c22708faf2e354( t8 ).
src/abap/2_statements/statement_parser.ts.StatementParser.match,clear_before_write,1834,1,1,CLEAR t98. ... t98 = t97.
src/abap/2_statements/statement_parser.ts.StatementParser.match,literal_scalar,1840,1,1,DATA(t100) = CONV abap_bool( abap_true ).
src/abap/2_statements/statement_parser.ts.StatementParser.match,temp_assign,1852,1,1,t91 = z_src_abap_2_s_2c7826798d9e5a=>z_member_run_71be1bca84374a( z_param_runnab_587d840d3b55a3 = t92 z_param_tokens_3a66ced5b5b26a = t95 z_param_versio_03c630f56c8ab5 = t96 z_param_langua_0e1d0b4c220039 = t99 ). t90 = t91.
src/abap/2_statements/statement_parser.ts.StatementParser.match,value_init_overwritten,1854,1,1,DATA(t104) = VALUE abap_bool( ). ... t104 = xsdbool( t105 IS BOUND ).
src/abap/2_statements/statement_parser.ts.StatementParser.match,temp_argument,1855,1,1,DATA(t105) = CAST z_runtime_arra_c22708faf2e354( t90 ). t104 = xsdbool( t105 IS BOUND ).
src/abap/2_statements/statement_parser.ts.StatementParser.match,cast_temp,1855,1,1,DATA(t105) = CAST z_runtime_arra_c22708faf2e354( t90 ).
src/abap/2_statements/statement_parser.ts.StatementParser.match,bool_if,1856,1,1,t104 = xsdbool( t105 IS BOUND ). IF t104 = abap_true.
src/abap/2_statements/statement_parser.ts.StatementParser.match,clear_before_write,1859,1,1,CLEAR t106. ... t106 = t107.
src/abap/2_statements/statement_parser.ts.StatementParser.match,clear_before_write,1861,1,1,CLEAR t107. ... t107 ?= t113.
src/abap/2_statements/statement_parser.ts.StatementParser.match,cast_temp,1862,1,1,DATA(t108) = CAST z_runtime_arra_c22708faf2e354( t2 ).
src/abap/2_statements/statement_parser.ts.StatementParser.match,value_init_overwritten,1863,1,1,DATA(t109) = VALUE i( ). ... t109 = t110 - t112.
src/abap/2_statements/statement_parser.ts.StatementParser.match,value_init_overwritten,1864,1,1,DATA(t110) = VALUE i( ). ... t110 = lines( t111->items ).
src/abap/2_statements/statement_parser.ts.StatementParser.match,temp_argument,1865,1,1,DATA(t111) = CAST z_runtime_arra_c22708faf2e354( t2 ). t110 = lines( t111->items ).
src/abap/2_statements/statement_parser.ts.StatementParser.match,receiver_copy,1865,1,1,DATA(t111) = CAST z_runtime_arra_c22708faf2e354( t2 ). t110 = lines( t111->items ).
src/abap/2_statements/statement_parser.ts.StatementParser.match,cast_temp,1865,1,1,DATA(t111) = CAST z_runtime_arra_c22708faf2e354( t2 ).
src/abap/2_statements/statement_parser.ts.StatementParser.match,literal_scalar,1867,1,1,DATA(t112) = CONV i( '1' ).
src/abap/2_statements/statement_parser.ts.StatementParser.match,table_read_copy,1872,1,1,READ TABLE t108->items INDEX t109 INTO t113. t107 ?= t113.
src/abap/2_statements/statement_parser.ts.StatementParser.match,cast_temp,1873,1,1,t107 ?= t113. t106 = t107.
src/abap/2_statements/statement_parser.ts.StatementParser.match,clear_before_write,1876,1,1,CLEAR t114. ... t114 = t115.
src/abap/2_statements/statement_parser.ts.StatementParser.match,temp_assign,1877,1,1,DATA(t115) = CAST z_runtime_arra_c22708faf2e354( t90 ). t114 = t115.
src/abap/2_statements/statement_parser.ts.StatementParser.match,cast_temp,1877,1,1,DATA(t115) = CAST z_runtime_arra_c22708faf2e354( t90 ).
src/abap/2_statements/statement_parser.ts.StatementParser.match,clear_before_write,1880,1,1,CLEAR t116. ... t116 = NEW z_src_abap_nod_935d26003cb490( z_param_token_06f9e7a29ec34c = t117 ).
src/abap/2_statements/statement_parser.ts.StatementParser.match,temp_argument,1881,1,1,DATA(t117) = CAST z_src_abap_1_l_506101b34e5cc0( t106 ). t116 = NEW z_src_abap_nod_935d26003cb490( z_param_token_06f9e7a29ec34c = t117 ).
src/abap/2_statements/statement_parser.ts.StatementParser.match,cast_temp,1881,1,1,DATA(t117) = CAST z_src_abap_1_l_506101b34e5cc0( t106 ).
src/abap/2_statements/statement_parser.ts.StatementParser.match,clear_before_write,1891,1,1,CLEAR t121. ... t121 = t122->z_member_state_fbc12784ac67a3.
src/abap/2_statements/statement_parser.ts.StatementParser.match,cast_temp,1892,1,1,DATA(t122) = CAST z_shape_7e8c42_1adc9d0c1b47db( t88 ).
src/abap/2_statements/statement_parser.ts.StatementParser.match,clear_before_write,1895,1,1,CLEAR t123. ... t123 = t126.
src/abap/2_statements/statement_parser.ts.StatementParser.match,clear_before_write,1897,1,1,CLEAR t124. ... t124 = t125.
src/abap/2_statements/statement_parser.ts.StatementParser.match,temp_assign,1898,1,1,DATA(t125) = CAST z_src_abap_nod_e445d254902ced( t1 ). t124 = t125.
src/abap/2_statements/statement_parser.ts.StatementParser.match,cast_temp,1898,1,1,DATA(t125) = CAST z_src_abap_nod_e445d254902ced( t1 ).
src/abap/2_statements/statement_parser.ts.StatementParser.match,clear_before_write,1901,1,1,CLEAR t126. ... t126 = t127->z_member_colon_57b935bae17c0a.
src/abap/2_statements/statement_parser.ts.StatementParser.match,cast_temp,1902,1,1,DATA(t127) = CAST z_src_abap_nod_e445d254902ced( t124 ).
src/abap/2_statements/statement_parser.ts.StatementParser.match,temp_assign,1903,1,1,t126 = t127->z_member_colon_57b935bae17c0a. t123 = t126.
src/abap/2_statements/statement_parser.ts.StatementParser.match,literal_scalar,1907,1,1,DATA(t129) = CONV abap_bool( abap_true ).
src/abap/2_statements/statement_parser.ts.StatementParser.match,temp_assign,1909,1,1,DATA(t130) = CAST z_runtime_arra_c22708faf2e354( t11 ). t128 = t130.
src/abap/2_statements/statement_parser.ts.StatementParser.match,cast_temp,1909,1,1,DATA(t130) = CAST z_runtime_arra_c22708faf2e354( t11 ).
src/abap/2_statements/statement_parser.ts.StatementParser.match,clear_before_write,1918,1,1,CLEAR t132. ... t132 = t133.
src/abap/2_statements/statement_parser.ts.StatementParser.match,temp_assign,1919,1,1,DATA(t133) = CAST z_runtime_arra_c22708faf2e354( t90 ). t132 = t133.
src/abap/2_statements/statement_parser.ts.StatementParser.match,cast_temp,1919,1,1,DATA(t133) = CAST z_runtime_arra_c22708faf2e354( t90 ).
src/abap/2_statements/statement_parser.ts.StatementParser.match,temp_assign,1921,1,1,t119 = t120->z_member_setch_22a4e757af9749( z_param_childr_9020c44e5b6ffa = t132 ). t118 = t119.
src/abap/2_statements/statement_parser.ts.StatementParser.match,clear_before_write,1924,1,1,CLEAR t134. ... t134 = z_src_abap_2_s_ccda787b966b54=>z_member_recla_9cd6c9cb349aad( z_param_node_1324e81b8c7326 = t135 z_param_stmt_e3d6aed010b3f1 = t136 z_param_pragma_9ae3ad041053f6 = t138 ).
src/abap/2_statements/statement_parser.ts.StatementParser.match,cast_temp,1925,1,1,DATA(t135) = CAST z_src_abap_nod_e445d254902ced( t118 ).
src/abap/2_statements/statement_parser.ts.StatementParser.match,clear_before_write,1927,1,1,CLEAR t136. ... t136 = t137->z_member_state_fbc12784ac67a3.
src/abap/2_statements/statement_parser.ts.StatementParser.match,cast_temp,1928,1,1,DATA(t137) = CAST z_shape_7e8c42_1adc9d0c1b47db( t88 ).
src/abap/2_statements/statement_parser.ts.StatementParser.match,temp_argument,1930,1,1,DATA(t138) = CAST z_runtime_arra_c22708faf2e354( t11 ). t134 = z_src_abap_2_s_ccda787b966b54=>z_member_recla_9cd6c9cb349aad( z_param_node_1324e81b8c7326 = t135 z_param_stmt_e3d6aed010b3f1 = t136 z_param_pragma_9ae3ad041053f6 = t138 ).
src/abap/2_statements/statement_parser.ts.StatementParser.match,cast_temp,1930,1,1,DATA(t138) = CAST z_runtime_arra_c22708faf2e354( t11 ).
src/abap/2_statements/statement_parser.ts.StatementParser.match,temp_assign,1931,1,1,t134 = z_src_abap_2_s_ccda787b966b54=>z_member_recla_9cd6c9cb349aad( z_param_node_1324e81b8c7326 = t135 z_param_stmt_e3d6aed010b3f1 = t136 z_param_pragma_9ae3ad041053f6 = t138 ). result = t134.
src/abap/2_statements/statement_parser.ts.StatementParser.match,return_copy,1931,1,1,t134 = z_src_abap_2_s_ccda787b966b54=>z_member_recla_9cd6c9cb349aad( z_param_node_1324e81b8c7326 = t135 z_param_stmt_e3d6aed010b3f1 = t136 z_param_pragma_9ae3ad041053f6 = t138 ). result = t134.
src/abap/2_statements/statement_parser.ts.StatementParser.match,temp_assign,1936,0,1,DATA(t139) = CAST z_src_abap_nod_e445d254902ced( t1 ). result = t139.
src/abap/2_statements/statement_parser.ts.StatementParser.match,return_copy,1936,0,1,DATA(t139) = CAST z_src_abap_nod_e445d254902ced( t1 ). result = t139.
src/abap/2_statements/statement_parser.ts.StatementParser.match,cast_temp,1936,0,1,DATA(t139) = CAST z_src_abap_nod_e445d254902ced( t1 ).
src/abap/2_statements/statement_parser.ts.StatementParser.nativeAfter,cast_temp,2332,0,1,DATA(t2) = CAST z_runtime_arra_c22708faf2e354( z_param_tokens_3a66ced5b5b26a ).
src/abap/2_statements/statement_parser.ts.StatementParser.nativeAfter,cast_temp,2333,0,1,DATA(t3) = CAST z_src_abap_1_l_506101b34e5cc0( z_param_colon_efc6e029c59417 ).
src/abap/2_statements/statement_parser.ts.StatementParser.nativeAfter,clear_before_write,2339,0,1,CLEAR t6. ... t6 = t7.
src/abap/2_statements/statement_parser.ts.StatementParser.nativeAfter,clear_before_write,2341,0,1,CLEAR t7. ... CREATE OBJECT t7.
src/abap/2_statements/statement_parser.ts.StatementParser.nativeAfter,clear_before_write,2347,0,1,CLEAR t9. ... t9 = t10.
src/abap/2_statements/statement_parser.ts.StatementParser.nativeAfter,clear_before_write,2349,0,1,CLEAR t10. ... CREATE OBJECT t10.
src/abap/2_statements/statement_parser.ts.StatementParser.nativeAfter,cast_temp,2352,0,1,DATA(t11) = CAST z_runtime_arra_c22708faf2e354( t2 ).
src/abap/2_statements/statement_parser.ts.StatementParser.nativeAfter,value_init_overwritten,2359,1,1,DATA(t14) = VALUE abap_bool( ). ... t14 = xsdbool( t15 = abap_false ).
src/abap/2_statements/statement_parser.ts.StatementParser.nativeAfter,value_init_overwritten,2360,1,1,DATA(t15) = VALUE abap_bool( ). ... t15 = xsdbool( t16 IS BOUND AND t16 IS INSTANCE OF z_src_abap_1_l_7a3d03a814f6ff ).
src/abap/2_statements/statement_parser.ts.StatementParser.nativeAfter,bool_if,2363,1,1,t14 = xsdbool( t15 = abap_false ). IF t14 = abap_true.
src/abap/2_statements/statement_parser.ts.StatementParser.nativeAfter,cast_temp,2365,1,1,DATA(t17) = CAST z_runtime_arra_c22708faf2e354( t9 ).
src/abap/2_statements/statement_parser.ts.StatementParser.nativeAfter,cast_temp,2366,1,1,DATA(t18) = CAST z_src_abap_1_l_506101b34e5cc0( t12 ).
src/abap/2_statements/statement_parser.ts.StatementParser.nativeAfter,temp_assign,2370,0,1,DATA(t19) = CAST z_runtime_arra_c22708faf2e354( t9 ). t8 = t19.
src/abap/2_statements/statement_parser.ts.StatementParser.nativeAfter,cast_temp,2370,0,1,DATA(t19) = CAST z_runtime_arra_c22708faf2e354( t9 ).
src/abap/2_statements/statement_parser.ts.StatementParser.nativeAfter,cast_temp,2377,1,1,t20 ?= t21. DATA(t22) = CAST z_runtime_arra_8ecd6afe19e0a5( t6 ).
src/abap/2_statements/statement_parser.ts.StatementParser.nativeAfter,cast_temp,2378,1,1,DATA(t22) = CAST z_runtime_arra_8ecd6afe19e0a5( t6 ).
src/abap/2_statements/statement_parser.ts.StatementParser.nativeAfter,value_init_overwritten,2379,1,1,DATA(t23) = VALUE string( ). ... t23 = t24.
src/abap/2_statements/statement_parser.ts.StatementParser.nativeAfter,value_init_overwritten,2380,1,1,DATA(t24) = VALUE string( ). ... t24 = t27.
src/abap/2_statements/statement_parser.ts.StatementParser.nativeAfter,clear_before_write,2382,1,1,CLEAR t25. ... t25 = t26.
src/abap/2_statements/statement_parser.ts.StatementParser.nativeAfter,temp_assign,2383,1,1,DATA(t26) = CAST z_src_abap_1_l_506101b34e5cc0( t20 ). t25 = t26.
src/abap/2_statements/statement_parser.ts.StatementParser.nativeAfter,cast_temp,2383,1,1,DATA(t26) = CAST z_src_abap_1_l_506101b34e5cc0( t20 ).
src/abap/2_statements/statement_parser.ts.StatementParser.nativeAfter,value_init_overwritten,2385,1,1,DATA(t27) = VALUE string( ). ... t27 = t28->z_member_str_36e44b82e4af28.
src/abap/2_statements/statement_parser.ts.StatementParser.nativeAfter,cast_temp,2386,1,1,DATA(t28) = CAST z_src_abap_1_l_506101b34e5cc0( t25 ).
src/abap/2_statements/statement_parser.ts.StatementParser.nativeAfter,temp_assign,2387,1,1,t27 = t28->z_member_str_36e44b82e4af28. t24 = t27.
src/abap/2_statements/statement_parser.ts.StatementParser.nativeAfter,temp_assign,2496,0,1,DATA(t30) = CAST z_runtime_arra_8ecd6afe19e0a5( t6 ). t5 = t30.
src/abap/2_statements/statement_parser.ts.StatementParser.nativeAfter,cast_temp,2496,0,1,DATA(t30) = CAST z_runtime_arra_8ecd6afe19e0a5( t6 ).
src/abap/2_statements/statement_parser.ts.StatementParser.nativeAfter,temp_assign,2497,0,1,t5 = t30. t4 = t5.
src/abap/2_statements/statement_parser.ts.StatementParser.nativeAfter,value_init_overwritten,2499,0,1,DATA(t31) = VALUE abap_bool( ). ... t31 = t32.
src/abap/2_statements/statement_parser.ts.StatementParser.nativeAfter,value_init_overwritten,2500,0,1,DATA(t32) = VALUE abap_bool( ). ... t32 = xsdbool( t33 = t39 ).
src/abap/2_statements/statement_parser.ts.StatementParser.nativeAfter,cast_temp,2502,0,1,DATA(t34) = CAST z_runtime_arra_8ecd6afe19e0a5( t4 ).
src/abap/2_statements/statement_parser.ts.StatementParser.nativeAfter,value_init_overwritten,2503,0,1,DATA(t35) = VALUE i( ). ... t35 = t36 - t38.
src/abap/2_statements/statement_parser.ts.StatementParser.nativeAfter,value_init_overwritten,2504,0,1,DATA(t36) = VALUE i( ). ... t36 = lines( t37->items ).
src/abap/2_statements/statement_parser.ts.StatementParser.nativeAfter,temp_argument,2505,0,1,DATA(t37) = CAST z_runtime_arra_8ecd6afe19e0a5( t4 ). t36 = lines( t37->items ).
src/abap/2_statements/statement_parser.ts.StatementParser.nativeAfter,receiver_copy,2505,0,1,DATA(t37) = CAST z_runtime_arra_8ecd6afe19e0a5( t4 ). t36 = lines( t37->items ).
src/abap/2_statements/statement_parser.ts.StatementParser.nativeAfter,cast_temp,2505,0,1,DATA(t37) = CAST z_runtime_arra_8ecd6afe19e0a5( t4 ).
src/abap/2_statements/statement_parser.ts.StatementParser.nativeAfter,literal_scalar,2507,0,1,DATA(t38) = CONV i( '2' ).
src/abap/2_statements/statement_parser.ts.StatementParser.nativeAfter,temp_argument,2511,0,1,DATA(t39) = CONV string( |ENDEXEC| ). t32 = xsdbool( t33 = t39 ).
src/abap/2_statements/statement_parser.ts.StatementParser.nativeAfter,literal_scalar,2511,0,1,DATA(t39) = CONV string( |ENDEXEC| ).
src/abap/2_statements/statement_parser.ts.StatementParser.nativeAfter,value_init_overwritten,2515,0,1,DATA(t40) = VALUE abap_bool( ). ... t40 = xsdbool( t41 = t47 ).
src/abap/2_statements/statement_parser.ts.StatementParser.nativeAfter,cast_temp,2517,0,1,DATA(t42) = CAST z_runtime_arra_8ecd6afe19e0a5( t4 ).
src/abap/2_statements/statement_parser.ts.StatementParser.nativeAfter,value_init_overwritten,2518,0,1,DATA(t43) = VALUE i( ). ... t43 = t44 - t46.
src/abap/2_statements/statement_parser.ts.StatementParser.nativeAfter,value_init_overwritten,2519,0,1,DATA(t44) = VALUE i( ). ... t44 = lines( t45->items ).
src/abap/2_statements/statement_parser.ts.StatementParser.nativeAfter,temp_argument,2520,0,1,DATA(t45) = CAST z_runtime_arra_8ecd6afe19e0a5( t4 ). t44 = lines( t45->items ).
src/abap/2_statements/statement_parser.ts.StatementParser.nativeAfter,receiver_copy,2520,0,1,DATA(t45) = CAST z_runtime_arra_8ecd6afe19e0a5( t4 ). t44 = lines( t45->items ).
src/abap/2_statements/statement_parser.ts.StatementParser.nativeAfter,cast_temp,2520,0,1,DATA(t45) = CAST z_runtime_arra_8ecd6afe19e0a5( t4 ).
src/abap/2_statements/statement_parser.ts.StatementParser.nativeAfter,literal_scalar,2522,0,1,DATA(t46) = CONV i( '2' ).
src/abap/2_statements/statement_parser.ts.StatementParser.nativeAfter,temp_argument,2526,0,1,DATA(t47) = CONV string( |ENDMETHOD| ). t40 = xsdbool( t41 = t47 ).
src/abap/2_statements/statement_parser.ts.StatementParser.nativeAfter,literal_scalar,2526,0,1,DATA(t47) = CONV string( |ENDMETHOD| ).
src/abap/2_statements/statement_parser.ts.StatementParser.nativeAfter,temp_assign,2527,0,1,t40 = xsdbool( t41 = t47 ). t31 = t40.
src/abap/2_statements/statement_parser.ts.StatementParser.nativeAfter,temp_assign,2531,0,1,DATA(t48) = CONV abap_bool( abap_false ). result = t48.
src/abap/2_statements/statement_parser.ts.StatementParser.nativeAfter,return_copy,2531,0,1,DATA(t48) = CONV abap_bool( abap_false ). result = t48.
src/abap/2_statements/statement_parser.ts.StatementParser.nativeAfter,literal_scalar,2531,0,1,DATA(t48) = CONV abap_bool( abap_false ).
src/abap/2_statements/statement_parser.ts.StatementParser.nativeAfter,clear_before_write,2537,0,1,CLEAR t50. ... t50 = t51.
src/abap/2_statements/statement_parser.ts.StatementParser.nativeAfter,temp_assign,2538,0,1,DATA(t51) = CAST z_src_abap_1_l_506101b34e5cc0( t3 ). t50 = t51.
src/abap/2_statements/statement_parser.ts.StatementParser.nativeAfter,cast_temp,2538,0,1,DATA(t51) = CAST z_src_abap_1_l_506101b34e5cc0( t3 ).
src/abap/2_statements/statement_parser.ts.StatementParser.nativeAfter,clear_before_write,2541,0,1,CLEAR t52. ... t52 = t53.
src/abap/2_statements/statement_parser.ts.StatementParser.nativeAfter,cast_temp,2547,0,1,DATA(t56) = CAST z_src_abap_1_l_506101b34e5cc0( t50 ).
src/abap/2_statements/statement_parser.ts.StatementParser.nativeAfter,temp_assign,2551,0,1,t54 = xsdbool( t55 = abap_false ). t49 = t54.
src/abap/2_statements/statement_parser.ts.StatementParser.nativeAfter,temp_assign,2554,0,1,DATA(t57) = CONV abap_bool( t1 ). result = t57.
src/abap/2_statements/statement_parser.ts.StatementParser.nativeAfter,return_copy,2554,0,1,DATA(t57) = CONV abap_bool( t1 ). result = t57.
src/abap/2_statements/statement_parser.ts.StatementParser.nativeAfter,value_init_overwritten,2558,0,1,DATA(t58) = VALUE abap_bool( ). ... t58 = t59.
src/abap/2_statements/statement_parser.ts.StatementParser.nativeAfter,value_init_overwritten,2559,0,1,DATA(t59) = VALUE abap_bool( ). ... t59 = xsdbool( t60 = t62 ).
src/abap/2_statements/statement_parser.ts.StatementParser.nativeAfter,cast_temp,2561,0,1,DATA(t61) = CAST z_runtime_arra_8ecd6afe19e0a5( t4 ).
src/abap/2_statements/statement_parser.ts.StatementParser.nativeAfter,temp_argument,2563,0,1,DATA(t62) = CONV string( |EXEC| ). t59 = xsdbool( t60 = t62 ).
src/abap/2_statements/statement_parser.ts.StatementParser.nativeAfter,literal_scalar,2563,0,1,DATA(t62) = CONV string( |EXEC| ).
src/abap/2_statements/statement_parser.ts.StatementParser.nativeAfter,value_init_overwritten,2567,0,1,DATA(t63) = VALUE abap_bool( ). ... t63 = xsdbool( t64 = t66 ).
src/abap/2_statements/statement_parser.ts.StatementParser.nativeAfter,cast_temp,2569,0,1,DATA(t65) = CAST z_runtime_arra_8ecd6afe19e0a5( t4 ).
src/abap/2_statements/statement_parser.ts.StatementParser.nativeAfter,temp_argument,2571,0,1,DATA(t66) = CONV string( |SQL| ). t63 = xsdbool( t64 = t66 ).
src/abap/2_statements/statement_parser.ts.StatementParser.nativeAfter,literal_scalar,2571,0,1,DATA(t66) = CONV string( |SQL| ).
src/abap/2_statements/statement_parser.ts.StatementParser.nativeAfter,temp_assign,2572,0,1,t63 = xsdbool( t64 = t66 ). t58 = t63.
src/abap/2_statements/statement_parser.ts.StatementParser.nativeAfter,temp_assign,2576,0,1,DATA(t67) = CONV abap_bool( abap_true ). result = t67.
src/abap/2_statements/statement_parser.ts.StatementParser.nativeAfter,return_copy,2576,0,1,DATA(t67) = CONV abap_bool( abap_true ). result = t67.
src/abap/2_statements/statement_parser.ts.StatementParser.nativeAfter,literal_scalar,2576,0,1,DATA(t67) = CONV abap_bool( abap_true ).
src/abap/2_statements/statement_parser.ts.StatementParser.nativeAfter,value_init_overwritten,2582,0,1,DATA(t70) = VALUE abap_bool( ). ... t70 = t71.
src/abap/2_statements/statement_parser.ts.StatementParser.nativeAfter,value_init_overwritten,2583,0,1,DATA(t71) = VALUE abap_bool( ). ... t71 = xsdbool( t72 = t74 ).
src/abap/2_statements/statement_parser.ts.StatementParser.nativeAfter,cast_temp,2585,0,1,DATA(t73) = CAST z_runtime_arra_8ecd6afe19e0a5( t4 ).
src/abap/2_statements/statement_parser.ts.StatementParser.nativeAfter,temp_argument,2587,0,1,DATA(t74) = CONV string( |METHOD| ). t71 = xsdbool( t72 = t74 ).
src/abap/2_statements/statement_parser.ts.StatementParser.nativeAfter,literal_scalar,2587,0,1,DATA(t74) = CONV string( |METHOD| ).
src/abap/2_statements/statement_parser.ts.StatementParser.nativeAfter,value_init_overwritten,2591,0,1,DATA(t75) = VALUE abap_bool( ). ... t75 = t76->includes( p0 = t77 ).
src/abap/2_statements/statement_parser.ts.StatementParser.nativeAfter,cast_temp,2592,0,1,DATA(t76) = CAST z_runtime_arra_8ecd6afe19e0a5( t4 ).
src/abap/2_statements/statement_parser.ts.StatementParser.nativeAfter,temp_argument,2593,0,1,DATA(t77) = CONV string( |BY| ). t75 = t76->includes( p0 = t77 ).
src/abap/2_statements/statement_parser.ts.StatementParser.nativeAfter,literal_scalar,2593,0,1,DATA(t77) = CONV string( |BY| ).
src/abap/2_statements/statement_parser.ts.StatementParser.nativeAfter,temp_assign,2594,0,1,t75 = t76->includes( p0 = t77 ). t70 = t75.
src/abap/2_statements/statement_parser.ts.StatementParser.nativeAfter,value_init_overwritten,2599,0,1,DATA(t78) = VALUE abap_bool( ). ... t78 = t79->includes( p0 = t80 ).
src/abap/2_statements/statement_parser.ts.StatementParser.nativeAfter,cast_temp,2600,0,1,DATA(t79) = CAST z_runtime_arra_8ecd6afe19e0a5( t4 ).
src/abap/2_statements/statement_parser.ts.StatementParser.nativeAfter,temp_argument,2601,0,1,DATA(t80) = CONV string( |DATABASE| ). t78 = t79->includes( p0 = t80 ).
src/abap/2_statements/statement_parser.ts.StatementParser.nativeAfter,literal_scalar,2601,0,1,DATA(t80) = CONV string( |DATABASE| ).
src/abap/2_statements/statement_parser.ts.StatementParser.nativeAfter,temp_assign,2602,0,1,t78 = t79->includes( p0 = t80 ). t69 = t78.
src/abap/2_statements/statement_parser.ts.StatementParser.nativeAfter,value_init_overwritten,2607,0,1,DATA(t81) = VALUE abap_bool( ). ... t81 = t82->includes( p0 = t83 ).
src/abap/2_statements/statement_parser.ts.StatementParser.nativeAfter,cast_temp,2608,0,1,DATA(t82) = CAST z_runtime_arra_8ecd6afe19e0a5( t4 ).
src/abap/2_statements/statement_parser.ts.StatementParser.nativeAfter,temp_argument,2609,0,1,DATA(t83) = CONV string( |LANGUAGE| ). t81 = t82->includes( p0 = t83 ).
src/abap/2_statements/statement_parser.ts.StatementParser.nativeAfter,literal_scalar,2609,0,1,DATA(t83) = CONV string( |LANGUAGE| ).
src/abap/2_statements/statement_parser.ts.StatementParser.nativeAfter,temp_assign,2610,0,1,t81 = t82->includes( p0 = t83 ). t68 = t81.
src/abap/2_statements/statement_parser.ts.StatementParser.nativeAfter,temp_assign,2614,0,1,DATA(t84) = CONV abap_bool( abap_true ). result = t84.
src/abap/2_statements/statement_parser.ts.StatementParser.nativeAfter,return_copy,2614,0,1,DATA(t84) = CONV abap_bool( abap_true ). result = t84.
src/abap/2_statements/statement_parser.ts.StatementParser.nativeAfter,literal_scalar,2614,0,1,DATA(t84) = CONV abap_bool( abap_true ).
src/abap/2_statements/statement_parser.ts.StatementParser.nativeAfter,temp_assign,2618,0,1,DATA(t85) = CONV abap_bool( t1 ). result = t85.
src/abap/2_statements/statement_parser.ts.StatementParser.nativeAfter,return_copy,2618,0,1,DATA(t85) = CONV abap_bool( t1 ). result = t85.
src/abap/2_statements/statement_parser.ts.StatementParser.nativeSQL,value_init_overwritten,854,0,1,DATA(t2) = VALUE abap_bool( ). ... t2 = t3.
src/abap/2_statements/statement_parser.ts.StatementParser.nativeSQL,temp_assign,855,0,1,DATA(t3) = CONV abap_bool( abap_false ). t2 = t3.
src/abap/2_statements/statement_parser.ts.StatementParser.nativeSQL,literal_scalar,855,0,1,DATA(t3) = CONV abap_bool( abap_false ).
src/abap/2_statements/statement_parser.ts.StatementParser.nativeSQL,value_init_overwritten,857,0,1,DATA(t4) = VALUE i( ). ... t4 = t5.
src/abap/2_statements/statement_parser.ts.StatementParser.nativeSQL,temp_assign,858,0,1,DATA(t5) = CONV i( '0' ). t4 = t5.
src/abap/2_statements/statement_parser.ts.StatementParser.nativeSQL,literal_scalar,858,0,1,DATA(t5) = CONV i( '0' ).
src/abap/2_statements/statement_parser.ts.StatementParser.nativeSQL,value_init_overwritten,861,1,1,DATA(t6) = VALUE abap_bool( ). ... t6 = xsdbool( t7 < t8 ).
src/abap/2_statements/statement_parser.ts.StatementParser.nativeSQL,value_init_overwritten,863,1,1,DATA(t8) = VALUE i( ). ... t8 = lines( t9->items ).
src/abap/2_statements/statement_parser.ts.StatementParser.nativeSQL,clear_before_write,865,1,1,CLEAR t9. ... t9 = t10->z_member_state_9163ed41d98ddd.
src/abap/2_statements/statement_parser.ts.StatementParser.nativeSQL,cast_temp,866,1,1,DATA(t10) = CAST z_src_abap_2_s_4c81ce49a22dce( t1 ).
src/abap/2_statements/statement_parser.ts.StatementParser.nativeSQL,clear_before_write,874,1,1,CLEAR t11. ... t11 = t12.
src/abap/2_statements/statement_parser.ts.StatementParser.nativeSQL,clear_before_write,876,1,1,CLEAR t12. ... t12 ?= t16.
src/abap/2_statements/statement_parser.ts.StatementParser.nativeSQL,clear_before_write,878,1,1,CLEAR t13. ... t13 = t14->z_member_state_9163ed41d98ddd.
src/abap/2_statements/statement_parser.ts.StatementParser.nativeSQL,cast_temp,879,1,1,DATA(t14) = CAST z_src_abap_2_s_4c81ce49a22dce( t1 ).
src/abap/2_statements/statement_parser.ts.StatementParser.nativeSQL,table_read_copy,885,1,1,READ TABLE t13->items INDEX t15 INTO t16. t12 ?= t16.
src/abap/2_statements/statement_parser.ts.StatementParser.nativeSQL,cast_temp,886,1,1,t12 ?= t16. t11 = t12.
src/abap/2_statements/statement_parser.ts.StatementParser.nativeSQL,clear_before_write,889,1,1,CLEAR t17. ... t17 = t18.
src/abap/2_statements/statement_parser.ts.StatementParser.nativeSQL,clear_before_write,891,1,1,CLEAR t18. ... t18 = t19->z_member_get_i_d31d9d82ef6654( ).
src/abap/2_statements/statement_parser.ts.StatementParser.nativeSQL,temp_argument,892,1,1,DATA(t19) = CAST z_src_abap_nod_e445d254902ced( t11 ). t18 = t19->z_member_get_i_d31d9d82ef6654( ).
src/abap/2_statements/statement_parser.ts.StatementParser.nativeSQL,receiver_copy,892,1,1,DATA(t19) = CAST z_src_abap_nod_e445d254902ced( t11 ). t18 = t19->z_member_get_i_d31d9d82ef6654( ).
src/abap/2_statements/statement_parser.ts.StatementParser.nativeSQL,cast_temp,892,1,1,DATA(t19) = CAST z_src_abap_nod_e445d254902ced( t11 ).
src/abap/2_statements/statement_parser.ts.StatementParser.nativeSQL,temp_assign,893,1,1,t18 = t19->z_member_get_i_d31d9d82ef6654( ). t17 = t18.
src/abap/2_statements/statement_parser.ts.StatementParser.nativeSQL,value_init_overwritten,895,1,1,DATA(t20) = VALUE abap_bool( ). ... t20 = t21.
src/abap/2_statements/statement_parser.ts.StatementParser.nativeSQL,value_init_overwritten,896,1,1,DATA(t21) = VALUE abap_bool( ). ... t21 = xsdbool( t22 IS BOUND AND t22 IS INSTANCE OF z_src_abap_2_s_6b9b28505cb126 ).
src/abap/2_statements/statement_parser.ts.StatementParser.nativeSQL,value_init_overwritten,901,1,1,DATA(t23) = VALUE abap_bool( ). ... t23 = t24.
src/abap/2_statements/statement_parser.ts.StatementParser.nativeSQL,value_init_overwritten,902,1,1,DATA(t24) = VALUE abap_bool( ). ... t24 = xsdbool( t25 IS BOUND AND t25 IS INSTANCE OF z_src_abap_2_s_170b94d4d62af6 ).
src/abap/2_statements/statement_parser.ts.StatementParser.nativeSQL,value_init_overwritten,907,1,1,DATA(t26) = VALUE abap_bool( ). ... t26 = xsdbool( t27 IS BOUND ).
src/abap/2_statements/statement_parser.ts.StatementParser.nativeSQL,clear_before_write,909,1,1,CLEAR t27. ... t27 = t28->z_member_findd_11af8711b8b825( z_param_type_99131daddf3305 = t29 ).
src/abap/2_statements/statement_parser.ts.StatementParser.nativeSQL,cast_temp,910,1,1,DATA(t28) = CAST z_src_abap_nod_e445d254902ced( t11 ).
src/abap/2_statements/statement_parser.ts.StatementParser.nativeSQL,temp_argument,911,1,1,DATA(t29) = CAST z_runtime_clas_a39833db329515( z_runtime_desc_78196487750d0f=>z_member_d200_9c08cf3762d068 ). t27 = t28->z_member_findd_11af8711b8b825( z_param_type_99131daddf3305 = t29 ).
src/abap/2_statements/statement_parser.ts.StatementParser.nativeSQL,cast_temp,911,1,1,DATA(t29) = CAST z_runtime_clas_a39833db329515( z_runtime_desc_78196487750d0f=>z_member_d200_9c08cf3762d068 ).
src/abap/2_statements/statement_parser.ts.StatementParser.nativeSQL,temp_assign,913,1,1,t26 = xsdbool( t27 IS BOUND ). t23 = t26.
src/abap/2_statements/statement_parser.ts.StatementParser.nativeSQL,temp_assign,919,1,1,DATA(t30) = CONV abap_bool( abap_true ). t2 = t30.
src/abap/2_statements/statement_parser.ts.StatementParser.nativeSQL,literal_scalar,919,1,1,DATA(t30) = CONV abap_bool( abap_true ).
src/abap/2_statements/statement_parser.ts.StatementParser.nativeSQL,value_init_overwritten,922,1,1,DATA(t31) = VALUE abap_bool( ). ... t31 = xsdbool( t32 = t33 ).
src/abap/2_statements/statement_parser.ts.StatementParser.nativeSQL,temp_argument,924,1,1,DATA(t33) = CONV abap_bool( abap_true ). t31 = xsdbool( t32 = t33 ).
src/abap/2_statements/statement_parser.ts.StatementParser.nativeSQL,literal_scalar,924,1,1,DATA(t33) = CONV abap_bool( abap_true ).
src/abap/2_statements/statement_parser.ts.StatementParser.nativeSQL,bool_if,925,1,1,t31 = xsdbool( t32 = t33 ). IF t31 = abap_true.
src/abap/2_statements/statement_parser.ts.StatementParser.nativeSQL,value_init_overwritten,927,1,1,DATA(t34) = VALUE abap_bool( ). ... t34 = t35.
src/abap/2_statements/statement_parser.ts.StatementParser.nativeSQL,value_init_overwritten,928,1,1,DATA(t35) = VALUE abap_bool( ). ... t35 = xsdbool( t36 IS BOUND AND t36 IS INSTANCE OF z_src_abap_2_s_08db01ad2e1fee ).
src/abap/2_statements/statement_parser.ts.StatementParser.nativeSQL,value_init_overwritten,933,1,1,DATA(t37) = VALUE abap_bool( ). ... t37 = xsdbool( t38 IS BOUND AND t38 IS INSTANCE OF z_src_abap_2_s_324b2789131e59 ).
src/abap/2_statements/statement_parser.ts.StatementParser.nativeSQL,temp_assign,935,1,1,t37 = xsdbool( t38 IS BOUND AND t38 IS INSTANCE OF z_src_abap_2_s_324b2789131e59 ). t34 = t37.
src/abap/2_statements/statement_parser.ts.StatementParser.nativeSQL,temp_assign,939,1,1,DATA(t39) = CONV abap_bool( abap_false ). t2 = t39.
src/abap/2_statements/statement_parser.ts.StatementParser.nativeSQL,literal_scalar,939,1,1,DATA(t39) = CONV abap_bool( abap_false ).
src/abap/2_statements/statement_parser.ts.StatementParser.nativeSQL,clear_before_write,943,1,1,CLEAR t40. ... t40 = t41->z_member_state_9163ed41d98ddd.
src/abap/2_statements/statement_parser.ts.StatementParser.nativeSQL,cast_temp,944,1,1,DATA(t41) = CAST z_src_abap_2_s_4c81ce49a22dce( t1 ).
src/abap/2_statements/statement_parser.ts.StatementParser.nativeSQL,clear_before_write,948,1,1,CLEAR t43. ... t43 = t44->z_member_setch_22a4e757af9749( z_param_childr_9020c44e5b6ffa = t48 ).
src/abap/2_statements/statement_parser.ts.StatementParser.nativeSQL,clear_before_write,950,1,1,CLEAR t44. ... t44 = NEW z_src_abap_nod_e445d254902ced( z_param_statem_a93a3a61ab48a1 = t45 z_param_colon_efc6e029c59417 = t46 z_param_pragma_9ae3ad041053f6 = t47 ).
src/abap/2_statements/statement_parser.ts.StatementParser.nativeSQL,clear_before_write,958,1,1,CLEAR t48. ... t48 = me->z_member_token_ee139da5443484( z_param_tokens_3a66ced5b5b26a = t49 ).
src/abap/2_statements/statement_parser.ts.StatementParser.nativeSQL,clear_before_write,960,1,1,CLEAR t49. ... t49 = t50->z_member_getto_78be2ed397daf0( ).
src/abap/2_statements/statement_parser.ts.StatementParser.nativeSQL,temp_argument,961,1,1,DATA(t50) = CAST z_src_abap_nod_e445d254902ced( t11 ). t49 = t50->z_member_getto_78be2ed397daf0( ).
src/abap/2_statements/statement_parser.ts.StatementParser.nativeSQL,receiver_copy,961,1,1,DATA(t50) = CAST z_src_abap_nod_e445d254902ced( t11 ). t49 = t50->z_member_getto_78be2ed397daf0( ).
src/abap/2_statements/statement_parser.ts.StatementParser.nativeSQL,cast_temp,961,1,1,DATA(t50) = CAST z_src_abap_nod_e445d254902ced( t11 ).
src/abap/2_statements/statement_parser.ts.StatementParser.nativeSQL,value_init_overwritten,974,1,1,DATA(t53) = VALUE string( ). ... t53 = t54.
src/abap/2_statements/statement_parser.ts.StatementParser.nativeSQL,value_init_overwritten,975,1,1,DATA(t54) = VALUE string( ). ... t54 = t55->z_member_conca_3dcb2677b6781c( ).
src/abap/2_statements/statement_parser.ts.StatementParser.nativeSQL,temp_argument,976,1,1,DATA(t55) = CAST z_src_abap_nod_e445d254902ced( t11 ). t54 = t55->z_member_conca_3dcb2677b6781c( ).
src/abap/2_statements/statement_parser.ts.StatementParser.nativeSQL,receiver_copy,976,1,1,DATA(t55) = CAST z_src_abap_nod_e445d254902ced( t11 ). t54 = t55->z_member_conca_3dcb2677b6781c( ).
src/abap/2_statements/statement_parser.ts.StatementParser.nativeSQL,cast_temp,976,1,1,DATA(t55) = CAST z_src_abap_nod_e445d254902ced( t11 ).
src/abap/2_statements/statement_parser.ts.StatementParser.nativeSQL,literal_scalar,1083,1,1,DATA(t57) = CONV string( |ENDMETHOD.| ).
src/abap/2_statements/statement_parser.ts.StatementParser.nativeSQL,value_init_overwritten,1085,1,1,DATA(t59) = VALUE i( ). ... t59 = strlen( t57 ).
src/abap/2_statements/statement_parser.ts.StatementParser.nativeSQL,clear_before_write,1101,1,1,CLEAR t62. ... t62 = t63.
src/abap/2_statements/statement_parser.ts.StatementParser.nativeSQL,clear_before_write,1103,1,1,CLEAR t63. ... t63 = t64->z_member_getto_78be2ed397daf0( ).
src/abap/2_statements/statement_parser.ts.StatementParser.nativeSQL,temp_argument,1104,1,1,DATA(t64) = CAST z_src_abap_nod_e445d254902ced( t11 ). t63 = t64->z_member_getto_78be2ed397daf0( ).
src/abap/2_statements/statement_parser.ts.StatementParser.nativeSQL,receiver_copy,1104,1,1,DATA(t64) = CAST z_src_abap_nod_e445d254902ced( t11 ). t63 = t64->z_member_getto_78be2ed397daf0( ).
src/abap/2_statements/statement_parser.ts.StatementParser.nativeSQL,cast_temp,1104,1,1,DATA(t64) = CAST z_src_abap_nod_e445d254902ced( t11 ).
src/abap/2_statements/statement_parser.ts.StatementParser.nativeSQL,temp_assign,1105,1,1,t63 = t64->z_member_getto_78be2ed397daf0( ). t62 = t63.
src/abap/2_statements/statement_parser.ts.StatementParser.nativeSQL,clear_before_write,1108,1,1,CLEAR t65. ... t65 = t66.
src/abap/2_statements/statement_parser.ts.StatementParser.nativeSQL,clear_before_write,1110,1,1,CLEAR t66. ... t66 = me->z_member_token_ee139da5443484( z_param_tokens_3a66ced5b5b26a = t67 ).
src/abap/2_statements/statement_parser.ts.StatementParser.nativeSQL,clear_before_write,1112,1,1,CLEAR t67. ... t67 = t68->slice2( p0 = t69 p1 = t73 ).
src/abap/2_statements/statement_parser.ts.StatementParser.nativeSQL,cast_temp,1113,1,1,DATA(t68) = CAST z_runtime_arra_c22708faf2e354( t62 ).
src/abap/2_statements/statement_parser.ts.StatementParser.nativeSQL,value_init_overwritten,1114,1,1,DATA(t69) = VALUE i( ). ... t69 = t70 - t72.
src/abap/2_statements/statement_parser.ts.StatementParser.nativeSQL,value_init_overwritten,1115,1,1,DATA(t70) = VALUE i( ). ... t70 = lines( t71->items ).
src/abap/2_statements/statement_parser.ts.StatementParser.nativeSQL,temp_argument,1116,1,1,DATA(t71) = CAST z_runtime_arra_c22708faf2e354( t62 ). t70 = lines( t71->items ).
src/abap/2_statements/statement_parser.ts.StatementParser.nativeSQL,receiver_copy,1116,1,1,DATA(t71) = CAST z_runtime_arra_c22708faf2e354( t62 ). t70 = lines( t71->items ).
src/abap/2_statements/statement_parser.ts.StatementParser.nativeSQL,cast_temp,1116,1,1,DATA(t71) = CAST z_runtime_arra_c22708faf2e354( t62 ).
src/abap/2_statements/statement_parser.ts.StatementParser.nativeSQL,literal_scalar,1118,1,1,DATA(t72) = CONV i( '2' ).
src/abap/2_statements/statement_parser.ts.StatementParser.nativeSQL,value_init_overwritten,1120,1,1,DATA(t73) = VALUE i( ). ... t73 = lines( t74->items ).
src/abap/2_statements/statement_parser.ts.StatementParser.nativeSQL,temp_argument,1121,1,1,DATA(t74) = CAST z_runtime_arra_c22708faf2e354( t62 ). t73 = lines( t74->items ).
src/abap/2_statements/statement_parser.ts.StatementParser.nativeSQL,receiver_copy,1121,1,1,DATA(t74) = CAST z_runtime_arra_c22708faf2e354( t62 ). t73 = lines( t74->items ).
src/abap/2_statements/statement_parser.ts.StatementParser.nativeSQL,cast_temp,1121,1,1,DATA(t74) = CAST z_runtime_arra_c22708faf2e354( t62 ).
src/abap/2_statements/statement_parser.ts.StatementParser.nativeSQL,temp_assign,1124,1,1,t66 = me->z_member_token_ee139da5443484( z_param_tokens_3a66ced5b5b26a = t67 ). t65 = t66.
src/abap/2_statements/statement_parser.ts.StatementParser.nativeSQL,clear_before_write,1127,1,1,CLEAR t75. ... t75 = t76.
src/abap/2_statements/statement_parser.ts.StatementParser.nativeSQL,clear_before_write,1129,1,1,CLEAR t76. ... t76 = me->z_member_token_ee139da5443484( z_param_tokens_3a66ced5b5b26a = t77 ).
src/abap/2_statements/statement_parser.ts.StatementParser.nativeSQL,clear_before_write,1131,1,1,CLEAR t77. ... t77 = t78->slice2( p0 = t79 p1 = t80 ).
src/abap/2_statements/statement_parser.ts.StatementParser.nativeSQL,cast_temp,1132,1,1,DATA(t78) = CAST z_runtime_arra_c22708faf2e354( t62 ).
src/abap/2_statements/statement_parser.ts.StatementParser.nativeSQL,literal_scalar,1133,1,1,DATA(t79) = CONV i( '0' ).
src/abap/2_statements/statement_parser.ts.StatementParser.nativeSQL,value_init_overwritten,1134,1,1,DATA(t80) = VALUE i( ). ... t80 = t81 - t83.
src/abap/2_statements/statement_parser.ts.StatementParser.nativeSQL,value_init_overwritten,1135,1,1,DATA(t81) = VALUE i( ). ... t81 = lines( t82->items ).
src/abap/2_statements/statement_parser.ts.StatementParser.nativeSQL,temp_argument,1136,1,1,DATA(t82) = CAST z_runtime_arra_c22708faf2e354( t62 ). t81 = lines( t82->items ).
src/abap/2_statements/statement_parser.ts.StatementParser.nativeSQL,receiver_copy,1136,1,1,DATA(t82) = CAST z_runtime_arra_c22708faf2e354( t62 ). t81 = lines( t82->items ).
src/abap/2_statements/statement_parser.ts.StatementParser.nativeSQL,cast_temp,1136,1,1,DATA(t82) = CAST z_runtime_arra_c22708faf2e354( t62 ).
src/abap/2_statements/statement_parser.ts.StatementParser.nativeSQL,literal_scalar,1138,1,1,DATA(t83) = CONV i( '2' ).
src/abap/2_statements/statement_parser.ts.StatementParser.nativeSQL,temp_assign,1141,1,1,t76 = me->z_member_token_ee139da5443484( z_param_tokens_3a66ced5b5b26a = t77 ). t75 = t76.
src/abap/2_statements/statement_parser.ts.StatementParser.nativeSQL,clear_before_write,1144,1,1,CLEAR t84. ... t84 = t85->z_member_state_9163ed41d98ddd.
src/abap/2_statements/statement_parser.ts.StatementParser.nativeSQL,cast_temp,1145,1,1,DATA(t85) = CAST z_src_abap_2_s_4c81ce49a22dce( t1 ).
src/abap/2_statements/statement_parser.ts.StatementParser.nativeSQL,clear_before_write,1149,1,1,CLEAR t87. ... t87 = t88->z_member_setch_22a4e757af9749( z_param_childr_9020c44e5b6ffa = t92 ).
src/abap/2_statements/statement_parser.ts.StatementParser.nativeSQL,clear_before_write,1151,1,1,CLEAR t88. ... t88 = NEW z_src_abap_nod_e445d254902ced( z_param_statem_a93a3a61ab48a1 = t89 z_param_colon_efc6e029c59417 = t90 z_param_pragma_9ae3ad041053f6 = t91 ).
src/abap/2_statements/statement_parser.ts.StatementParser.nativeSQL,temp_argument,1158,1,1,DATA(t92) = CAST z_runtime_arra_c22708faf2e354( t75 ). t87 = t88->z_member_setch_22a4e757af9749( z_param_childr_9020c44e5b6ffa = t92 ).
src/abap/2_statements/statement_parser.ts.StatementParser.nativeSQL,cast_temp,1158,1,1,DATA(t92) = CAST z_runtime_arra_c22708faf2e354( t75 ).
src/abap/2_statements/statement_parser.ts.StatementParser.nativeSQL,clear_before_write,1169,1,1,CLEAR t94. ... t94 = t95.
src/abap/2_statements/statement_parser.ts.StatementParser.nativeSQL,clear_before_write,1171,1,1,CLEAR t95. ... t95 = t96->z_member_setch_22a4e757af9749( z_param_childr_9020c44e5b6ffa = t100 ).
src/abap/2_statements/statement_parser.ts.StatementParser.nativeSQL,clear_before_write,1173,1,1,CLEAR t96. ... t96 = NEW z_src_abap_nod_e445d254902ced( z_param_statem_a93a3a61ab48a1 = t97 z_param_colon_efc6e029c59417 = t98 z_param_pragma_9ae3ad041053f6 = t99 ).
src/abap/2_statements/statement_parser.ts.StatementParser.nativeSQL,temp_argument,1180,1,1,DATA(t100) = CAST z_runtime_arra_c22708faf2e354( t65 ). t95 = t96->z_member_setch_22a4e757af9749( z_param_childr_9020c44e5b6ffa = t100 ).
src/abap/2_statements/statement_parser.ts.StatementParser.nativeSQL,cast_temp,1180,1,1,DATA(t100) = CAST z_runtime_arra_c22708faf2e354( t65 ).
src/abap/2_statements/statement_parser.ts.StatementParser.nativeSQL,temp_assign,1181,1,1,t95 = t96->z_member_setch_22a4e757af9749( z_param_childr_9020c44e5b6ffa = t100 ). t94 = t95.
src/abap/2_statements/statement_parser.ts.StatementParser.nativeSQL,clear_before_write,1184,1,1,CLEAR t101. ... t101 = t102->splice3( p0 = t104 p1 = t107 p2 = t108 ).
src/abap/2_statements/statement_parser.ts.StatementParser.nativeSQL,clear_before_write,1186,1,1,CLEAR t102. ... t102 = t103->z_member_state_9163ed41d98ddd.
src/abap/2_statements/statement_parser.ts.StatementParser.nativeSQL,cast_temp,1187,1,1,DATA(t103) = CAST z_src_abap_2_s_4c81ce49a22dce( t1 ).
src/abap/2_statements/statement_parser.ts.StatementParser.nativeSQL,value_init_overwritten,1189,1,1,DATA(t104) = VALUE i( ). ... t104 = t105 + t106.
src/abap/2_statements/statement_parser.ts.StatementParser.nativeSQL,literal_scalar,1191,1,1,DATA(t106) = CONV i( '1' ).
src/abap/2_statements/statement_parser.ts.StatementParser.nativeSQL,literal_scalar,1193,1,1,DATA(t107) = CONV i( '0' ).
src/abap/2_statements/statement_parser.ts.StatementParser.nativeSQL,temp_argument,1194,1,1,DATA(t108) = CAST z_src_abap_nod_e445d254902ced( t94 ). t101 = t102->splice3( p0 = t104 p1 = t107 p2 = t108 ).
src/abap/2_statements/statement_parser.ts.StatementParser.nativeSQL,cast_temp,1194,1,1,DATA(t108) = CAST z_src_abap_nod_e445d254902ced( t94 ).
src/abap/2_statements/statement_parser.ts.StatementParser.nativeSQL,temp_assign,1196,1,1,DATA(t109) = CONV abap_bool( abap_false ). t2 = t109.
src/abap/2_statements/statement_parser.ts.StatementParser.nativeSQL,literal_scalar,1196,1,1,DATA(t109) = CONV abap_bool( abap_false ).
src/abap/2_statements/statement_parser.ts.StatementParser.nativeSQL,value_init_overwritten,1202,1,1,DATA(t110) = VALUE i( ). ... t110 = t111 + t112.
src/abap/2_statements/statement_parser.ts.StatementParser.nativeSQL,literal_scalar,1204,1,1,DATA(t112) = CONV i( '1' ).
src/abap/2_statements/statement_parser.ts.StatementParser.nativeSQL,temp_assign,1205,1,1,t110 = t111 + t112. t4 = t110.
src/abap/2_statements/statement_parser.ts.StatementParser.process,clear_before_write,1943,0,1,CLEAR t2. ... t2 = t3.
src/abap/2_statements/statement_parser.ts.StatementParser.process,clear_before_write,1945,0,1,CLEAR t3. ... CREATE OBJECT t3.
src/abap/2_statements/statement_parser.ts.StatementParser.process,clear_before_write,1949,0,1,CLEAR t4. ... t4 = t5.
src/abap/2_statements/statement_parser.ts.StatementParser.process,clear_before_write,1951,0,1,CLEAR t5. ... CREATE OBJECT t5.
src/abap/2_statements/statement_parser.ts.StatementParser.process,clear_before_write,1955,0,1,CLEAR t6. ... t6 = t7.
src/abap/2_statements/statement_parser.ts.StatementParser.process,value_init_overwritten,1959,0,1,DATA(t8) = VALUE abap_bool( ). ... t8 = t9.
src/abap/2_statements/statement_parser.ts.StatementParser.process,temp_assign,1960,0,1,DATA(t9) = CONV abap_bool( abap_false ). t8 = t9.
src/abap/2_statements/statement_parser.ts.StatementParser.process,literal_scalar,1960,0,1,DATA(t9) = CONV abap_bool( abap_false ).
src/abap/2_statements/statement_parser.ts.StatementParser.process,clear_before_write,1963,0,1,CLEAR t10. ... t10 = t11->z_member_token_ed4bfabc8c4cec.
src/abap/2_statements/statement_parser.ts.StatementParser.process,cast_temp,1964,0,1,DATA(t11) = CAST z_src_abap_2_s_4c81ce49a22dce( t1 ).
src/abap/2_statements/statement_parser.ts.StatementParser.process,value_init_overwritten,1972,1,1,DATA(t14) = VALUE abap_bool( ). ... t14 = xsdbool( t15 IS BOUND AND t15 IS INSTANCE OF z_src_abap_1_l_adf79c05e2d553 ).
src/abap/2_statements/statement_parser.ts.StatementParser.process,bool_if,1974,1,1,t14 = xsdbool( t15 IS BOUND AND t15 IS INSTANCE OF z_src_abap_1_l_adf79c05e2d553 ). IF t14 = abap_true.
src/abap/2_statements/statement_parser.ts.StatementParser.process,clear_before_write,1977,1,1,CLEAR t16. ... t16 = t17->z_member_state_9163ed41d98ddd.
src/abap/2_statements/statement_parser.ts.StatementParser.process,cast_temp,1978,1,1,DATA(t17) = CAST z_src_abap_2_s_4c81ce49a22dce( t1 ).
src/abap/2_statements/statement_parser.ts.StatementParser.process,clear_before_write,1981,1,1,CLEAR t18. ... t18 = t19->z_member_setch_22a4e757af9749( z_param_childr_9020c44e5b6ffa = t23 ).
src/abap/2_statements/statement_parser.ts.StatementParser.process,clear_before_write,1983,1,1,CLEAR t19. ... t19 = NEW z_src_abap_nod_e445d254902ced( z_param_statem_a93a3a61ab48a1 = t20 z_param_colon_efc6e029c59417 = t21 z_param_pragma_9ae3ad041053f6 = t22 ).
src/abap/2_statements/statement_parser.ts.StatementParser.process,clear_before_write,1991,1,1,CLEAR t23. ... t23 = t27.
src/abap/2_statements/statement_parser.ts.StatementParser.process,clear_before_write,1993,1,1,CLEAR t24. ... t24 = t25.
src/abap/2_statements/statement_parser.ts.StatementParser.process,clear_before_write,1995,1,1,CLEAR t25. ... t25 ?= t26.
src/abap/2_statements/statement_parser.ts.StatementParser.process,cast_temp,1996,1,1,DATA(t26) = CAST z_src_abap_1_l_506101b34e5cc0( t12 ).
src/abap/2_statements/statement_parser.ts.StatementParser.process,cast_temp,1997,1,1,t25 ?= t26. t24 = t25.
src/abap/2_statements/statement_parser.ts.StatementParser.process,clear_before_write,2000,1,1,CLEAR t27. ... t27 = t30.
src/abap/2_statements/statement_parser.ts.StatementParser.process,clear_before_write,2002,1,1,CLEAR t28. ... t28 = t29.
src/abap/2_statements/statement_parser.ts.StatementParser.process,clear_before_write,2004,1,1,CLEAR t29. ... CREATE OBJECT t29.
src/abap/2_statements/statement_parser.ts.StatementParser.process,clear_before_write,2008,1,1,CLEAR t30. ... t30 = t36.
src/abap/2_statements/statement_parser.ts.StatementParser.process,clear_before_write,2010,1,1,CLEAR t31. ... t31 = t32.
src/abap/2_statements/statement_parser.ts.StatementParser.process,temp_assign,2011,1,1,DATA(t32) = CAST z_src_abap_1_l_506101b34e5cc0( t24 ). t31 = t32.
src/abap/2_statements/statement_parser.ts.StatementParser.process,cast_temp,2011,1,1,DATA(t32) = CAST z_src_abap_1_l_506101b34e5cc0( t24 ).
src/abap/2_statements/statement_parser.ts.StatementParser.process,cast_temp,2013,1,1,DATA(t33) = CAST z_runtime_arra_c22708faf2e354( t28 ).
src/abap/2_statements/statement_parser.ts.StatementParser.process,clear_before_write,2015,1,1,CLEAR t34. ... t34 = NEW z_src_abap_nod_935d26003cb490( z_param_token_06f9e7a29ec34c = t35 ).
src/abap/2_statements/statement_parser.ts.StatementParser.process,temp_argument,2016,1,1,DATA(t35) = CAST z_src_abap_1_l_506101b34e5cc0( t31 ). t34 = NEW z_src_abap_nod_935d26003cb490( z_param_token_06f9e7a29ec34c = t35 ).
src/abap/2_statements/statement_parser.ts.StatementParser.process,cast_temp,2016,1,1,DATA(t35) = CAST z_src_abap_1_l_506101b34e5cc0( t31 ).
src/abap/2_statements/statement_parser.ts.StatementParser.process,temp_assign,2019,1,1,DATA(t36) = CAST z_runtime_arra_c22708faf2e354( t28 ). t30 = t36.
src/abap/2_statements/statement_parser.ts.StatementParser.process,cast_temp,2019,1,1,DATA(t36) = CAST z_runtime_arra_c22708faf2e354( t28 ).
src/abap/2_statements/statement_parser.ts.StatementParser.process,temp_assign,2020,1,1,t30 = t36. t27 = t30.
src/abap/2_statements/statement_parser.ts.StatementParser.process,temp_assign,2021,1,1,t27 = t30. t23 = t27.
src/abap/2_statements/statement_parser.ts.StatementParser.process,cast_temp,2027,1,1,DATA(t37) = CAST z_runtime_arra_c22708faf2e354( t2 ).
src/abap/2_statements/statement_parser.ts.StatementParser.process,cast_temp,2028,1,1,DATA(t38) = CAST z_src_abap_1_l_506101b34e5cc0( t12 ).
src/abap/2_statements/statement_parser.ts.StatementParser.process,value_init_overwritten,2030,1,1,DATA(t39) = VALUE string( ). ... t39 = t40.
src/abap/2_statements/statement_parser.ts.StatementParser.process,value_init_overwritten,2031,1,1,DATA(t40) = VALUE string( ). ... t40 = t43.
src/abap/2_statements/statement_parser.ts.StatementParser.process,clear_before_write,2033,1,1,CLEAR t41. ... t41 = t42.
src/abap/2_statements/statement_parser.ts.StatementParser.process,temp_assign,2034,1,1,DATA(t42) = CAST z_src_abap_1_l_506101b34e5cc0( t12 ). t41 = t42.
src/abap/2_statements/statement_parser.ts.StatementParser.process,cast_temp,2034,1,1,DATA(t42) = CAST z_src_abap_1_l_506101b34e5cc0( t12 ).
src/abap/2_statements/statement_parser.ts.StatementParser.process,value_init_overwritten,2036,1,1,DATA(t43) = VALUE string( ). ... t43 = t44->z_member_str_36e44b82e4af28.
src/abap/2_statements/statement_parser.ts.StatementParser.process,cast_temp,2037,1,1,DATA(t44) = CAST z_src_abap_1_l_506101b34e5cc0( t41 ).
src/abap/2_statements/statement_parser.ts.StatementParser.process,temp_assign,2038,1,1,t43 = t44->z_member_str_36e44b82e4af28. t40 = t43.
src/abap/2_statements/statement_parser.ts.StatementParser.process,temp_assign,2039,1,1,t40 = t43. t39 = t40.
src/abap/2_statements/statement_parser.ts.StatementParser.process,value_init_overwritten,2041,1,1,DATA(t45) = VALUE abap_bool( ). ... t45 = xsdbool( t46 = t49 ).
src/abap/2_statements/statement_parser.ts.StatementParser.process,value_init_overwritten,2042,1,1,DATA(t46) = VALUE i( ). ... t46 = t48.
src/abap/2_statements/statement_parser.ts.StatementParser.process,temp_argument,2043,1,1,DATA(t47) = CONV string( t39 ). DATA(t48) = CONV i( strlen( t47 ) ).
src/abap/2_statements/statement_parser.ts.StatementParser.process,temp_assign,2044,1,1,DATA(t48) = CONV i( strlen( t47 ) ). t46 = t48.
src/abap/2_statements/statement_parser.ts.StatementParser.process,temp_argument,2046,1,1,DATA(t49) = CONV i( '1' ). t45 = xsdbool( t46 = t49 ).
src/abap/2_statements/statement_parser.ts.StatementParser.process,literal_scalar,2046,1,1,DATA(t49) = CONV i( '1' ).
src/abap/2_statements/statement_parser.ts.StatementParser.process,bool_if,2047,1,1,t45 = xsdbool( t46 = t49 ). IF t45 = abap_true.
src/abap/2_statements/statement_parser.ts.StatementParser.process,value_init_overwritten,2049,1,1,DATA(t50) = VALUE abap_bool( ). ... t50 = xsdbool( t51 = t52 ).
src/abap/2_statements/statement_parser.ts.StatementParser.process,temp_argument,2051,1,1,DATA(t52) = CONV string( |.| ). t50 = xsdbool( t51 = t52 ).
src/abap/2_statements/statement_parser.ts.StatementParser.process,literal_scalar,2051,1,1,DATA(t52) = CONV string( |.| ).
src/abap/2_statements/statement_parser.ts.StatementParser.process,bool_if,2052,1,1,t50 = xsdbool( t51 = t52 ). IF t50 = abap_true.
src/abap/2_statements/statement_parser.ts.StatementParser.process,value_init_overwritten,2054,1,1,DATA(t53) = VALUE abap_bool( ). ... t53 = me->z_member_nativ_c4c8fce6485bfe( z_param_native_9edbc05eae010f = t54 z_param_tokens_3a66ced5b5b26a = t55 z_param_colon_efc6e029c59417 = t56 ).
src/abap/2_statements/statement_parser.ts.StatementParser.process,cast_temp,2056,1,1,DATA(t55) = CAST z_runtime_arra_c22708faf2e354( t2 ).
src/abap/2_statements/statement_parser.ts.StatementParser.process,temp_argument,2057,1,1,DATA(t56) = CAST z_src_abap_1_l_506101b34e5cc0( t6 ). t53 = me->z_member_nativ_c4c8fce6485bfe( z_param_native_9edbc05eae010f = t54 z_param_tokens_3a66ced5b5b26a = t55 z_param_colon_efc6e029c59417 = t56 ).
src/abap/2_statements/statement_parser.ts.StatementParser.process,cast_temp,2057,1,1,DATA(t56) = CAST z_src_abap_1_l_506101b34e5cc0( t6 ).
src/abap/2_statements/statement_parser.ts.StatementParser.process,temp_assign,2058,1,1,t53 = me->z_member_nativ_c4c8fce6485bfe( z_param_native_9edbc05eae010f = t54 z_param_tokens_3a66ced5b5b26a = t55 z_param_colon_efc6e029c59417 = t56 ). t8 = t53.
src/abap/2_statements/statement_parser.ts.StatementParser.process,clear_before_write,2061,1,1,CLEAR t57. ... t57 = t58.
src/abap/2_statements/statement_parser.ts.StatementParser.process,temp_assign,2062,1,1,DATA(t58) = CAST z_src_abap_2_s_4c81ce49a22dce( t1 ). t57 = t58.
src/abap/2_statements/statement_parser.ts.StatementParser.process,cast_temp,2062,1,1,DATA(t58) = CAST z_src_abap_2_s_4c81ce49a22dce( t1 ).
src/abap/2_statements/statement_parser.ts.StatementParser.process,clear_before_write,2065,1,1,CLEAR t59. ... t59 = t60.
src/abap/2_statements/statement_parser.ts.StatementParser.process,temp_assign,2066,1,1,DATA(t60) = CAST z_runtime_arra_c22708faf2e354( t4 ). t59 = t60.
src/abap/2_statements/statement_parser.ts.StatementParser.process,cast_temp,2066,1,1,DATA(t60) = CAST z_runtime_arra_c22708faf2e354( t4 ).
src/abap/2_statements/statement_parser.ts.StatementParser.process,clear_before_write,2069,1,1,CLEAR t61. ... t61 = t62.
src/abap/2_statements/statement_parser.ts.StatementParser.process,temp_assign,2070,1,1,DATA(t62) = CAST z_runtime_arra_c22708faf2e354( t2 ). t61 = t62.
src/abap/2_statements/statement_parser.ts.StatementParser.process,cast_temp,2070,1,1,DATA(t62) = CAST z_runtime_arra_c22708faf2e354( t2 ).
src/abap/2_statements/statement_parser.ts.StatementParser.process,clear_before_write,2073,1,1,CLEAR t63. ... t63 = t64.
src/abap/2_statements/statement_parser.ts.StatementParser.process,temp_assign,2074,1,1,DATA(t64) = CAST z_src_abap_1_l_506101b34e5cc0( t6 ). t63 = t64.
src/abap/2_statements/statement_parser.ts.StatementParser.process,cast_temp,2074,1,1,DATA(t64) = CAST z_src_abap_1_l_506101b34e5cc0( t6 ).
src/abap/2_statements/statement_parser.ts.StatementParser.process,clear_before_write,2077,1,1,CLEAR t65. ... t65 = t66.
src/abap/2_statements/statement_parser.ts.StatementParser.process,clear_before_write,2079,1,1,CLEAR t66. ... t66 = NEW z_src_abap_nod_e445d254902ced( z_param_statem_a93a3a61ab48a1 = t67 z_param_colon_efc6e029c59417 = t68 z_param_pragma_9ae3ad041053f6 = t69 ).
src/abap/2_statements/statement_parser.ts.StatementParser.process,cast_temp,2081,1,1,DATA(t68) = CAST z_src_abap_1_l_506101b34e5cc0( t63 ).
src/abap/2_statements/statement_parser.ts.StatementParser.process,temp_assign,2084,1,1,t66 = NEW z_src_abap_nod_e445d254902ced( z_param_statem_a93a3a61ab48a1 = t67 z_param_colon_efc6e029c59417 = t68 z_param_pragma_9ae3ad041053f6 = t69 ). t65 = t66.
src/abap/2_statements/statement_parser.ts.StatementParser.process,clear_before_write,2087,1,1,CLEAR t70. ... t70 = t71->z_member_setch_22a4e757af9749( z_param_childr_9020c44e5b6ffa = t72 ).
src/abap/2_statements/statement_parser.ts.StatementParser.process,cast_temp,2088,1,1,DATA(t71) = CAST z_src_abap_nod_e445d254902ced( t65 ).
src/abap/2_statements/statement_parser.ts.StatementParser.process,clear_before_write,2090,1,1,CLEAR t72. ... t72 = t73->z_member_token_ee139da5443484( z_param_tokens_9d9f2db84be7bc = t74 z_param_tokens_b8be0e9cb14d97 = t75 ).
src/abap/2_statements/statement_parser.ts.StatementParser.process,cast_temp,2091,1,1,DATA(t73) = CAST z_src_abap_2_s_4c81ce49a22dce( t57 ).
src/abap/2_statements/statement_parser.ts.StatementParser.process,cast_temp,2092,1,1,DATA(t74) = CAST z_runtime_arra_c22708faf2e354( t59 ).
src/abap/2_statements/statement_parser.ts.StatementParser.process,temp_argument,2093,1,1,DATA(t75) = CAST z_runtime_arra_c22708faf2e354( t61 ). t72 = t73->z_member_token_ee139da5443484( z_param_tokens_9d9f2db84be7bc = t74 z_param_tokens_b8be0e9cb14d97 = t75 ).
src/abap/2_statements/statement_parser.ts.StatementParser.process,cast_temp,2093,1,1,DATA(t75) = CAST z_runtime_arra_c22708faf2e354( t61 ).
src/abap/2_statements/statement_parser.ts.StatementParser.process,clear_before_write,2097,1,1,CLEAR t76. ... t76 = t77->z_member_state_9163ed41d98ddd.
src/abap/2_statements/statement_parser.ts.StatementParser.process,cast_temp,2098,1,1,DATA(t77) = CAST z_src_abap_2_s_4c81ce49a22dce( t57 ).
src/abap/2_statements/statement_parser.ts.StatementParser.process,cast_temp,2100,1,1,DATA(t78) = CAST z_src_abap_nod_e445d254902ced( t65 ).
src/abap/2_statements/statement_parser.ts.StatementParser.process,clear_before_write,2103,1,1,CLEAR t79. ... CREATE OBJECT t79.
src/abap/2_statements/statement_parser.ts.StatementParser.process,clear_before_write,2107,1,1,CLEAR t80. ... CREATE OBJECT t80.
src/abap/2_statements/statement_parser.ts.StatementParser.process,value_init_overwritten,2114,1,1,DATA(t82) = VALUE abap_bool( ). ... t82 = t83.
src/abap/2_statements/statement_parser.ts.StatementParser.process,value_init_overwritten,2115,1,1,DATA(t83) = VALUE abap_bool( ). ... t83 = xsdbool( t84 = t85 ).
src/abap/2_statements/statement_parser.ts.StatementParser.process,temp_argument,2117,1,1,"DATA(t85) = CONV string( |,| ). t83 = xsdbool( t84 = t85 )."
src/abap/2_statements/statement_parser.ts.StatementParser.process,literal_scalar,2117,1,1,"DATA(t85) = CONV string( |,| )."
src/abap/2_statements/statement_parser.ts.StatementParser.process,value_init_overwritten,2121,1,1,DATA(t86) = VALUE abap_bool( ). ... t86 = xsdbool( t87 > t89 ).
src/abap/2_statements/statement_parser.ts.StatementParser.process,value_init_overwritten,2122,1,1,DATA(t87) = VALUE i( ). ... t87 = lines( t88->items ).
src/abap/2_statements/statement_parser.ts.StatementParser.process,temp_argument,2123,1,1,DATA(t88) = CAST z_runtime_arra_c22708faf2e354( t4 ). t87 = lines( t88->items ).
src/abap/2_statements/statement_parser.ts.StatementParser.process,receiver_copy,2123,1,1,DATA(t88) = CAST z_runtime_arra_c22708faf2e354( t4 ). t87 = lines( t88->items ).
src/abap/2_statements/statement_parser.ts.StatementParser.process,cast_temp,2123,1,1,DATA(t88) = CAST z_runtime_arra_c22708faf2e354( t4 ).
src/abap/2_statements/statement_parser.ts.StatementParser.process,temp_argument,2125,1,1,DATA(t89) = CONV i( '0' ). t86 = xsdbool( t87 > t89 ).
src/abap/2_statements/statement_parser.ts.StatementParser.process,literal_scalar,2125,1,1,DATA(t89) = CONV i( '0' ).
src/abap/2_statements/statement_parser.ts.StatementParser.process,temp_assign,2126,1,1,t86 = xsdbool( t87 > t89 ). t82 = t86.
src/abap/2_statements/statement_parser.ts.StatementParser.process,clear_before_write,2131,1,1,CLEAR t90. ... t90 = t91.
src/abap/2_statements/statement_parser.ts.StatementParser.process,temp_assign,2132,1,1,DATA(t91) = CAST z_src_abap_2_s_4c81ce49a22dce( t1 ). t90 = t91.
src/abap/2_statements/statement_parser.ts.StatementParser.process,cast_temp,2132,1,1,DATA(t91) = CAST z_src_abap_2_s_4c81ce49a22dce( t1 ).
src/abap/2_statements/statement_parser.ts.StatementParser.process,clear_before_write,2135,1,1,CLEAR t92. ... t92 = t93.
src/abap/2_statements/statement_parser.ts.StatementParser.process,temp_assign,2136,1,1,DATA(t93) = CAST z_runtime_arra_c22708faf2e354( t4 ). t92 = t93.
src/abap/2_statements/statement_parser.ts.StatementParser.process,cast_temp,2136,1,1,DATA(t93) = CAST z_runtime_arra_c22708faf2e354( t4 ).
src/abap/2_statements/statement_parser.ts.StatementParser.process,clear_before_write,2139,1,1,CLEAR t94. ... t94 = t95.
src/abap/2_statements/statement_parser.ts.StatementParser.process,temp_assign,2140,1,1,DATA(t95) = CAST z_runtime_arra_c22708faf2e354( t2 ). t94 = t95.
src/abap/2_statements/statement_parser.ts.StatementParser.process,cast_temp,2140,1,1,DATA(t95) = CAST z_runtime_arra_c22708faf2e354( t2 ).
src/abap/2_statements/statement_parser.ts.StatementParser.process,clear_before_write,2143,1,1,CLEAR t96. ... t96 = t97.
src/abap/2_statements/statement_parser.ts.StatementParser.process,temp_assign,2144,1,1,DATA(t97) = CAST z_src_abap_1_l_506101b34e5cc0( t6 ). t96 = t97.
src/abap/2_statements/statement_parser.ts.StatementParser.process,cast_temp,2144,1,1,DATA(t97) = CAST z_src_abap_1_l_506101b34e5cc0( t6 ).
src/abap/2_statements/statement_parser.ts.StatementParser.process,clear_before_write,2147,1,1,CLEAR t98. ... t98 = t99.
src/abap/2_statements/statement_parser.ts.StatementParser.process,clear_before_write,2149,1,1,CLEAR t99. ... t99 = NEW z_src_abap_nod_e445d254902ced( z_param_statem_a93a3a61ab48a1 = t100 z_param_colon_efc6e029c59417 = t101 z_param_pragma_9ae3ad041053f6 = t102 ).
src/abap/2_statements/statement_parser.ts.StatementParser.process,cast_temp,2151,1,1,DATA(t101) = CAST z_src_abap_1_l_506101b34e5cc0( t96 ).
src/abap/2_statements/statement_parser.ts.StatementParser.process,temp_assign,2154,1,1,t99 = NEW z_src_abap_nod_e445d254902ced( z_param_statem_a93a3a61ab48a1 = t100 z_param_colon_efc6e029c59417 = t101 z_param_pragma_9ae3ad041053f6 = t102 ). t98 = t99.
src/abap/2_statements/statement_parser.ts.StatementParser.process,clear_before_write,2157,1,1,CLEAR t103. ... t103 = t104->z_member_setch_22a4e757af9749( z_param_childr_9020c44e5b6ffa = t105 ).
src/abap/2_statements/statement_parser.ts.StatementParser.process,cast_temp,2158,1,1,DATA(t104) = CAST z_src_abap_nod_e445d254902ced( t98 ).
src/abap/2_statements/statement_parser.ts.StatementParser.process,clear_before_write,2160,1,1,CLEAR t105. ... t105 = t106->z_member_token_ee139da5443484( z_param_tokens_9d9f2db84be7bc = t107 z_param_tokens_b8be0e9cb14d97 = t108 ).
src/abap/2_statements/statement_parser.ts.StatementParser.process,cast_temp,2161,1,1,DATA(t106) = CAST z_src_abap_2_s_4c81ce49a22dce( t90 ).
src/abap/2_statements/statement_parser.ts.StatementParser.process,cast_temp,2162,1,1,DATA(t107) = CAST z_runtime_arra_c22708faf2e354( t92 ).
src/abap/2_statements/statement_parser.ts.StatementParser.process,temp_argument,2163,1,1,DATA(t108) = CAST z_runtime_arra_c22708faf2e354( t94 ). t105 = t106->z_member_token_ee139da5443484( z_param_tokens_9d9f2db84be7bc = t107 z_param_tokens_b8be0e9cb14d97 = t108 ).
src/abap/2_statements/statement_parser.ts.StatementParser.process,cast_temp,2163,1,1,DATA(t108) = CAST z_runtime_arra_c22708faf2e354( t94 ).
src/abap/2_statements/statement_parser.ts.StatementParser.process,clear_before_write,2167,1,1,CLEAR t109. ... t109 = t110->z_member_state_9163ed41d98ddd.
src/abap/2_statements/statement_parser.ts.StatementParser.process,cast_temp,2168,1,1,DATA(t110) = CAST z_src_abap_2_s_4c81ce49a22dce( t90 ).
src/abap/2_statements/statement_parser.ts.StatementParser.process,cast_temp,2170,1,1,DATA(t111) = CAST z_src_abap_nod_e445d254902ced( t98 ).
src/abap/2_statements/statement_parser.ts.StatementParser.process,clear_before_write,2173,1,1,CLEAR t112. ... CREATE OBJECT t112.
src/abap/2_statements/statement_parser.ts.StatementParser.process,value_init_overwritten,2178,1,1,DATA(t114) = VALUE abap_bool( ). ... t114 = t115.
src/abap/2_statements/statement_parser.ts.StatementParser.process,value_init_overwritten,2179,1,1,DATA(t115) = VALUE abap_bool( ). ... t115 = xsdbool( t116 = t117 ).
src/abap/2_statements/statement_parser.ts.StatementParser.process,temp_argument,2181,1,1,DATA(t117) = CONV string( |:| ). t115 = xsdbool( t116 = t117 ).
src/abap/2_statements/statement_parser.ts.StatementParser.process,literal_scalar,2181,1,1,DATA(t117) = CONV string( |:| ).
src/abap/2_statements/statement_parser.ts.StatementParser.process,clear_before_write,2187,1,1,CLEAR t119. ... t119 = t120.
src/abap/2_statements/statement_parser.ts.StatementParser.process,temp_assign,2188,1,1,DATA(t120) = CAST z_src_abap_1_l_506101b34e5cc0( t6 ). t119 = t120.
src/abap/2_statements/statement_parser.ts.StatementParser.process,cast_temp,2188,1,1,DATA(t120) = CAST z_src_abap_1_l_506101b34e5cc0( t6 ).
src/abap/2_statements/statement_parser.ts.StatementParser.process,clear_before_write,2191,1,1,CLEAR t121. ... t121 = t122.
src/abap/2_statements/statement_parser.ts.StatementParser.process,cast_temp,2196,1,1,DATA(t124) = CAST z_src_abap_1_l_506101b34e5cc0( t119 ).
src/abap/2_statements/statement_parser.ts.StatementParser.process,temp_assign,2200,1,1,t118 = t123. t114 = t118.
src/abap/2_statements/statement_parser.ts.StatementParser.process,value_init_overwritten,2205,1,1,DATA(t125) = VALUE abap_bool( ). ... t125 = xsdbool( t126 = t127 ).
src/abap/2_statements/statement_parser.ts.StatementParser.process,temp_argument,2207,1,1,DATA(t127) = CONV abap_bool( abap_false ). t125 = xsdbool( t126 = t127 ).
src/abap/2_statements/statement_parser.ts.StatementParser.process,literal_scalar,2207,1,1,DATA(t127) = CONV abap_bool( abap_false ).
src/abap/2_statements/statement_parser.ts.StatementParser.process,temp_assign,2208,1,1,t125 = xsdbool( t126 = t127 ). t113 = t125.
src/abap/2_statements/statement_parser.ts.StatementParser.process,literal_scalar,2214,1,1,DATA(t129) = CONV abap_bool( abap_true ).
src/abap/2_statements/statement_parser.ts.StatementParser.process,temp_assign,2216,1,1,DATA(t130) = CAST z_src_abap_1_l_506101b34e5cc0( t12 ). t128 = t130.
src/abap/2_statements/statement_parser.ts.StatementParser.process,cast_temp,2216,1,1,DATA(t130) = CAST z_src_abap_1_l_506101b34e5cc0( t12 ).
src/abap/2_statements/statement_parser.ts.StatementParser.process,clear_before_write,2225,1,1,CLEAR t132. ... t132 ?= t134.
src/abap/2_statements/statement_parser.ts.StatementParser.process,cast_temp,2226,1,1,DATA(t133) = CAST z_runtime_arra_c22708faf2e354( t2 ).
src/abap/2_statements/statement_parser.ts.StatementParser.process,clear_before_write,2228,1,1,CLEAR t134. ... t134 = t133->pop( ).
src/abap/2_statements/statement_parser.ts.StatementParser.process,cast_temp,2232,1,1,DATA(t136) = CAST z_runtime_arra_c22708faf2e354( t2 ).
src/abap/2_statements/statement_parser.ts.StatementParser.process,cast_temp,2238,2,1,t137 ?= t138. DATA(t139) = CAST z_runtime_arra_c22708faf2e354( t4 ).
src/abap/2_statements/statement_parser.ts.StatementParser.process,cast_temp,2239,2,1,DATA(t139) = CAST z_runtime_arra_c22708faf2e354( t4 ).
src/abap/2_statements/statement_parser.ts.StatementParser.process,cast_temp,2240,2,1,DATA(t140) = CAST z_src_abap_1_l_506101b34e5cc0( t137 ).
src/abap/2_statements/statement_parser.ts.StatementParser.process,value_init_overwritten,2243,1,1,DATA(t141) = VALUE i( ). ... t141 = lines( t142->items ).
src/abap/2_statements/statement_parser.ts.StatementParser.process,temp_argument,2244,1,1,DATA(t142) = CAST z_runtime_arra_c22708faf2e354( t4 ). t141 = lines( t142->items ).
src/abap/2_statements/statement_parser.ts.StatementParser.process,receiver_copy,2244,1,1,DATA(t142) = CAST z_runtime_arra_c22708faf2e354( t4 ). t141 = lines( t142->items ).
src/abap/2_statements/statement_parser.ts.StatementParser.process,cast_temp,2244,1,1,DATA(t142) = CAST z_runtime_arra_c22708faf2e354( t4 ).
src/abap/2_statements/statement_parser.ts.StatementParser.process,temp_assign,2245,1,1,t141 = lines( t142->items ). t135 = t141.
src/abap/2_statements/statement_parser.ts.StatementParser.process,clear_before_write,2248,1,1,CLEAR t143. ... CREATE OBJECT t143.
src/abap/2_statements/statement_parser.ts.StatementParser.process,value_init_overwritten,2252,1,1,DATA(t144) = VALUE abap_bool( ). ... t144 = t145.
src/abap/2_statements/statement_parser.ts.StatementParser.process,value_init_overwritten,2253,1,1,DATA(t145) = VALUE abap_bool( ). ... t145 = xsdbool( t146 = t147 ).
src/abap/2_statements/statement_parser.ts.StatementParser.process,temp_argument,2255,1,1,DATA(t147) = CONV string( |:| ). t145 = xsdbool( t146 = t147 ).
src/abap/2_statements/statement_parser.ts.StatementParser.process,literal_scalar,2255,1,1,DATA(t147) = CONV string( |:| ).
src/abap/2_statements/statement_parser.ts.StatementParser.process,value_init_overwritten,2259,1,1,DATA(t148) = VALUE abap_bool( ). ... t148 = xsdbool( t149 = t150 ).
src/abap/2_statements/statement_parser.ts.StatementParser.process,temp_argument,2261,1,1,DATA(t150) = CONV abap_bool( abap_false ). t148 = xsdbool( t149 = t150 ).
src/abap/2_statements/statement_parser.ts.StatementParser.process,literal_scalar,2261,1,1,DATA(t150) = CONV abap_bool( abap_false ).
src/abap/2_statements/statement_parser.ts.StatementParser.process,temp_assign,2262,1,1,t148 = xsdbool( t149 = t150 ). t144 = t148.
src/abap/2_statements/statement_parser.ts.StatementParser.process,clear_before_write,2267,1,1,CLEAR t151. ... t151 ?= t153.
src/abap/2_statements/statement_parser.ts.StatementParser.process,cast_temp,2268,1,1,DATA(t152) = CAST z_runtime_arra_c22708faf2e354( t2 ).
src/abap/2_statements/statement_parser.ts.StatementParser.process,clear_before_write,2270,1,1,CLEAR t153. ... t153 = t152->pop( ).
src/abap/2_statements/statement_parser.ts.StatementParser.process,value_init_overwritten,2279,0,1,DATA(t154) = VALUE abap_bool( ). ... t154 = xsdbool( t155 > t157 ).
src/abap/2_statements/statement_parser.ts.StatementParser.process,value_init_overwritten,2280,0,1,DATA(t155) = VALUE i( ). ... t155 = lines( t156->items ).
src/abap/2_statements/statement_parser.ts.StatementParser.process,temp_argument,2281,0,1,DATA(t156) = CAST z_runtime_arra_c22708faf2e354( t2 ). t155 = lines( t156->items ).
src/abap/2_statements/statement_parser.ts.StatementParser.process,receiver_copy,2281,0,1,DATA(t156) = CAST z_runtime_arra_c22708faf2e354( t2 ). t155 = lines( t156->items ).
src/abap/2_statements/statement_parser.ts.StatementParser.process,cast_temp,2281,0,1,DATA(t156) = CAST z_runtime_arra_c22708faf2e354( t2 ).
src/abap/2_statements/statement_parser.ts.StatementParser.process,temp_argument,2283,0,1,DATA(t157) = CONV i( '0' ). t154 = xsdbool( t155 > t157 ).
src/abap/2_statements/statement_parser.ts.StatementParser.process,literal_scalar,2283,0,1,DATA(t157) = CONV i( '0' ).
src/abap/2_statements/statement_parser.ts.StatementParser.process,bool_if,2284,0,1,t154 = xsdbool( t155 > t157 ). IF t154 = abap_true.
src/abap/2_statements/statement_parser.ts.StatementParser.process,clear_before_write,2287,0,1,CLEAR t158. ... t158 = t159.
src/abap/2_statements/statement_parser.ts.StatementParser.process,temp_assign,2288,0,1,DATA(t159) = CAST z_src_abap_2_s_4c81ce49a22dce( t1 ). t158 = t159.
src/abap/2_statements/statement_parser.ts.StatementParser.process,cast_temp,2288,0,1,DATA(t159) = CAST z_src_abap_2_s_4c81ce49a22dce( t1 ).
src/abap/2_statements/statement_parser.ts.StatementParser.process,clear_before_write,2291,0,1,CLEAR t160. ... t160 = t161.
src/abap/2_statements/statement_parser.ts.StatementParser.process,temp_assign,2292,0,1,DATA(t161) = CAST z_runtime_arra_c22708faf2e354( t4 ). t160 = t161.
src/abap/2_statements/statement_parser.ts.StatementParser.process,cast_temp,2292,0,1,DATA(t161) = CAST z_runtime_arra_c22708faf2e354( t4 ).
src/abap/2_statements/statement_parser.ts.StatementParser.process,clear_before_write,2295,0,1,CLEAR t162. ... t162 = t163.
src/abap/2_statements/statement_parser.ts.StatementParser.process,temp_assign,2296,0,1,DATA(t163) = CAST z_runtime_arra_c22708faf2e354( t2 ). t162 = t163.
src/abap/2_statements/statement_parser.ts.StatementParser.process,cast_temp,2296,0,1,DATA(t163) = CAST z_runtime_arra_c22708faf2e354( t2 ).
src/abap/2_statements/statement_parser.ts.StatementParser.process,clear_before_write,2299,0,1,CLEAR t164. ... t164 = t165.
src/abap/2_statements/statement_parser.ts.StatementParser.process,temp_assign,2300,0,1,DATA(t165) = CAST z_src_abap_1_l_506101b34e5cc0( t6 ). t164 = t165.
src/abap/2_statements/statement_parser.ts.StatementParser.process,cast_temp,2300,0,1,DATA(t165) = CAST z_src_abap_1_l_506101b34e5cc0( t6 ).
src/abap/2_statements/statement_parser.ts.StatementParser.process,clear_before_write,2303,0,1,CLEAR t166. ... t166 = t167.
src/abap/2_statements/statement_parser.ts.StatementParser.process,clear_before_write,2305,0,1,CLEAR t167. ... t167 = NEW z_src_abap_nod_e445d254902ced( z_param_statem_a93a3a61ab48a1 = t168 z_param_colon_efc6e029c59417 = t169 z_param_pragma_9ae3ad041053f6 = t170 ).
src/abap/2_statements/statement_parser.ts.StatementParser.process,cast_temp,2307,0,1,DATA(t169) = CAST z_src_abap_1_l_506101b34e5cc0( t164 ).
src/abap/2_statements/statement_parser.ts.StatementParser.process,temp_assign,2310,0,1,t167 = NEW z_src_abap_nod_e445d254902ced( z_param_statem_a93a3a61ab48a1 = t168 z_param_colon_efc6e029c59417 = t169 z_param_pragma_9ae3ad041053f6 = t170 ). t166 = t167.
src/abap/2_statements/statement_parser.ts.StatementParser.process,clear_before_write,2313,0,1,CLEAR t171. ... t171 = t172->z_member_setch_22a4e757af9749( z_param_childr_9020c44e5b6ffa = t173 ).
src/abap/2_statements/statement_parser.ts.StatementParser.process,cast_temp,2314,0,1,DATA(t172) = CAST z_src_abap_nod_e445d254902ced( t166 ).
src/abap/2_statements/statement_parser.ts.StatementParser.process,clear_before_write,2316,0,1,CLEAR t173. ... t173 = t174->z_member_token_ee139da5443484( z_param_tokens_9d9f2db84be7bc = t175 z_param_tokens_b8be0e9cb14d97 = t176 ).
src/abap/2_statements/statement_parser.ts.StatementParser.process,cast_temp,2317,0,1,DATA(t174) = CAST z_src_abap_2_s_4c81ce49a22dce( t158 ).
src/abap/2_statements/statement_parser.ts.StatementParser.process,cast_temp,2318,0,1,DATA(t175) = CAST z_runtime_arra_c22708faf2e354( t160 ).
src/abap/2_statements/statement_parser.ts.StatementParser.process,temp_argument,2319,0,1,DATA(t176) = CAST z_runtime_arra_c22708faf2e354( t162 ). t173 = t174->z_member_token_ee139da5443484( z_param_tokens_9d9f2db84be7bc = t175 z_param_tokens_b8be0e9cb14d97 = t176 ).
src/abap/2_statements/statement_parser.ts.StatementParser.process,cast_temp,2319,0,1,DATA(t176) = CAST z_runtime_arra_c22708faf2e354( t162 ).
src/abap/2_statements/statement_parser.ts.StatementParser.process,clear_before_write,2323,0,1,CLEAR t177. ... t177 = t178->z_member_state_9163ed41d98ddd.
src/abap/2_statements/statement_parser.ts.StatementParser.process,cast_temp,2324,0,1,DATA(t178) = CAST z_src_abap_2_s_4c81ce49a22dce( t158 ).
src/abap/2_statements/statement_parser.ts.StatementParser.process,cast_temp,2326,0,1,DATA(t179) = CAST z_src_abap_nod_e445d254902ced( t166 ).
src/abap/2_statements/statement_parser.ts.StatementParser.removePragma,value_init_overwritten,1425,0,1,DATA(t2) = VALUE abap_bool( ). ... t2 = t3.
src/abap/2_statements/statement_parser.ts.StatementParser.removePragma,temp_assign,1426,0,1,DATA(t3) = CONV abap_bool( abap_false ). t2 = t3.
src/abap/2_statements/statement_parser.ts.StatementParser.removePragma,literal_scalar,1426,0,1,DATA(t3) = CONV abap_bool( abap_false ).
src/abap/2_statements/statement_parser.ts.StatementParser.removePragma,value_init_overwritten,1428,0,1,DATA(t4) = VALUE i( ). ... t4 = t5.
src/abap/2_statements/statement_parser.ts.StatementParser.removePragma,temp_assign,1429,0,1,DATA(t5) = CONV i( '0' ). t4 = t5.
src/abap/2_statements/statement_parser.ts.StatementParser.removePragma,literal_scalar,1429,0,1,DATA(t5) = CONV i( '0' ).
src/abap/2_statements/statement_parser.ts.StatementParser.removePragma,value_init_overwritten,1432,1,1,DATA(t6) = VALUE abap_bool( ). ... t6 = xsdbool( t7 < t8 ).
src/abap/2_statements/statement_parser.ts.StatementParser.removePragma,value_init_overwritten,1434,1,1,DATA(t8) = VALUE i( ). ... t8 = t9 - t11.
src/abap/2_statements/statement_parser.ts.StatementParser.removePragma,value_init_overwritten,1435,1,1,DATA(t9) = VALUE i( ). ... t9 = lines( t10->items ).
src/abap/2_statements/statement_parser.ts.StatementParser.removePragma,temp_argument,1436,1,1,DATA(t10) = CAST z_runtime_arra_c22708faf2e354( t1 ). t9 = lines( t10->items ).
src/abap/2_statements/statement_parser.ts.StatementParser.removePragma,receiver_copy,1436,1,1,DATA(t10) = CAST z_runtime_arra_c22708faf2e354( t1 ). t9 = lines( t10->items ).
src/abap/2_statements/statement_parser.ts.StatementParser.removePragma,cast_temp,1436,1,1,DATA(t10) = CAST z_runtime_arra_c22708faf2e354( t1 ).
src/abap/2_statements/statement_parser.ts.StatementParser.removePragma,literal_scalar,1438,1,1,DATA(t11) = CONV i( '1' ).
src/abap/2_statements/statement_parser.ts.StatementParser.removePragma,value_init_overwritten,1444,1,1,DATA(t12) = VALUE abap_bool( ). ... t12 = xsdbool( t13 IS BOUND AND t13 IS INSTANCE OF z_src_abap_1_l_7a3d03a814f6ff ).
src/abap/2_statements/statement_parser.ts.StatementParser.removePragma,clear_before_write,1446,1,1,CLEAR t13. ... t13 ?= t16.
src/abap/2_statements/statement_parser.ts.StatementParser.removePragma,cast_temp,1447,1,1,DATA(t14) = CAST z_runtime_arra_c22708faf2e354( t1 ).
src/abap/2_statements/statement_parser.ts.StatementParser.removePragma,table_read_copy,1452,1,1,READ TABLE t14->items INDEX t15 INTO t16. t13 ?= t16.
src/abap/2_statements/statement_parser.ts.StatementParser.removePragma,bool_if,1454,1,1,t12 = xsdbool( t13 IS BOUND AND t13 IS INSTANCE OF z_src_abap_1_l_7a3d03a814f6ff ). IF t12 = abap_true.
src/abap/2_statements/statement_parser.ts.StatementParser.removePragma,temp_assign,1456,1,1,DATA(t17) = CONV abap_bool( abap_true ). t2 = t17.
src/abap/2_statements/statement_parser.ts.StatementParser.removePragma,literal_scalar,1456,1,1,DATA(t17) = CONV abap_bool( abap_true ).
src/abap/2_statements/statement_parser.ts.StatementParser.removePragma,value_init_overwritten,1460,1,1,DATA(t18) = VALUE i( ). ... t18 = t19 + t20.
src/abap/2_statements/statement_parser.ts.StatementParser.removePragma,literal_scalar,1462,1,1,DATA(t20) = CONV i( '1' ).
src/abap/2_statements/statement_parser.ts.StatementParser.removePragma,temp_assign,1463,1,1,t18 = t19 + t20. t4 = t18.
src/abap/2_statements/statement_parser.ts.StatementParser.removePragma,value_init_overwritten,1466,0,1,DATA(t21) = VALUE abap_bool( ). ... t21 = xsdbool( t22 = t23 ).
src/abap/2_statements/statement_parser.ts.StatementParser.removePragma,temp_argument,1468,0,1,DATA(t23) = CONV abap_bool( abap_false ). t21 = xsdbool( t22 = t23 ).
src/abap/2_statements/statement_parser.ts.StatementParser.removePragma,literal_scalar,1468,0,1,DATA(t23) = CONV abap_bool( abap_false ).
src/abap/2_statements/statement_parser.ts.StatementParser.removePragma,bool_if,1469,0,1,t21 = xsdbool( t22 = t23 ). IF t21 = abap_true.
src/abap/2_statements/statement_parser.ts.StatementParser.removePragma,literal_scalar,1475,0,1,DATA(t26) = CONV abap_bool( abap_true ).
src/abap/2_statements/statement_parser.ts.StatementParser.removePragma,clear_before_write,1478,0,1,CLEAR t27. ... t27 = t28->slice2( p0 = t29 p1 = t30 ).
src/abap/2_statements/statement_parser.ts.StatementParser.removePragma,cast_temp,1479,0,1,DATA(t28) = CAST z_runtime_arra_c22708faf2e354( t1 ).
src/abap/2_statements/statement_parser.ts.StatementParser.removePragma,literal_scalar,1480,0,1,DATA(t29) = CONV i( '0' ).
src/abap/2_statements/statement_parser.ts.StatementParser.removePragma,value_init_overwritten,1481,0,1,DATA(t30) = VALUE i( ). ... t30 = t31 - t33.
src/abap/2_statements/statement_parser.ts.StatementParser.removePragma,value_init_overwritten,1482,0,1,DATA(t31) = VALUE i( ). ... t31 = lines( t32->items ).
src/abap/2_statements/statement_parser.ts.StatementParser.removePragma,temp_argument,1483,0,1,DATA(t32) = CAST z_runtime_arra_c22708faf2e354( t1 ). t31 = lines( t32->items ).
src/abap/2_statements/statement_parser.ts.StatementParser.removePragma,receiver_copy,1483,0,1,DATA(t32) = CAST z_runtime_arra_c22708faf2e354( t1 ). t31 = lines( t32->items ).
src/abap/2_statements/statement_parser.ts.StatementParser.removePragma,cast_temp,1483,0,1,DATA(t32) = CAST z_runtime_arra_c22708faf2e354( t1 ).
src/abap/2_statements/statement_parser.ts.StatementParser.removePragma,literal_scalar,1485,0,1,DATA(t33) = CONV i( '1' ).
src/abap/2_statements/statement_parser.ts.StatementParser.removePragma,temp_assign,1487,0,1,t27 = t28->slice2( p0 = t29 p1 = t30 ). t25 = t27.
src/abap/2_statements/statement_parser.ts.StatementParser.removePragma,literal_scalar,1496,0,1,DATA(t36) = CONV abap_bool( abap_true ).
src/abap/2_statements/statement_parser.ts.StatementParser.removePragma,temp_assign,1503,0,1,t37 = z_src_abap_2_s_73dc2c5ca921c9=>z_member_empty_b42fa9d1acd09c. t35 = t37.
src/abap/2_statements/statement_parser.ts.StatementParser.removePragma,temp_assign,1510,0,1,t24 = NEW z_shape_1349f3_c7bfd3d6c3d88d( z_param_tokens_3a66ced5b5b26a = t25 z_param_pragma_9ae3ad041053f6 = t35 ). result = t24.
src/abap/2_statements/statement_parser.ts.StatementParser.removePragma,return_copy,1510,0,1,t24 = NEW z_shape_1349f3_c7bfd3d6c3d88d( z_param_tokens_3a66ced5b5b26a = t25 z_param_pragma_9ae3ad041053f6 = t35 ). result = t24.
src/abap/2_statements/statement_parser.ts.StatementParser.removePragma,clear_before_write,1515,0,1,CLEAR t39. ... t39 = t40.
src/abap/2_statements/statement_parser.ts.StatementParser.removePragma,clear_before_write,1517,0,1,CLEAR t40. ... CREATE OBJECT t40.
src/abap/2_statements/statement_parser.ts.StatementParser.removePragma,clear_before_write,1521,0,1,CLEAR t41. ... t41 = t42.
src/abap/2_statements/statement_parser.ts.StatementParser.removePragma,clear_before_write,1523,0,1,CLEAR t42. ... CREATE OBJECT t42.
src/abap/2_statements/statement_parser.ts.StatementParser.removePragma,value_init_overwritten,1526,0,1,DATA(t43) = VALUE i( ). ... t43 = t44.
src/abap/2_statements/statement_parser.ts.StatementParser.removePragma,temp_assign,1527,0,1,DATA(t44) = CONV i( '0' ). t43 = t44.
src/abap/2_statements/statement_parser.ts.StatementParser.removePragma,literal_scalar,1527,0,1,DATA(t44) = CONV i( '0' ).
src/abap/2_statements/statement_parser.ts.StatementParser.removePragma,value_init_overwritten,1530,1,1,DATA(t45) = VALUE abap_bool( ). ... t45 = xsdbool( t46 < t47 ).
src/abap/2_statements/statement_parser.ts.StatementParser.removePragma,value_init_overwritten,1532,1,1,DATA(t47) = VALUE i( ). ... t47 = t48 - t50.
src/abap/2_statements/statement_parser.ts.StatementParser.removePragma,value_init_overwritten,1533,1,1,DATA(t48) = VALUE i( ). ... t48 = lines( t49->items ).
src/abap/2_statements/statement_parser.ts.StatementParser.removePragma,temp_argument,1534,1,1,DATA(t49) = CAST z_runtime_arra_c22708faf2e354( t1 ). t48 = lines( t49->items ).
src/abap/2_statements/statement_parser.ts.StatementParser.removePragma,receiver_copy,1534,1,1,DATA(t49) = CAST z_runtime_arra_c22708faf2e354( t1 ). t48 = lines( t49->items ).
src/abap/2_statements/statement_parser.ts.StatementParser.removePragma,cast_temp,1534,1,1,DATA(t49) = CAST z_runtime_arra_c22708faf2e354( t1 ).
src/abap/2_statements/statement_parser.ts.StatementParser.removePragma,literal_scalar,1536,1,1,DATA(t50) = CONV i( '1' ).
src/abap/2_statements/statement_parser.ts.StatementParser.removePragma,clear_before_write,1543,1,1,CLEAR t51. ... t51 = t52.
src/abap/2_statements/statement_parser.ts.StatementParser.removePragma,clear_before_write,1545,1,1,CLEAR t52. ... t52 ?= t55.
src/abap/2_statements/statement_parser.ts.StatementParser.removePragma,cast_temp,1546,1,1,DATA(t53) = CAST z_runtime_arra_c22708faf2e354( t1 ).
src/abap/2_statements/statement_parser.ts.StatementParser.removePragma,table_read_copy,1551,1,1,READ TABLE t53->items INDEX t54 INTO t55. t52 ?= t55.
src/abap/2_statements/statement_parser.ts.StatementParser.removePragma,cast_temp,1552,1,1,t52 ?= t55. t51 = t52.
src/abap/2_statements/statement_parser.ts.StatementParser.removePragma,value_init_overwritten,1554,1,1,DATA(t56) = VALUE abap_bool( ). ... t56 = xsdbool( t57 IS BOUND AND t57 IS INSTANCE OF z_src_abap_1_l_7a3d03a814f6ff ).
src/abap/2_statements/statement_parser.ts.StatementParser.removePragma,bool_if,1556,1,1,t56 = xsdbool( t57 IS BOUND AND t57 IS INSTANCE OF z_src_abap_1_l_7a3d03a814f6ff ). IF t56 = abap_true.
src/abap/2_statements/statement_parser.ts.StatementParser.removePragma,cast_temp,1558,1,1,DATA(t58) = CAST z_runtime_arra_c22708faf2e354( t41 ).
src/abap/2_statements/statement_parser.ts.StatementParser.removePragma,clear_before_write,1560,1,1,CLEAR t59. ... t59 ?= t60.
src/abap/2_statements/statement_parser.ts.StatementParser.removePragma,cast_temp,1561,1,1,DATA(t60) = CAST z_src_abap_1_l_506101b34e5cc0( t51 ).
src/abap/2_statements/statement_parser.ts.StatementParser.removePragma,cast_temp,1562,1,1,t59 ?= t60. APPEND t59 TO t58->items.
src/abap/2_statements/statement_parser.ts.StatementParser.removePragma,cast_temp,1565,1,1,DATA(t61) = CAST z_runtime_arra_c22708faf2e354( t39 ).
src/abap/2_statements/statement_parser.ts.StatementParser.removePragma,cast_temp,1566,1,1,DATA(t62) = CAST z_src_abap_1_l_506101b34e5cc0( t51 ).
src/abap/2_statements/statement_parser.ts.StatementParser.removePragma,value_init_overwritten,1569,1,1,DATA(t63) = VALUE i( ). ... t63 = t64 + t65.
src/abap/2_statements/statement_parser.ts.StatementParser.removePragma,literal_scalar,1571,1,1,DATA(t65) = CONV i( '1' ).
src/abap/2_statements/statement_parser.ts.StatementParser.removePragma,temp_assign,1572,1,1,t63 = t64 + t65. t43 = t63.
src/abap/2_statements/statement_parser.ts.StatementParser.removePragma,literal_scalar,1579,0,1,DATA(t68) = CONV abap_bool( abap_true ).
src/abap/2_statements/statement_parser.ts.StatementParser.removePragma,temp_assign,1581,0,1,DATA(t69) = CAST z_runtime_arra_c22708faf2e354( t39 ). t67 = t69.
src/abap/2_statements/statement_parser.ts.StatementParser.removePragma,cast_temp,1581,0,1,DATA(t69) = CAST z_runtime_arra_c22708faf2e354( t39 ).
src/abap/2_statements/statement_parser.ts.StatementParser.removePragma,literal_scalar,1590,0,1,DATA(t72) = CONV abap_bool( abap_true ).
src/abap/2_statements/statement_parser.ts.StatementParser.removePragma,temp_assign,1592,0,1,DATA(t73) = CAST z_runtime_arra_c22708faf2e354( t41 ). t71 = t73.
src/abap/2_statements/statement_parser.ts.StatementParser.removePragma,cast_temp,1592,0,1,DATA(t73) = CAST z_runtime_arra_c22708faf2e354( t41 ).
src/abap/2_statements/statement_parser.ts.StatementParser.removePragma,temp_assign,1599,0,1,t66 = NEW z_shape_1349f3_c7bfd3d6c3d88d( z_param_tokens_3a66ced5b5b26a = t67 z_param_pragma_9ae3ad041053f6 = t71 ). result = t66.
src/abap/2_statements/statement_parser.ts.StatementParser.removePragma,return_copy,1599,0,1,t66 = NEW z_shape_1349f3_c7bfd3d6c3d88d( z_param_tokens_3a66ced5b5b26a = t67 z_param_pragma_9ae3ad041053f6 = t71 ). result = t66.
src/abap/2_statements/statement_parser.ts.StatementParser.run,cast_temp,65,0,1,DATA(t1) = CAST z_runtime_arra_c22708faf2e354( z_param_input_967e31f857995e ).
src/abap/2_statements/statement_parser.ts.StatementParser.run,cast_temp,66,0,1,DATA(t2) = CAST z_runtime_arra_8ecd6afe19e0a5( z_param_global_5535cf19196e6d ).
src/abap/2_statements/statement_parser.ts.StatementParser.run,cast_temp,71,0,1,DATA(t5) = CAST z_runtime_arra_8ecd6afe19e0a5( t2 ).
src/abap/2_statements/statement_parser.ts.StatementParser.run,cast_temp,72,0,1,DATA(t6) = CAST z_src_version__711983d3861a36( me->z_member_relea_366406d92dc292 ).
src/abap/2_statements/statement_parser.ts.StatementParser.run,cast_temp,73,0,1,DATA(t7) = CAST z_src__iregist_f2763f2ccbcc49( me->z_member_reg_9d36d47f9ca9a8 ).
src/abap/2_statements/statement_parser.ts.StatementParser.run,literal_scalar,76,0,1,DATA(t9) = CONV abap_bool( abap_true ).
src/abap/2_statements/statement_parser.ts.StatementParser.run,temp_assign,88,0,1,t4 = NEW z_src_abap_2_s_8b6abcb7aa445c( z_param_global_5535cf19196e6d = t5 z_param_releas_79281afaf90da0 = t6 z_param_reg_f149b44218b3bb = t7 z_param_langua_0e1d0b4c220039 = t8 ). t3 = t4.
src/abap/2_statements/statement_parser.ts.StatementParser.run,clear_before_write,95,0,1,CLEAR t15. ... t15 = t16.
src/abap/2_statements/statement_parser.ts.StatementParser.run,clear_before_write,97,0,1,CLEAR t16. ... CREATE OBJECT t16.
src/abap/2_statements/statement_parser.ts.StatementParser.run,cast_temp,100,0,1,DATA(t17) = CAST z_runtime_arra_c22708faf2e354( t1 ).
src/abap/2_statements/statement_parser.ts.StatementParser.run,cast_temp,107,1,1,DATA(t20) = CAST z_runtime_arra_c22708faf2e354( t15 ).
src/abap/2_statements/statement_parser.ts.StatementParser.run,clear_before_write,109,1,1,CLEAR t21. ... t21 = NEW z_src_abap_2_s_4c81ce49a22dce( z_param_file_c69801784df210 = t22 z_param_tokens_3a66ced5b5b26a = t24 ).
src/abap/2_statements/statement_parser.ts.StatementParser.run,clear_before_write,111,1,1,CLEAR t22. ... t22 = t23->z_member_file_ea8ca2d01c4522.
src/abap/2_statements/statement_parser.ts.StatementParser.run,cast_temp,112,1,1,DATA(t23) = CAST z_src_abap_1_l_336d12957d35dc( t18 ).
src/abap/2_statements/statement_parser.ts.StatementParser.run,clear_before_write,115,1,1,CLEAR t24. ... t24 = t25->z_member_token_ed4bfabc8c4cec.
src/abap/2_statements/statement_parser.ts.StatementParser.run,cast_temp,116,1,1,DATA(t25) = CAST z_src_abap_1_l_336d12957d35dc( t18 ).
src/abap/2_statements/statement_parser.ts.StatementParser.run,temp_assign,121,0,1,DATA(t26) = CAST z_runtime_arra_c22708faf2e354( t15 ). t14 = t26.
src/abap/2_statements/statement_parser.ts.StatementParser.run,cast_temp,121,0,1,DATA(t26) = CAST z_runtime_arra_c22708faf2e354( t15 ).
src/abap/2_statements/statement_parser.ts.StatementParser.run,temp_assign,122,0,1,t14 = t26. t13 = t14.
src/abap/2_statements/statement_parser.ts.StatementParser.run,cast_temp,124,0,1,DATA(t27) = CAST z_runtime_arra_c22708faf2e354( t13 ).
src/abap/2_statements/statement_parser.ts.StatementParser.run,temp_argument,131,1,1,DATA(t30) = CAST z_src_abap_2_s_4c81ce49a22dce( t28 ). me->z_member_proce_57f9d1e4b4e34e( z_param_wa_67bae5cdc38b7c = t30 ).
src/abap/2_statements/statement_parser.ts.StatementParser.run,cast_temp,131,1,1,DATA(t30) = CAST z_src_abap_2_s_4c81ce49a22dce( t28 ).
src/abap/2_statements/statement_parser.ts.StatementParser.run,temp_argument,133,1,1,DATA(t31) = CAST z_src_abap_2_s_4c81ce49a22dce( t28 ). me->z_member_categ_874405fef67570( z_param_wa_67bae5cdc38b7c = t31 ).
src/abap/2_statements/statement_parser.ts.StatementParser.run,cast_temp,133,1,1,DATA(t31) = CAST z_src_abap_2_s_4c81ce49a22dce( t28 ).
src/abap/2_statements/statement_parser.ts.StatementParser.run,cast_temp,135,1,1,DATA(t32) = CAST z_src_abap_2_s_8b6abcb7aa445c( t3 ).
src/abap/2_statements/statement_parser.ts.StatementParser.run,clear_before_write,137,1,1,CLEAR t33. ... t33 = t34->z_member_state_9163ed41d98ddd.
src/abap/2_statements/statement_parser.ts.StatementParser.run,cast_temp,138,1,1,DATA(t34) = CAST z_src_abap_2_s_4c81ce49a22dce( t28 ).
src/abap/2_statements/statement_parser.ts.StatementParser.run,clear_before_write,141,1,1,CLEAR t35. ... t35 = t36->z_member_file_ea8ca2d01c4522.
src/abap/2_statements/statement_parser.ts.StatementParser.run,cast_temp,142,1,1,DATA(t36) = CAST z_src_abap_2_s_4c81ce49a22dce( t28 ).
src/abap/2_statements/statement_parser.ts.StatementParser.run,cast_temp,148,0,1,DATA(t38) = CAST z_runtime_arra_c22708faf2e354( t13 ).
src/abap/2_statements/statement_parser.ts.StatementParser.run,clear_before_write,156,1,1,CLEAR t41. ... t41 = t42.
src/abap/2_statements/statement_parser.ts.StatementParser.run,clear_before_write,158,1,1,CLEAR t42. ... t42 = t43->z_member_handl_2f342ea8356e73( z_param_statem_f0179bc9a48629 = t44 z_param_file_c69801784df210 = t46 z_param_seen_11c0b8a281ca16 = t48 ).
src/abap/2_statements/statement_parser.ts.StatementParser.run,cast_temp,159,1,1,DATA(t43) = CAST z_src_abap_2_s_8b6abcb7aa445c( t3 ).
src/abap/2_statements/statement_parser.ts.StatementParser.run,clear_before_write,161,1,1,CLEAR t44. ... t44 = t45->z_member_state_9163ed41d98ddd.
src/abap/2_statements/statement_parser.ts.StatementParser.run,cast_temp,162,1,1,DATA(t45) = CAST z_src_abap_2_s_4c81ce49a22dce( t39 ).
src/abap/2_statements/statement_parser.ts.StatementParser.run,clear_before_write,165,1,1,CLEAR t46. ... t46 = t47->z_member_file_ea8ca2d01c4522.
src/abap/2_statements/statement_parser.ts.StatementParser.run,cast_temp,166,1,1,DATA(t47) = CAST z_src_abap_2_s_4c81ce49a22dce( t39 ).
src/abap/2_statements/statement_parser.ts.StatementParser.run,temp_assign,170,1,1,t42 = t43->z_member_handl_2f342ea8356e73( z_param_statem_f0179bc9a48629 = t44 z_param_file_c69801784df210 = t46 z_param_seen_11c0b8a281ca16 = t48 ). t41 = t42.
src/abap/2_statements/statement_parser.ts.StatementParser.run,cast_temp,172,1,1,DATA(t49) = CAST z_src_abap_2_s_4c81ce49a22dce( t39 ).
src/abap/2_statements/statement_parser.ts.StatementParser.run,clear_before_write,174,1,1,CLEAR t50. ... t50 = t51->z_member_state_9163ed41d98ddd.
src/abap/2_statements/statement_parser.ts.StatementParser.run,cast_temp,175,1,1,DATA(t51) = CAST z_shape_859df1_df3d082046f0f3( t41 ).
src/abap/2_statements/statement_parser.ts.StatementParser.run,value_init_overwritten,178,1,1,DATA(t52) = VALUE abap_bool( ). ... t52 = xsdbool( t53 = t55 ).
src/abap/2_statements/statement_parser.ts.StatementParser.run,value_init_overwritten,179,1,1,DATA(t53) = VALUE abap_bool( ). ... t53 = t54->z_member_conta_ae23d755bad887.
src/abap/2_statements/statement_parser.ts.StatementParser.run,cast_temp,180,1,1,DATA(t54) = CAST z_shape_859df1_df3d082046f0f3( t41 ).
src/abap/2_statements/statement_parser.ts.StatementParser.run,temp_argument,182,1,1,DATA(t55) = CONV abap_bool( abap_true ). t52 = xsdbool( t53 = t55 ).
src/abap/2_statements/statement_parser.ts.StatementParser.run,literal_scalar,182,1,1,DATA(t55) = CONV abap_bool( abap_true ).
src/abap/2_statements/statement_parser.ts.StatementParser.run,bool_if,183,1,1,t52 = xsdbool( t53 = t55 ). IF t52 = abap_true.
src/abap/2_statements/statement_parser.ts.StatementParser.run,temp_argument,185,1,1,DATA(t56) = CAST z_src_abap_2_s_4c81ce49a22dce( t39 ). me->z_member_lazyu_b62d9521cd020f( z_param_wa_67bae5cdc38b7c = t56 ).
src/abap/2_statements/statement_parser.ts.StatementParser.run,cast_temp,185,1,1,DATA(t56) = CAST z_src_abap_2_s_4c81ce49a22dce( t39 ).
src/abap/2_statements/statement_parser.ts.StatementParser.run,temp_argument,188,1,1,DATA(t57) = CAST z_src_abap_2_s_4c81ce49a22dce( t39 ). me->z_member_nativ_8e9b7af8387489( z_param_wa_67bae5cdc38b7c = t57 ).
src/abap/2_statements/statement_parser.ts.StatementParser.run,cast_temp,188,1,1,DATA(t57) = CAST z_src_abap_2_s_4c81ce49a22dce( t39 ).
src/abap/2_statements/statement_parser.ts.StatementParser.run,clear_before_write,194,0,1,CLEAR t59. ... t59 = t60.
src/abap/2_statements/statement_parser.ts.StatementParser.run,clear_before_write,196,0,1,CLEAR t60. ... CREATE OBJECT t60.
src/abap/2_statements/statement_parser.ts.StatementParser.run,cast_temp,199,0,1,DATA(t61) = CAST z_runtime_arra_c22708faf2e354( t13 ).
src/abap/2_statements/statement_parser.ts.StatementParser.run,cast_temp,205,1,1,t62 ?= t63. DATA(t64) = CAST z_runtime_arra_c22708faf2e354( t59 ).
src/abap/2_statements/statement_parser.ts.StatementParser.run,cast_temp,206,1,1,DATA(t64) = CAST z_runtime_arra_c22708faf2e354( t59 ).
src/abap/2_statements/statement_parser.ts.StatementParser.run,clear_before_write,208,1,1,CLEAR t65. ... t65 = t68.
src/abap/2_statements/statement_parser.ts.StatementParser.run,clear_before_write,210,1,1,CLEAR t66. ... t66 = t67.
src/abap/2_statements/statement_parser.ts.StatementParser.run,temp_assign,211,1,1,DATA(t67) = CAST z_src_abap_2_s_4c81ce49a22dce( t62 ). t66 = t67.
src/abap/2_statements/statement_parser.ts.StatementParser.run,cast_temp,211,1,1,DATA(t67) = CAST z_src_abap_2_s_4c81ce49a22dce( t62 ).
src/abap/2_statements/statement_parser.ts.StatementParser.run,clear_before_write,214,1,1,CLEAR t68. ... t68 = NEW z_src_abap_2_s_79eabe4202f7b8( z_param_file_c69801784df210 = t69 z_param_tokens_3a66ced5b5b26a = t71 z_param_statem_f0179bc9a48629 = t73 ).
src/abap/2_statements/statement_parser.ts.StatementParser.run,clear_before_write,216,1,1,CLEAR t69. ... t69 = t70->z_member_file_ea8ca2d01c4522.
src/abap/2_statements/statement_parser.ts.StatementParser.run,cast_temp,217,1,1,DATA(t70) = CAST z_src_abap_2_s_4c81ce49a22dce( t66 ).
src/abap/2_statements/statement_parser.ts.StatementParser.run,clear_before_write,220,1,1,CLEAR t71. ... t71 = t72->z_member_token_ed4bfabc8c4cec.
src/abap/2_statements/statement_parser.ts.StatementParser.run,cast_temp,221,1,1,DATA(t72) = CAST z_src_abap_2_s_4c81ce49a22dce( t66 ).
src/abap/2_statements/statement_parser.ts.StatementParser.run,clear_before_write,224,1,1,CLEAR t73. ... t73 = t74->z_member_state_9163ed41d98ddd.
src/abap/2_statements/statement_parser.ts.StatementParser.run,cast_temp,225,1,1,DATA(t74) = CAST z_src_abap_2_s_4c81ce49a22dce( t66 ).
src/abap/2_statements/statement_parser.ts.StatementParser.run,temp_assign,227,1,1,t68 = NEW z_src_abap_2_s_79eabe4202f7b8( z_param_file_c69801784df210 = t69 z_param_tokens_3a66ced5b5b26a = t71 z_param_statem_f0179bc9a48629 = t73 ). t65 = t68.
src/abap/2_statements/statement_parser.ts.StatementParser.run,temp_assign,231,0,1,DATA(t75) = CAST z_runtime_arra_c22708faf2e354( t59 ). t58 = t75.
src/abap/2_statements/statement_parser.ts.StatementParser.run,cast_temp,231,0,1,DATA(t75) = CAST z_runtime_arra_c22708faf2e354( t59 ).
src/abap/2_statements/statement_parser.ts.StatementParser.run,temp_assign,232,0,1,t58 = t75. result = t58.
src/abap/2_statements/statement_parser.ts.StatementParser.run,return_copy,232,0,1,t58 = t75. result = t58.
src/abap/2_statements/statement_parser.ts.StatementParser.tokensToNodes,cast_temp,237,0,1,DATA(t1) = CAST z_runtime_arra_c22708faf2e354( z_param_tokens_3a66ced5b5b26a ).
src/abap/2_statements/statement_parser.ts.StatementParser.tokensToNodes,clear_before_write,239,0,1,CLEAR t2. ... t2 = t3.
src/abap/2_statements/statement_parser.ts.StatementParser.tokensToNodes,clear_before_write,241,0,1,CLEAR t3. ... CREATE OBJECT t3.
src/abap/2_statements/statement_parser.ts.StatementParser.tokensToNodes,cast_temp,244,0,1,DATA(t4) = CAST z_runtime_arra_c22708faf2e354( t1 ).
src/abap/2_statements/statement_parser.ts.StatementParser.tokensToNodes,cast_temp,250,1,1,t5 ?= t6. DATA(t7) = CAST z_runtime_arra_c22708faf2e354( t2 ).
src/abap/2_statements/statement_parser.ts.StatementParser.tokensToNodes,cast_temp,251,1,1,DATA(t7) = CAST z_runtime_arra_c22708faf2e354( t2 ).
src/abap/2_statements/statement_parser.ts.StatementParser.tokensToNodes,clear_before_write,253,1,1,CLEAR t8. ... t8 = NEW z_src_abap_nod_935d26003cb490( z_param_token_06f9e7a29ec34c = t9 ).
src/abap/2_statements/statement_parser.ts.StatementParser.tokensToNodes,temp_argument,254,1,1,DATA(t9) = CAST z_src_abap_1_l_506101b34e5cc0( t5 ). t8 = NEW z_src_abap_nod_935d26003cb490( z_param_token_06f9e7a29ec34c = t9 ).
src/abap/2_statements/statement_parser.ts.StatementParser.tokensToNodes,cast_temp,254,1,1,DATA(t9) = CAST z_src_abap_1_l_506101b34e5cc0( t5 ).
src/abap/2_statements/statement_parser.ts.StatementParser.tokensToNodes,temp_assign,258,0,1,DATA(t10) = CAST z_runtime_arra_c22708faf2e354( t2 ). result = t10.
src/abap/2_statements/statement_parser.ts.StatementParser.tokensToNodes,return_copy,258,0,1,DATA(t10) = CAST z_runtime_arra_c22708faf2e354( t2 ). result = t10.
src/abap/2_statements/statement_parser.ts.StatementParser.tokensToNodes,cast_temp,258,0,1,DATA(t10) = CAST z_runtime_arra_c22708faf2e354( t2 ).
src/abap/2_statements/statement_parser.ts.StatementParser.tokensToNodes_one,cast_temp,2623,0,1,DATA(t1) = CAST z_src_abap_1_l_506101b34e5cc0( z_param_x_af55868a593612 ).
src/abap/2_statements/statement_parser.ts.StatementParser.tokensToNodes_one,clear_before_write,2625,0,1,CLEAR t2. ... t2 = t3.
src/abap/2_statements/statement_parser.ts.StatementParser.tokensToNodes_one,clear_before_write,2627,0,1,CLEAR t3. ... CREATE OBJECT t3.
src/abap/2_statements/statement_parser.ts.StatementParser.tokensToNodes_one,clear_before_write,2631,0,1,CLEAR t4. ... t4 = t5.
src/abap/2_statements/statement_parser.ts.StatementParser.tokensToNodes_one,temp_assign,2632,0,1,DATA(t5) = CAST z_src_abap_1_l_506101b34e5cc0( t1 ). t4 = t5.
src/abap/2_statements/statement_parser.ts.StatementParser.tokensToNodes_one,cast_temp,2632,0,1,DATA(t5) = CAST z_src_abap_1_l_506101b34e5cc0( t1 ).
src/abap/2_statements/statement_parser.ts.StatementParser.tokensToNodes_one,cast_temp,2634,0,1,DATA(t6) = CAST z_runtime_arra_c22708faf2e354( t2 ).
src/abap/2_statements/statement_parser.ts.StatementParser.tokensToNodes_one,clear_before_write,2636,0,1,CLEAR t7. ... t7 = NEW z_src_abap_nod_935d26003cb490( z_param_token_06f9e7a29ec34c = t8 ).
src/abap/2_statements/statement_parser.ts.StatementParser.tokensToNodes_one,temp_argument,2637,0,1,DATA(t8) = CAST z_src_abap_1_l_506101b34e5cc0( t4 ). t7 = NEW z_src_abap_nod_935d26003cb490( z_param_token_06f9e7a29ec34c = t8 ).
src/abap/2_statements/statement_parser.ts.StatementParser.tokensToNodes_one,cast_temp,2637,0,1,DATA(t8) = CAST z_src_abap_1_l_506101b34e5cc0( t4 ).
src/abap/2_statements/statement_parser.ts.StatementParser.tokensToNodes_one,temp_assign,2640,0,1,DATA(t9) = CAST z_runtime_arra_c22708faf2e354( t2 ). result = t9.
src/abap/2_statements/statement_parser.ts.StatementParser.tokensToNodes_one,return_copy,2640,0,1,DATA(t9) = CAST z_runtime_arra_c22708faf2e354( t2 ). result = t9.
src/abap/2_statements/statement_parser.ts.StatementParser.tokensToNodes_one,cast_temp,2640,0,1,DATA(t9) = CAST z_runtime_arra_c22708faf2e354( t2 ).
src/abap/4_file_information/abap_file_information.ts.ABAPFileInformation.constructor,temp_argument,20,0,1,DATA(t1) = CAST z_src_abap_4_f_5acf3137487da7( z_param_parsed_e157d1cda7aacd ). DATA(t2) = CAST z_src_abap_4_f_5acf3137487da7( t1 ).
src/abap/4_file_information/abap_file_information.ts.ABAPFileInformation.constructor,cast_temp,20,0,1,DATA(t1) = CAST z_src_abap_4_f_5acf3137487da7( z_param_parsed_e157d1cda7aacd ).
src/abap/4_file_information/abap_file_information.ts.ABAPFileInformation.constructor,cast_temp,21,0,1,DATA(t2) = CAST z_src_abap_4_f_5acf3137487da7( t1 ).
src/abap/4_file_information/abap_file_information.ts.ABAPFileInformation.getClassDefinitionByName,value_init_overwritten,379,0,1,DATA(t2) = VALUE string( ). ... t2 = t3.
src/abap/4_file_information/abap_file_information.ts.ABAPFileInformation.getClassDefinitionByName,value_init_overwritten,380,0,1,DATA(t3) = VALUE string( ). ... t3 = t4.
src/abap/4_file_information/abap_file_information.ts.ABAPFileInformation.getClassDefinitionByName,clear_before_write,489,0,1,CLEAR t6. ... t6 = t7->z_member_class_2d2b334ab0f0b7.
src/abap/4_file_information/abap_file_information.ts.ABAPFileInformation.getClassDefinitionByName,cast_temp,490,0,1,DATA(t7) = CAST z_src_abap_4_f_5acf3137487da7( me->z_member_parse_d175cb7265d9fc ).
src/abap/4_file_information/abap_file_information.ts.ABAPFileInformation.getClassDefinitionByName,clear_before_write,502,1,1,CLEAR t13. ... t13 = t14.
src/abap/4_file_information/abap_file_information.ts.ABAPFileInformation.getClassDefinitionByName,clear_before_write,504,1,1,CLEAR t14. ... t14 = t15->z_member_ident_20ae2e9bc2c100.
src/abap/4_file_information/abap_file_information.ts.ABAPFileInformation.getClassDefinitionByName,cast_temp,505,1,1,DATA(t15) = CAST z_src_abap_4_f_403ac7966c6114( t8 ).
src/abap/4_file_information/abap_file_information.ts.ABAPFileInformation.getClassDefinitionByName,temp_assign,506,1,1,t14 = t15->z_member_ident_20ae2e9bc2c100. t13 = t14.
src/abap/4_file_information/abap_file_information.ts.ABAPFileInformation.getClassDefinitionByName,value_init_overwritten,509,1,1,DATA(t17) = VALUE string( ). ... t17 = t18.
src/abap/4_file_information/abap_file_information.ts.ABAPFileInformation.getClassDefinitionByName,value_init_overwritten,510,1,1,DATA(t18) = VALUE string( ). ... t18 = t22.
src/abap/4_file_information/abap_file_information.ts.ABAPFileInformation.getClassDefinitionByName,clear_before_write,512,1,1,CLEAR t19. ... t19 = t20.
src/abap/4_file_information/abap_file_information.ts.ABAPFileInformation.getClassDefinitionByName,clear_before_write,514,1,1,CLEAR t20. ... t20 = t21->z_member_token_92fa6418c15b29.
src/abap/4_file_information/abap_file_information.ts.ABAPFileInformation.getClassDefinitionByName,cast_temp,515,1,1,DATA(t21) = CAST z_src_abap_4_f_22ce177abc93e9( t13 ).
src/abap/4_file_information/abap_file_information.ts.ABAPFileInformation.getClassDefinitionByName,temp_assign,516,1,1,t20 = t21->z_member_token_92fa6418c15b29. t19 = t20.
src/abap/4_file_information/abap_file_information.ts.ABAPFileInformation.getClassDefinitionByName,value_init_overwritten,518,1,1,DATA(t22) = VALUE string( ). ... t22 = t23->z_member_str_36e44b82e4af28.
src/abap/4_file_information/abap_file_information.ts.ABAPFileInformation.getClassDefinitionByName,cast_temp,519,1,1,DATA(t23) = CAST z_src_abap_1_l_506101b34e5cc0( t19 ).
src/abap/4_file_information/abap_file_information.ts.ABAPFileInformation.getClassDefinitionByName,temp_assign,520,1,1,t22 = t23->z_member_str_36e44b82e4af28. t18 = t22.
src/abap/4_file_information/abap_file_information.ts.ABAPFileInformation.getClassDefinitionByName,temp_assign,521,1,1,t18 = t22. t17 = t18.
src/abap/4_file_information/abap_file_information.ts.ABAPFileInformation.getClassDefinitionByName,literal_scalar,526,1,1,DATA(t27) = CONV i( '0' ).
src/abap/4_file_information/abap_file_information.ts.ABAPFileInformation.getClassDefinitionByName,literal_scalar,527,1,1,DATA(t28) = CONV i( '1' ).
src/abap/4_file_information/abap_file_information.ts.ABAPFileInformation.getClassDefinitionByName,temp_argument,543,1,1,DATA(t30) = CONV string( |!| ). t24 = xsdbool( t25 = t30 ).
src/abap/4_file_information/abap_file_information.ts.ABAPFileInformation.getClassDefinitionByName,literal_scalar,543,1,1,DATA(t30) = CONV string( |!| ).
src/abap/4_file_information/abap_file_information.ts.ABAPFileInformation.getClassDefinitionByName,bool_if,544,1,1,t24 = xsdbool( t25 = t30 ). IF t24 = abap_true.
src/abap/4_file_information/abap_file_information.ts.ABAPFileInformation.getClassDefinitionByName,value_init_overwritten,547,1,1,DATA(t32) = VALUE string( ). ... t32 = t33.
src/abap/4_file_information/abap_file_information.ts.ABAPFileInformation.getClassDefinitionByName,temp_assign,548,1,1,DATA(t33) = CONV string( t17 ). t32 = t33.
src/abap/4_file_information/abap_file_information.ts.ABAPFileInformation.getClassDefinitionByName,literal_scalar,552,1,1,DATA(t36) = CONV i( '1' ).
src/abap/4_file_information/abap_file_information.ts.ABAPFileInformation.getClassDefinitionByName,value_init_overwritten,553,1,1,DATA(t37) = VALUE i( ). ... t37 = t39.
src/abap/4_file_information/abap_file_information.ts.ABAPFileInformation.getClassDefinitionByName,temp_argument,554,1,1,DATA(t38) = CONV string( t32 ). DATA(t39) = CONV i( strlen( t38 ) ).
src/abap/4_file_information/abap_file_information.ts.ABAPFileInformation.getClassDefinitionByName,temp_assign,555,1,1,DATA(t39) = CONV i( strlen( t38 ) ). t37 = t39.
src/abap/4_file_information/abap_file_information.ts.ABAPFileInformation.getClassDefinitionByName,temp_assign,572,1,1,t31 = t34. t17 = t31.
src/abap/4_file_information/abap_file_information.ts.ABAPFileInformation.getClassDefinitionByName,temp_assign,575,1,1,DATA(t41) = CONV string( t17 ). t16 = t41.
src/abap/4_file_information/abap_file_information.ts.ABAPFileInformation.getClassDefinitionByName,temp_assign,576,1,1,t16 = t41. t12 = t16.
src/abap/4_file_information/abap_file_information.ts.ABAPFileInformation.getClassDefinitionByName,temp_argument,683,1,1,DATA(t43) = CONV string( t2 ). t10 = xsdbool( t11 = t43 ).
src/abap/4_file_information/abap_file_information.ts.ABAPFileInformation.getClassDefinitionByName,bool_if,684,1,1,t10 = xsdbool( t11 = t43 ). IF t10 = abap_true.
src/abap/4_file_information/abap_file_information.ts.ABAPFileInformation.getClassDefinitionByName,literal_scalar,688,1,1,DATA(t45) = CONV abap_bool( abap_true ).
src/abap/4_file_information/abap_file_information.ts.ABAPFileInformation.getClassDefinitionByName,temp_assign,690,1,1,DATA(t46) = CAST z_src_abap_4_f_403ac7966c6114( t8 ). t44 = t46.
src/abap/4_file_information/abap_file_information.ts.ABAPFileInformation.getClassDefinitionByName,cast_temp,690,1,1,DATA(t46) = CAST z_src_abap_4_f_403ac7966c6114( t8 ).
src/abap/4_file_information/abap_file_information.ts.ABAPFileInformation.getClassImplementationByName,value_init_overwritten,708,0,1,DATA(t2) = VALUE string( ). ... t2 = t3.
src/abap/4_file_information/abap_file_information.ts.ABAPFileInformation.getClassImplementationByName,value_init_overwritten,709,0,1,DATA(t3) = VALUE string( ). ... t3 = t4.
src/abap/4_file_information/abap_file_information.ts.ABAPFileInformation.getClassImplementationByName,clear_before_write,818,0,1,CLEAR t6. ... t6 = t7->z_member_imple_ce02940783fdea.
src/abap/4_file_information/abap_file_information.ts.ABAPFileInformation.getClassImplementationByName,cast_temp,819,0,1,DATA(t7) = CAST z_src_abap_4_f_5acf3137487da7( me->z_member_parse_d175cb7265d9fc ).
src/abap/4_file_information/abap_file_information.ts.ABAPFileInformation.getClassImplementationByName,clear_before_write,831,1,1,CLEAR t13. ... t13 = t14.
src/abap/4_file_information/abap_file_information.ts.ABAPFileInformation.getClassImplementationByName,clear_before_write,833,1,1,CLEAR t14. ... t14 = t15->z_member_ident_20ae2e9bc2c100.
src/abap/4_file_information/abap_file_information.ts.ABAPFileInformation.getClassImplementationByName,cast_temp,834,1,1,DATA(t15) = CAST z_src_abap_4_f_03521fa806d2ff( t8 ).
src/abap/4_file_information/abap_file_information.ts.ABAPFileInformation.getClassImplementationByName,temp_assign,835,1,1,t14 = t15->z_member_ident_20ae2e9bc2c100. t13 = t14.
src/abap/4_file_information/abap_file_information.ts.ABAPFileInformation.getClassImplementationByName,value_init_overwritten,838,1,1,DATA(t17) = VALUE string( ). ... t17 = t18.
src/abap/4_file_information/abap_file_information.ts.ABAPFileInformation.getClassImplementationByName,value_init_overwritten,839,1,1,DATA(t18) = VALUE string( ). ... t18 = t22.
src/abap/4_file_information/abap_file_information.ts.ABAPFileInformation.getClassImplementationByName,clear_before_write,841,1,1,CLEAR t19. ... t19 = t20.
src/abap/4_file_information/abap_file_information.ts.ABAPFileInformation.getClassImplementationByName,clear_before_write,843,1,1,CLEAR t20. ... t20 = t21->z_member_token_92fa6418c15b29.
src/abap/4_file_information/abap_file_information.ts.ABAPFileInformation.getClassImplementationByName,cast_temp,844,1,1,DATA(t21) = CAST z_src_abap_4_f_22ce177abc93e9( t13 ).
src/abap/4_file_information/abap_file_information.ts.ABAPFileInformation.getClassImplementationByName,temp_assign,845,1,1,t20 = t21->z_member_token_92fa6418c15b29. t19 = t20.
src/abap/4_file_information/abap_file_information.ts.ABAPFileInformation.getClassImplementationByName,value_init_overwritten,847,1,1,DATA(t22) = VALUE string( ). ... t22 = t23->z_member_str_36e44b82e4af28.
src/abap/4_file_information/abap_file_information.ts.ABAPFileInformation.getClassImplementationByName,cast_temp,848,1,1,DATA(t23) = CAST z_src_abap_1_l_506101b34e5cc0( t19 ).
src/abap/4_file_information/abap_file_information.ts.ABAPFileInformation.getClassImplementationByName,temp_assign,849,1,1,t22 = t23->z_member_str_36e44b82e4af28. t18 = t22.
src/abap/4_file_information/abap_file_information.ts.ABAPFileInformation.getClassImplementationByName,temp_assign,850,1,1,t18 = t22. t17 = t18.
src/abap/4_file_information/abap_file_information.ts.ABAPFileInformation.getClassImplementationByName,literal_scalar,855,1,1,DATA(t27) = CONV i( '0' ).
src/abap/4_file_information/abap_file_information.ts.ABAPFileInformation.getClassImplementationByName,literal_scalar,856,1,1,DATA(t28) = CONV i( '1' ).
src/abap/4_file_information/abap_file_information.ts.ABAPFileInformation.getClassImplementationByName,temp_argument,872,1,1,DATA(t30) = CONV string( |!| ). t24 = xsdbool( t25 = t30 ).
src/abap/4_file_information/abap_file_information.ts.ABAPFileInformation.getClassImplementationByName,literal_scalar,872,1,1,DATA(t30) = CONV string( |!| ).
src/abap/4_file_information/abap_file_information.ts.ABAPFileInformation.getClassImplementationByName,bool_if,873,1,1,t24 = xsdbool( t25 = t30 ). IF t24 = abap_true.
src/abap/4_file_information/abap_file_information.ts.ABAPFileInformation.getClassImplementationByName,value_init_overwritten,876,1,1,DATA(t32) = VALUE string( ). ... t32 = t33.
src/abap/4_file_information/abap_file_information.ts.ABAPFileInformation.getClassImplementationByName,temp_assign,877,1,1,DATA(t33) = CONV string( t17 ). t32 = t33.
src/abap/4_file_information/abap_file_information.ts.ABAPFileInformation.getClassImplementationByName,literal_scalar,881,1,1,DATA(t36) = CONV i( '1' ).
src/abap/4_file_information/abap_file_information.ts.ABAPFileInformation.getClassImplementationByName,value_init_overwritten,882,1,1,DATA(t37) = VALUE i( ). ... t37 = t39.
src/abap/4_file_information/abap_file_information.ts.ABAPFileInformation.getClassImplementationByName,temp_argument,883,1,1,DATA(t38) = CONV string( t32 ). DATA(t39) = CONV i( strlen( t38 ) ).
src/abap/4_file_information/abap_file_information.ts.ABAPFileInformation.getClassImplementationByName,temp_assign,884,1,1,DATA(t39) = CONV i( strlen( t38 ) ). t37 = t39.
src/abap/4_file_information/abap_file_information.ts.ABAPFileInformation.getClassImplementationByName,temp_assign,901,1,1,t31 = t34. t17 = t31.
src/abap/4_file_information/abap_file_information.ts.ABAPFileInformation.getClassImplementationByName,temp_assign,904,1,1,DATA(t41) = CONV string( t17 ). t16 = t41.
src/abap/4_file_information/abap_file_information.ts.ABAPFileInformation.getClassImplementationByName,temp_assign,905,1,1,t16 = t41. t12 = t16.
src/abap/4_file_information/abap_file_information.ts.ABAPFileInformation.getClassImplementationByName,temp_argument,1012,1,1,DATA(t43) = CONV string( t2 ). t10 = xsdbool( t11 = t43 ).
src/abap/4_file_information/abap_file_information.ts.ABAPFileInformation.getClassImplementationByName,bool_if,1013,1,1,t10 = xsdbool( t11 = t43 ). IF t10 = abap_true.
src/abap/4_file_information/abap_file_information.ts.ABAPFileInformation.getClassImplementationByName,literal_scalar,1017,1,1,DATA(t45) = CONV abap_bool( abap_true ).
src/abap/4_file_information/abap_file_information.ts.ABAPFileInformation.getClassImplementationByName,temp_assign,1019,1,1,DATA(t46) = CAST z_src_abap_4_f_03521fa806d2ff( t8 ). t44 = t46.
src/abap/4_file_information/abap_file_information.ts.ABAPFileInformation.getClassImplementationByName,cast_temp,1019,1,1,DATA(t46) = CAST z_src_abap_4_f_03521fa806d2ff( t8 ).
src/abap/4_file_information/abap_file_information.ts.ABAPFileInformation.getInterfaceDefinitionByName,value_init_overwritten,42,0,1,DATA(t2) = VALUE string( ). ... t2 = t3.
src/abap/4_file_information/abap_file_information.ts.ABAPFileInformation.getInterfaceDefinitionByName,value_init_overwritten,43,0,1,DATA(t3) = VALUE string( ). ... t3 = t4.
src/abap/4_file_information/abap_file_information.ts.ABAPFileInformation.getInterfaceDefinitionByName,clear_before_write,152,0,1,CLEAR t6. ... t6 = t7->z_member_inter_174262521162e4.
src/abap/4_file_information/abap_file_information.ts.ABAPFileInformation.getInterfaceDefinitionByName,cast_temp,153,0,1,DATA(t7) = CAST z_src_abap_4_f_5acf3137487da7( me->z_member_parse_d175cb7265d9fc ).
src/abap/4_file_information/abap_file_information.ts.ABAPFileInformation.getInterfaceDefinitionByName,clear_before_write,165,1,1,CLEAR t13. ... t13 = t14.
src/abap/4_file_information/abap_file_information.ts.ABAPFileInformation.getInterfaceDefinitionByName,clear_before_write,167,1,1,CLEAR t14. ... t14 = t15->z_member_ident_20ae2e9bc2c100.
src/abap/4_file_information/abap_file_information.ts.ABAPFileInformation.getInterfaceDefinitionByName,cast_temp,168,1,1,DATA(t15) = CAST z_src_abap_4_f_38c14efdc692cb( t8 ).
src/abap/4_file_information/abap_file_information.ts.ABAPFileInformation.getInterfaceDefinitionByName,temp_assign,169,1,1,t14 = t15->z_member_ident_20ae2e9bc2c100. t13 = t14.
src/abap/4_file_information/abap_file_information.ts.ABAPFileInformation.getInterfaceDefinitionByName,value_init_overwritten,172,1,1,DATA(t17) = VALUE string( ). ... t17 = t18.
src/abap/4_file_information/abap_file_information.ts.ABAPFileInformation.getInterfaceDefinitionByName,value_init_overwritten,173,1,1,DATA(t18) = VALUE string( ). ... t18 = t22.
src/abap/4_file_information/abap_file_information.ts.ABAPFileInformation.getInterfaceDefinitionByName,clear_before_write,175,1,1,CLEAR t19. ... t19 = t20.
src/abap/4_file_information/abap_file_information.ts.ABAPFileInformation.getInterfaceDefinitionByName,clear_before_write,177,1,1,CLEAR t20. ... t20 = t21->z_member_token_92fa6418c15b29.
src/abap/4_file_information/abap_file_information.ts.ABAPFileInformation.getInterfaceDefinitionByName,cast_temp,178,1,1,DATA(t21) = CAST z_src_abap_4_f_22ce177abc93e9( t13 ).
src/abap/4_file_information/abap_file_information.ts.ABAPFileInformation.getInterfaceDefinitionByName,temp_assign,179,1,1,t20 = t21->z_member_token_92fa6418c15b29. t19 = t20.
src/abap/4_file_information/abap_file_information.ts.ABAPFileInformation.getInterfaceDefinitionByName,value_init_overwritten,181,1,1,DATA(t22) = VALUE string( ). ... t22 = t23->z_member_str_36e44b82e4af28.
src/abap/4_file_information/abap_file_information.ts.ABAPFileInformation.getInterfaceDefinitionByName,cast_temp,182,1,1,DATA(t23) = CAST z_src_abap_1_l_506101b34e5cc0( t19 ).
src/abap/4_file_information/abap_file_information.ts.ABAPFileInformation.getInterfaceDefinitionByName,temp_assign,183,1,1,t22 = t23->z_member_str_36e44b82e4af28. t18 = t22.
src/abap/4_file_information/abap_file_information.ts.ABAPFileInformation.getInterfaceDefinitionByName,temp_assign,184,1,1,t18 = t22. t17 = t18.
src/abap/4_file_information/abap_file_information.ts.ABAPFileInformation.getInterfaceDefinitionByName,literal_scalar,189,1,1,DATA(t27) = CONV i( '0' ).
src/abap/4_file_information/abap_file_information.ts.ABAPFileInformation.getInterfaceDefinitionByName,literal_scalar,190,1,1,DATA(t28) = CONV i( '1' ).
src/abap/4_file_information/abap_file_information.ts.ABAPFileInformation.getInterfaceDefinitionByName,temp_argument,206,1,1,DATA(t30) = CONV string( |!| ). t24 = xsdbool( t25 = t30 ).
src/abap/4_file_information/abap_file_information.ts.ABAPFileInformation.getInterfaceDefinitionByName,literal_scalar,206,1,1,DATA(t30) = CONV string( |!| ).
src/abap/4_file_information/abap_file_information.ts.ABAPFileInformation.getInterfaceDefinitionByName,bool_if,207,1,1,t24 = xsdbool( t25 = t30 ). IF t24 = abap_true.
src/abap/4_file_information/abap_file_information.ts.ABAPFileInformation.getInterfaceDefinitionByName,value_init_overwritten,210,1,1,DATA(t32) = VALUE string( ). ... t32 = t33.
src/abap/4_file_information/abap_file_information.ts.ABAPFileInformation.getInterfaceDefinitionByName,temp_assign,211,1,1,DATA(t33) = CONV string( t17 ). t32 = t33.
src/abap/4_file_information/abap_file_information.ts.ABAPFileInformation.getInterfaceDefinitionByName,literal_scalar,215,1,1,DATA(t36) = CONV i( '1' ).
src/abap/4_file_information/abap_file_information.ts.ABAPFileInformation.getInterfaceDefinitionByName,value_init_overwritten,216,1,1,DATA(t37) = VALUE i( ). ... t37 = t39.
src/abap/4_file_information/abap_file_information.ts.ABAPFileInformation.getInterfaceDefinitionByName,temp_argument,217,1,1,DATA(t38) = CONV string( t32 ). DATA(t39) = CONV i( strlen( t38 ) ).
src/abap/4_file_information/abap_file_information.ts.ABAPFileInformation.getInterfaceDefinitionByName,temp_assign,218,1,1,DATA(t39) = CONV i( strlen( t38 ) ). t37 = t39.
src/abap/4_file_information/abap_file_information.ts.ABAPFileInformation.getInterfaceDefinitionByName,temp_assign,235,1,1,t31 = t34. t17 = t31.
src/abap/4_file_information/abap_file_information.ts.ABAPFileInformation.getInterfaceDefinitionByName,temp_assign,238,1,1,DATA(t41) = CONV string( t17 ). t16 = t41.
src/abap/4_file_information/abap_file_information.ts.ABAPFileInformation.getInterfaceDefinitionByName,temp_assign,239,1,1,t16 = t41. t12 = t16.
src/abap/4_file_information/abap_file_information.ts.ABAPFileInformation.getInterfaceDefinitionByName,temp_argument,346,1,1,DATA(t43) = CONV string( t2 ). t10 = xsdbool( t11 = t43 ).
src/abap/4_file_information/abap_file_information.ts.ABAPFileInformation.getInterfaceDefinitionByName,bool_if,347,1,1,t10 = xsdbool( t11 = t43 ). IF t10 = abap_true.
src/abap/4_file_information/abap_file_information.ts.ABAPFileInformation.getInterfaceDefinitionByName,literal_scalar,351,1,1,DATA(t45) = CONV abap_bool( abap_true ).
src/abap/4_file_information/abap_file_information.ts.ABAPFileInformation.getInterfaceDefinitionByName,temp_assign,353,1,1,DATA(t46) = CAST z_src_abap_4_f_38c14efdc692cb( t8 ). t44 = t46.
src/abap/4_file_information/abap_file_information.ts.ABAPFileInformation.getInterfaceDefinitionByName,cast_temp,353,1,1,DATA(t46) = CAST z_src_abap_4_f_38c14efdc692cb( t8 ).
src/abap/4_file_information/abap_file_information.ts.ABAPFileInformation.listClassDefinitions,clear_before_write,371,0,1,CLEAR t1. ... t1 = t2->z_member_class_2d2b334ab0f0b7.
src/abap/4_file_information/abap_file_information.ts.ABAPFileInformation.listClassDefinitions,cast_temp,372,0,1,DATA(t2) = CAST z_src_abap_4_f_5acf3137487da7( me->z_member_parse_d175cb7265d9fc ).
src/abap/4_file_information/abap_file_information.ts.ABAPFileInformation.listClassDefinitions,temp_assign,373,0,1,t1 = t2->z_member_class_2d2b334ab0f0b7. result = t1.
src/abap/4_file_information/abap_file_information.ts.ABAPFileInformation.listClassDefinitions,return_copy,373,0,1,t1 = t2->z_member_class_2d2b334ab0f0b7. result = t1.
src/abap/4_file_information/abap_file_information.ts.ABAPFileInformation.listClassImplementations,clear_before_write,26,0,1,CLEAR t1. ... t1 = t2->z_member_imple_ce02940783fdea.
src/abap/4_file_information/abap_file_information.ts.ABAPFileInformation.listClassImplementations,cast_temp,27,0,1,DATA(t2) = CAST z_src_abap_4_f_5acf3137487da7( me->z_member_parse_d175cb7265d9fc ).
src/abap/4_file_information/abap_file_information.ts.ABAPFileInformation.listClassImplementations,temp_assign,28,0,1,t1 = t2->z_member_imple_ce02940783fdea. result = t1.
src/abap/4_file_information/abap_file_information.ts.ABAPFileInformation.listClassImplementations,return_copy,28,0,1,t1 = t2->z_member_imple_ce02940783fdea. result = t1.
src/abap/4_file_information/abap_file_information.ts.ABAPFileInformation.listFormDefinitions,literal_scalar,1037,0,1,DATA(t2) = CONV string( |src/abap/4_file_information/abap_file_information.ts:53| ).
src/abap/4_file_information/abap_file_information.ts.ABAPFileInformation.listInterfaceDefinitions,clear_before_write,34,0,1,CLEAR t1. ... t1 = t2->z_member_inter_174262521162e4.
src/abap/4_file_information/abap_file_information.ts.ABAPFileInformation.listInterfaceDefinitions,cast_temp,35,0,1,DATA(t2) = CAST z_src_abap_4_f_5acf3137487da7( me->z_member_parse_d175cb7265d9fc ).
src/abap/4_file_information/abap_file_information.ts.ABAPFileInformation.listInterfaceDefinitions,temp_assign,36,0,1,t1 = t2->z_member_inter_174262521162e4. result = t1.
src/abap/4_file_information/abap_file_information.ts.ABAPFileInformation.listInterfaceDefinitions,return_copy,36,0,1,t1 = t2->z_member_inter_174262521162e4. result = t1.
